request_start_time,request_end_time,status_code,duration_ms,success,error
2026-06-20T10:57:44.550012+00:00,2026-06-20T10:57:44.553019+00:00,200,3.01,True,
2026-06-20T10:57:45.550129+00:00,2026-06-20T10:57:45.554824+00:00,200,4.7,True,
2026-06-20T10:57:46.550443+00:00,2026-06-20T10:57:46.554246+00:00,200,3.8,True,
2026-06-20T10:57:47.550558+00:00,2026-06-20T10:57:47.554006+00:00,200,3.45,True,
2026-06-20T10:57:48.550736+00:00,2026-06-20T10:57:48.564293+00:00,200,13.56,True,
2026-06-20T10:57:49.550819+00:00,2026-06-20T10:57:49.553717+00:00,200,2.9,True,
2026-06-20T10:57:50.551119+00:00,2026-06-20T10:57:50.562293+00:00,200,11.17,True,
2026-06-20T10:57:51.551405+00:00,2026-06-20T10:57:51.555198+00:00,200,3.79,True,
2026-06-20T10:57:52.551740+00:00,2026-06-20T10:57:52.560995+00:00,200,9.25,True,
2026-06-20T10:57:53.552010+00:00,2026-06-20T10:57:53.556421+00:00,200,4.41,True,
2026-06-20T10:57:54.552411+00:00,2026-06-20T10:57:54.557669+00:00,200,5.26,True,
2026-06-20T10:57:55.552551+00:00,2026-06-20T10:57:55.555406+00:00,200,2.85,True,
2026-06-20T10:57:56.552704+00:00,2026-06-20T10:57:56.558158+00:00,200,5.45,True,
2026-06-20T10:57:57.552806+00:00,2026-06-20T10:57:57.557904+00:00,200,5.1,True,
2026-06-20T10:57:58.553178+00:00,2026-06-20T10:57:58.557082+00:00,200,3.9,True,
2026-06-20T10:57:59.553563+00:00,2026-06-20T10:57:59.559314+00:00,200,5.75,True,
2026-06-20T10:58:00.553752+00:00,2026-06-20T10:58:00.561495+00:00,200,7.74,True,
2026-06-20T10:58:01.553838+00:00,2026-06-20T10:58:01.562534+00:00,200,8.7,True,
2026-06-20T10:58:02.553978+00:00,2026-06-20T10:58:02.561644+00:00,200,7.67,True,
2026-06-20T10:58:03.554217+00:00,2026-06-20T10:58:03.569192+00:00,200,14.97,True,
2026-06-20T10:58:04.554401+00:00,2026-06-20T10:58:04.560204+00:00,200,5.8,True,
2026-06-20T10:58:05.554593+00:00,2026-06-20T10:58:05.559178+00:00,200,4.58,True,
2026-06-20T10:58:06.554831+00:00,2026-06-20T10:58:06.563845+00:00,200,9.01,True,
2026-06-20T10:58:07.554986+00:00,2026-06-20T10:58:07.558879+00:00,200,3.89,True,
2026-06-20T10:58:08.555151+00:00,2026-06-20T10:58:08.567260+00:00,200,12.11,True,
2026-06-20T10:58:09.555322+00:00,2026-06-20T10:58:09.558623+00:00,200,3.3,True,
2026-06-20T10:58:10.555551+00:00,2026-06-20T10:58:10.557297+00:00,200,1.75,True,
2026-06-20T10:58:11.555623+00:00,2026-06-20T10:58:11.572658+00:00,200,17.04,True,
2026-06-20T10:58:12.555833+00:00,2026-06-20T10:58:12.567356+00:00,200,11.52,True,
2026-06-20T10:58:13.555953+00:00,2026-06-20T10:58:13.562631+00:00,200,6.68,True,
2026-06-20T10:58:14.556077+00:00,2026-06-20T10:58:14.561571+00:00,200,5.49,True,
2026-06-20T10:58:15.556225+00:00,2026-06-20T10:58:15.560755+00:00,200,4.53,True,
2026-06-20T10:58:16.556435+00:00,2026-06-20T10:58:16.562656+00:00,200,6.22,True,
2026-06-20T10:58:17.556583+00:00,2026-06-20T10:58:17.560287+00:00,200,3.7,True,
2026-06-20T10:58:18.556738+00:00,2026-06-20T10:58:18.565552+00:00,200,8.81,True,
2026-06-20T10:58:19.556981+00:00,2026-06-20T10:58:19.560648+00:00,200,3.67,True,
2026-06-20T10:58:20.557134+00:00,2026-06-20T10:58:20.562738+00:00,200,5.6,True,
2026-06-20T10:58:21.557448+00:00,2026-06-20T10:58:21.563122+00:00,200,5.67,True,
2026-06-20T10:58:22.557706+00:00,2026-06-20T10:58:22.561703+00:00,200,4.0,True,
2026-06-20T10:58:23.558072+00:00,2026-06-20T10:58:23.563829+00:00,200,5.76,True,
2026-06-20T10:58:24.558237+00:00,2026-06-20T10:58:24.564375+00:00,200,6.14,True,
2026-06-20T10:58:25.558577+00:00,2026-06-20T10:58:25.566069+00:00,200,7.49,True,
2026-06-20T10:58:26.559067+00:00,2026-06-20T10:58:26.565142+00:00,200,6.07,True,
2026-06-20T10:58:27.559225+00:00,2026-06-20T10:58:27.564985+00:00,200,5.76,True,
2026-06-20T10:58:28.559421+00:00,2026-06-20T10:58:28.563453+00:00,200,4.03,True,
2026-06-20T10:58:29.559562+00:00,2026-06-20T10:58:29.563884+00:00,200,4.32,True,
2026-06-20T10:58:30.559807+00:00,2026-06-20T10:58:30.569129+00:00,200,9.32,True,
2026-06-20T10:58:31.560173+00:00,2026-06-20T10:58:31.564944+00:00,200,4.77,True,
2026-06-20T10:58:32.560312+00:00,2026-06-20T10:58:32.568353+00:00,200,8.04,True,
2026-06-20T10:58:33.560516+00:00,2026-06-20T10:58:33.566109+00:00,200,5.59,True,
2026-06-20T10:58:34.560731+00:00,2026-06-20T10:58:34.564356+00:00,200,3.62,True,
2026-06-20T10:58:35.560908+00:00,2026-06-20T10:58:35.570166+00:00,200,9.26,True,
2026-06-20T10:58:36.561056+00:00,2026-06-20T10:58:36.569084+00:00,200,8.03,True,
2026-06-20T10:58:37.561819+00:00,2026-06-20T10:58:37.565677+00:00,200,3.86,True,
2026-06-20T10:58:38.562337+00:00,2026-06-20T10:58:38.572527+00:00,200,10.19,True,
2026-06-20T10:58:39.562482+00:00,2026-06-20T10:58:39.567939+00:00,200,5.46,True,
2026-06-20T10:58:40.562684+00:00,2026-06-20T10:58:40.566068+00:00,200,3.38,True,
2026-06-20T10:58:41.562844+00:00,2026-06-20T10:58:41.568505+00:00,200,5.66,True,
2026-06-20T10:58:42.563064+00:00,2026-06-20T10:58:42.579287+00:00,200,16.22,True,
2026-06-20T10:58:43.563280+00:00,2026-06-20T10:58:43.570727+00:00,200,7.45,True,
2026-06-20T10:58:44.563472+00:00,2026-06-20T10:58:44.571269+00:00,200,7.8,True,
2026-06-20T10:58:45.563623+00:00,2026-06-20T10:58:45.568670+00:00,200,5.05,True,
2026-06-20T10:58:46.563852+00:00,2026-06-20T10:58:46.568043+00:00,200,4.19,True,
2026-06-20T10:58:47.563941+00:00,2026-06-20T10:58:47.569630+00:00,200,5.69,True,
2026-06-20T10:58:48.564084+00:00,2026-06-20T10:58:48.569962+00:00,200,5.88,True,
2026-06-20T10:58:49.564238+00:00,2026-06-20T10:58:49.567672+00:00,200,3.43,True,
2026-06-20T10:58:50.564400+00:00,2026-06-20T10:58:50.573735+00:00,200,9.33,True,
2026-06-20T10:58:51.564525+00:00,2026-06-20T10:58:51.569349+00:00,200,4.82,True,
2026-06-20T10:58:52.564705+00:00,2026-06-20T10:58:52.571869+00:00,200,7.16,True,
2026-06-20T10:58:53.564984+00:00,2026-06-20T10:58:53.578566+00:00,200,13.58,True,
2026-06-20T10:58:54.565260+00:00,2026-06-20T10:58:54.570314+00:00,200,5.05,True,
2026-06-20T10:58:55.565431+00:00,2026-06-20T10:58:55.573529+00:00,200,8.1,True,
2026-06-20T10:58:56.565962+00:00,2026-06-20T10:58:56.571879+00:00,200,5.92,True,
2026-06-20T10:58:57.566381+00:00,2026-06-20T10:58:57.573687+00:00,200,7.31,True,
2026-06-20T10:58:58.566537+00:00,2026-06-20T10:58:58.569407+00:00,200,2.87,True,
2026-06-20T10:58:59.566729+00:00,2026-06-20T10:58:59.573453+00:00,200,6.72,True,
2026-06-20T10:59:00.566912+00:00,2026-06-20T10:59:00.573614+00:00,200,6.7,True,
2026-06-20T10:59:01.567064+00:00,2026-06-20T10:59:01.571495+00:00,200,4.43,True,
2026-06-20T10:59:02.567184+00:00,2026-06-20T10:59:02.573275+00:00,200,6.09,True,
2026-06-20T10:59:03.567316+00:00,2026-06-20T10:59:03.574572+00:00,200,7.26,True,
2026-06-20T10:59:04.567452+00:00,2026-06-20T10:59:04.571946+00:00,200,4.49,True,
2026-06-20T10:59:05.567655+00:00,2026-06-20T10:59:05.573755+00:00,200,6.1,True,
2026-06-20T10:59:06.567817+00:00,2026-06-20T10:59:06.573973+00:00,200,6.16,True,
2026-06-20T10:59:07.567942+00:00,2026-06-20T10:59:07.571035+00:00,200,3.09,True,
2026-06-20T10:59:08.568093+00:00,2026-06-20T10:59:08.577718+00:00,200,9.62,True,
2026-06-20T10:59:09.568212+00:00,2026-06-20T10:59:09.573102+00:00,200,4.89,True,
2026-06-20T10:59:10.568379+00:00,2026-06-20T10:59:10.573667+00:00,200,5.29,True,
2026-06-20T10:59:11.568490+00:00,2026-06-20T10:59:11.571475+00:00,200,2.98,True,
2026-06-20T10:59:12.568608+00:00,2026-06-20T10:59:12.573820+00:00,200,5.21,True,
2026-06-20T10:59:13.568792+00:00,2026-06-20T10:59:13.575226+00:00,200,6.43,True,
2026-06-20T10:59:14.568939+00:00,2026-06-20T10:59:14.578881+00:00,200,9.94,True,
2026-06-20T10:59:15.569084+00:00,2026-06-20T10:59:15.576373+00:00,200,7.29,True,
2026-06-20T10:59:16.569246+00:00,2026-06-20T10:59:16.575553+00:00,200,6.31,True,
2026-06-20T10:59:17.569493+00:00,2026-06-20T10:59:17.574761+00:00,200,5.27,True,
2026-06-20T10:59:18.569654+00:00,2026-06-20T10:59:18.579929+00:00,200,10.27,True,
2026-06-20T10:59:19.569845+00:00,2026-06-20T10:59:19.573671+00:00,200,3.83,True,
2026-06-20T10:59:20.569964+00:00,2026-06-20T10:59:20.578343+00:00,200,8.38,True,
2026-06-20T10:59:21.570122+00:00,2026-06-20T10:59:21.579726+00:00,200,9.6,True,
2026-06-20T10:59:22.570262+00:00,2026-06-20T10:59:22.576871+00:00,200,6.61,True,
2026-06-20T10:59:23.570398+00:00,2026-06-20T10:59:23.575698+00:00,200,5.3,True,
2026-06-20T10:59:24.570746+00:00,2026-06-20T10:59:24.576483+00:00,200,5.74,True,
2026-06-20T10:59:25.570821+00:00,2026-06-20T10:59:25.572930+00:00,200,2.11,True,
2026-06-20T10:59:26.571083+00:00,2026-06-20T10:59:26.576289+00:00,200,5.21,True,
2026-06-20T10:59:27.571238+00:00,2026-06-20T10:59:27.576075+00:00,200,4.84,True,
2026-06-20T10:59:28.571701+00:00,2026-06-20T10:59:28.575479+00:00,200,3.78,True,
2026-06-20T10:59:29.571835+00:00,2026-06-20T10:59:29.576931+00:00,200,5.1,True,
2026-06-20T10:59:30.572086+00:00,2026-06-20T10:59:30.577232+00:00,200,5.15,True,
2026-06-20T10:59:31.572267+00:00,2026-06-20T10:59:31.574847+00:00,200,2.58,True,
2026-06-20T10:59:32.572445+00:00,2026-06-20T10:59:32.579092+00:00,200,6.65,True,
2026-06-20T10:59:33.572577+00:00,2026-06-20T10:59:33.577211+00:00,200,4.63,True,
2026-06-20T10:59:34.572710+00:00,2026-06-20T10:59:34.577021+00:00,200,4.31,True,
2026-06-20T10:59:35.572870+00:00,2026-06-20T10:59:35.583457+00:00,200,10.59,True,
2026-06-20T10:59:36.573024+00:00,2026-06-20T10:59:36.580113+00:00,200,7.09,True,
2026-06-20T10:59:37.573122+00:00,2026-06-20T10:59:37.576032+00:00,200,2.91,True,
2026-06-20T10:59:38.573266+00:00,2026-06-20T10:59:38.578978+00:00,200,5.71,True,
2026-06-20T10:59:39.573385+00:00,2026-06-20T10:59:39.578442+00:00,200,5.06,True,
2026-06-20T10:59:40.573528+00:00,2026-06-20T10:59:40.576561+00:00,200,3.03,True,
2026-06-20T10:59:41.573635+00:00,2026-06-20T10:59:41.623776+00:00,200,50.14,True,
2026-06-20T10:59:42.573893+00:00,2026-06-20T10:59:42.579064+00:00,200,5.17,True,
2026-06-20T10:59:43.574024+00:00,2026-06-20T10:59:43.578211+00:00,200,4.19,True,
2026-06-20T10:59:44.574168+00:00,2026-06-20T10:59:44.579762+00:00,200,5.59,True,
2026-06-20T10:59:45.574496+00:00,2026-06-20T10:59:45.580372+00:00,200,5.88,True,
2026-06-20T10:59:46.574708+00:00,2026-06-20T10:59:46.578230+00:00,200,3.52,True,
2026-06-20T10:59:47.574894+00:00,2026-06-20T10:59:47.579247+00:00,200,4.35,True,
2026-06-20T10:59:48.575292+00:00,2026-06-20T10:59:48.580813+00:00,200,5.52,True,
2026-06-20T10:59:49.575467+00:00,2026-06-20T10:59:49.579272+00:00,200,3.8,True,
2026-06-20T10:59:50.575645+00:00,2026-06-20T10:59:50.581390+00:00,200,5.75,True,
2026-06-20T10:59:51.575825+00:00,2026-06-20T10:59:51.580526+00:00,200,4.7,True,
2026-06-20T10:59:52.576014+00:00,2026-06-20T10:59:52.579644+00:00,200,3.63,True,
2026-06-20T10:59:53.576789+00:00,2026-06-20T10:59:53.579820+00:00,200,3.03,True,
2026-06-20T10:59:54.576871+00:00,2026-06-20T10:59:54.582295+00:00,200,5.42,True,
2026-06-20T10:59:55.577353+00:00,2026-06-20T10:59:55.582444+00:00,200,5.09,True,
2026-06-20T10:59:56.577454+00:00,2026-06-20T10:59:56.581539+00:00,200,4.08,True,
2026-06-20T10:59:57.577594+00:00,2026-06-20T10:59:57.583109+00:00,200,5.51,True,
2026-06-20T10:59:58.577710+00:00,2026-06-20T10:59:58.580436+00:00,200,2.73,True,
2026-06-20T10:59:59.577878+00:00,2026-06-20T10:59:59.583819+00:00,200,5.94,True,
2026-06-20T11:00:00.578059+00:00,2026-06-20T11:00:00.583863+00:00,200,5.8,True,
2026-06-20T11:00:01.578249+00:00,2026-06-20T11:00:01.582928+00:00,200,4.68,True,
2026-06-20T11:00:02.578419+00:00,2026-06-20T11:00:02.583940+00:00,200,5.52,True,
2026-06-20T11:00:03.578565+00:00,2026-06-20T11:00:03.583091+00:00,200,4.53,True,
2026-06-20T11:00:04.578749+00:00,2026-06-20T11:00:04.584799+00:00,200,6.05,True,
2026-06-20T11:00:05.578936+00:00,2026-06-20T11:00:05.585202+00:00,200,6.27,True,
2026-06-20T11:00:06.579073+00:00,2026-06-20T11:00:06.584842+00:00,200,5.77,True,
2026-06-20T11:00:07.579244+00:00,2026-06-20T11:00:07.585831+00:00,200,6.59,True,
2026-06-20T11:00:08.579431+00:00,2026-06-20T11:00:08.585543+00:00,200,6.11,True,
2026-06-20T11:00:09.579631+00:00,2026-06-20T11:00:09.585346+00:00,200,5.71,True,
2026-06-20T11:00:10.579819+00:00,2026-06-20T11:00:10.590581+00:00,200,10.76,True,
2026-06-20T11:00:11.580086+00:00,2026-06-20T11:00:11.585000+00:00,200,4.91,True,
2026-06-20T11:00:12.580369+00:00,2026-06-20T11:00:12.585560+00:00,200,5.19,True,
2026-06-20T11:00:13.580733+00:00,2026-06-20T11:00:13.589564+00:00,200,8.83,True,
2026-06-20T11:00:14.581276+00:00,2026-06-20T11:00:14.587096+00:00,200,5.82,True,
2026-06-20T11:00:15.581580+00:00,2026-06-20T11:00:15.593486+00:00,200,11.91,True,
2026-06-20T11:00:16.581796+00:00,2026-06-20T11:00:16.584920+00:00,200,3.12,True,
2026-06-20T11:00:17.582133+00:00,2026-06-20T11:00:17.585934+00:00,200,3.8,True,
2026-06-20T11:00:18.582279+00:00,2026-06-20T11:00:18.587830+00:00,200,5.55,True,
2026-06-20T11:00:19.582362+00:00,2026-06-20T11:00:19.586387+00:00,200,4.03,True,
2026-06-20T11:00:20.582517+00:00,2026-06-20T11:00:20.594829+00:00,200,12.31,True,
2026-06-20T11:00:21.582816+00:00,2026-06-20T11:00:21.588417+00:00,200,5.6,True,
2026-06-20T11:00:22.582961+00:00,2026-06-20T11:00:22.590400+00:00,200,7.44,True,
2026-06-20T11:00:23.583148+00:00,2026-06-20T11:00:23.590962+00:00,200,7.81,True,
2026-06-20T11:00:24.583829+00:00,2026-06-20T11:00:24.597848+00:00,200,14.02,True,
2026-06-20T11:00:25.583959+00:00,2026-06-20T11:00:25.587456+00:00,200,3.5,True,
2026-06-20T11:00:26.584100+00:00,2026-06-20T11:00:26.589840+00:00,200,5.74,True,
2026-06-20T11:00:27.584394+00:00,2026-06-20T11:00:27.591356+00:00,200,6.96,True,
2026-06-20T11:00:28.584611+00:00,2026-06-20T11:00:28.588589+00:00,200,3.98,True,
2026-06-20T11:00:29.584798+00:00,2026-06-20T11:00:29.588371+00:00,200,3.57,True,
2026-06-20T11:00:30.585078+00:00,2026-06-20T11:00:30.600427+00:00,200,15.35,True,
2026-06-20T11:00:31.585404+00:00,2026-06-20T11:00:31.589824+00:00,200,4.42,True,
2026-06-20T11:00:32.585850+00:00,2026-06-20T11:00:32.596369+00:00,200,10.52,True,
2026-06-20T11:00:33.585987+00:00,2026-06-20T11:00:33.590828+00:00,200,4.84,True,
2026-06-20T11:00:34.586256+00:00,2026-06-20T11:00:34.589722+00:00,200,3.47,True,
2026-06-20T11:00:35.586443+00:00,2026-06-20T11:00:35.593561+00:00,200,7.12,True,
2026-06-20T11:00:36.586880+00:00,2026-06-20T11:00:36.593114+00:00,200,6.23,True,
2026-06-20T11:00:37.587700+00:00,2026-06-20T11:00:37.593511+00:00,200,5.81,True,
2026-06-20T11:00:38.588153+00:00,2026-06-20T11:00:38.594356+00:00,200,6.2,True,
2026-06-20T11:00:39.588318+00:00,2026-06-20T11:00:39.594164+00:00,200,5.85,True,
2026-06-20T11:00:40.588597+00:00,2026-06-20T11:00:40.595197+00:00,200,6.6,True,
2026-06-20T11:00:41.588754+00:00,2026-06-20T11:00:41.594716+00:00,200,5.96,True,
2026-06-20T11:00:42.588906+00:00,2026-06-20T11:00:42.605868+00:00,200,16.96,True,
2026-06-20T11:00:43.589061+00:00,2026-06-20T11:00:43.594605+00:00,200,5.54,True,
2026-06-20T11:00:44.589221+00:00,2026-06-20T11:00:44.594750+00:00,200,5.53,True,
2026-06-20T11:00:45.589397+00:00,2026-06-20T11:00:45.598433+00:00,200,9.04,True,
2026-06-20T11:00:46.589555+00:00,2026-06-20T11:00:46.593169+00:00,200,3.61,True,
2026-06-20T11:00:47.589728+00:00,2026-06-20T11:00:47.595394+00:00,200,5.67,True,
2026-06-20T11:00:48.589996+00:00,2026-06-20T11:00:48.599878+00:00,200,9.88,True,
2026-06-20T11:00:49.590131+00:00,2026-06-20T11:00:49.593399+00:00,200,3.27,True,
2026-06-20T11:00:50.590330+00:00,2026-06-20T11:00:50.596031+00:00,200,5.7,True,
2026-06-20T11:00:51.590503+00:00,2026-06-20T11:00:51.594842+00:00,200,4.34,True,
2026-06-20T11:00:52.590863+00:00,2026-06-20T11:00:52.598686+00:00,200,7.82,True,
2026-06-20T11:00:53.591145+00:00,2026-06-20T11:00:53.602652+00:00,200,11.51,True,
2026-06-20T11:00:54.591303+00:00,2026-06-20T11:00:54.596628+00:00,200,5.33,True,
2026-06-20T11:00:55.591442+00:00,2026-06-20T11:00:55.594910+00:00,200,3.47,True,
2026-06-20T11:00:56.591586+00:00,2026-06-20T11:00:56.599596+00:00,200,8.01,True,
2026-06-20T11:00:57.591934+00:00,2026-06-20T11:00:57.598014+00:00,200,6.08,True,
2026-06-20T11:00:58.592799+00:00,2026-06-20T11:00:58.595795+00:00,200,3.0,True,
2026-06-20T11:00:59.593042+00:00,2026-06-20T11:00:59.598414+00:00,200,5.37,True,
2026-06-20T11:01:00.593306+00:00,2026-06-20T11:01:00.598352+00:00,200,5.05,True,
2026-06-20T11:01:01.594128+00:00,2026-06-20T11:01:01.596754+00:00,200,2.63,True,
2026-06-20T11:01:02.594547+00:00,2026-06-20T11:01:02.602989+00:00,200,8.44,True,
2026-06-20T11:01:03.594897+00:00,2026-06-20T11:01:03.602490+00:00,200,7.59,True,
2026-06-20T11:01:04.595427+00:00,2026-06-20T11:01:04.599176+00:00,200,3.75,True,
2026-06-20T11:01:05.595554+00:00,2026-06-20T11:01:05.601525+00:00,200,5.97,True,
2026-06-20T11:01:06.595741+00:00,2026-06-20T11:01:06.601745+00:00,200,6.0,True,
2026-06-20T11:01:07.595844+00:00,2026-06-20T11:01:07.599165+00:00,200,3.32,True,
2026-06-20T11:01:08.595967+00:00,2026-06-20T11:01:08.601084+00:00,200,5.12,True,
2026-06-20T11:01:09.596119+00:00,2026-06-20T11:01:09.601444+00:00,200,5.33,True,
2026-06-20T11:01:10.596279+00:00,2026-06-20T11:01:10.603656+00:00,200,7.38,True,
2026-06-20T11:01:11.596478+00:00,2026-06-20T11:01:11.602250+00:00,200,5.77,True,
2026-06-20T11:01:12.596702+00:00,2026-06-20T11:01:12.602696+00:00,200,5.99,True,
2026-06-20T11:01:13.596838+00:00,2026-06-20T11:01:13.599938+00:00,200,3.1,True,
2026-06-20T11:01:14.597104+00:00,2026-06-20T11:01:14.603295+00:00,200,6.19,True,
2026-06-20T11:01:15.597266+00:00,2026-06-20T11:01:15.602322+00:00,200,5.06,True,
2026-06-20T11:01:16.597585+00:00,2026-06-20T11:01:16.601233+00:00,200,3.65,True,
2026-06-20T11:01:17.597788+00:00,2026-06-20T11:01:17.600993+00:00,200,3.21,True,
2026-06-20T11:01:18.597898+00:00,2026-06-20T11:01:18.602947+00:00,200,5.05,True,
2026-06-20T11:01:19.598088+00:00,2026-06-20T11:01:19.601605+00:00,200,3.52,True,
2026-06-20T11:01:20.598252+00:00,2026-06-20T11:01:20.607449+00:00,200,9.2,True,
2026-06-20T11:01:21.598411+00:00,2026-06-20T11:01:21.607979+00:00,200,9.57,True,
2026-06-20T11:01:22.598546+00:00,2026-06-20T11:01:22.602279+00:00,200,3.73,True,
2026-06-20T11:01:23.598696+00:00,2026-06-20T11:01:23.604034+00:00,200,5.34,True,
2026-06-20T11:01:24.598830+00:00,2026-06-20T11:01:24.603743+00:00,200,4.91,True,
2026-06-20T11:01:25.599019+00:00,2026-06-20T11:01:25.602866+00:00,200,3.85,True,
2026-06-20T11:01:26.599171+00:00,2026-06-20T11:01:26.604363+00:00,200,5.19,True,
2026-06-20T11:01:27.599341+00:00,2026-06-20T11:01:27.604755+00:00,200,5.41,True,
2026-06-20T11:01:28.599516+00:00,2026-06-20T11:01:28.602630+00:00,200,3.11,True,
2026-06-20T11:01:29.599744+00:00,2026-06-20T11:01:29.604907+00:00,200,5.16,True,
2026-06-20T11:01:30.599882+00:00,2026-06-20T11:01:30.605272+00:00,200,5.39,True,
2026-06-20T11:01:31.600036+00:00,2026-06-20T11:01:31.607584+00:00,200,7.55,True,
2026-06-20T11:01:32.600202+00:00,2026-06-20T11:01:32.606562+00:00,200,6.36,True,
2026-06-20T11:01:33.600364+00:00,2026-06-20T11:01:33.609422+00:00,200,9.06,True,
2026-06-20T11:01:34.600569+00:00,2026-06-20T11:01:34.605632+00:00,200,5.06,True,
2026-06-20T11:01:35.600844+00:00,2026-06-20T11:01:35.611692+00:00,200,10.85,True,
2026-06-20T11:01:36.600908+00:00,2026-06-20T11:01:36.608499+00:00,200,7.59,True,
2026-06-20T11:01:37.601054+00:00,2026-06-20T11:01:37.605305+00:00,200,4.25,True,
2026-06-20T11:01:38.601173+00:00,2026-06-20T11:01:38.607036+00:00,200,5.86,True,
2026-06-20T11:01:39.601320+00:00,2026-06-20T11:01:39.607048+00:00,200,5.73,True,
2026-06-20T11:01:40.601535+00:00,2026-06-20T11:01:40.604742+00:00,200,3.21,True,
2026-06-20T11:01:41.601751+00:00,2026-06-20T11:01:41.610294+00:00,200,8.54,True,
2026-06-20T11:01:42.601914+00:00,2026-06-20T11:01:42.606412+00:00,200,4.5,True,
2026-06-20T11:01:43.602044+00:00,2026-06-20T11:01:43.609859+00:00,200,7.82,True,
2026-06-20T11:01:44.602169+00:00,2026-06-20T11:01:44.608239+00:00,200,6.07,True,
2026-06-20T11:01:45.602344+00:00,2026-06-20T11:01:45.607306+00:00,200,4.96,True,
2026-06-20T11:01:46.602729+00:00,2026-06-20T11:01:46.611933+00:00,200,9.2,True,
2026-06-20T11:01:47.602934+00:00,2026-06-20T11:01:47.607932+00:00,200,5.0,True,
2026-06-20T11:01:48.603067+00:00,2026-06-20T11:01:48.608942+00:00,200,5.88,True,
2026-06-20T11:01:49.603213+00:00,2026-06-20T11:01:49.607650+00:00,200,4.44,True,
2026-06-20T11:01:50.603419+00:00,2026-06-20T11:01:50.613105+00:00,200,9.69,True,
2026-06-20T11:01:51.603553+00:00,2026-06-20T11:01:51.608652+00:00,200,5.1,True,
2026-06-20T11:01:52.603754+00:00,2026-06-20T11:01:52.607423+00:00,200,3.67,True,
2026-06-20T11:01:53.603903+00:00,2026-06-20T11:01:53.609232+00:00,200,5.33,True,
2026-06-20T11:01:54.604029+00:00,2026-06-20T11:01:54.608884+00:00,200,4.85,True,
2026-06-20T11:01:55.604177+00:00,2026-06-20T11:01:55.608302+00:00,200,4.12,True,
2026-06-20T11:01:56.604299+00:00,2026-06-20T11:01:56.608890+00:00,200,4.59,True,
2026-06-20T11:01:57.604425+00:00,2026-06-20T11:01:57.609822+00:00,200,5.4,True,
2026-06-20T11:01:58.604570+00:00,2026-06-20T11:01:58.608501+00:00,200,3.93,True,
2026-06-20T11:01:59.604734+00:00,2026-06-20T11:01:59.610488+00:00,200,5.75,True,
2026-06-20T11:02:00.604834+00:00,2026-06-20T11:02:00.613247+00:00,200,8.41,True,
2026-06-20T11:02:01.604966+00:00,2026-06-20T11:02:01.609144+00:00,200,4.18,True,
2026-06-20T11:02:02.605118+00:00,2026-06-20T11:02:02.611059+00:00,200,5.94,True,
2026-06-20T11:02:03.605244+00:00,2026-06-20T11:02:03.610749+00:00,200,5.51,True,
2026-06-20T11:02:04.605398+00:00,2026-06-20T11:02:04.609144+00:00,200,3.75,True,
2026-06-20T11:02:05.605534+00:00,2026-06-20T11:02:05.610023+00:00,200,4.49,True,
2026-06-20T11:02:06.605664+00:00,2026-06-20T11:02:06.613286+00:00,200,7.62,True,
2026-06-20T11:02:07.605838+00:00,2026-06-20T11:02:07.610062+00:00,200,4.22,True,
2026-06-20T11:02:08.605959+00:00,2026-06-20T11:02:08.612276+00:00,200,6.32,True,
2026-06-20T11:02:09.606096+00:00,2026-06-20T11:02:09.609897+00:00,200,3.8,True,
2026-06-20T11:02:10.606241+00:00,2026-06-20T11:02:10.610328+00:00,200,4.09,True,
2026-06-20T11:02:11.606441+00:00,2026-06-20T11:02:11.616382+00:00,200,9.94,True,
2026-06-20T11:02:12.606578+00:00,2026-06-20T11:02:12.609341+00:00,200,2.76,True,
2026-06-20T11:02:13.606784+00:00,2026-06-20T11:02:13.609227+00:00,200,2.44,True,
2026-06-20T11:02:14.606865+00:00,2026-06-20T11:02:14.613463+00:00,200,6.6,True,
2026-06-20T11:02:15.606995+00:00,2026-06-20T11:02:15.612371+00:00,200,5.38,True,
2026-06-20T11:02:16.607134+00:00,2026-06-20T11:02:16.611942+00:00,200,4.81,True,
2026-06-20T11:02:17.607292+00:00,2026-06-20T11:02:17.610584+00:00,200,3.29,True,
2026-06-20T11:02:18.607445+00:00,2026-06-20T11:02:18.617799+00:00,200,10.35,True,
2026-06-20T11:02:19.607646+00:00,2026-06-20T11:02:19.611751+00:00,200,4.11,True,
2026-06-20T11:02:20.607826+00:00,2026-06-20T11:02:20.612590+00:00,200,4.76,True,
2026-06-20T11:02:21.607958+00:00,2026-06-20T11:02:21.614840+00:00,200,6.88,True,
2026-06-20T11:02:22.608056+00:00,2026-06-20T11:02:22.609810+00:00,200,1.75,True,
2026-06-20T11:02:23.608207+00:00,2026-06-20T11:02:23.613012+00:00,200,4.81,True,
2026-06-20T11:02:24.608358+00:00,2026-06-20T11:02:24.613487+00:00,200,5.13,True,
2026-06-20T11:02:25.608555+00:00,2026-06-20T11:02:25.611960+00:00,200,3.41,True,
2026-06-20T11:02:26.608704+00:00,2026-06-20T11:02:26.613551+00:00,200,4.85,True,
2026-06-20T11:02:27.608836+00:00,2026-06-20T11:02:27.612538+00:00,200,3.7,True,
2026-06-20T11:02:28.608981+00:00,2026-06-20T11:02:28.611762+00:00,200,2.78,True,
2026-06-20T11:02:29.609138+00:00,2026-06-20T11:02:29.614950+00:00,200,5.81,True,
2026-06-20T11:02:30.609290+00:00,2026-06-20T11:02:30.614741+00:00,200,5.45,True,
2026-06-20T11:02:31.609412+00:00,2026-06-20T11:02:31.613056+00:00,200,3.64,True,
2026-06-20T11:02:32.609600+00:00,2026-06-20T11:02:32.616862+00:00,200,7.26,True,
2026-06-20T11:02:33.609786+00:00,2026-06-20T11:02:33.613365+00:00,200,3.58,True,
2026-06-20T11:02:34.610008+00:00,2026-06-20T11:02:34.613643+00:00,200,3.64,True,
2026-06-20T11:02:35.610165+00:00,2026-06-20T11:02:35.615823+00:00,200,5.66,True,
2026-06-20T11:02:36.610325+00:00,2026-06-20T11:02:36.615948+00:00,200,5.62,True,
2026-06-20T11:02:37.610453+00:00,2026-06-20T11:02:37.613267+00:00,200,2.81,True,
2026-06-20T11:02:38.610619+00:00,2026-06-20T11:02:38.615783+00:00,200,5.16,True,
2026-06-20T11:02:39.610715+00:00,2026-06-20T11:02:39.617086+00:00,200,6.37,True,
2026-06-20T11:02:40.610932+00:00,2026-06-20T11:02:40.616970+00:00,200,6.04,True,
2026-06-20T11:02:41.611003+00:00,2026-06-20T11:02:41.621732+00:00,200,10.73,True,
2026-06-20T11:02:42.611315+00:00,2026-06-20T11:02:42.756798+00:00,200,145.48,True,
2026-06-20T11:02:43.611524+00:00,2026-06-20T11:02:43.614973+00:00,200,3.45,True,
2026-06-20T11:02:44.611715+00:00,2026-06-20T11:02:44.621680+00:00,200,9.96,True,
2026-06-20T11:02:45.611867+00:00,2026-06-20T11:02:45.617301+00:00,200,5.43,True,
2026-06-20T11:02:46.611955+00:00,2026-06-20T11:02:46.616333+00:00,200,4.38,True,
2026-06-20T11:02:47.612088+00:00,2026-06-20T11:02:47.617743+00:00,200,5.66,True,
2026-06-20T11:02:48.612300+00:00,2026-06-20T11:02:48.621970+00:00,200,9.67,True,
2026-06-20T11:02:49.612573+00:00,2026-06-20T11:02:49.620239+00:00,200,7.67,True,
2026-06-20T11:02:50.612816+00:00,2026-06-20T11:02:50.618231+00:00,200,5.42,True,
2026-06-20T11:02:51.612949+00:00,2026-06-20T11:02:51.617574+00:00,200,4.62,True,
2026-06-20T11:02:52.613125+00:00,2026-06-20T11:02:52.619714+00:00,200,6.59,True,
2026-06-20T11:02:53.613270+00:00,2026-06-20T11:02:53.618036+00:00,200,4.77,True,
2026-06-20T11:02:54.613394+00:00,2026-06-20T11:02:54.617425+00:00,200,4.03,True,
2026-06-20T11:02:55.613515+00:00,2026-06-20T11:02:55.618208+00:00,200,4.69,True,
2026-06-20T11:02:56.613805+00:00,2026-06-20T11:02:56.619486+00:00,200,5.68,True,
2026-06-20T11:02:57.613982+00:00,2026-06-20T11:02:57.619158+00:00,200,5.18,True,
2026-06-20T11:02:58.614167+00:00,2026-06-20T11:02:58.617898+00:00,200,3.73,True,
2026-06-20T11:02:59.614329+00:00,2026-06-20T11:02:59.621455+00:00,200,7.13,True,
2026-06-20T11:03:00.614477+00:00,2026-06-20T11:03:00.620386+00:00,200,5.91,True,
2026-06-20T11:03:01.614779+00:00,2026-06-20T11:03:01.617828+00:00,200,3.05,True,
2026-06-20T11:03:02.615026+00:00,2026-06-20T11:03:02.621691+00:00,200,6.67,True,
2026-06-20T11:03:03.615169+00:00,2026-06-20T11:03:03.619893+00:00,200,4.72,True,
2026-06-20T11:03:04.615343+00:00,2026-06-20T11:03:04.620355+00:00,200,5.01,True,
2026-06-20T11:03:05.615405+00:00,2026-06-20T11:03:05.620800+00:00,200,5.39,True,
2026-06-20T11:03:06.615550+00:00,2026-06-20T11:03:06.620968+00:00,200,5.42,True,
2026-06-20T11:03:07.615668+00:00,2026-06-20T11:03:07.619312+00:00,200,3.64,True,
2026-06-20T11:03:08.615904+00:00,2026-06-20T11:03:08.627394+00:00,200,11.49,True,
2026-06-20T11:03:09.616037+00:00,2026-06-20T11:03:09.622399+00:00,200,6.36,True,
2026-06-20T11:03:10.616183+00:00,2026-06-20T11:03:10.617926+00:00,200,1.74,True,
2026-06-20T11:03:11.616387+00:00,2026-06-20T11:03:11.621561+00:00,200,5.17,True,
2026-06-20T11:03:12.616558+00:00,2026-06-20T11:03:12.629224+00:00,200,12.67,True,
2026-06-20T11:03:13.616686+00:00,2026-06-20T11:03:13.619821+00:00,200,3.14,True,
2026-06-20T11:03:14.617054+00:00,2026-06-20T11:03:14.623236+00:00,200,6.18,True,
2026-06-20T11:03:15.620646+00:00,2026-06-20T11:03:15.718267+00:00,200,97.62,True,
2026-06-20T11:03:16.620781+00:00,2026-06-20T11:03:16.623982+00:00,200,3.2,True,
2026-06-20T11:03:17.620849+00:00,2026-06-20T11:03:17.625291+00:00,200,4.44,True,
2026-06-20T11:03:18.620937+00:00,2026-06-20T11:03:18.624485+00:00,200,3.55,True,
2026-06-20T11:03:19.621037+00:00,2026-06-20T11:03:19.623955+00:00,200,2.92,True,
2026-06-20T11:03:20.621131+00:00,2026-06-20T11:03:20.628972+00:00,200,7.84,True,
2026-06-20T11:03:21.621240+00:00,2026-06-20T11:03:21.625688+00:00,200,4.45,True,
2026-06-20T11:03:22.621391+00:00,2026-06-20T11:03:22.625231+00:00,200,3.84,True,
2026-06-20T11:03:23.621487+00:00,2026-06-20T11:03:23.623830+00:00,200,2.34,True,
2026-06-20T11:03:24.621626+00:00,2026-06-20T11:03:24.627540+00:00,200,5.91,True,
2026-06-20T11:03:25.621837+00:00,2026-06-20T11:03:25.624975+00:00,200,3.14,True,
2026-06-20T11:03:26.622179+00:00,2026-06-20T11:03:26.629257+00:00,200,7.08,True,
2026-06-20T11:03:27.622337+00:00,2026-06-20T11:03:27.628191+00:00,200,5.85,True,
2026-06-20T11:03:28.622486+00:00,2026-06-20T11:03:28.626338+00:00,200,3.85,True,
2026-06-20T11:03:29.622613+00:00,2026-06-20T11:03:29.630652+00:00,200,8.04,True,
2026-06-20T11:03:30.622822+00:00,2026-06-20T11:03:30.630860+00:00,200,8.04,True,
2026-06-20T11:03:31.622964+00:00,2026-06-20T11:03:31.627108+00:00,200,4.14,True,
2026-06-20T11:03:32.623094+00:00,2026-06-20T11:03:32.629488+00:00,200,6.39,True,
2026-06-20T11:03:33.623247+00:00,2026-06-20T11:03:33.628403+00:00,200,5.16,True,
2026-06-20T11:03:34.623427+00:00,2026-06-20T11:03:34.627145+00:00,200,3.72,True,
2026-06-20T11:03:35.623610+00:00,2026-06-20T11:03:35.638531+00:00,200,14.92,True,
2026-06-20T11:03:36.623941+00:00,2026-06-20T11:03:36.637591+00:00,200,13.65,True,
2026-06-20T11:03:37.624082+00:00,2026-06-20T11:03:37.627553+00:00,200,3.47,True,
2026-06-20T11:03:38.624255+00:00,2026-06-20T11:03:38.634891+00:00,200,10.64,True,
2026-06-20T11:03:39.624444+00:00,2026-06-20T11:03:39.634410+00:00,200,9.97,True,
2026-06-20T11:03:40.624554+00:00,2026-06-20T11:03:40.626850+00:00,200,2.3,True,
2026-06-20T11:03:41.624723+00:00,2026-06-20T11:03:41.628837+00:00,200,4.11,True,
2026-06-20T11:03:42.624868+00:00,2026-06-20T11:03:42.631109+00:00,200,6.24,True,
2026-06-20T11:03:43.625000+00:00,2026-06-20T11:03:43.631535+00:00,200,6.54,True,
2026-06-20T11:03:44.625106+00:00,2026-06-20T11:03:44.629843+00:00,200,4.74,True,
2026-06-20T11:03:45.625226+00:00,2026-06-20T11:03:45.633955+00:00,200,8.73,True,
2026-06-20T11:03:46.625374+00:00,2026-06-20T11:03:46.627438+00:00,200,2.06,True,
2026-06-20T11:03:47.625539+00:00,2026-06-20T11:03:47.634497+00:00,200,8.96,True,
2026-06-20T11:03:48.625648+00:00,2026-06-20T11:03:48.628030+00:00,200,2.38,True,
2026-06-20T11:03:49.625947+00:00,2026-06-20T11:03:49.634048+00:00,200,8.1,True,
2026-06-20T11:03:50.626043+00:00,2026-06-20T11:03:50.630423+00:00,200,4.38,True,
2026-06-20T11:03:51.626202+00:00,2026-06-20T11:03:51.633621+00:00,200,7.42,True,
2026-06-20T11:03:52.626390+00:00,2026-06-20T11:03:52.634618+00:00,200,8.23,True,
2026-06-20T11:03:53.626589+00:00,2026-06-20T11:03:53.643052+00:00,200,16.46,True,
2026-06-20T11:03:54.626813+00:00,2026-06-20T11:03:54.631624+00:00,200,4.81,True,
2026-06-20T11:03:55.626986+00:00,2026-06-20T11:03:55.637189+00:00,200,10.2,True,
2026-06-20T11:03:56.627190+00:00,2026-06-20T11:03:56.642890+00:00,200,15.7,True,
2026-06-20T11:03:57.627353+00:00,2026-06-20T11:03:57.632632+00:00,200,5.28,True,
2026-06-20T11:03:58.627508+00:00,2026-06-20T11:03:58.631710+00:00,200,4.2,True,
2026-06-20T11:03:59.627754+00:00,2026-06-20T11:03:59.634973+00:00,200,7.22,True,
2026-06-20T11:04:00.627878+00:00,2026-06-20T11:04:00.639426+00:00,200,11.55,True,
2026-06-20T11:04:01.628018+00:00,2026-06-20T11:04:01.631564+00:00,200,3.55,True,
2026-06-20T11:04:02.628175+00:00,2026-06-20T11:04:02.639494+00:00,200,11.32,True,
2026-06-20T11:04:03.628320+00:00,2026-06-20T11:04:03.634572+00:00,200,6.25,True,
2026-06-20T11:04:04.628841+00:00,2026-06-20T11:04:04.633253+00:00,200,4.41,True,
2026-06-20T11:04:05.628905+00:00,2026-06-20T11:04:05.637195+00:00,200,8.29,True,
2026-06-20T11:04:06.629279+00:00,2026-06-20T11:04:06.638014+00:00,200,8.73,True,
2026-06-20T11:04:07.629513+00:00,2026-06-20T11:04:07.635397+00:00,200,5.88,True,
2026-06-20T11:04:08.629744+00:00,2026-06-20T11:04:08.642042+00:00,200,12.3,True,
2026-06-20T11:04:09.629893+00:00,2026-06-20T11:04:09.633909+00:00,200,4.02,True,
2026-06-20T11:04:10.630081+00:00,2026-06-20T11:04:10.640231+00:00,200,10.15,True,
2026-06-20T11:04:11.630216+00:00,2026-06-20T11:04:11.633109+00:00,200,2.89,True,
2026-06-20T11:04:12.630411+00:00,2026-06-20T11:04:12.642987+00:00,200,12.58,True,
2026-06-20T11:04:13.630650+00:00,2026-06-20T11:04:13.632846+00:00,200,2.2,True,
2026-06-20T11:04:14.630829+00:00,2026-06-20T11:04:14.640344+00:00,200,9.51,True,
2026-06-20T11:04:15.630890+00:00,2026-06-20T11:04:15.634825+00:00,200,3.94,True,
2026-06-20T11:04:16.631034+00:00,2026-06-20T11:04:16.637398+00:00,200,6.36,True,
2026-06-20T11:04:17.631201+00:00,2026-06-20T11:04:17.642879+00:00,200,11.68,True,
2026-06-20T11:04:18.631345+00:00,2026-06-20T11:04:18.639263+00:00,200,7.92,True,
2026-06-20T11:04:19.631497+00:00,2026-06-20T11:04:19.635377+00:00,200,3.88,True,
2026-06-20T11:04:20.631680+00:00,2026-06-20T11:04:20.642272+00:00,200,10.59,True,
2026-06-20T11:04:21.631930+00:00,2026-06-20T11:04:21.637243+00:00,200,5.31,True,
2026-06-20T11:04:22.632019+00:00,2026-06-20T11:04:22.636043+00:00,200,4.02,True,
2026-06-20T11:04:23.632173+00:00,2026-06-20T11:04:23.637250+00:00,200,5.08,True,
2026-06-20T11:04:24.632387+00:00,2026-06-20T11:04:24.646038+00:00,200,13.65,True,
2026-06-20T11:04:25.632520+00:00,2026-06-20T11:04:25.634457+00:00,200,1.94,True,
2026-06-20T11:04:26.632653+00:00,2026-06-20T11:04:26.638600+00:00,200,5.95,True,
2026-06-20T11:04:27.632814+00:00,2026-06-20T11:04:27.637852+00:00,200,5.04,True,
2026-06-20T11:04:28.632938+00:00,2026-06-20T11:04:28.635606+00:00,200,2.67,True,
2026-06-20T11:04:29.633084+00:00,2026-06-20T11:04:29.640338+00:00,200,7.25,True,
2026-06-20T11:04:30.633227+00:00,2026-06-20T11:04:30.645009+00:00,200,11.78,True,
2026-06-20T11:04:31.633364+00:00,2026-06-20T11:04:31.637523+00:00,200,4.16,True,
2026-06-20T11:04:32.633572+00:00,2026-06-20T11:04:32.639059+00:00,200,5.49,True,
2026-06-20T11:04:33.633825+00:00,2026-06-20T11:04:33.645852+00:00,200,12.03,True,
2026-06-20T11:04:34.633944+00:00,2026-06-20T11:04:34.638972+00:00,200,5.03,True,
2026-06-20T11:04:35.634115+00:00,2026-06-20T11:04:35.643902+00:00,200,9.79,True,
2026-06-20T11:04:36.634291+00:00,2026-06-20T11:04:36.644184+00:00,200,9.89,True,
2026-06-20T11:04:37.634471+00:00,2026-06-20T11:04:37.640906+00:00,200,6.43,True,
2026-06-20T11:04:38.634600+00:00,2026-06-20T11:04:38.646347+00:00,200,11.75,True,
2026-06-20T11:04:39.634809+00:00,2026-06-20T11:04:39.644042+00:00,200,9.23,True,
2026-06-20T11:04:40.634994+00:00,2026-06-20T11:04:40.641403+00:00,200,6.41,True,
2026-06-20T11:04:41.635146+00:00,2026-06-20T11:04:41.644204+00:00,200,9.06,True,
2026-06-20T11:04:42.635308+00:00,2026-06-20T11:04:42.647652+00:00,200,12.34,True,
2026-06-20T11:04:43.635475+00:00,2026-06-20T11:04:43.642979+00:00,200,7.5,True,
2026-06-20T11:04:44.635644+00:00,2026-06-20T11:04:44.643411+00:00,200,7.77,True,
2026-06-20T11:04:45.635812+00:00,2026-06-20T11:04:45.640758+00:00,200,4.95,True,
2026-06-20T11:04:46.635950+00:00,2026-06-20T11:04:46.641956+00:00,200,6.01,True,
2026-06-20T11:04:47.636095+00:00,2026-06-20T11:04:47.643320+00:00,200,7.22,True,
2026-06-20T11:04:48.636267+00:00,2026-06-20T11:04:48.646643+00:00,200,10.38,True,
2026-06-20T11:04:49.636518+00:00,2026-06-20T11:04:49.642905+00:00,200,6.39,True,
2026-06-20T11:04:50.636660+00:00,2026-06-20T11:04:50.646448+00:00,200,9.79,True,
2026-06-20T11:04:51.636892+00:00,2026-06-20T11:04:51.642020+00:00,200,5.13,True,
2026-06-20T11:04:52.637018+00:00,2026-06-20T11:04:52.642858+00:00,200,5.84,True,
2026-06-20T11:04:53.637158+00:00,2026-06-20T11:04:53.641813+00:00,200,4.66,True,
2026-06-20T11:04:54.637315+00:00,2026-06-20T11:04:54.642864+00:00,200,5.55,True,
2026-06-20T11:04:55.637505+00:00,2026-06-20T11:04:55.641312+00:00,200,3.81,True,
2026-06-20T11:04:56.637682+00:00,2026-06-20T11:04:56.642287+00:00,200,4.6,True,
2026-06-20T11:04:57.637816+00:00,2026-06-20T11:04:57.643257+00:00,200,5.44,True,
2026-06-20T11:04:58.637960+00:00,2026-06-20T11:04:58.642701+00:00,200,4.74,True,
2026-06-20T11:04:59.638138+00:00,2026-06-20T11:04:59.647719+00:00,200,9.58,True,
2026-06-20T11:05:00.638331+00:00,2026-06-20T11:05:00.650162+00:00,200,11.83,True,
2026-06-20T11:05:01.638574+00:00,2026-06-20T11:05:01.643180+00:00,200,4.61,True,
2026-06-20T11:05:02.638803+00:00,2026-06-20T11:05:02.645380+00:00,200,6.58,True,
2026-06-20T11:05:03.638897+00:00,2026-06-20T11:05:03.650667+00:00,200,11.77,True,
2026-06-20T11:05:04.639069+00:00,2026-06-20T11:05:04.644699+00:00,200,5.63,True,
2026-06-20T11:05:05.639246+00:00,2026-06-20T11:05:05.648964+00:00,200,9.72,True,
2026-06-20T11:05:06.639437+00:00,2026-06-20T11:05:06.649155+00:00,200,9.72,True,
2026-06-20T11:05:07.639631+00:00,2026-06-20T11:05:07.643171+00:00,200,3.54,True,
2026-06-20T11:05:08.640375+00:00,2026-06-20T11:05:08.650983+00:00,200,10.61,True,
2026-06-20T11:05:09.640499+00:00,2026-06-20T11:05:09.643099+00:00,200,2.6,True,
2026-06-20T11:05:10.640721+00:00,2026-06-20T11:05:10.647022+00:00,200,6.3,True,
2026-06-20T11:05:11.640985+00:00,2026-06-20T11:05:11.650004+00:00,200,9.02,True,
2026-06-20T11:05:12.641139+00:00,2026-06-20T11:05:12.647082+00:00,200,5.94,True,
2026-06-20T11:05:13.641308+00:00,2026-06-20T11:05:13.647537+00:00,200,6.23,True,
2026-06-20T11:05:14.641450+00:00,2026-06-20T11:05:14.644388+00:00,200,2.94,True,
2026-06-20T11:05:15.641808+00:00,2026-06-20T11:05:15.647416+00:00,200,5.61,True,
2026-06-20T11:05:16.641927+00:00,2026-06-20T11:05:16.649382+00:00,200,7.46,True,
2026-06-20T11:05:17.642117+00:00,2026-06-20T11:05:17.655227+00:00,200,13.11,True,
2026-06-20T11:05:18.642280+00:00,2026-06-20T11:05:18.651106+00:00,200,8.83,True,
2026-06-20T11:05:19.642394+00:00,2026-06-20T11:05:19.645977+00:00,200,3.58,True,
2026-06-20T11:05:20.642606+00:00,2026-06-20T11:05:20.654933+00:00,200,12.33,True,
2026-06-20T11:05:21.642820+00:00,2026-06-20T11:05:21.653326+00:00,200,10.51,True,
2026-06-20T11:05:22.642985+00:00,2026-06-20T11:05:22.651967+00:00,200,8.98,True,
2026-06-20T11:05:23.643151+00:00,2026-06-20T11:05:23.654002+00:00,200,10.85,True,
2026-06-20T11:05:24.643360+00:00,2026-06-20T11:05:24.655480+00:00,200,12.12,True,
2026-06-20T11:05:25.643544+00:00,2026-06-20T11:05:25.647596+00:00,200,4.05,True,
2026-06-20T11:05:26.643727+00:00,2026-06-20T11:05:26.648066+00:00,200,4.34,True,
2026-06-20T11:05:27.643849+00:00,2026-06-20T11:05:27.648940+00:00,200,5.09,True,
2026-06-20T11:05:28.644322+00:00,2026-06-20T11:05:28.649992+00:00,200,5.67,True,
2026-06-20T11:05:29.644447+00:00,2026-06-20T11:05:29.653551+00:00,200,9.1,True,
2026-06-20T11:05:30.644655+00:00,2026-06-20T11:05:30.655831+00:00,200,11.18,True,
2026-06-20T11:05:31.644957+00:00,2026-06-20T11:05:31.648728+00:00,200,3.77,True,
2026-06-20T11:05:32.645115+00:00,2026-06-20T11:05:32.660585+00:00,200,15.47,True,
2026-06-20T11:05:33.645289+00:00,2026-06-20T11:05:33.650259+00:00,200,4.97,True,
2026-06-20T11:05:34.645504+00:00,2026-06-20T11:05:34.654138+00:00,200,8.63,True,
2026-06-20T11:05:35.645608+00:00,2026-06-20T11:05:35.653744+00:00,200,8.14,True,
2026-06-20T11:05:36.645843+00:00,2026-06-20T11:05:36.654998+00:00,200,9.15,True,
2026-06-20T11:05:37.645947+00:00,2026-06-20T11:05:37.650194+00:00,200,4.25,True,
2026-06-20T11:05:38.646112+00:00,2026-06-20T11:05:38.655838+00:00,200,9.73,True,
2026-06-20T11:05:39.646297+00:00,2026-06-20T11:05:39.657303+00:00,200,11.01,True,
2026-06-20T11:05:40.646506+00:00,2026-06-20T11:05:40.653524+00:00,200,7.02,True,
2026-06-20T11:05:41.646661+00:00,2026-06-20T11:05:41.654723+00:00,200,8.06,True,
2026-06-20T11:05:42.646796+00:00,2026-06-20T11:05:42.652378+00:00,200,5.58,True,
2026-06-20T11:05:43.646898+00:00,2026-06-20T11:05:43.650992+00:00,200,4.09,True,
2026-06-20T11:05:44.647023+00:00,2026-06-20T11:05:44.657906+00:00,200,10.88,True,
2026-06-20T11:05:45.647142+00:00,2026-06-20T11:05:45.651564+00:00,200,4.42,True,
2026-06-20T11:05:46.647262+00:00,2026-06-20T11:05:46.652687+00:00,200,5.42,True,
2026-06-20T11:05:47.647548+00:00,2026-06-20T11:05:47.656701+00:00,200,9.15,True,
2026-06-20T11:05:48.647753+00:00,2026-06-20T11:05:48.660901+00:00,200,13.15,True,
2026-06-20T11:05:49.648025+00:00,2026-06-20T11:05:49.656050+00:00,200,8.02,True,
2026-06-20T11:05:50.648271+00:00,2026-06-20T11:05:50.655612+00:00,200,7.34,True,
2026-06-20T11:05:51.648446+00:00,2026-06-20T11:05:51.653509+00:00,200,5.06,True,
2026-06-20T11:05:52.648721+00:00,2026-06-20T11:05:52.654983+00:00,200,6.26,True,
2026-06-20T11:05:53.648948+00:00,2026-06-20T11:05:53.660864+00:00,200,11.92,True,
2026-06-20T11:05:54.649097+00:00,2026-06-20T11:05:54.665027+00:00,200,15.93,True,
2026-06-20T11:05:55.649267+00:00,2026-06-20T11:05:55.652895+00:00,200,3.63,True,
2026-06-20T11:05:56.649457+00:00,2026-06-20T11:05:56.658318+00:00,200,8.86,True,
2026-06-20T11:05:57.649622+00:00,2026-06-20T11:05:57.657137+00:00,200,7.51,True,
2026-06-20T11:05:58.649807+00:00,2026-06-20T11:05:58.651895+00:00,200,2.09,True,
2026-06-20T11:05:59.650000+00:00,2026-06-20T11:05:59.665493+00:00,200,15.49,True,
2026-06-20T11:06:00.650182+00:00,2026-06-20T11:06:00.661687+00:00,200,11.5,True,
2026-06-20T11:06:01.650386+00:00,2026-06-20T11:06:01.653945+00:00,200,3.56,True,
2026-06-20T11:06:02.650549+00:00,2026-06-20T11:06:02.662568+00:00,200,12.02,True,
2026-06-20T11:06:03.650819+00:00,2026-06-20T11:06:03.662963+00:00,200,12.14,True,
2026-06-20T11:06:04.650951+00:00,2026-06-20T11:06:04.658722+00:00,200,7.77,True,
2026-06-20T11:06:05.651360+00:00,2026-06-20T11:06:05.655682+00:00,200,4.32,True,
2026-06-20T11:06:06.651762+00:00,2026-06-20T11:06:06.660246+00:00,200,8.48,True,
2026-06-20T11:06:07.652052+00:00,2026-06-20T11:06:07.659150+00:00,200,7.1,True,
2026-06-20T11:06:08.652587+00:00,2026-06-20T11:06:08.662135+00:00,200,9.55,True,
2026-06-20T11:06:09.653125+00:00,2026-06-20T11:06:09.661882+00:00,200,8.76,True,
2026-06-20T11:06:10.653639+00:00,2026-06-20T11:06:10.655948+00:00,200,2.31,True,
2026-06-20T11:06:11.654243+00:00,2026-06-20T11:06:11.659619+00:00,200,5.38,True,
2026-06-20T11:06:12.654600+00:00,2026-06-20T11:06:12.659323+00:00,200,4.72,True,
2026-06-20T11:06:13.654754+00:00,2026-06-20T11:06:13.656352+00:00,200,1.6,True,
2026-06-20T11:06:14.654797+00:00,2026-06-20T11:06:14.658453+00:00,200,3.66,True,
2026-06-20T11:06:15.654914+00:00,2026-06-20T11:06:15.657464+00:00,200,2.55,True,
2026-06-20T11:06:16.655536+00:00,2026-06-20T11:06:16.659229+00:00,200,3.69,True,
2026-06-20T11:06:17.655620+00:00,2026-06-20T11:06:17.658578+00:00,200,2.96,True,
2026-06-20T11:06:18.655820+00:00,2026-06-20T11:06:18.659371+00:00,200,3.55,True,
2026-06-20T11:06:19.656057+00:00,2026-06-20T11:06:19.658245+00:00,200,2.19,True,
2026-06-20T11:06:20.656277+00:00,2026-06-20T11:06:20.658560+00:00,200,2.28,True,
2026-06-20T11:06:21.656554+00:00,2026-06-20T11:06:21.660364+00:00,200,3.81,True,
2026-06-20T11:06:22.656897+00:00,2026-06-20T11:06:22.663263+00:00,200,6.37,True,
2026-06-20T11:06:23.657029+00:00,2026-06-20T11:06:23.663295+00:00,200,6.27,True,
2026-06-20T11:06:24.657171+00:00,2026-06-20T11:06:24.661737+00:00,200,4.57,True,
2026-06-20T11:06:25.657270+00:00,2026-06-20T11:06:25.659320+00:00,200,2.05,True,
2026-06-20T11:06:26.657409+00:00,2026-06-20T11:06:26.659958+00:00,200,2.55,True,
2026-06-20T11:06:27.657539+00:00,2026-06-20T11:06:27.659935+00:00,200,2.4,True,
2026-06-20T11:06:28.657660+00:00,2026-06-20T11:06:28.659238+00:00,200,1.58,True,
2026-06-20T11:06:29.657756+00:00,2026-06-20T11:06:29.660187+00:00,200,2.43,True,
2026-06-20T11:06:30.657904+00:00,2026-06-20T11:06:30.661028+00:00,200,3.12,True,
2026-06-20T11:06:31.657990+00:00,2026-06-20T11:06:31.659919+00:00,200,1.93,True,
2026-06-20T11:06:32.658446+00:00,2026-06-20T11:06:32.661010+00:00,200,2.56,True,
2026-06-20T11:06:33.658559+00:00,2026-06-20T11:06:33.661450+00:00,200,2.89,True,
2026-06-20T11:06:34.659233+00:00,2026-06-20T11:06:34.661104+00:00,200,1.87,True,
2026-06-20T11:06:35.659489+00:00,2026-06-20T11:06:35.662483+00:00,200,2.99,True,
2026-06-20T11:06:36.660162+00:00,2026-06-20T11:06:36.662871+00:00,200,2.71,True,
2026-06-20T11:06:37.660238+00:00,2026-06-20T11:06:37.662317+00:00,200,2.08,True,
2026-06-20T11:06:38.660597+00:00,2026-06-20T11:06:38.663247+00:00,200,2.65,True,
2026-06-20T11:06:39.660674+00:00,2026-06-20T11:06:39.663353+00:00,200,2.68,True,
2026-06-20T11:06:40.660754+00:00,2026-06-20T11:06:40.662411+00:00,200,1.66,True,
2026-06-20T11:06:41.660804+00:00,2026-06-20T11:06:41.664111+00:00,200,3.31,True,
2026-06-20T11:06:42.660886+00:00,2026-06-20T11:06:42.663346+00:00,200,2.46,True,
2026-06-20T11:06:43.660982+00:00,2026-06-20T11:06:43.662645+00:00,200,1.66,True,
2026-06-20T11:06:44.661106+00:00,2026-06-20T11:06:44.663498+00:00,200,2.39,True,
2026-06-20T11:06:45.661185+00:00,2026-06-20T11:06:45.663857+00:00,200,2.67,True,
2026-06-20T11:06:46.661321+00:00,2026-06-20T11:06:46.663062+00:00,200,1.74,True,
2026-06-20T11:06:47.661391+00:00,2026-06-20T11:06:47.663700+00:00,200,2.31,True,
2026-06-20T11:06:48.661476+00:00,2026-06-20T11:06:48.664042+00:00,200,2.57,True,
2026-06-20T11:06:49.661575+00:00,2026-06-20T11:06:49.663500+00:00,200,1.93,True,
2026-06-20T11:06:50.661738+00:00,2026-06-20T11:06:50.664632+00:00,200,2.89,True,
2026-06-20T11:06:51.661820+00:00,2026-06-20T11:06:51.664360+00:00,200,2.54,True,
2026-06-20T11:06:52.661911+00:00,2026-06-20T11:06:52.663708+00:00,200,1.8,True,
2026-06-20T11:06:53.661994+00:00,2026-06-20T11:06:53.664681+00:00,200,2.69,True,
2026-06-20T11:06:54.662104+00:00,2026-06-20T11:06:54.664591+00:00,200,2.49,True,
2026-06-20T11:06:55.662189+00:00,2026-06-20T11:06:55.663916+00:00,200,1.73,True,
2026-06-20T11:06:56.662321+00:00,2026-06-20T11:06:56.664447+00:00,200,2.13,True,
2026-06-20T11:06:57.662436+00:00,2026-06-20T11:06:57.665144+00:00,200,2.71,True,
2026-06-20T11:06:58.662579+00:00,2026-06-20T11:06:58.664211+00:00,200,1.63,True,
2026-06-20T11:06:59.662718+00:00,2026-06-20T11:06:59.665051+00:00,200,2.33,True,
2026-06-20T11:07:00.662830+00:00,2026-06-20T11:07:00.665455+00:00,200,2.62,True,
2026-06-20T11:07:01.662915+00:00,2026-06-20T11:07:01.664457+00:00,200,1.54,True,
2026-06-20T11:07:02.663017+00:00,2026-06-20T11:07:02.665547+00:00,200,2.53,True,
2026-06-20T11:07:03.663104+00:00,2026-06-20T11:07:03.665589+00:00,200,2.48,True,
2026-06-20T11:07:04.663214+00:00,2026-06-20T11:07:04.664900+00:00,200,1.69,True,
2026-06-20T11:07:05.663299+00:00,2026-06-20T11:07:05.665987+00:00,200,2.69,True,
2026-06-20T11:07:06.663415+00:00,2026-06-20T11:07:06.665892+00:00,200,2.48,True,
2026-06-20T11:07:07.663586+00:00,2026-06-20T11:07:07.665173+00:00,200,1.59,True,
2026-06-20T11:07:08.663742+00:00,2026-06-20T11:07:08.666202+00:00,200,2.46,True,
2026-06-20T11:07:09.663887+00:00,2026-06-20T11:07:09.666513+00:00,200,2.63,True,
2026-06-20T11:07:10.663985+00:00,2026-06-20T11:07:10.665509+00:00,200,1.52,True,
2026-06-20T11:07:11.664083+00:00,2026-06-20T11:07:11.666653+00:00,200,2.57,True,
2026-06-20T11:07:12.664193+00:00,2026-06-20T11:07:12.666723+00:00,200,2.53,True,
2026-06-20T11:07:13.664325+00:00,2026-06-20T11:07:13.665978+00:00,200,1.65,True,
2026-06-20T11:07:14.664484+00:00,2026-06-20T11:07:14.667119+00:00,200,2.64,True,
2026-06-20T11:07:15.664653+00:00,2026-06-20T11:07:15.666952+00:00,200,2.3,True,
2026-06-20T11:07:16.664855+00:00,2026-06-20T11:07:16.666489+00:00,200,1.63,True,
2026-06-20T11:07:17.664946+00:00,2026-06-20T11:07:17.667454+00:00,200,2.51,True,
2026-06-20T11:07:18.665024+00:00,2026-06-20T11:07:18.667734+00:00,200,2.71,True,
2026-06-20T11:07:19.665109+00:00,2026-06-20T11:07:19.666901+00:00,200,1.79,True,
2026-06-20T11:07:20.665350+00:00,2026-06-20T11:07:20.667816+00:00,200,2.47,True,
2026-06-20T11:07:21.665639+00:00,2026-06-20T11:07:21.668094+00:00,200,2.46,True,
2026-06-20T11:07:22.665953+00:00,2026-06-20T11:07:22.667472+00:00,200,1.52,True,
2026-06-20T11:07:23.666057+00:00,2026-06-20T11:07:23.668675+00:00,200,2.62,True,
2026-06-20T11:07:24.666170+00:00,2026-06-20T11:07:24.668641+00:00,200,2.47,True,
2026-06-20T11:07:25.666268+00:00,2026-06-20T11:07:25.668618+00:00,200,2.35,True,
2026-06-20T11:07:26.666669+00:00,2026-06-20T11:07:26.669015+00:00,200,2.35,True,
2026-06-20T11:07:27.666784+00:00,2026-06-20T11:07:27.669379+00:00,200,2.6,True,
2026-06-20T11:07:28.666990+00:00,2026-06-20T11:07:28.668612+00:00,200,1.62,True,
2026-06-20T11:07:29.667100+00:00,2026-06-20T11:07:29.669541+00:00,200,2.44,True,
2026-06-20T11:07:30.667213+00:00,2026-06-20T11:07:30.669881+00:00,200,2.67,True,
2026-06-20T11:07:31.667729+00:00,2026-06-20T11:07:31.669360+00:00,200,1.63,True,
2026-06-20T11:07:32.667835+00:00,2026-06-20T11:07:32.670555+00:00,200,2.72,True,
2026-06-20T11:07:33.668171+00:00,2026-06-20T11:07:33.670631+00:00,200,2.46,True,
2026-06-20T11:07:34.668668+00:00,2026-06-20T11:07:34.670326+00:00,200,1.66,True,
2026-06-20T11:07:35.669103+00:00,2026-06-20T11:07:35.671662+00:00,200,2.56,True,
2026-06-20T11:07:36.669851+00:00,2026-06-20T11:07:36.672231+00:00,200,2.38,True,
2026-06-20T11:07:37.670013+00:00,2026-06-20T11:07:37.671511+00:00,200,1.5,True,
2026-06-20T11:07:38.670119+00:00,2026-06-20T11:07:38.672597+00:00,200,2.48,True,
2026-06-20T11:07:39.670226+00:00,2026-06-20T11:07:39.672699+00:00,200,2.47,True,
2026-06-20T11:07:40.670351+00:00,2026-06-20T11:07:40.672085+00:00,200,1.73,True,
2026-06-20T11:07:41.670489+00:00,2026-06-20T11:07:41.673022+00:00,200,2.53,True,
2026-06-20T11:07:42.670656+00:00,2026-06-20T11:07:42.673082+00:00,200,2.43,True,
2026-06-20T11:07:43.670745+00:00,2026-06-20T11:07:43.672351+00:00,200,1.61,True,
2026-06-20T11:07:44.670869+00:00,2026-06-20T11:07:44.673437+00:00,200,2.57,True,
2026-06-20T11:07:45.670972+00:00,2026-06-20T11:07:45.673509+00:00,200,2.54,True,
2026-06-20T11:07:46.671075+00:00,2026-06-20T11:07:46.672962+00:00,200,1.89,True,
2026-06-20T11:07:47.671199+00:00,2026-06-20T11:07:47.673761+00:00,200,2.56,True,
2026-06-20T11:07:48.671517+00:00,2026-06-20T11:07:48.673930+00:00,200,2.41,True,
2026-06-20T11:07:49.671724+00:00,2026-06-20T11:07:49.673473+00:00,200,1.75,True,
2026-06-20T11:07:50.671842+00:00,2026-06-20T11:07:50.674683+00:00,200,2.84,True,
2026-06-20T11:07:51.671931+00:00,2026-06-20T11:07:51.675121+00:00,200,3.19,True,
2026-06-20T11:07:52.672036+00:00,2026-06-20T11:07:52.673550+00:00,200,1.51,True,
2026-06-20T11:07:53.672153+00:00,2026-06-20T11:07:53.674760+00:00,200,2.61,True,
2026-06-20T11:07:54.672262+00:00,2026-06-20T11:07:54.674629+00:00,200,2.37,True,
2026-06-20T11:07:55.672345+00:00,2026-06-20T11:07:55.674017+00:00,200,1.67,True,
2026-06-20T11:07:56.672620+00:00,2026-06-20T11:07:56.674978+00:00,200,2.36,True,
2026-06-20T11:07:57.672723+00:00,2026-06-20T11:07:57.675296+00:00,200,2.57,True,
2026-06-20T11:07:58.672935+00:00,2026-06-20T11:07:58.674566+00:00,200,1.63,True,
2026-06-20T11:07:59.673038+00:00,2026-06-20T11:07:59.675460+00:00,200,2.42,True,
2026-06-20T11:08:00.673124+00:00,2026-06-20T11:08:00.675499+00:00,200,2.38,True,
2026-06-20T11:08:01.673214+00:00,2026-06-20T11:08:01.674862+00:00,200,1.65,True,
2026-06-20T11:08:02.673481+00:00,2026-06-20T11:08:02.676085+00:00,200,2.6,True,
2026-06-20T11:08:03.673775+00:00,2026-06-20T11:08:03.676101+00:00,200,2.33,True,
2026-06-20T11:08:04.673975+00:00,2026-06-20T11:08:04.675722+00:00,200,1.75,True,
2026-06-20T11:08:05.674204+00:00,2026-06-20T11:08:05.678488+00:00,200,4.28,True,
2026-06-20T11:08:06.674727+00:00,2026-06-20T11:08:06.677239+00:00,200,2.51,True,
2026-06-20T11:08:07.675364+00:00,2026-06-20T11:08:07.676965+00:00,200,1.6,True,
2026-06-20T11:08:08.675525+00:00,2026-06-20T11:08:08.678069+00:00,200,2.54,True,
2026-06-20T11:08:09.676233+00:00,2026-06-20T11:08:09.678584+00:00,200,2.35,True,
2026-06-20T11:08:10.676372+00:00,2026-06-20T11:08:10.678180+00:00,200,1.81,True,
2026-06-20T11:08:11.677124+00:00,2026-06-20T11:08:11.679690+00:00,200,2.57,True,
2026-06-20T11:08:12.677254+00:00,2026-06-20T11:08:12.679918+00:00,200,2.66,True,
2026-06-20T11:08:13.677396+00:00,2026-06-20T11:08:13.679046+00:00,200,1.65,True,
2026-06-20T11:08:14.677596+00:00,2026-06-20T11:08:14.680128+00:00,200,2.53,True,
2026-06-20T11:08:15.677723+00:00,2026-06-20T11:08:15.680172+00:00,200,2.45,True,
2026-06-20T11:08:16.677856+00:00,2026-06-20T11:08:16.679494+00:00,200,1.64,True,
2026-06-20T11:08:17.678069+00:00,2026-06-20T11:08:17.680585+00:00,200,2.52,True,
2026-06-20T11:08:18.678187+00:00,2026-06-20T11:08:18.680643+00:00,200,2.46,True,
2026-06-20T11:08:19.678314+00:00,2026-06-20T11:08:19.680120+00:00,200,1.81,True,
2026-06-20T11:08:20.679135+00:00,2026-06-20T11:08:20.681712+00:00,200,2.58,True,
2026-06-20T11:08:21.679225+00:00,2026-06-20T11:08:21.681713+00:00,200,2.49,True,
2026-06-20T11:08:22.679363+00:00,2026-06-20T11:08:22.681220+00:00,200,1.86,True,
2026-06-20T11:08:23.679512+00:00,2026-06-20T11:08:23.682920+00:00,200,3.41,True,
2026-06-20T11:08:24.679627+00:00,2026-06-20T11:08:24.682125+00:00,200,2.5,True,
2026-06-20T11:08:25.679808+00:00,2026-06-20T11:08:25.681465+00:00,200,1.66,True,
2026-06-20T11:08:26.679894+00:00,2026-06-20T11:08:26.682620+00:00,200,2.73,True,
2026-06-20T11:08:27.679994+00:00,2026-06-20T11:08:27.682257+00:00,200,2.26,True,
2026-06-20T11:08:28.680084+00:00,2026-06-20T11:08:28.681642+00:00,200,1.56,True,
2026-06-20T11:08:29.680288+00:00,2026-06-20T11:08:29.682792+00:00,200,2.5,True,
2026-06-20T11:08:30.680436+00:00,2026-06-20T11:08:30.682935+00:00,200,2.5,True,
2026-06-20T11:08:31.680563+00:00,2026-06-20T11:08:31.682153+00:00,200,1.59,True,
2026-06-20T11:08:32.680753+00:00,2026-06-20T11:08:32.683235+00:00,200,2.48,True,
2026-06-20T11:08:33.680878+00:00,2026-06-20T11:08:33.683571+00:00,200,2.69,True,
2026-06-20T11:08:34.680973+00:00,2026-06-20T11:08:34.682393+00:00,200,1.42,True,
2026-06-20T11:08:35.681076+00:00,2026-06-20T11:08:35.683476+00:00,200,2.4,True,
2026-06-20T11:08:36.681199+00:00,2026-06-20T11:08:36.684012+00:00,200,2.81,True,
2026-06-20T11:08:37.681342+00:00,2026-06-20T11:08:37.682986+00:00,200,1.64,True,
2026-06-20T11:08:38.681442+00:00,2026-06-20T11:08:38.683973+00:00,200,2.53,True,
2026-06-20T11:08:39.681561+00:00,2026-06-20T11:08:39.683949+00:00,200,2.39,True,
2026-06-20T11:08:40.681702+00:00,2026-06-20T11:08:40.683281+00:00,200,1.58,True,
2026-06-20T11:08:41.681791+00:00,2026-06-20T11:08:41.684127+00:00,200,2.34,True,
2026-06-20T11:08:42.681825+00:00,2026-06-20T11:08:42.684208+00:00,200,2.38,True,
2026-06-20T11:08:43.681917+00:00,2026-06-20T11:08:43.683754+00:00,200,1.84,True,
2026-06-20T11:08:44.682005+00:00,2026-06-20T11:08:44.684493+00:00,200,2.49,True,
2026-06-20T11:08:45.682121+00:00,2026-06-20T11:08:45.684856+00:00,200,2.73,True,
2026-06-20T11:08:46.682301+00:00,2026-06-20T11:08:46.684055+00:00,200,1.75,True,
2026-06-20T11:08:47.682423+00:00,2026-06-20T11:08:47.686210+00:00,200,3.79,True,
2026-06-20T11:08:48.682578+00:00,2026-06-20T11:08:48.685079+00:00,200,2.5,True,
2026-06-20T11:08:49.682675+00:00,2026-06-20T11:08:49.684388+00:00,200,1.71,True,
2026-06-20T11:08:50.682859+00:00,2026-06-20T11:08:50.685267+00:00,200,2.41,True,
2026-06-20T11:08:51.682948+00:00,2026-06-20T11:08:51.685452+00:00,200,2.5,True,
2026-06-20T11:08:52.683306+00:00,2026-06-20T11:08:52.685171+00:00,200,1.86,True,
2026-06-20T11:08:53.683511+00:00,2026-06-20T11:08:53.685936+00:00,200,2.43,True,
2026-06-20T11:08:54.683657+00:00,2026-06-20T11:08:54.686270+00:00,200,2.61,True,
2026-06-20T11:08:55.683968+00:00,2026-06-20T11:08:55.685576+00:00,200,1.61,True,
2026-06-20T11:08:56.684058+00:00,2026-06-20T11:08:56.686527+00:00,200,2.47,True,
2026-06-20T11:08:57.684184+00:00,2026-06-20T11:08:57.686925+00:00,200,2.74,True,
2026-06-20T11:08:58.684565+00:00,2026-06-20T11:08:58.686235+00:00,200,1.67,True,
2026-06-20T11:08:59.684693+00:00,2026-06-20T11:08:59.687256+00:00,200,2.56,True,
2026-06-20T11:09:00.684886+00:00,2026-06-20T11:09:00.687272+00:00,200,2.39,True,
2026-06-20T11:09:01.685224+00:00,2026-06-20T11:09:01.686825+00:00,200,1.6,True,
2026-06-20T11:09:02.685733+00:00,2026-06-20T11:09:02.689105+00:00,200,3.37,True,
2026-06-20T11:09:03.685801+00:00,2026-06-20T11:09:03.688156+00:00,200,2.35,True,
2026-06-20T11:09:04.686265+00:00,2026-06-20T11:09:04.687963+00:00,200,1.7,True,
2026-06-20T11:09:05.686349+00:00,2026-06-20T11:09:05.688854+00:00,200,2.5,True,
2026-06-20T11:09:06.686480+00:00,2026-06-20T11:09:06.688837+00:00,200,2.36,True,
2026-06-20T11:09:07.686906+00:00,2026-06-20T11:09:07.688641+00:00,200,1.74,True,
2026-06-20T11:09:08.687013+00:00,2026-06-20T11:09:08.689705+00:00,200,2.69,True,
2026-06-20T11:09:09.687129+00:00,2026-06-20T11:09:09.689822+00:00,200,2.69,True,
2026-06-20T11:09:10.687241+00:00,2026-06-20T11:09:10.688790+00:00,200,1.55,True,
2026-06-20T11:09:11.687380+00:00,2026-06-20T11:09:11.689752+00:00,200,2.37,True,
2026-06-20T11:09:12.687490+00:00,2026-06-20T11:09:12.689912+00:00,200,2.42,True,
2026-06-20T11:09:13.687588+00:00,2026-06-20T11:09:13.689144+00:00,200,1.56,True,
2026-06-20T11:09:14.687751+00:00,2026-06-20T11:09:14.690318+00:00,200,2.57,True,
2026-06-20T11:09:15.687822+00:00,2026-06-20T11:09:15.691923+00:00,200,4.1,True,
2026-06-20T11:09:16.687871+00:00,2026-06-20T11:09:16.689579+00:00,200,1.71,True,
2026-06-20T11:09:17.687963+00:00,2026-06-20T11:09:17.690618+00:00,200,2.65,True,
2026-06-20T11:09:18.688052+00:00,2026-06-20T11:09:18.690653+00:00,200,2.6,True,
2026-06-20T11:09:19.688174+00:00,2026-06-20T11:09:19.689930+00:00,200,1.76,True,
2026-06-20T11:09:20.688299+00:00,2026-06-20T11:09:20.690791+00:00,200,2.49,True,
2026-06-20T11:09:21.688450+00:00,2026-06-20T11:09:21.690799+00:00,200,2.35,True,
2026-06-20T11:09:22.688558+00:00,2026-06-20T11:09:22.690102+00:00,200,1.54,True,
2026-06-20T11:09:23.688644+00:00,2026-06-20T11:09:23.691184+00:00,200,2.54,True,
2026-06-20T11:09:24.688811+00:00,2026-06-20T11:09:24.691167+00:00,200,2.36,True,
2026-06-20T11:09:25.688916+00:00,2026-06-20T11:09:25.690565+00:00,200,1.65,True,
2026-06-20T11:09:26.689007+00:00,2026-06-20T11:09:26.691601+00:00,200,2.59,True,
2026-06-20T11:09:27.689245+00:00,2026-06-20T11:09:27.691866+00:00,200,2.62,True,
2026-06-20T11:09:28.689350+00:00,2026-06-20T11:09:28.691045+00:00,200,1.69,True,
2026-06-20T11:09:29.689502+00:00,2026-06-20T11:09:29.691890+00:00,200,2.39,True,
2026-06-20T11:09:30.689801+00:00,2026-06-20T11:09:30.692303+00:00,200,2.5,True,
2026-06-20T11:09:31.689906+00:00,2026-06-20T11:09:31.691383+00:00,200,1.48,True,
2026-06-20T11:09:32.690012+00:00,2026-06-20T11:09:32.692725+00:00,200,2.71,True,
2026-06-20T11:09:33.690252+00:00,2026-06-20T11:09:33.693130+00:00,200,2.88,True,
2026-06-20T11:09:34.690336+00:00,2026-06-20T11:09:34.692173+00:00,200,1.84,True,
2026-06-20T11:09:35.690427+00:00,2026-06-20T11:09:35.692932+00:00,200,2.5,True,
2026-06-20T11:09:36.690715+00:00,2026-06-20T11:09:36.693220+00:00,200,2.5,True,
2026-06-20T11:09:37.690816+00:00,2026-06-20T11:09:37.692508+00:00,200,1.69,True,
2026-06-20T11:09:38.690914+00:00,2026-06-20T11:09:38.693211+00:00,200,2.3,True,
2026-06-20T11:09:39.691012+00:00,2026-06-20T11:09:39.693427+00:00,200,2.42,True,
2026-06-20T11:09:40.691125+00:00,2026-06-20T11:09:40.692808+00:00,200,1.68,True,
2026-06-20T11:09:41.691221+00:00,2026-06-20T11:09:41.693919+00:00,200,2.7,True,
2026-06-20T11:09:42.691351+00:00,2026-06-20T11:09:42.693933+00:00,200,2.58,True,
2026-06-20T11:09:43.691438+00:00,2026-06-20T11:09:43.692941+00:00,200,1.5,True,
2026-06-20T11:09:44.691539+00:00,2026-06-20T11:09:44.694281+00:00,200,2.74,True,
2026-06-20T11:09:45.691646+00:00,2026-06-20T11:09:45.694020+00:00,200,2.37,True,
2026-06-20T11:09:46.691782+00:00,2026-06-20T11:09:46.693517+00:00,200,1.74,True,
2026-06-20T11:09:47.691834+00:00,2026-06-20T11:09:47.694321+00:00,200,2.49,True,
2026-06-20T11:09:48.691920+00:00,2026-06-20T11:09:48.695331+00:00,200,3.41,True,
2026-06-20T11:09:49.692072+00:00,2026-06-20T11:09:49.693727+00:00,200,1.66,True,
2026-06-20T11:09:50.692187+00:00,2026-06-20T11:09:50.694569+00:00,200,2.38,True,
2026-06-20T11:09:51.692312+00:00,2026-06-20T11:09:51.694897+00:00,200,2.58,True,
2026-06-20T11:09:52.692467+00:00,2026-06-20T11:09:52.694147+00:00,200,1.68,True,
2026-06-20T11:09:53.692580+00:00,2026-06-20T11:09:53.695222+00:00,200,2.64,True,
2026-06-20T11:09:54.692730+00:00,2026-06-20T11:09:54.695118+00:00,200,2.39,True,
2026-06-20T11:09:55.692819+00:00,2026-06-20T11:09:55.694488+00:00,200,1.67,True,
2026-06-20T11:09:56.692876+00:00,2026-06-20T11:09:56.695207+00:00,200,2.33,True,
2026-06-20T11:09:57.692963+00:00,2026-06-20T11:09:57.695495+00:00,200,2.53,True,
2026-06-20T11:09:58.693060+00:00,2026-06-20T11:09:58.694700+00:00,200,1.64,True,
2026-06-20T11:09:59.693168+00:00,2026-06-20T11:09:59.695726+00:00,200,2.56,True,
2026-06-20T11:10:00.693426+00:00,2026-06-20T11:10:00.695787+00:00,200,2.36,True,
2026-06-20T11:10:01.693580+00:00,2026-06-20T11:10:01.695581+00:00,200,2.0,True,
2026-06-20T11:10:02.693758+00:00,2026-06-20T11:10:02.696251+00:00,200,2.49,True,
2026-06-20T11:10:03.693912+00:00,2026-06-20T11:10:03.696354+00:00,200,2.44,True,
2026-06-20T11:10:04.694021+00:00,2026-06-20T11:10:04.695652+00:00,200,1.63,True,
2026-06-20T11:10:05.694107+00:00,2026-06-20T11:10:05.696976+00:00,200,2.87,True,
2026-06-20T11:10:06.694233+00:00,2026-06-20T11:10:06.696712+00:00,200,2.48,True,
2026-06-20T11:10:07.694316+00:00,2026-06-20T11:10:07.697567+00:00,200,3.25,True,
2026-06-20T11:10:08.694446+00:00,2026-06-20T11:10:08.697007+00:00,200,2.56,True,
2026-06-20T11:10:09.694530+00:00,2026-06-20T11:10:09.697165+00:00,200,2.64,True,
2026-06-20T11:10:10.694635+00:00,2026-06-20T11:10:10.696388+00:00,200,1.75,True,
2026-06-20T11:10:11.694667+00:00,2026-06-20T11:10:11.697317+00:00,200,2.65,True,
2026-06-20T11:10:12.694817+00:00,2026-06-20T11:10:12.697340+00:00,200,2.52,True,
2026-06-20T11:10:13.694907+00:00,2026-06-20T11:10:13.696557+00:00,200,1.65,True,
2026-06-20T11:10:14.695009+00:00,2026-06-20T11:10:14.697404+00:00,200,2.4,True,
2026-06-20T11:10:15.695118+00:00,2026-06-20T11:10:15.697546+00:00,200,2.43,True,
2026-06-20T11:10:16.695175+00:00,2026-06-20T11:10:16.696821+00:00,200,1.65,True,
2026-06-20T11:10:17.695289+00:00,2026-06-20T11:10:17.698346+00:00,200,3.06,True,
2026-06-20T11:10:18.695413+00:00,2026-06-20T11:10:18.698084+00:00,200,2.67,True,
2026-06-20T11:10:19.695520+00:00,2026-06-20T11:10:19.697283+00:00,200,1.76,True,
2026-06-20T11:10:20.695695+00:00,2026-06-20T11:10:20.698102+00:00,200,2.41,True,
2026-06-20T11:10:21.695857+00:00,2026-06-20T11:10:21.698429+00:00,200,2.57,True,
2026-06-20T11:10:22.695945+00:00,2026-06-20T11:10:22.697684+00:00,200,1.74,True,
2026-06-20T11:10:23.696038+00:00,2026-06-20T11:10:23.698584+00:00,200,2.55,True,
2026-06-20T11:10:24.696156+00:00,2026-06-20T11:10:24.698643+00:00,200,2.49,True,
2026-06-20T11:10:25.696280+00:00,2026-06-20T11:10:25.697914+00:00,200,1.63,True,
2026-06-20T11:10:26.696562+00:00,2026-06-20T11:10:26.699267+00:00,200,2.71,True,
2026-06-20T11:10:27.696744+00:00,2026-06-20T11:10:27.699122+00:00,200,2.38,True,
2026-06-20T11:10:28.696945+00:00,2026-06-20T11:10:28.698589+00:00,200,1.64,True,
2026-06-20T11:10:29.697177+00:00,2026-06-20T11:10:29.699791+00:00,200,2.61,True,
2026-06-20T11:10:30.697318+00:00,2026-06-20T11:10:30.699793+00:00,200,2.48,True,
2026-06-20T11:10:31.697407+00:00,2026-06-20T11:10:31.699096+00:00,200,1.69,True,
2026-06-20T11:10:32.697499+00:00,2026-06-20T11:10:32.699911+00:00,200,2.41,True,
2026-06-20T11:10:33.697607+00:00,2026-06-20T11:10:33.700068+00:00,200,2.46,True,
2026-06-20T11:10:34.697821+00:00,2026-06-20T11:10:34.699343+00:00,200,1.52,True,
2026-06-20T11:10:35.697910+00:00,2026-06-20T11:10:35.700342+00:00,200,2.43,True,
2026-06-20T11:10:36.698012+00:00,2026-06-20T11:10:36.700557+00:00,200,2.54,True,
2026-06-20T11:10:37.698123+00:00,2026-06-20T11:10:37.699686+00:00,200,1.56,True,
2026-06-20T11:10:38.698248+00:00,2026-06-20T11:10:38.700640+00:00,200,2.39,True,
2026-06-20T11:10:39.698395+00:00,2026-06-20T11:10:39.700864+00:00,200,2.47,True,
2026-06-20T11:10:40.698531+00:00,2026-06-20T11:10:40.700235+00:00,200,1.7,True,
2026-06-20T11:10:41.698706+00:00,2026-06-20T11:10:41.701405+00:00,200,2.7,True,
2026-06-20T11:10:42.698907+00:00,2026-06-20T11:10:42.701266+00:00,200,2.36,True,
2026-06-20T11:10:43.699002+00:00,2026-06-20T11:10:43.700689+00:00,200,1.69,True,
2026-06-20T11:10:44.699101+00:00,2026-06-20T11:10:44.701721+00:00,200,2.62,True,
2026-06-20T11:10:45.699218+00:00,2026-06-20T11:10:45.720789+00:00,200,21.57,True,
2026-06-20T11:10:46.699320+00:00,2026-06-20T11:10:46.701274+00:00,200,1.95,True,
2026-06-20T11:10:47.699472+00:00,2026-06-20T11:10:47.701996+00:00,200,2.52,True,
2026-06-20T11:10:48.699644+00:00,2026-06-20T11:10:48.702352+00:00,200,2.71,True,
2026-06-20T11:10:49.699839+00:00,2026-06-20T11:10:49.701360+00:00,200,1.52,True,
2026-06-20T11:10:50.700118+00:00,2026-06-20T11:10:50.702549+00:00,200,2.43,True,
2026-06-20T11:10:51.700236+00:00,2026-06-20T11:10:51.702973+00:00,200,2.74,True,
2026-06-20T11:10:52.700372+00:00,2026-06-20T11:10:52.702039+00:00,200,1.67,True,
2026-06-20T11:10:53.700506+00:00,2026-06-20T11:10:53.703013+00:00,200,2.51,True,
2026-06-20T11:10:54.700813+00:00,2026-06-20T11:10:54.703295+00:00,200,2.48,True,
2026-06-20T11:10:55.701043+00:00,2026-06-20T11:10:55.702829+00:00,200,1.79,True,
2026-06-20T11:10:56.701408+00:00,2026-06-20T11:10:56.703932+00:00,200,2.52,True,
2026-06-20T11:10:57.701500+00:00,2026-06-20T11:10:57.703887+00:00,200,2.39,True,
2026-06-20T11:10:58.701591+00:00,2026-06-20T11:10:58.703451+00:00,200,1.86,True,
2026-06-20T11:10:59.701699+00:00,2026-06-20T11:10:59.704904+00:00,200,3.21,True,
2026-06-20T11:11:00.701817+00:00,2026-06-20T11:11:00.704177+00:00,200,2.36,True,
2026-06-20T11:11:01.701902+00:00,2026-06-20T11:11:01.703494+00:00,200,1.59,True,
2026-06-20T11:11:02.701964+00:00,2026-06-20T11:11:02.704356+00:00,200,2.39,True,
2026-06-20T11:11:03.702056+00:00,2026-06-20T11:11:03.704429+00:00,200,2.37,True,
2026-06-20T11:11:04.702158+00:00,2026-06-20T11:11:04.703728+00:00,200,1.57,True,
2026-06-20T11:11:05.702273+00:00,2026-06-20T11:11:05.704665+00:00,200,2.39,True,
2026-06-20T11:11:06.702380+00:00,2026-06-20T11:11:06.704642+00:00,200,2.26,True,
2026-06-20T11:11:07.702422+00:00,2026-06-20T11:11:07.703999+00:00,200,1.58,True,
2026-06-20T11:11:08.702494+00:00,2026-06-20T11:11:08.704979+00:00,200,2.48,True,
2026-06-20T11:11:09.702580+00:00,2026-06-20T11:11:09.705080+00:00,200,2.5,True,
2026-06-20T11:11:10.702671+00:00,2026-06-20T11:11:10.704329+00:00,200,1.66,True,
2026-06-20T11:11:11.702780+00:00,2026-06-20T11:11:11.705327+00:00,200,2.55,True,
2026-06-20T11:11:12.702842+00:00,2026-06-20T11:11:12.706104+00:00,200,3.26,True,
2026-06-20T11:11:13.702989+00:00,2026-06-20T11:11:13.704627+00:00,200,1.64,True,
2026-06-20T11:11:14.703090+00:00,2026-06-20T11:11:14.705672+00:00,200,2.58,True,
2026-06-20T11:11:15.703248+00:00,2026-06-20T11:11:15.705913+00:00,200,2.67,True,
2026-06-20T11:11:16.703336+00:00,2026-06-20T11:11:16.704907+00:00,200,1.57,True,
2026-06-20T11:11:17.703576+00:00,2026-06-20T11:11:17.706830+00:00,200,3.25,True,
2026-06-20T11:11:18.703824+00:00,2026-06-20T11:11:18.706873+00:00,200,3.05,True,
2026-06-20T11:11:19.703998+00:00,2026-06-20T11:11:19.705682+00:00,200,1.68,True,
2026-06-20T11:11:20.704392+00:00,2026-06-20T11:11:20.707281+00:00,200,2.89,True,
2026-06-20T11:11:21.704499+00:00,2026-06-20T11:11:21.706760+00:00,200,2.26,True,
2026-06-20T11:11:22.704593+00:00,2026-06-20T11:11:22.706365+00:00,200,1.77,True,
2026-06-20T11:11:23.706605+00:00,2026-06-20T11:11:23.710365+00:00,200,3.76,True,
2026-06-20T11:11:24.706755+00:00,2026-06-20T11:11:24.709628+00:00,200,2.87,True,
2026-06-20T11:11:25.706947+00:00,2026-06-20T11:11:25.708558+00:00,200,1.61,True,
2026-06-20T11:11:26.707091+00:00,2026-06-20T11:11:26.710002+00:00,200,2.91,True,
2026-06-20T11:11:27.707204+00:00,2026-06-20T11:11:27.709489+00:00,200,2.29,True,
2026-06-20T11:11:28.707311+00:00,2026-06-20T11:11:28.709110+00:00,200,1.8,True,
2026-06-20T11:11:29.707777+00:00,2026-06-20T11:11:29.710133+00:00,200,2.36,True,
2026-06-20T11:11:30.707869+00:00,2026-06-20T11:11:30.711032+00:00,200,3.16,True,
2026-06-20T11:11:31.707973+00:00,2026-06-20T11:11:31.710115+00:00,200,2.14,True,
2026-06-20T11:11:32.708057+00:00,2026-06-20T11:11:32.710976+00:00,200,2.92,True,
2026-06-20T11:11:33.708141+00:00,2026-06-20T11:11:33.710510+00:00,200,2.37,True,
2026-06-20T11:11:34.708788+00:00,2026-06-20T11:11:34.710584+00:00,200,1.8,True,
2026-06-20T11:11:35.708895+00:00,2026-06-20T11:11:35.711443+00:00,200,2.55,True,
2026-06-20T11:11:36.709401+00:00,2026-06-20T11:11:36.712250+00:00,200,2.85,True,
2026-06-20T11:11:37.709571+00:00,2026-06-20T11:11:37.710984+00:00,200,1.41,True,
2026-06-20T11:11:38.709755+00:00,2026-06-20T11:11:38.712728+00:00,200,2.97,True,
2026-06-20T11:11:39.709894+00:00,2026-06-20T11:11:39.712363+00:00,200,2.47,True,
2026-06-20T11:11:40.710009+00:00,2026-06-20T11:11:40.712016+00:00,200,2.01,True,
2026-06-20T11:11:41.710118+00:00,2026-06-20T11:11:41.714083+00:00,200,3.96,True,
2026-06-20T11:11:42.710270+00:00,2026-06-20T11:11:42.712917+00:00,200,2.65,True,
2026-06-20T11:11:43.710473+00:00,2026-06-20T11:11:43.712042+00:00,200,1.57,True,
2026-06-20T11:11:44.710566+00:00,2026-06-20T11:11:44.713435+00:00,200,2.87,True,
2026-06-20T11:11:45.710650+00:00,2026-06-20T11:11:45.713190+00:00,200,2.54,True,
2026-06-20T11:11:46.710868+00:00,2026-06-20T11:11:46.713087+00:00,200,2.22,True,
2026-06-20T11:11:47.710968+00:00,2026-06-20T11:11:47.713268+00:00,200,2.3,True,
2026-06-20T11:11:48.711096+00:00,2026-06-20T11:11:48.714303+00:00,200,3.21,True,
2026-06-20T11:11:49.711223+00:00,2026-06-20T11:11:49.712775+00:00,200,1.55,True,
2026-06-20T11:11:50.711415+00:00,2026-06-20T11:11:50.714044+00:00,200,2.63,True,
2026-06-20T11:11:51.711911+00:00,2026-06-20T11:11:51.719797+00:00,200,7.89,True,
2026-06-20T11:11:52.712049+00:00,2026-06-20T11:11:52.713732+00:00,200,1.68,True,
2026-06-20T11:11:53.712580+00:00,2026-06-20T11:11:53.714964+00:00,200,2.38,True,
2026-06-20T11:11:54.712672+00:00,2026-06-20T11:11:54.716095+00:00,200,3.42,True,
2026-06-20T11:11:55.712811+00:00,2026-06-20T11:11:55.714457+00:00,200,1.65,True,
2026-06-20T11:11:56.712905+00:00,2026-06-20T11:11:56.716012+00:00,200,3.11,True,
2026-06-20T11:11:57.713023+00:00,2026-06-20T11:11:57.715363+00:00,200,2.34,True,
2026-06-20T11:11:58.713123+00:00,2026-06-20T11:11:58.714749+00:00,200,1.63,True,
2026-06-20T11:11:59.713256+00:00,2026-06-20T11:11:59.715625+00:00,200,2.37,True,
2026-06-20T11:12:00.713456+00:00,2026-06-20T11:12:00.716331+00:00,200,2.88,True,
2026-06-20T11:12:01.713567+00:00,2026-06-20T11:12:01.715171+00:00,200,1.6,True,
2026-06-20T11:12:02.718880+00:00,2026-06-20T11:12:02.723350+00:00,200,4.47,True,
2026-06-20T11:12:03.719966+00:00,2026-06-20T11:12:03.722530+00:00,200,2.56,True,
2026-06-20T11:12:04.720042+00:00,2026-06-20T11:12:04.721722+00:00,200,1.68,True,
2026-06-20T11:12:05.720194+00:00,2026-06-20T11:12:05.723205+00:00,200,3.01,True,
2026-06-20T11:12:06.720316+00:00,2026-06-20T11:12:06.722914+00:00,200,2.6,True,
2026-06-20T11:12:07.720758+00:00,2026-06-20T11:12:07.722354+00:00,200,1.6,True,
2026-06-20T11:12:08.720998+00:00,2026-06-20T11:12:08.723337+00:00,200,2.34,True,
2026-06-20T11:12:09.721356+00:00,2026-06-20T11:12:09.723695+00:00,200,2.34,True,
2026-06-20T11:12:10.721492+00:00,2026-06-20T11:12:10.723056+00:00,200,1.56,True,
2026-06-20T11:12:11.721713+00:00,2026-06-20T11:12:11.724107+00:00,200,2.39,True,
2026-06-20T11:12:12.722001+00:00,2026-06-20T11:12:12.724501+00:00,200,2.5,True,
2026-06-20T11:12:13.722094+00:00,2026-06-20T11:12:13.723607+00:00,200,1.51,True,
2026-06-20T11:12:14.722221+00:00,2026-06-20T11:12:14.724856+00:00,200,2.64,True,
2026-06-20T11:12:15.722323+00:00,2026-06-20T11:12:15.724869+00:00,200,2.55,True,
2026-06-20T11:12:16.722505+00:00,2026-06-20T11:12:16.724139+00:00,200,1.63,True,
2026-06-20T11:12:17.723185+00:00,2026-06-20T11:12:17.725602+00:00,200,2.42,True,
2026-06-20T11:12:18.723372+00:00,2026-06-20T11:12:18.726048+00:00,200,2.68,True,
2026-06-20T11:12:19.723587+00:00,2026-06-20T11:12:19.725255+00:00,200,1.67,True,
2026-06-20T11:12:20.723754+00:00,2026-06-20T11:12:20.726227+00:00,200,2.47,True,
2026-06-20T11:12:21.723851+00:00,2026-06-20T11:12:21.727001+00:00,200,3.15,True,
2026-06-20T11:12:22.723958+00:00,2026-06-20T11:12:22.725595+00:00,200,1.64,True,
2026-06-20T11:12:23.724080+00:00,2026-06-20T11:12:23.726603+00:00,200,2.52,True,
2026-06-20T11:12:24.724204+00:00,2026-06-20T11:12:24.726628+00:00,200,2.42,True,
2026-06-20T11:12:25.724400+00:00,2026-06-20T11:12:25.725951+00:00,200,1.55,True,
2026-06-20T11:12:26.724564+00:00,2026-06-20T11:12:26.727478+00:00,200,2.91,True,
2026-06-20T11:12:27.724622+00:00,2026-06-20T11:12:27.727036+00:00,200,2.41,True,
2026-06-20T11:12:28.724872+00:00,2026-06-20T11:12:28.726683+00:00,200,1.81,True,
2026-06-20T11:12:29.724957+00:00,2026-06-20T11:12:29.727503+00:00,200,2.55,True,
2026-06-20T11:12:30.725037+00:00,2026-06-20T11:12:30.727534+00:00,200,2.5,True,
2026-06-20T11:12:31.725588+00:00,2026-06-20T11:12:31.727302+00:00,200,1.71,True,
2026-06-20T11:12:32.725835+00:00,2026-06-20T11:12:32.728299+00:00,200,2.46,True,
2026-06-20T11:12:33.726447+00:00,2026-06-20T11:12:33.729004+00:00,200,2.56,True,
2026-06-20T11:12:34.726662+00:00,2026-06-20T11:12:34.728305+00:00,200,1.64,True,
2026-06-20T11:12:35.727870+00:00,2026-06-20T11:12:35.730188+00:00,200,2.32,True,
2026-06-20T11:12:36.727975+00:00,2026-06-20T11:12:36.730309+00:00,200,2.33,True,
2026-06-20T11:12:37.729068+00:00,2026-06-20T11:12:37.730666+00:00,200,1.6,True,
2026-06-20T11:12:38.729227+00:00,2026-06-20T11:12:38.731664+00:00,200,2.44,True,
2026-06-20T11:12:39.729387+00:00,2026-06-20T11:12:39.731821+00:00,200,2.43,True,
2026-06-20T11:12:40.729580+00:00,2026-06-20T11:12:40.731163+00:00,200,1.58,True,
2026-06-20T11:12:41.729658+00:00,2026-06-20T11:12:41.732796+00:00,200,3.14,True,
2026-06-20T11:12:42.729925+00:00,2026-06-20T11:12:42.732621+00:00,200,2.7,True,
2026-06-20T11:12:43.731564+00:00,2026-06-20T11:12:43.733242+00:00,200,1.68,True,
2026-06-20T11:12:44.731652+00:00,2026-06-20T11:12:44.734057+00:00,200,2.4,True,
2026-06-20T11:12:45.731742+00:00,2026-06-20T11:12:45.734294+00:00,200,2.55,True,
2026-06-20T11:12:46.731810+00:00,2026-06-20T11:12:46.733331+00:00,200,1.52,True,
2026-06-20T11:12:47.731910+00:00,2026-06-20T11:12:47.734602+00:00,200,2.69,True,
2026-06-20T11:12:48.732028+00:00,2026-06-20T11:12:48.734426+00:00,200,2.4,True,
2026-06-20T11:12:49.732184+00:00,2026-06-20T11:12:49.733852+00:00,200,1.67,True,
2026-06-20T11:12:50.732297+00:00,2026-06-20T11:12:50.734567+00:00,200,2.27,True,
2026-06-20T11:12:51.732452+00:00,2026-06-20T11:12:51.734880+00:00,200,2.43,True,
2026-06-20T11:12:52.732590+00:00,2026-06-20T11:12:52.734214+00:00,200,1.62,True,
2026-06-20T11:12:53.732700+00:00,2026-06-20T11:12:53.735209+00:00,200,2.51,True,
2026-06-20T11:12:54.732817+00:00,2026-06-20T11:12:54.735715+00:00,200,2.9,True,
2026-06-20T11:12:55.732915+00:00,2026-06-20T11:12:55.734602+00:00,200,1.69,True,
2026-06-20T11:12:56.732964+00:00,2026-06-20T11:12:56.735347+00:00,200,2.38,True,
2026-06-20T11:12:57.733095+00:00,2026-06-20T11:12:57.735745+00:00,200,2.65,True,
2026-06-20T11:12:58.733214+00:00,2026-06-20T11:12:58.734756+00:00,200,1.54,True,
2026-06-20T11:12:59.733329+00:00,2026-06-20T11:12:59.735763+00:00,200,2.43,True,
2026-06-20T11:13:00.733501+00:00,2026-06-20T11:13:00.736017+00:00,200,2.52,True,
2026-06-20T11:13:01.733741+00:00,2026-06-20T11:13:01.735526+00:00,200,1.78,True,
2026-06-20T11:13:02.734023+00:00,2026-06-20T11:13:02.736524+00:00,200,2.5,True,
2026-06-20T11:13:03.734373+00:00,2026-06-20T11:13:03.736921+00:00,200,2.55,True,
2026-06-20T11:13:04.734464+00:00,2026-06-20T11:13:04.736131+00:00,200,1.67,True,
2026-06-20T11:13:05.734721+00:00,2026-06-20T11:13:05.737016+00:00,200,2.3,True,
2026-06-20T11:13:06.734793+00:00,2026-06-20T11:13:06.737520+00:00,200,2.73,True,
2026-06-20T11:13:07.735069+00:00,2026-06-20T11:13:07.736653+00:00,200,1.58,True,
2026-06-20T11:13:08.735211+00:00,2026-06-20T11:13:08.737718+00:00,200,2.51,True,
2026-06-20T11:13:09.735332+00:00,2026-06-20T11:13:09.737855+00:00,200,2.52,True,
2026-06-20T11:13:10.735496+00:00,2026-06-20T11:13:10.737262+00:00,200,1.77,True,
2026-06-20T11:13:11.735894+00:00,2026-06-20T11:13:11.738288+00:00,200,2.39,True,
2026-06-20T11:13:12.735992+00:00,2026-06-20T11:13:12.738889+00:00,200,2.9,True,
2026-06-20T11:13:13.736087+00:00,2026-06-20T11:13:13.737834+00:00,200,1.75,True,
2026-06-20T11:13:14.736209+00:00,2026-06-20T11:13:14.738926+00:00,200,2.72,True,
2026-06-20T11:13:15.736314+00:00,2026-06-20T11:13:15.738681+00:00,200,2.37,True,
2026-06-20T11:13:16.736536+00:00,2026-06-20T11:13:16.738137+00:00,200,1.6,True,
2026-06-20T11:13:17.736742+00:00,2026-06-20T11:13:17.739320+00:00,200,2.58,True,
2026-06-20T11:13:18.736805+00:00,2026-06-20T11:13:18.740899+00:00,200,4.09,True,
2026-06-20T11:13:19.737388+00:00,2026-06-20T11:13:19.739247+00:00,200,1.86,True,
2026-06-20T11:13:20.737588+00:00,2026-06-20T11:13:20.740062+00:00,200,2.47,True,
2026-06-20T11:13:21.738871+00:00,2026-06-20T11:13:21.741241+00:00,200,2.37,True,
2026-06-20T11:13:22.739025+00:00,2026-06-20T11:13:22.740796+00:00,200,1.77,True,
2026-06-20T11:13:23.739128+00:00,2026-06-20T11:13:23.741488+00:00,200,2.36,True,
2026-06-20T11:13:24.740285+00:00,2026-06-20T11:13:24.742829+00:00,200,2.54,True,
2026-06-20T11:13:25.740461+00:00,2026-06-20T11:13:25.742142+00:00,200,1.68,True,
2026-06-20T11:13:26.740581+00:00,2026-06-20T11:13:26.743144+00:00,200,2.56,True,
2026-06-20T11:13:27.740855+00:00,2026-06-20T11:13:27.744371+00:00,200,3.52,True,
2026-06-20T11:13:28.740901+00:00,2026-06-20T11:13:28.742542+00:00,200,1.64,True,
2026-06-20T11:13:29.741016+00:00,2026-06-20T11:13:29.743625+00:00,200,2.61,True,
2026-06-20T11:13:30.741119+00:00,2026-06-20T11:13:30.743657+00:00,200,2.54,True,
2026-06-20T11:13:31.741280+00:00,2026-06-20T11:13:31.743114+00:00,200,1.83,True,
2026-06-20T11:13:32.741482+00:00,2026-06-20T11:13:32.743984+00:00,200,2.5,True,
2026-06-20T11:13:33.741576+00:00,2026-06-20T11:13:33.744231+00:00,200,2.65,True,
2026-06-20T11:13:34.741827+00:00,2026-06-20T11:13:34.743329+00:00,200,1.5,True,
2026-06-20T11:13:35.741927+00:00,2026-06-20T11:13:35.744646+00:00,200,2.72,True,
2026-06-20T11:13:36.742046+00:00,2026-06-20T11:13:36.744506+00:00,200,2.46,True,
2026-06-20T11:13:37.742719+00:00,2026-06-20T11:13:37.744381+00:00,200,1.66,True,
2026-06-20T11:13:38.742811+00:00,2026-06-20T11:13:38.745534+00:00,200,2.72,True,
2026-06-20T11:13:39.742981+00:00,2026-06-20T11:13:39.745560+00:00,200,2.58,True,
2026-06-20T11:13:40.743075+00:00,2026-06-20T11:13:40.744538+00:00,200,1.46,True,
2026-06-20T11:13:41.743224+00:00,2026-06-20T11:13:41.745796+00:00,200,2.57,True,
2026-06-20T11:13:42.743906+00:00,2026-06-20T11:13:42.746248+00:00,200,2.34,True,
2026-06-20T11:13:43.743936+00:00,2026-06-20T11:13:43.745875+00:00,200,1.94,True,
2026-06-20T11:13:44.744070+00:00,2026-06-20T11:13:44.746483+00:00,200,2.41,True,
2026-06-20T11:13:45.744162+00:00,2026-06-20T11:13:45.746536+00:00,200,2.37,True,
2026-06-20T11:13:46.744301+00:00,2026-06-20T11:13:46.746046+00:00,200,1.75,True,
2026-06-20T11:13:47.744497+00:00,2026-06-20T11:13:47.746932+00:00,200,2.44,True,
2026-06-20T11:13:48.744612+00:00,2026-06-20T11:13:48.746996+00:00,200,2.38,True,
2026-06-20T11:13:49.744737+00:00,2026-06-20T11:13:49.746312+00:00,200,1.57,True,
2026-06-20T11:13:50.744872+00:00,2026-06-20T11:13:50.747629+00:00,200,2.76,True,
2026-06-20T11:13:51.744982+00:00,2026-06-20T11:13:51.747472+00:00,200,2.49,True,
2026-06-20T11:13:52.745086+00:00,2026-06-20T11:13:52.746586+00:00,200,1.5,True,
2026-06-20T11:13:53.745244+00:00,2026-06-20T11:13:53.747925+00:00,200,2.68,True,
2026-06-20T11:13:54.745377+00:00,2026-06-20T11:13:54.747994+00:00,200,2.62,True,
2026-06-20T11:13:55.745502+00:00,2026-06-20T11:13:55.747312+00:00,200,1.81,True,
2026-06-20T11:13:56.745730+00:00,2026-06-20T11:13:56.748225+00:00,200,2.49,True,
2026-06-20T11:13:57.745904+00:00,2026-06-20T11:13:57.748383+00:00,200,2.48,True,
2026-06-20T11:13:58.746003+00:00,2026-06-20T11:13:58.747611+00:00,200,1.61,True,
2026-06-20T11:13:59.746105+00:00,2026-06-20T11:13:59.748715+00:00,200,2.61,True,
2026-06-20T11:14:00.746228+00:00,2026-06-20T11:14:00.749227+00:00,200,3.0,True,
2026-06-20T11:14:01.746387+00:00,2026-06-20T11:14:01.748010+00:00,200,1.62,True,
2026-06-20T11:14:02.746608+00:00,2026-06-20T11:14:02.749034+00:00,200,2.43,True,
2026-06-20T11:14:03.746739+00:00,2026-06-20T11:14:03.749090+00:00,200,2.35,True,
2026-06-20T11:14:04.746991+00:00,2026-06-20T11:14:04.748662+00:00,200,1.67,True,
2026-06-20T11:14:05.747123+00:00,2026-06-20T11:14:05.749640+00:00,200,2.52,True,
2026-06-20T11:14:06.747279+00:00,2026-06-20T11:14:06.749861+00:00,200,2.58,True,
2026-06-20T11:14:07.747448+00:00,2026-06-20T11:14:07.749202+00:00,200,1.75,True,
2026-06-20T11:14:08.747576+00:00,2026-06-20T11:14:08.750081+00:00,200,2.5,True,
2026-06-20T11:14:09.747639+00:00,2026-06-20T11:14:09.749865+00:00,200,2.23,True,
2026-06-20T11:14:10.747741+00:00,2026-06-20T11:14:10.749447+00:00,200,1.71,True,
2026-06-20T11:14:11.747838+00:00,2026-06-20T11:14:11.750567+00:00,200,2.73,True,
2026-06-20T11:14:12.747945+00:00,2026-06-20T11:14:12.750523+00:00,200,2.58,True,
2026-06-20T11:14:13.748079+00:00,2026-06-20T11:14:13.749657+00:00,200,1.58,True,
2026-06-20T11:14:14.748121+00:00,2026-06-20T11:14:14.750780+00:00,200,2.66,True,
2026-06-20T11:14:15.748287+00:00,2026-06-20T11:14:15.750775+00:00,200,2.49,True,
2026-06-20T11:14:16.748459+00:00,2026-06-20T11:14:16.750303+00:00,200,1.84,True,
2026-06-20T11:14:17.748724+00:00,2026-06-20T11:14:17.751259+00:00,200,2.54,True,
2026-06-20T11:14:18.749052+00:00,2026-06-20T11:14:18.751851+00:00,200,2.8,True,
2026-06-20T11:14:19.749167+00:00,2026-06-20T11:14:19.750863+00:00,200,1.7,True,
2026-06-20T11:14:20.749253+00:00,2026-06-20T11:14:20.752324+00:00,200,3.07,True,
2026-06-20T11:14:21.749462+00:00,2026-06-20T11:14:21.752087+00:00,200,2.62,True,
2026-06-20T11:14:22.749668+00:00,2026-06-20T11:14:22.751642+00:00,200,1.97,True,
2026-06-20T11:14:23.750049+00:00,2026-06-20T11:14:23.753358+00:00,200,3.31,True,
2026-06-20T11:14:24.750226+00:00,2026-06-20T11:14:24.752789+00:00,200,2.56,True,
2026-06-20T11:14:25.750336+00:00,2026-06-20T11:14:25.752086+00:00,200,1.75,True,
2026-06-20T11:14:26.750483+00:00,2026-06-20T11:14:26.752941+00:00,200,2.46,True,
2026-06-20T11:14:27.750822+00:00,2026-06-20T11:14:27.753960+00:00,200,3.14,True,
2026-06-20T11:14:28.750940+00:00,2026-06-20T11:14:28.752691+00:00,200,1.75,True,
2026-06-20T11:14:29.751149+00:00,2026-06-20T11:14:29.753747+00:00,200,2.6,True,
2026-06-20T11:14:30.751793+00:00,2026-06-20T11:14:30.755781+00:00,200,3.99,True,
2026-06-20T11:14:31.751964+00:00,2026-06-20T11:14:31.753519+00:00,200,1.55,True,
2026-06-20T11:14:32.752307+00:00,2026-06-20T11:14:32.754583+00:00,200,2.28,True,
2026-06-20T11:14:33.752430+00:00,2026-06-20T11:14:33.754834+00:00,200,2.4,True,
2026-06-20T11:14:34.752507+00:00,2026-06-20T11:14:34.754276+00:00,200,1.77,True,
2026-06-20T11:14:35.752592+00:00,2026-06-20T11:14:35.755662+00:00,200,3.07,True,
2026-06-20T11:14:36.752675+00:00,2026-06-20T11:14:36.755029+00:00,200,2.35,True,
2026-06-20T11:14:37.752779+00:00,2026-06-20T11:14:37.754380+00:00,200,1.6,True,
2026-06-20T11:14:38.753373+00:00,2026-06-20T11:14:38.755912+00:00,200,2.54,True,
2026-06-20T11:14:39.753452+00:00,2026-06-20T11:14:39.755997+00:00,200,2.54,True,
2026-06-20T11:14:40.753742+00:00,2026-06-20T11:14:40.755459+00:00,200,1.72,True,
2026-06-20T11:14:41.753959+00:00,2026-06-20T11:14:41.756269+00:00,200,2.31,True,
2026-06-20T11:14:42.754847+00:00,2026-06-20T11:14:42.757135+00:00,200,2.29,True,
2026-06-20T11:14:43.755852+00:00,2026-06-20T11:14:43.757418+00:00,200,1.57,True,
2026-06-20T11:14:44.755973+00:00,2026-06-20T11:14:44.758608+00:00,200,2.64,True,
2026-06-20T11:14:45.756071+00:00,2026-06-20T11:14:45.758419+00:00,200,2.35,True,
2026-06-20T11:14:46.756204+00:00,2026-06-20T11:14:46.757844+00:00,200,1.64,True,
2026-06-20T11:14:47.756316+00:00,2026-06-20T11:14:47.758957+00:00,200,2.64,True,
2026-06-20T11:14:48.756785+00:00,2026-06-20T11:14:48.759017+00:00,200,2.23,True,
2026-06-20T11:14:49.757129+00:00,2026-06-20T11:14:49.758726+00:00,200,1.6,True,
2026-06-20T11:14:50.757233+00:00,2026-06-20T11:14:50.759730+00:00,200,2.5,True,
2026-06-20T11:14:51.757394+00:00,2026-06-20T11:14:51.759798+00:00,200,2.4,True,
2026-06-20T11:14:52.757844+00:00,2026-06-20T11:14:52.759370+00:00,200,1.53,True,
2026-06-20T11:14:53.757942+00:00,2026-06-20T11:14:53.760684+00:00,200,2.74,True,
2026-06-20T11:14:54.758104+00:00,2026-06-20T11:14:54.760704+00:00,200,2.6,True,
2026-06-20T11:14:55.758240+00:00,2026-06-20T11:14:55.759788+00:00,200,1.55,True,
2026-06-20T11:14:56.758890+00:00,2026-06-20T11:14:56.761118+00:00,200,2.23,True,
2026-06-20T11:14:57.759248+00:00,2026-06-20T11:14:57.761635+00:00,200,2.39,True,
2026-06-20T11:14:58.759413+00:00,2026-06-20T11:14:58.760914+00:00,200,1.5,True,
2026-06-20T11:14:59.759550+00:00,2026-06-20T11:14:59.762128+00:00,200,2.58,True,
2026-06-20T11:15:00.759785+00:00,2026-06-20T11:15:00.762375+00:00,200,2.59,True,
2026-06-20T11:15:01.759896+00:00,2026-06-20T11:15:01.761485+00:00,200,1.59,True,
2026-06-20T11:15:02.760172+00:00,2026-06-20T11:15:02.762517+00:00,200,2.34,True,
2026-06-20T11:15:03.760307+00:00,2026-06-20T11:15:03.762983+00:00,200,2.68,True,
2026-06-20T11:15:04.760489+00:00,2026-06-20T11:15:04.762054+00:00,200,1.56,True,
2026-06-20T11:15:05.760750+00:00,2026-06-20T11:15:05.763291+00:00,200,2.54,True,
2026-06-20T11:15:06.761300+00:00,2026-06-20T11:15:06.763835+00:00,200,2.54,True,
2026-06-20T11:15:07.761843+00:00,2026-06-20T11:15:07.763303+00:00,200,1.46,True,
2026-06-20T11:15:08.762405+00:00,2026-06-20T11:15:08.765249+00:00,200,2.84,True,
2026-06-20T11:15:09.762774+00:00,2026-06-20T11:15:09.765099+00:00,200,2.32,True,
2026-06-20T11:15:10.763363+00:00,2026-06-20T11:15:10.765163+00:00,200,1.8,True,
2026-06-20T11:15:11.763598+00:00,2026-06-20T11:15:11.766140+00:00,200,2.54,True,
2026-06-20T11:15:12.763823+00:00,2026-06-20T11:15:12.766183+00:00,200,2.36,True,
2026-06-20T11:15:13.763899+00:00,2026-06-20T11:15:13.765804+00:00,200,1.91,True,
2026-06-20T11:15:14.764028+00:00,2026-06-20T11:15:14.766681+00:00,200,2.65,True,
2026-06-20T11:15:15.764136+00:00,2026-06-20T11:15:15.766655+00:00,200,2.52,True,
2026-06-20T11:15:16.764291+00:00,2026-06-20T11:15:16.765819+00:00,200,1.53,True,
2026-06-20T11:15:17.764449+00:00,2026-06-20T11:15:17.766851+00:00,200,2.4,True,
2026-06-20T11:15:18.765265+00:00,2026-06-20T11:15:18.767642+00:00,200,2.38,True,
2026-06-20T11:15:19.765707+00:00,2026-06-20T11:15:19.767358+00:00,200,1.65,True,
2026-06-20T11:15:20.766585+00:00,2026-06-20T11:15:20.769012+00:00,200,2.43,True,
2026-06-20T11:15:21.766740+00:00,2026-06-20T11:15:21.769154+00:00,200,2.41,True,
2026-06-20T11:15:22.767042+00:00,2026-06-20T11:15:22.768629+00:00,200,1.59,True,
2026-06-20T11:15:23.767705+00:00,2026-06-20T11:15:23.770127+00:00,200,2.42,True,
2026-06-20T11:15:24.767880+00:00,2026-06-20T11:15:24.770335+00:00,200,2.46,True,
2026-06-20T11:15:25.768709+00:00,2026-06-20T11:15:25.770353+00:00,200,1.64,True,
2026-06-20T11:15:26.768848+00:00,2026-06-20T11:15:26.771316+00:00,200,2.47,True,
2026-06-20T11:15:27.769074+00:00,2026-06-20T11:15:27.771407+00:00,200,2.33,True,
2026-06-20T11:15:28.769180+00:00,2026-06-20T11:15:28.770988+00:00,200,1.81,True,
2026-06-20T11:15:29.769343+00:00,2026-06-20T11:15:29.772033+00:00,200,2.69,True,
2026-06-20T11:15:30.769553+00:00,2026-06-20T11:15:30.772017+00:00,200,2.46,True,
2026-06-20T11:15:31.769680+00:00,2026-06-20T11:15:31.771386+00:00,200,1.71,True,
2026-06-20T11:15:32.771227+00:00,2026-06-20T11:15:32.773813+00:00,200,2.59,True,
2026-06-20T11:15:33.771392+00:00,2026-06-20T11:15:33.773711+00:00,200,2.32,True,
2026-06-20T11:15:34.771897+00:00,2026-06-20T11:15:34.773582+00:00,200,1.69,True,
2026-06-20T11:15:35.772020+00:00,2026-06-20T11:15:35.774483+00:00,200,2.46,True,
2026-06-20T11:15:36.772124+00:00,2026-06-20T11:15:36.774508+00:00,200,2.38,True,
2026-06-20T11:15:37.772514+00:00,2026-06-20T11:15:37.774123+00:00,200,1.61,True,
2026-06-20T11:15:38.772935+00:00,2026-06-20T11:15:38.775236+00:00,200,2.3,True,
2026-06-20T11:15:39.773236+00:00,2026-06-20T11:15:39.776745+00:00,200,3.51,True,
2026-06-20T11:15:40.774311+00:00,2026-06-20T11:15:40.775981+00:00,200,1.67,True,
2026-06-20T11:15:41.774731+00:00,2026-06-20T11:15:41.777240+00:00,200,2.51,True,
2026-06-20T11:15:42.775035+00:00,2026-06-20T11:15:42.777646+00:00,200,2.61,True,
2026-06-20T11:15:43.775168+00:00,2026-06-20T11:15:43.776605+00:00,200,1.44,True,
2026-06-20T11:15:44.775332+00:00,2026-06-20T11:15:44.777716+00:00,200,2.38,True,
2026-06-20T11:15:45.775548+00:00,2026-06-20T11:15:45.777956+00:00,200,2.41,True,
2026-06-20T11:15:46.776197+00:00,2026-06-20T11:15:46.777723+00:00,200,1.53,True,
2026-06-20T11:15:47.776827+00:00,2026-06-20T11:15:47.780019+00:00,200,3.19,True,
2026-06-20T11:15:48.776909+00:00,2026-06-20T11:15:48.779333+00:00,200,2.42,True,
2026-06-20T11:15:49.776966+00:00,2026-06-20T11:15:49.778834+00:00,200,1.87,True,
2026-06-20T11:15:50.777053+00:00,2026-06-20T11:15:50.779417+00:00,200,2.36,True,
2026-06-20T11:15:51.777182+00:00,2026-06-20T11:15:51.780074+00:00,200,2.89,True,
2026-06-20T11:15:52.777532+00:00,2026-06-20T11:15:52.779883+00:00,200,2.35,True,
2026-06-20T11:15:53.777614+00:00,2026-06-20T11:15:53.780460+00:00,200,2.85,True,
2026-06-20T11:15:54.777870+00:00,2026-06-20T11:15:54.780275+00:00,200,2.4,True,
2026-06-20T11:15:55.777993+00:00,2026-06-20T11:15:55.779668+00:00,200,1.68,True,
2026-06-20T11:15:56.778642+00:00,2026-06-20T11:15:56.781062+00:00,200,2.42,True,
2026-06-20T11:15:57.778798+00:00,2026-06-20T11:15:57.781897+00:00,200,3.1,True,
2026-06-20T11:15:58.778865+00:00,2026-06-20T11:15:58.780526+00:00,200,1.66,True,
2026-06-20T11:15:59.778926+00:00,2026-06-20T11:15:59.781556+00:00,200,2.63,True,
2026-06-20T11:16:00.779978+00:00,2026-06-20T11:16:00.782753+00:00,200,2.77,True,
2026-06-20T11:16:01.780028+00:00,2026-06-20T11:16:01.781732+00:00,200,1.7,True,
2026-06-20T11:16:02.780147+00:00,2026-06-20T11:16:02.782958+00:00,200,2.81,True,
2026-06-20T11:16:03.780264+00:00,2026-06-20T11:16:03.782896+00:00,200,2.63,True,
2026-06-20T11:16:04.780363+00:00,2026-06-20T11:16:04.782036+00:00,200,1.67,True,
2026-06-20T11:16:05.780438+00:00,2026-06-20T11:16:05.783036+00:00,200,2.6,True,
2026-06-20T11:16:06.780530+00:00,2026-06-20T11:16:06.782841+00:00,200,2.31,True,
2026-06-20T11:16:07.780632+00:00,2026-06-20T11:16:07.782532+00:00,200,1.9,True,
2026-06-20T11:16:08.780691+00:00,2026-06-20T11:16:08.783208+00:00,200,2.52,True,
2026-06-20T11:16:09.780895+00:00,2026-06-20T11:16:09.783260+00:00,200,2.36,True,
2026-06-20T11:16:10.781004+00:00,2026-06-20T11:16:10.782635+00:00,200,1.63,True,
2026-06-20T11:16:11.781141+00:00,2026-06-20T11:16:11.783732+00:00,200,2.59,True,
2026-06-20T11:16:12.781284+00:00,2026-06-20T11:16:12.783695+00:00,200,2.41,True,
2026-06-20T11:16:13.781466+00:00,2026-06-20T11:16:13.783124+00:00,200,1.66,True,
2026-06-20T11:16:14.781583+00:00,2026-06-20T11:16:14.783933+00:00,200,2.35,True,
2026-06-20T11:16:15.781730+00:00,2026-06-20T11:16:15.784216+00:00,200,2.49,True,
2026-06-20T11:16:16.781830+00:00,2026-06-20T11:16:16.783652+00:00,200,1.82,True,
2026-06-20T11:16:17.781915+00:00,2026-06-20T11:16:17.784244+00:00,200,2.33,True,
2026-06-20T11:16:18.782012+00:00,2026-06-20T11:16:18.785047+00:00,200,3.04,True,
2026-06-20T11:16:19.782137+00:00,2026-06-20T11:16:19.783639+00:00,200,1.5,True,
2026-06-20T11:16:20.782246+00:00,2026-06-20T11:16:20.784655+00:00,200,2.41,True,
2026-06-20T11:16:21.782370+00:00,2026-06-20T11:16:21.785056+00:00,200,2.69,True,
2026-06-20T11:16:22.782530+00:00,2026-06-20T11:16:22.784054+00:00,200,1.52,True,
2026-06-20T11:16:23.782706+00:00,2026-06-20T11:16:23.785199+00:00,200,2.49,True,
2026-06-20T11:16:24.782900+00:00,2026-06-20T11:16:24.785355+00:00,200,2.46,True,
2026-06-20T11:16:25.782987+00:00,2026-06-20T11:16:25.784575+00:00,200,1.59,True,
2026-06-20T11:16:26.783068+00:00,2026-06-20T11:16:26.785370+00:00,200,2.3,True,
2026-06-20T11:16:27.783183+00:00,2026-06-20T11:16:27.785584+00:00,200,2.4,True,
2026-06-20T11:16:28.783440+00:00,2026-06-20T11:16:28.785162+00:00,200,1.72,True,
2026-06-20T11:16:29.783605+00:00,2026-06-20T11:16:29.786035+00:00,200,2.43,True,
2026-06-20T11:16:30.783751+00:00,2026-06-20T11:16:30.786432+00:00,200,2.68,True,
2026-06-20T11:16:31.783814+00:00,2026-06-20T11:16:31.786153+00:00,200,2.34,True,
2026-06-20T11:16:32.783896+00:00,2026-06-20T11:16:32.786572+00:00,200,2.68,True,
2026-06-20T11:16:33.784111+00:00,2026-06-20T11:16:33.786746+00:00,200,2.64,True,
2026-06-20T11:16:34.784352+00:00,2026-06-20T11:16:34.785904+00:00,200,1.55,True,
2026-06-20T11:16:35.784476+00:00,2026-06-20T11:16:35.786789+00:00,200,2.31,True,
2026-06-20T11:16:36.784895+00:00,2026-06-20T11:16:36.788737+00:00,200,3.84,True,
2026-06-20T11:16:37.785003+00:00,2026-06-20T11:16:37.786637+00:00,200,1.63,True,
2026-06-20T11:16:38.785096+00:00,2026-06-20T11:16:38.787586+00:00,200,2.49,True,
2026-06-20T11:16:39.785222+00:00,2026-06-20T11:16:39.787834+00:00,200,2.61,True,
2026-06-20T11:16:40.785322+00:00,2026-06-20T11:16:40.786972+00:00,200,1.65,True,
2026-06-20T11:16:41.785421+00:00,2026-06-20T11:16:41.787790+00:00,200,2.37,True,
2026-06-20T11:16:42.785549+00:00,2026-06-20T11:16:42.788004+00:00,200,2.46,True,
2026-06-20T11:16:43.785636+00:00,2026-06-20T11:16:43.787239+00:00,200,1.6,True,
2026-06-20T11:16:44.785790+00:00,2026-06-20T11:16:44.788021+00:00,200,2.23,True,
2026-06-20T11:16:45.785879+00:00,2026-06-20T11:16:45.788127+00:00,200,2.25,True,
2026-06-20T11:16:46.785970+00:00,2026-06-20T11:16:46.787578+00:00,200,1.61,True,
2026-06-20T11:16:47.786071+00:00,2026-06-20T11:16:47.788374+00:00,200,2.3,True,
2026-06-20T11:16:48.786193+00:00,2026-06-20T11:16:48.788583+00:00,200,2.39,True,
2026-06-20T11:16:49.786314+00:00,2026-06-20T11:16:49.787858+00:00,200,1.54,True,
2026-06-20T11:16:50.786460+00:00,2026-06-20T11:16:50.788852+00:00,200,2.39,True,
2026-06-20T11:16:51.786603+00:00,2026-06-20T11:16:51.789072+00:00,200,2.47,True,
2026-06-20T11:16:52.786792+00:00,2026-06-20T11:16:52.788451+00:00,200,1.66,True,
2026-06-20T11:16:53.787004+00:00,2026-06-20T11:16:53.789596+00:00,200,2.59,True,
2026-06-20T11:16:54.787241+00:00,2026-06-20T11:16:54.789740+00:00,200,2.5,True,
2026-06-20T11:16:55.787385+00:00,2026-06-20T11:16:55.788989+00:00,200,1.6,True,
2026-06-20T11:16:56.787537+00:00,2026-06-20T11:16:56.790196+00:00,200,2.66,True,
2026-06-20T11:16:57.787675+00:00,2026-06-20T11:16:57.790150+00:00,200,2.48,True,
2026-06-20T11:16:58.787863+00:00,2026-06-20T11:16:58.789713+00:00,200,1.85,True,
2026-06-20T11:16:59.787918+00:00,2026-06-20T11:16:59.790332+00:00,200,2.41,True,
2026-06-20T11:17:00.788011+00:00,2026-06-20T11:17:00.790444+00:00,200,2.43,True,
2026-06-20T11:17:01.788118+00:00,2026-06-20T11:17:01.789740+00:00,200,1.62,True,
2026-06-20T11:17:02.788363+00:00,2026-06-20T11:17:02.791033+00:00,200,2.67,True,
2026-06-20T11:17:03.788468+00:00,2026-06-20T11:17:03.791086+00:00,200,2.62,True,
2026-06-20T11:17:04.788889+00:00,2026-06-20T11:17:04.790584+00:00,200,1.69,True,
2026-06-20T11:17:05.789158+00:00,2026-06-20T11:17:05.792040+00:00,200,2.88,True,
2026-06-20T11:17:06.789357+00:00,2026-06-20T11:17:06.792034+00:00,200,2.68,True,
2026-06-20T11:17:07.789636+00:00,2026-06-20T11:17:07.791205+00:00,200,1.57,True,
2026-06-20T11:17:08.789700+00:00,2026-06-20T11:17:08.792785+00:00,200,3.08,True,
2026-06-20T11:17:09.790282+00:00,2026-06-20T11:17:09.792874+00:00,200,2.59,True,
2026-06-20T11:17:10.790408+00:00,2026-06-20T11:17:10.791967+00:00,200,1.56,True,
2026-06-20T11:17:11.790615+00:00,2026-06-20T11:17:11.793011+00:00,200,2.4,True,
2026-06-20T11:17:12.790742+00:00,2026-06-20T11:17:12.793446+00:00,200,2.7,True,
2026-06-20T11:17:13.790923+00:00,2026-06-20T11:17:13.792467+00:00,200,1.54,True,
2026-06-20T11:17:14.791012+00:00,2026-06-20T11:17:14.793482+00:00,200,2.47,True,
2026-06-20T11:17:15.791121+00:00,2026-06-20T11:17:15.793466+00:00,200,2.34,True,
2026-06-20T11:17:16.791257+00:00,2026-06-20T11:17:16.792981+00:00,200,1.72,True,
2026-06-20T11:17:17.791404+00:00,2026-06-20T11:17:17.794026+00:00,200,2.62,True,
2026-06-20T11:17:18.791561+00:00,2026-06-20T11:17:18.794135+00:00,200,2.57,True,
2026-06-20T11:17:19.791750+00:00,2026-06-20T11:17:19.793285+00:00,200,1.53,True,
2026-06-20T11:17:20.791913+00:00,2026-06-20T11:17:20.794388+00:00,200,2.48,True,
2026-06-20T11:17:21.792014+00:00,2026-06-20T11:17:21.794726+00:00,200,2.71,True,
2026-06-20T11:17:22.792122+00:00,2026-06-20T11:17:22.793733+00:00,200,1.61,True,
2026-06-20T11:17:23.792253+00:00,2026-06-20T11:17:23.794910+00:00,200,2.66,True,
2026-06-20T11:17:24.792488+00:00,2026-06-20T11:17:24.794992+00:00,200,2.5,True,
2026-06-20T11:17:25.792791+00:00,2026-06-20T11:17:25.794433+00:00,200,1.64,True,
2026-06-20T11:17:26.793006+00:00,2026-06-20T11:17:26.795799+00:00,200,2.79,True,
2026-06-20T11:17:27.793379+00:00,2026-06-20T11:17:27.796008+00:00,200,2.63,True,
2026-06-20T11:17:28.793533+00:00,2026-06-20T11:17:28.795101+00:00,200,1.57,True,
2026-06-20T11:17:29.793800+00:00,2026-06-20T11:17:29.796317+00:00,200,2.52,True,
2026-06-20T11:17:30.794010+00:00,2026-06-20T11:17:30.796675+00:00,200,2.67,True,
2026-06-20T11:17:31.794467+00:00,2026-06-20T11:17:31.796128+00:00,200,1.66,True,
2026-06-20T11:17:32.794614+00:00,2026-06-20T11:17:32.797011+00:00,200,2.4,True,
2026-06-20T11:17:33.794717+00:00,2026-06-20T11:17:33.797026+00:00,200,2.31,True,
2026-06-20T11:17:34.795297+00:00,2026-06-20T11:17:34.796876+00:00,200,1.58,True,
2026-06-20T11:17:35.795412+00:00,2026-06-20T11:17:35.797817+00:00,200,2.4,True,
2026-06-20T11:17:36.795599+00:00,2026-06-20T11:17:36.798446+00:00,200,2.85,True,
2026-06-20T11:17:37.796091+00:00,2026-06-20T11:17:37.797557+00:00,200,1.47,True,
2026-06-20T11:17:38.796183+00:00,2026-06-20T11:17:38.798827+00:00,200,2.64,True,
2026-06-20T11:17:39.796377+00:00,2026-06-20T11:17:39.798713+00:00,200,2.34,True,
2026-06-20T11:17:40.796467+00:00,2026-06-20T11:17:40.797871+00:00,200,1.4,True,
2026-06-20T11:17:41.796583+00:00,2026-06-20T11:17:41.799271+00:00,200,2.69,True,
2026-06-20T11:17:42.796745+00:00,2026-06-20T11:17:42.798987+00:00,200,2.24,True,
2026-06-20T11:17:43.796803+00:00,2026-06-20T11:17:43.798384+00:00,200,1.58,True,
2026-06-20T11:17:44.796884+00:00,2026-06-20T11:17:44.799188+00:00,200,2.3,True,
2026-06-20T11:17:45.796980+00:00,2026-06-20T11:17:45.799270+00:00,200,2.29,True,
2026-06-20T11:17:46.797071+00:00,2026-06-20T11:17:46.798726+00:00,200,1.66,True,
2026-06-20T11:17:47.797145+00:00,2026-06-20T11:17:47.799994+00:00,200,2.85,True,
2026-06-20T11:17:48.797275+00:00,2026-06-20T11:17:48.799430+00:00,200,2.15,True,
2026-06-20T11:17:49.797379+00:00,2026-06-20T11:17:49.799162+00:00,200,1.78,True,
2026-06-20T11:17:50.797488+00:00,2026-06-20T11:17:50.799717+00:00,200,2.23,True,
2026-06-20T11:17:51.797631+00:00,2026-06-20T11:17:51.800319+00:00,200,2.69,True,
2026-06-20T11:17:52.797743+00:00,2026-06-20T11:17:52.799433+00:00,200,1.69,True,
2026-06-20T11:17:53.797815+00:00,2026-06-20T11:17:53.800281+00:00,200,2.47,True,
2026-06-20T11:17:54.797868+00:00,2026-06-20T11:17:54.800148+00:00,200,2.28,True,
2026-06-20T11:17:55.797961+00:00,2026-06-20T11:17:55.799486+00:00,200,1.53,True,
2026-06-20T11:17:56.798056+00:00,2026-06-20T11:17:56.800527+00:00,200,2.47,True,
2026-06-20T11:17:57.798173+00:00,2026-06-20T11:17:57.800558+00:00,200,2.38,True,
2026-06-20T11:17:58.798298+00:00,2026-06-20T11:17:58.799810+00:00,200,1.51,True,
2026-06-20T11:17:59.798422+00:00,2026-06-20T11:17:59.801195+00:00,200,2.77,True,
2026-06-20T11:18:00.798548+00:00,2026-06-20T11:18:00.800824+00:00,200,2.28,True,
2026-06-20T11:18:01.798659+00:00,2026-06-20T11:18:01.800206+00:00,200,1.55,True,
2026-06-20T11:18:02.798856+00:00,2026-06-20T11:18:02.801305+00:00,200,2.45,True,
2026-06-20T11:18:03.798951+00:00,2026-06-20T11:18:03.801528+00:00,200,2.58,True,
2026-06-20T11:18:04.799055+00:00,2026-06-20T11:18:04.800597+00:00,200,1.54,True,
2026-06-20T11:18:05.799122+00:00,2026-06-20T11:18:05.801403+00:00,200,2.28,True,
2026-06-20T11:18:06.799241+00:00,2026-06-20T11:18:06.801725+00:00,200,2.48,True,
2026-06-20T11:18:07.799381+00:00,2026-06-20T11:18:07.801034+00:00,200,1.65,True,
2026-06-20T11:18:08.799525+00:00,2026-06-20T11:18:08.801937+00:00,200,2.41,True,
2026-06-20T11:18:09.799698+00:00,2026-06-20T11:18:09.802228+00:00,200,2.53,True,
2026-06-20T11:18:10.799890+00:00,2026-06-20T11:18:10.801306+00:00,200,1.42,True,
2026-06-20T11:18:11.799990+00:00,2026-06-20T11:18:11.802352+00:00,200,2.36,True,
2026-06-20T11:18:12.800090+00:00,2026-06-20T11:18:12.802572+00:00,200,2.48,True,
2026-06-20T11:18:13.800213+00:00,2026-06-20T11:18:13.801897+00:00,200,1.68,True,
2026-06-20T11:18:14.800334+00:00,2026-06-20T11:18:14.802635+00:00,200,2.3,True,
2026-06-20T11:18:15.800427+00:00,2026-06-20T11:18:15.802745+00:00,200,2.32,True,
2026-06-20T11:18:16.800582+00:00,2026-06-20T11:18:16.802316+00:00,200,1.73,True,
2026-06-20T11:18:17.800680+00:00,2026-06-20T11:18:17.803207+00:00,200,2.53,True,
2026-06-20T11:18:18.800816+00:00,2026-06-20T11:18:18.803947+00:00,200,3.13,True,
2026-06-20T11:18:19.800892+00:00,2026-06-20T11:18:19.802554+00:00,200,1.66,True,
2026-06-20T11:18:20.801168+00:00,2026-06-20T11:18:20.803530+00:00,200,2.36,True,
2026-06-20T11:18:21.801292+00:00,2026-06-20T11:18:21.803860+00:00,200,2.57,True,
2026-06-20T11:18:22.801560+00:00,2026-06-20T11:18:22.803153+00:00,200,1.59,True,
2026-06-20T11:18:23.801868+00:00,2026-06-20T11:18:23.804519+00:00,200,2.65,True,
2026-06-20T11:18:24.802332+00:00,2026-06-20T11:18:24.804924+00:00,200,2.59,True,
2026-06-20T11:18:25.802486+00:00,2026-06-20T11:18:25.803991+00:00,200,1.51,True,
2026-06-20T11:18:26.802571+00:00,2026-06-20T11:18:26.806790+00:00,200,4.22,True,
2026-06-20T11:18:27.802686+00:00,2026-06-20T11:18:27.805990+00:00,200,3.3,True,
2026-06-20T11:18:28.803135+00:00,2026-06-20T11:18:28.805358+00:00,200,2.22,True,
2026-06-20T11:18:29.803758+00:00,2026-06-20T11:18:29.806125+00:00,200,2.37,True,
2026-06-20T11:18:30.804159+00:00,2026-06-20T11:18:30.806960+00:00,200,2.8,True,
2026-06-20T11:18:31.804792+00:00,2026-06-20T11:18:31.806250+00:00,200,1.46,True,
2026-06-20T11:18:32.804841+00:00,2026-06-20T11:18:32.807383+00:00,200,2.54,True,
2026-06-20T11:18:33.804938+00:00,2026-06-20T11:18:33.807513+00:00,200,2.58,True,
2026-06-20T11:18:34.805042+00:00,2026-06-20T11:18:34.806715+00:00,200,1.67,True,
2026-06-20T11:18:35.805160+00:00,2026-06-20T11:18:35.807531+00:00,200,2.37,True,
2026-06-20T11:18:36.805299+00:00,2026-06-20T11:18:36.807628+00:00,200,2.33,True,
2026-06-20T11:18:37.805450+00:00,2026-06-20T11:18:37.807057+00:00,200,1.61,True,
2026-06-20T11:18:38.805605+00:00,2026-06-20T11:18:38.808300+00:00,200,2.69,True,
2026-06-20T11:18:39.805712+00:00,2026-06-20T11:18:39.808358+00:00,200,2.65,True,
2026-06-20T11:18:40.805864+00:00,2026-06-20T11:18:40.807502+00:00,200,1.64,True,
2026-06-20T11:18:41.805946+00:00,2026-06-20T11:18:41.808472+00:00,200,2.53,True,
2026-06-20T11:18:42.806042+00:00,2026-06-20T11:18:42.808484+00:00,200,2.44,True,
2026-06-20T11:18:43.806155+00:00,2026-06-20T11:18:43.807745+00:00,200,1.59,True,
2026-06-20T11:18:44.806270+00:00,2026-06-20T11:18:44.808791+00:00,200,2.52,True,
2026-06-20T11:18:45.806408+00:00,2026-06-20T11:18:45.808683+00:00,200,2.27,True,
2026-06-20T11:18:46.806533+00:00,2026-06-20T11:18:46.807946+00:00,200,1.41,True,
2026-06-20T11:18:47.806678+00:00,2026-06-20T11:18:47.809174+00:00,200,2.5,True,
2026-06-20T11:18:48.806868+00:00,2026-06-20T11:18:48.809142+00:00,200,2.27,True,
2026-06-20T11:18:49.807084+00:00,2026-06-20T11:18:49.808625+00:00,200,1.54,True,
2026-06-20T11:18:50.807194+00:00,2026-06-20T11:18:50.809613+00:00,200,2.42,True,
2026-06-20T11:18:51.807447+00:00,2026-06-20T11:18:51.809813+00:00,200,2.37,True,
2026-06-20T11:18:52.807701+00:00,2026-06-20T11:18:52.809159+00:00,200,1.46,True,
2026-06-20T11:18:53.807895+00:00,2026-06-20T11:18:53.810250+00:00,200,2.35,True,
2026-06-20T11:18:54.807993+00:00,2026-06-20T11:18:54.810515+00:00,200,2.52,True,
2026-06-20T11:18:55.808102+00:00,2026-06-20T11:18:55.809667+00:00,200,1.56,True,
2026-06-20T11:18:56.808231+00:00,2026-06-20T11:18:56.810487+00:00,200,2.26,True,
2026-06-20T11:18:57.808364+00:00,2026-06-20T11:18:57.810692+00:00,200,2.33,True,
2026-06-20T11:18:58.808522+00:00,2026-06-20T11:18:58.810172+00:00,200,1.65,True,
2026-06-20T11:18:59.808812+00:00,2026-06-20T11:18:59.811382+00:00,200,2.57,True,
2026-06-20T11:19:00.808890+00:00,2026-06-20T11:19:00.811532+00:00,200,2.64,True,
2026-06-20T11:19:01.808983+00:00,2026-06-20T11:19:01.810585+00:00,200,1.6,True,
2026-06-20T11:19:02.809075+00:00,2026-06-20T11:19:02.811617+00:00,200,2.54,True,
2026-06-20T11:19:03.809146+00:00,2026-06-20T11:19:03.811989+00:00,200,2.84,True,
2026-06-20T11:19:04.809280+00:00,2026-06-20T11:19:04.810997+00:00,200,1.72,True,
2026-06-20T11:19:05.809547+00:00,2026-06-20T11:19:05.812208+00:00,200,2.66,True,
2026-06-20T11:19:06.809648+00:00,2026-06-20T11:19:06.812210+00:00,200,2.56,True,
2026-06-20T11:19:07.810219+00:00,2026-06-20T11:19:07.811824+00:00,200,1.6,True,
2026-06-20T11:19:08.810611+00:00,2026-06-20T11:19:08.813106+00:00,200,2.49,True,
2026-06-20T11:19:09.811055+00:00,2026-06-20T11:19:09.813642+00:00,200,2.59,True,
2026-06-20T11:19:10.811283+00:00,2026-06-20T11:19:10.813112+00:00,200,1.83,True,
2026-06-20T11:19:11.811426+00:00,2026-06-20T11:19:11.814075+00:00,200,2.65,True,
2026-06-20T11:19:12.811580+00:00,2026-06-20T11:19:12.814020+00:00,200,2.44,True,
2026-06-20T11:19:13.811695+00:00,2026-06-20T11:19:13.813384+00:00,200,1.69,True,
2026-06-20T11:19:14.812271+00:00,2026-06-20T11:19:14.814642+00:00,200,2.37,True,
2026-06-20T11:19:15.812447+00:00,2026-06-20T11:19:15.814997+00:00,200,2.55,True,
2026-06-20T11:19:16.812610+00:00,2026-06-20T11:19:16.814329+00:00,200,1.72,True,
2026-06-20T11:19:17.813289+00:00,2026-06-20T11:19:17.815749+00:00,200,2.46,True,
2026-06-20T11:19:18.813547+00:00,2026-06-20T11:19:18.816101+00:00,200,2.55,True,
2026-06-20T11:19:19.813681+00:00,2026-06-20T11:19:19.815562+00:00,200,1.88,True,
2026-06-20T11:19:20.813751+00:00,2026-06-20T11:19:20.816164+00:00,200,2.41,True,
2026-06-20T11:19:21.814401+00:00,2026-06-20T11:19:21.817066+00:00,200,2.67,True,
2026-06-20T11:19:22.814484+00:00,2026-06-20T11:19:22.815989+00:00,200,1.51,True,
2026-06-20T11:19:23.814655+00:00,2026-06-20T11:19:23.817031+00:00,200,2.38,True,
2026-06-20T11:19:24.814755+00:00,2026-06-20T11:19:24.817443+00:00,200,2.69,True,
2026-06-20T11:19:25.814830+00:00,2026-06-20T11:19:25.816308+00:00,200,1.48,True,
2026-06-20T11:19:26.814915+00:00,2026-06-20T11:19:26.817239+00:00,200,2.32,True,
2026-06-20T11:19:27.815036+00:00,2026-06-20T11:19:27.817369+00:00,200,2.33,True,
2026-06-20T11:19:28.815150+00:00,2026-06-20T11:19:28.816727+00:00,200,1.58,True,
2026-06-20T11:19:29.815289+00:00,2026-06-20T11:19:29.818003+00:00,200,2.71,True,
2026-06-20T11:19:30.815424+00:00,2026-06-20T11:19:30.817709+00:00,200,2.29,True,
2026-06-20T11:19:31.815550+00:00,2026-06-20T11:19:31.817153+00:00,200,1.6,True,
2026-06-20T11:19:32.815645+00:00,2026-06-20T11:19:32.818215+00:00,200,2.57,True,
2026-06-20T11:19:33.815843+00:00,2026-06-20T11:19:33.818472+00:00,200,2.63,True,
2026-06-20T11:19:34.815916+00:00,2026-06-20T11:19:34.817645+00:00,200,1.73,True,
2026-06-20T11:19:35.816019+00:00,2026-06-20T11:19:35.818357+00:00,200,2.34,True,
2026-06-20T11:19:36.816123+00:00,2026-06-20T11:19:36.818851+00:00,200,2.73,True,
2026-06-20T11:19:37.816368+00:00,2026-06-20T11:19:37.817918+00:00,200,1.55,True,
2026-06-20T11:19:38.816523+00:00,2026-06-20T11:19:38.819063+00:00,200,2.54,True,
2026-06-20T11:19:39.816699+00:00,2026-06-20T11:19:39.819258+00:00,200,2.56,True,
2026-06-20T11:19:40.816853+00:00,2026-06-20T11:19:40.818495+00:00,200,1.64,True,
2026-06-20T11:19:41.817071+00:00,2026-06-20T11:19:41.819790+00:00,200,2.72,True,
2026-06-20T11:19:42.818085+00:00,2026-06-20T11:19:42.821165+00:00,200,3.08,True,
2026-06-20T11:19:43.818327+00:00,2026-06-20T11:19:43.819829+00:00,200,1.5,True,
2026-06-20T11:19:44.818414+00:00,2026-06-20T11:19:44.820958+00:00,200,2.54,True,
2026-06-20T11:19:45.818574+00:00,2026-06-20T11:19:45.820965+00:00,200,2.39,True,
2026-06-20T11:19:46.818753+00:00,2026-06-20T11:19:46.820351+00:00,200,1.6,True,
2026-06-20T11:19:47.819083+00:00,2026-06-20T11:19:47.821728+00:00,200,2.65,True,
2026-06-20T11:19:48.819352+00:00,2026-06-20T11:19:48.821572+00:00,200,2.22,True,
2026-06-20T11:19:49.819554+00:00,2026-06-20T11:19:49.821234+00:00,200,1.68,True,
2026-06-20T11:19:50.819738+00:00,2026-06-20T11:19:50.822438+00:00,200,2.7,True,
2026-06-20T11:19:51.819866+00:00,2026-06-20T11:19:51.822165+00:00,200,2.3,True,
2026-06-20T11:19:52.820456+00:00,2026-06-20T11:19:52.822078+00:00,200,1.62,True,
2026-06-20T11:19:53.820782+00:00,2026-06-20T11:19:53.823092+00:00,200,2.31,True,
2026-06-20T11:19:54.821116+00:00,2026-06-20T11:19:54.823643+00:00,200,2.53,True,
2026-06-20T11:19:55.821360+00:00,2026-06-20T11:19:55.822987+00:00,200,1.63,True,
2026-06-20T11:19:56.821643+00:00,2026-06-20T11:19:56.823876+00:00,200,2.23,True,
2026-06-20T11:19:57.822206+00:00,2026-06-20T11:19:57.824937+00:00,200,2.73,True,
2026-06-20T11:19:58.822332+00:00,2026-06-20T11:19:58.823992+00:00,200,1.66,True,
2026-06-20T11:19:59.822583+00:00,2026-06-20T11:19:59.825032+00:00,200,2.45,True,
2026-06-20T11:20:00.822726+00:00,2026-06-20T11:20:00.825081+00:00,200,2.35,True,
2026-06-20T11:20:01.822872+00:00,2026-06-20T11:20:01.824457+00:00,200,1.58,True,
2026-06-20T11:20:02.822978+00:00,2026-06-20T11:20:02.825384+00:00,200,2.41,True,
2026-06-20T11:20:03.823060+00:00,2026-06-20T11:20:03.825682+00:00,200,2.62,True,
2026-06-20T11:20:04.823170+00:00,2026-06-20T11:20:04.824709+00:00,200,1.54,True,
2026-06-20T11:20:05.823261+00:00,2026-06-20T11:20:05.825704+00:00,200,2.44,True,
2026-06-20T11:20:06.823841+00:00,2026-06-20T11:20:06.826427+00:00,200,2.59,True,
2026-06-20T11:20:07.823927+00:00,2026-06-20T11:20:07.825600+00:00,200,1.67,True,
2026-06-20T11:20:08.824244+00:00,2026-06-20T11:20:08.827052+00:00,200,2.81,True,
2026-06-20T11:20:09.824440+00:00,2026-06-20T11:20:09.827027+00:00,200,2.59,True,
2026-06-20T11:20:10.824564+00:00,2026-06-20T11:20:10.826169+00:00,200,1.6,True,
2026-06-20T11:20:11.824997+00:00,2026-06-20T11:20:11.827558+00:00,200,2.56,True,
2026-06-20T11:20:12.825303+00:00,2026-06-20T11:20:12.827750+00:00,200,2.45,True,
2026-06-20T11:20:13.825456+00:00,2026-06-20T11:20:13.827256+00:00,200,1.8,True,
2026-06-20T11:20:14.825607+00:00,2026-06-20T11:20:14.828005+00:00,200,2.4,True,
2026-06-20T11:20:15.825793+00:00,2026-06-20T11:20:15.828311+00:00,200,2.52,True,
2026-06-20T11:20:16.825999+00:00,2026-06-20T11:20:16.827499+00:00,200,1.5,True,
2026-06-20T11:20:17.826100+00:00,2026-06-20T11:20:17.828611+00:00,200,2.51,True,
2026-06-20T11:20:18.826657+00:00,2026-06-20T11:20:18.829202+00:00,200,2.54,True,
2026-06-20T11:20:19.826743+00:00,2026-06-20T11:20:19.829621+00:00,200,2.88,True,
2026-06-20T11:20:20.826815+00:00,2026-06-20T11:20:20.829191+00:00,200,2.38,True,
2026-06-20T11:20:21.826904+00:00,2026-06-20T11:20:21.829283+00:00,200,2.38,True,
2026-06-20T11:20:22.827354+00:00,2026-06-20T11:20:22.829233+00:00,200,1.88,True,
2026-06-20T11:20:23.827763+00:00,2026-06-20T11:20:23.830476+00:00,200,2.71,True,
2026-06-20T11:20:24.828096+00:00,2026-06-20T11:20:24.830317+00:00,200,2.22,True,
2026-06-20T11:20:25.828465+00:00,2026-06-20T11:20:25.829974+00:00,200,1.51,True,
2026-06-20T11:20:26.828652+00:00,2026-06-20T11:20:26.830963+00:00,200,2.31,True,
2026-06-20T11:20:27.829223+00:00,2026-06-20T11:20:27.831553+00:00,200,2.33,True,
2026-06-20T11:20:28.829359+00:00,2026-06-20T11:20:28.831001+00:00,200,1.64,True,
2026-06-20T11:20:29.829621+00:00,2026-06-20T11:20:29.832471+00:00,200,2.85,True,
2026-06-20T11:20:30.829822+00:00,2026-06-20T11:20:30.832193+00:00,200,2.37,True,
2026-06-20T11:20:31.829993+00:00,2026-06-20T11:20:31.831540+00:00,200,1.55,True,
2026-06-20T11:20:32.830100+00:00,2026-06-20T11:20:32.832648+00:00,200,2.55,True,
2026-06-20T11:20:33.830192+00:00,2026-06-20T11:20:33.832677+00:00,200,2.48,True,
2026-06-20T11:20:34.830277+00:00,2026-06-20T11:20:34.831876+00:00,200,1.6,True,
2026-06-20T11:20:35.830671+00:00,2026-06-20T11:20:35.833148+00:00,200,2.48,True,
2026-06-20T11:20:36.831464+00:00,2026-06-20T11:20:36.833851+00:00,200,2.39,True,
2026-06-20T11:20:37.831644+00:00,2026-06-20T11:20:37.833225+00:00,200,1.58,True,
2026-06-20T11:20:38.831749+00:00,2026-06-20T11:20:38.834063+00:00,200,2.31,True,
2026-06-20T11:20:39.831958+00:00,2026-06-20T11:20:39.834398+00:00,200,2.44,True,
2026-06-20T11:20:40.832055+00:00,2026-06-20T11:20:40.833652+00:00,200,1.6,True,
2026-06-20T11:20:41.832279+00:00,2026-06-20T11:20:41.834683+00:00,200,2.4,True,
2026-06-20T11:20:42.833365+00:00,2026-06-20T11:20:42.835877+00:00,200,2.51,True,
2026-06-20T11:20:43.833492+00:00,2026-06-20T11:20:43.835178+00:00,200,1.69,True,
2026-06-20T11:20:44.833657+00:00,2026-06-20T11:20:44.836130+00:00,200,2.47,True,
2026-06-20T11:20:45.833835+00:00,2026-06-20T11:20:45.836238+00:00,200,2.4,True,
2026-06-20T11:20:46.834130+00:00,2026-06-20T11:20:46.835852+00:00,200,1.72,True,
2026-06-20T11:20:47.834503+00:00,2026-06-20T11:20:47.837219+00:00,200,2.72,True,
2026-06-20T11:20:48.834809+00:00,2026-06-20T11:20:48.837552+00:00,200,2.74,True,
2026-06-20T11:20:49.834876+00:00,2026-06-20T11:20:49.836493+00:00,200,1.62,True,
2026-06-20T11:20:50.835110+00:00,2026-06-20T11:20:50.838193+00:00,200,3.08,True,
2026-06-20T11:20:51.835269+00:00,2026-06-20T11:20:51.837716+00:00,200,2.45,True,
2026-06-20T11:20:52.835402+00:00,2026-06-20T11:20:52.836972+00:00,200,1.57,True,
2026-06-20T11:20:53.836151+00:00,2026-06-20T11:20:53.838567+00:00,200,2.42,True,
2026-06-20T11:20:54.836281+00:00,2026-06-20T11:20:54.838749+00:00,200,2.47,True,
2026-06-20T11:20:55.836556+00:00,2026-06-20T11:20:55.838419+00:00,200,1.86,True,
2026-06-20T11:20:56.836612+00:00,2026-06-20T11:20:56.839209+00:00,200,2.6,True,
2026-06-20T11:20:57.836716+00:00,2026-06-20T11:20:57.839391+00:00,200,2.67,True,
2026-06-20T11:20:58.836807+00:00,2026-06-20T11:20:58.838414+00:00,200,1.61,True,
2026-06-20T11:20:59.836910+00:00,2026-06-20T11:20:59.839485+00:00,200,2.58,True,
2026-06-20T11:21:00.836993+00:00,2026-06-20T11:21:00.840117+00:00,200,3.12,True,
2026-06-20T11:21:01.837054+00:00,2026-06-20T11:21:01.838662+00:00,200,1.61,True,
2026-06-20T11:21:02.837148+00:00,2026-06-20T11:21:02.839559+00:00,200,2.41,True,
2026-06-20T11:21:03.837283+00:00,2026-06-20T11:21:03.839639+00:00,200,2.36,True,
2026-06-20T11:21:04.837380+00:00,2026-06-20T11:21:04.838870+00:00,200,1.49,True,
2026-06-20T11:21:05.837538+00:00,2026-06-20T11:21:05.840066+00:00,200,2.53,True,
2026-06-20T11:21:06.837659+00:00,2026-06-20T11:21:06.840169+00:00,200,2.51,True,
2026-06-20T11:21:07.837854+00:00,2026-06-20T11:21:07.839482+00:00,200,1.63,True,
2026-06-20T11:21:08.837944+00:00,2026-06-20T11:21:08.840352+00:00,200,2.41,True,
2026-06-20T11:21:09.838056+00:00,2026-06-20T11:21:09.840998+00:00,200,2.94,True,
2026-06-20T11:21:10.838182+00:00,2026-06-20T11:21:10.839923+00:00,200,1.74,True,
2026-06-20T11:21:11.838313+00:00,2026-06-20T11:21:11.840554+00:00,200,2.24,True,
2026-06-20T11:21:12.838465+00:00,2026-06-20T11:21:12.841014+00:00,200,2.55,True,
2026-06-20T11:21:13.838625+00:00,2026-06-20T11:21:13.840330+00:00,200,1.7,True,
2026-06-20T11:21:14.838755+00:00,2026-06-20T11:21:14.841076+00:00,200,2.32,True,
2026-06-20T11:21:15.839022+00:00,2026-06-20T11:21:15.841520+00:00,200,2.5,True,
2026-06-20T11:21:16.839407+00:00,2026-06-20T11:21:16.841118+00:00,200,1.71,True,
2026-06-20T11:21:17.839672+00:00,2026-06-20T11:21:17.857049+00:00,200,17.38,True,
2026-06-20T11:21:18.839757+00:00,2026-06-20T11:21:18.842144+00:00,200,2.39,True,
2026-06-20T11:21:19.840293+00:00,2026-06-20T11:21:19.841853+00:00,200,1.56,True,
2026-06-20T11:21:20.840483+00:00,2026-06-20T11:21:20.842955+00:00,200,2.47,True,
2026-06-20T11:21:21.840739+00:00,2026-06-20T11:21:21.845624+00:00,200,4.88,True,
2026-06-20T11:21:22.841018+00:00,2026-06-20T11:21:22.844358+00:00,200,3.34,True,
2026-06-20T11:21:23.841179+00:00,2026-06-20T11:21:23.845485+00:00,200,4.31,True,
2026-06-20T11:21:24.841359+00:00,2026-06-20T11:21:24.846371+00:00,200,5.01,True,
2026-06-20T11:21:25.841504+00:00,2026-06-20T11:21:25.843323+00:00,200,1.82,True,
2026-06-20T11:21:26.841759+00:00,2026-06-20T11:21:26.844812+00:00,200,3.05,True,
2026-06-20T11:21:27.841928+00:00,2026-06-20T11:21:27.844561+00:00,200,2.63,True,
2026-06-20T11:21:28.842028+00:00,2026-06-20T11:21:28.844571+00:00,200,2.54,True,
2026-06-20T11:21:29.842888+00:00,2026-06-20T11:21:29.845576+00:00,200,2.69,True,
2026-06-20T11:21:30.842965+00:00,2026-06-20T11:21:30.845604+00:00,200,2.64,True,
2026-06-20T11:21:31.843105+00:00,2026-06-20T11:21:31.844714+00:00,200,1.61,True,
2026-06-20T11:21:32.843190+00:00,2026-06-20T11:21:32.846410+00:00,200,3.22,True,
2026-06-20T11:21:33.843388+00:00,2026-06-20T11:21:33.847187+00:00,200,3.8,True,
2026-06-20T11:21:34.843625+00:00,2026-06-20T11:21:34.847956+00:00,200,4.33,True,
2026-06-20T11:21:35.843801+00:00,2026-06-20T11:21:35.847244+00:00,200,3.44,True,
2026-06-20T11:21:36.844157+00:00,2026-06-20T11:21:36.847900+00:00,200,3.74,True,
2026-06-20T11:21:37.844409+00:00,2026-06-20T11:21:37.852940+00:00,200,8.53,True,
2026-06-20T11:21:38.844584+00:00,2026-06-20T11:21:38.849955+00:00,200,5.37,True,
2026-06-20T11:21:39.845018+00:00,2026-06-20T11:21:39.857917+00:00,200,12.9,True,
2026-06-20T11:21:40.845185+00:00,2026-06-20T11:21:40.847976+00:00,200,2.79,True,
2026-06-20T11:21:41.845374+00:00,2026-06-20T11:21:41.850861+00:00,200,5.49,True,
2026-06-20T11:21:42.845547+00:00,2026-06-20T11:21:42.848356+00:00,200,2.81,True,
2026-06-20T11:21:43.846068+00:00,2026-06-20T11:21:43.849679+00:00,200,3.61,True,
2026-06-20T11:21:44.846460+00:00,2026-06-20T11:21:44.852363+00:00,200,5.9,True,
2026-06-20T11:21:45.846715+00:00,2026-06-20T11:21:45.851111+00:00,200,4.4,True,
2026-06-20T11:21:46.846981+00:00,2026-06-20T11:21:46.849419+00:00,200,2.44,True,
2026-06-20T11:21:47.847119+00:00,2026-06-20T11:21:47.922079+00:00,200,74.96,True,
2026-06-20T11:21:48.847255+00:00,2026-06-20T11:21:48.851865+00:00,200,4.61,True,
2026-06-20T11:21:49.847609+00:00,2026-06-20T11:21:49.850054+00:00,200,2.45,True,
2026-06-20T11:21:50.847784+00:00,2026-06-20T11:21:50.851788+00:00,200,4.0,True,
2026-06-20T11:21:51.847861+00:00,2026-06-20T11:21:51.851945+00:00,200,4.08,True,
2026-06-20T11:21:52.847991+00:00,2026-06-20T11:21:52.850515+00:00,200,2.52,True,
2026-06-20T11:21:53.848825+00:00,2026-06-20T11:21:53.860299+00:00,200,11.47,True,
2026-06-20T11:21:54.848927+00:00,2026-06-20T11:21:54.852329+00:00,200,3.4,True,
2026-06-20T11:21:55.849075+00:00,2026-06-20T11:21:55.853866+00:00,200,4.79,True,
2026-06-20T11:21:56.849199+00:00,2026-06-20T11:21:56.853109+00:00,200,3.91,True,
2026-06-20T11:21:57.849428+00:00,2026-06-20T11:21:57.856137+00:00,200,6.71,True,
2026-06-20T11:21:58.849591+00:00,2026-06-20T11:21:58.852673+00:00,200,3.08,True,
2026-06-20T11:21:59.849739+00:00,2026-06-20T11:21:59.860858+00:00,200,11.12,True,
2026-06-20T11:22:00.850049+00:00,2026-06-20T11:22:00.855077+00:00,200,5.03,True,
2026-06-20T11:22:01.850175+00:00,2026-06-20T11:22:01.853504+00:00,200,3.33,True,
2026-06-20T11:22:02.850387+00:00,2026-06-20T11:22:02.854509+00:00,200,4.12,True,
2026-06-20T11:22:03.850582+00:00,2026-06-20T11:22:03.855598+00:00,200,5.02,True,
2026-06-20T11:22:04.850972+00:00,2026-06-20T11:22:04.856846+00:00,200,5.87,True,
2026-06-20T11:22:05.851395+00:00,2026-06-20T11:22:05.855221+00:00,200,3.83,True,
2026-06-20T11:22:06.851756+00:00,2026-06-20T11:22:06.860381+00:00,200,8.62,True,
2026-06-20T11:22:07.851880+00:00,2026-06-20T11:22:07.855640+00:00,200,3.76,True,
2026-06-20T11:22:08.852006+00:00,2026-06-20T11:22:08.856763+00:00,200,4.76,True,
2026-06-20T11:22:09.852161+00:00,2026-06-20T11:22:09.864970+00:00,200,12.81,True,
2026-06-20T11:22:10.852577+00:00,2026-06-20T11:22:10.854931+00:00,200,2.35,True,
2026-06-20T11:22:11.853108+00:00,2026-06-20T11:22:11.864628+00:00,200,11.52,True,
2026-06-20T11:22:12.853582+00:00,2026-06-20T11:22:12.857893+00:00,200,4.31,True,
2026-06-20T11:22:13.853839+00:00,2026-06-20T11:22:13.856358+00:00,200,2.52,True,
2026-06-20T11:22:14.853968+00:00,2026-06-20T11:22:14.861246+00:00,200,7.28,True,
2026-06-20T11:22:15.854048+00:00,2026-06-20T11:22:15.857013+00:00,200,2.97,True,
2026-06-20T11:22:16.854189+00:00,2026-06-20T11:22:16.856631+00:00,200,2.44,True,
2026-06-20T11:22:17.854432+00:00,2026-06-20T11:22:17.862747+00:00,200,8.31,True,
2026-06-20T11:22:18.855088+00:00,2026-06-20T11:22:18.858664+00:00,200,3.58,True,
2026-06-20T11:22:19.855213+00:00,2026-06-20T11:22:19.857430+00:00,200,2.22,True,
2026-06-20T11:22:20.855423+00:00,2026-06-20T11:22:20.859304+00:00,200,3.88,True,
2026-06-20T11:22:21.855611+00:00,2026-06-20T11:22:21.872875+00:00,200,17.26,True,
2026-06-20T11:22:22.856135+00:00,2026-06-20T11:22:22.858558+00:00,200,2.42,True,
2026-06-20T11:22:23.856313+00:00,2026-06-20T11:22:23.859686+00:00,200,3.37,True,
2026-06-20T11:22:24.856622+00:00,2026-06-20T11:22:24.862379+00:00,200,5.76,True,
2026-06-20T11:22:25.856922+00:00,2026-06-20T11:22:25.859171+00:00,200,2.25,True,
2026-06-20T11:22:26.857278+00:00,2026-06-20T11:22:26.861635+00:00,200,4.36,True,
2026-06-20T11:22:27.857859+00:00,2026-06-20T11:22:27.874146+00:00,200,16.29,True,
2026-06-20T11:22:28.858006+00:00,2026-06-20T11:22:28.861746+00:00,200,3.74,True,
2026-06-20T11:22:29.858253+00:00,2026-06-20T11:22:29.864493+00:00,200,6.24,True,
2026-06-20T11:22:30.859319+00:00,2026-06-20T11:22:30.868583+00:00,200,9.26,True,
2026-06-20T11:22:31.859615+00:00,2026-06-20T11:22:31.868057+00:00,200,8.44,True,
2026-06-20T11:22:32.859794+00:00,2026-06-20T11:22:32.864062+00:00,200,4.27,True,
2026-06-20T11:22:33.859918+00:00,2026-06-20T11:22:33.864258+00:00,200,4.34,True,
