request_start_time,request_end_time,status_code,duration_ms,success,error
2026-06-29T12:57:38.959706+00:00,2026-06-29T12:57:38.961419+00:00,200,1.71,True,
2026-06-29T12:57:39.959814+00:00,2026-06-29T12:57:39.963879+00:00,200,4.07,True,
2026-06-29T12:57:40.959986+00:00,2026-06-29T12:57:40.965179+00:00,200,5.19,True,
2026-06-29T12:57:41.960218+00:00,2026-06-29T12:57:41.963015+00:00,200,2.8,True,
2026-06-29T12:57:42.960388+00:00,2026-06-29T12:57:42.965908+00:00,200,5.52,True,
2026-06-29T12:57:43.960521+00:00,2026-06-29T12:57:43.962344+00:00,200,1.82,True,
2026-06-29T12:57:44.960672+00:00,2026-06-29T12:57:44.967132+00:00,200,6.46,True,
2026-06-29T12:57:45.960814+00:00,2026-06-29T12:57:45.964256+00:00,200,3.44,True,
2026-06-29T12:57:46.960978+00:00,2026-06-29T12:57:46.964821+00:00,200,3.84,True,
2026-06-29T12:57:47.961115+00:00,2026-06-29T12:57:47.964872+00:00,200,3.76,True,
2026-06-29T12:57:48.961386+00:00,2026-06-29T12:57:48.963764+00:00,200,2.38,True,
2026-06-29T12:57:49.961754+00:00,2026-06-29T12:57:49.963740+00:00,200,1.99,True,
2026-06-29T12:57:50.961869+00:00,2026-06-29T12:57:50.963484+00:00,200,1.61,True,
2026-06-29T12:57:51.962198+00:00,2026-06-29T12:57:51.964182+00:00,200,1.98,True,
2026-06-29T12:57:52.962379+00:00,2026-06-29T12:57:52.963753+00:00,200,1.37,True,
2026-06-29T12:57:53.962533+00:00,2026-06-29T12:57:53.964031+00:00,200,1.5,True,
2026-06-29T12:57:54.962790+00:00,2026-06-29T12:57:54.972836+00:00,200,10.05,True,
2026-06-29T12:57:55.963021+00:00,2026-06-29T12:57:55.966060+00:00,200,3.04,True,
2026-06-29T12:57:56.963183+00:00,2026-06-29T12:57:56.968061+00:00,200,4.88,True,
2026-06-29T12:57:57.963284+00:00,2026-06-29T12:57:57.967965+00:00,200,4.68,True,
2026-06-29T12:57:58.963563+00:00,2026-06-29T12:57:58.968025+00:00,200,4.46,True,
2026-06-29T12:57:59.963703+00:00,2026-06-29T12:57:59.966146+00:00,200,2.44,True,
2026-06-29T12:58:00.963873+00:00,2026-06-29T12:58:00.969903+00:00,200,6.03,True,
2026-06-29T12:58:01.964072+00:00,2026-06-29T12:58:01.967480+00:00,200,3.41,True,
2026-06-29T12:58:02.964285+00:00,2026-06-29T12:58:02.972987+00:00,200,8.7,True,
2026-06-29T12:58:03.964401+00:00,2026-06-29T12:58:03.966574+00:00,200,2.17,True,
2026-06-29T12:58:04.964574+00:00,2026-06-29T12:58:04.966767+00:00,200,2.19,True,
2026-06-29T12:58:05.964703+00:00,2026-06-29T12:58:05.966595+00:00,200,1.89,True,
2026-06-29T12:58:06.964827+00:00,2026-06-29T12:58:06.966448+00:00,200,1.62,True,
2026-06-29T12:58:07.964954+00:00,2026-06-29T12:58:07.966531+00:00,200,1.58,True,
2026-06-29T12:58:08.965048+00:00,2026-06-29T12:58:08.968196+00:00,200,3.15,True,
2026-06-29T12:58:09.965163+00:00,2026-06-29T12:58:09.967986+00:00,200,2.82,True,
2026-06-29T12:58:10.965308+00:00,2026-06-29T12:58:10.968367+00:00,200,3.06,True,
2026-06-29T12:58:11.965575+00:00,2026-06-29T12:58:11.971987+00:00,200,6.41,True,
2026-06-29T12:58:12.965734+00:00,2026-06-29T12:58:12.974777+00:00,200,9.04,True,
2026-06-29T12:58:13.965886+00:00,2026-06-29T12:58:13.969308+00:00,200,3.42,True,
2026-06-29T12:58:14.965986+00:00,2026-06-29T12:58:14.968720+00:00,200,2.73,True,
2026-06-29T12:58:15.966186+00:00,2026-06-29T12:58:15.969372+00:00,200,3.19,True,
2026-06-29T12:58:16.966422+00:00,2026-06-29T12:58:16.972632+00:00,200,6.21,True,
2026-06-29T12:58:17.966577+00:00,2026-06-29T12:58:17.972186+00:00,200,5.61,True,
2026-06-29T12:58:18.966708+00:00,2026-06-29T12:58:18.969584+00:00,200,2.88,True,
2026-06-29T12:58:19.966827+00:00,2026-06-29T12:58:19.968816+00:00,200,1.99,True,
2026-06-29T12:58:20.966941+00:00,2026-06-29T12:58:20.968825+00:00,200,1.88,True,
2026-06-29T12:58:21.967138+00:00,2026-06-29T12:58:21.969208+00:00,200,2.07,True,
2026-06-29T12:58:22.967280+00:00,2026-06-29T12:58:22.969025+00:00,200,1.75,True,
2026-06-29T12:58:23.967498+00:00,2026-06-29T12:58:23.969187+00:00,200,1.69,True,
2026-06-29T12:58:24.967649+00:00,2026-06-29T12:58:24.970182+00:00,200,2.53,True,
2026-06-29T12:58:25.967786+00:00,2026-06-29T12:58:25.970335+00:00,200,2.55,True,
2026-06-29T12:58:26.967876+00:00,2026-06-29T12:58:26.969765+00:00,200,1.89,True,
2026-06-29T12:58:27.968053+00:00,2026-06-29T12:58:27.974900+00:00,200,6.85,True,
2026-06-29T12:58:28.968301+00:00,2026-06-29T12:58:28.974271+00:00,200,5.97,True,
2026-06-29T12:58:29.968642+00:00,2026-06-29T12:58:29.970773+00:00,200,2.13,True,
2026-06-29T12:58:30.968889+00:00,2026-06-29T12:58:30.972065+00:00,200,3.18,True,
2026-06-29T12:58:31.969122+00:00,2026-06-29T12:58:31.975921+00:00,200,6.8,True,
2026-06-29T12:58:32.969257+00:00,2026-06-29T12:58:32.974671+00:00,200,5.41,True,
2026-06-29T12:58:33.969388+00:00,2026-06-29T12:58:33.972205+00:00,200,2.82,True,
2026-06-29T12:58:34.969635+00:00,2026-06-29T12:58:34.971772+00:00,200,2.14,True,
2026-06-29T12:58:35.969718+00:00,2026-06-29T12:58:35.971301+00:00,200,1.58,True,
2026-06-29T12:58:36.969825+00:00,2026-06-29T12:58:36.971847+00:00,200,2.02,True,
2026-06-29T12:58:37.970000+00:00,2026-06-29T12:58:37.971836+00:00,200,1.84,True,
2026-06-29T12:58:38.970116+00:00,2026-06-29T12:58:38.971877+00:00,200,1.76,True,
2026-06-29T12:58:39.970205+00:00,2026-06-29T12:58:39.972822+00:00,200,2.62,True,
2026-06-29T12:58:40.970368+00:00,2026-06-29T12:58:40.973398+00:00,200,3.03,True,
2026-06-29T12:58:41.970706+00:00,2026-06-29T12:58:41.974311+00:00,200,3.6,True,
2026-06-29T12:58:42.970872+00:00,2026-06-29T12:58:42.978821+00:00,200,7.95,True,
2026-06-29T12:58:43.970988+00:00,2026-06-29T12:58:43.974560+00:00,200,3.57,True,
2026-06-29T12:58:44.971211+00:00,2026-06-29T12:58:44.974817+00:00,200,3.61,True,
2026-06-29T12:58:45.971441+00:00,2026-06-29T12:58:45.974133+00:00,200,2.69,True,
2026-06-29T12:58:46.971801+00:00,2026-06-29T12:58:46.978020+00:00,200,6.22,True,
2026-06-29T12:58:47.972008+00:00,2026-06-29T12:58:47.975344+00:00,200,3.34,True,
2026-06-29T12:58:48.972273+00:00,2026-06-29T12:58:48.974696+00:00,200,2.42,True,
2026-06-29T12:58:49.972569+00:00,2026-06-29T12:58:49.974181+00:00,200,1.61,True,
2026-06-29T12:58:50.972940+00:00,2026-06-29T12:58:50.974911+00:00,200,1.97,True,
2026-06-29T12:58:51.973052+00:00,2026-06-29T12:58:51.974909+00:00,200,1.86,True,
2026-06-29T12:58:52.973258+00:00,2026-06-29T12:58:52.974898+00:00,200,1.64,True,
2026-06-29T12:58:53.973340+00:00,2026-06-29T12:58:53.974742+00:00,200,1.4,True,
2026-06-29T12:58:54.973640+00:00,2026-06-29T12:58:54.979369+00:00,200,5.73,True,
2026-06-29T12:58:55.973825+00:00,2026-06-29T12:58:55.975879+00:00,200,2.05,True,
2026-06-29T12:58:56.973977+00:00,2026-06-29T12:58:56.977983+00:00,200,4.01,True,
2026-06-29T12:58:57.974173+00:00,2026-06-29T12:58:57.977584+00:00,200,3.41,True,
2026-06-29T12:58:58.974356+00:00,2026-06-29T12:58:58.980660+00:00,200,6.3,True,
2026-06-29T12:58:59.975202+00:00,2026-06-29T12:58:59.977598+00:00,200,2.4,True,
2026-06-29T12:59:00.976227+00:00,2026-06-29T12:59:00.979881+00:00,200,3.65,True,
2026-06-29T12:59:01.976520+00:00,2026-06-29T12:59:01.978391+00:00,200,1.87,True,
2026-06-29T12:59:02.976637+00:00,2026-06-29T12:59:02.981737+00:00,200,5.1,True,
2026-06-29T12:59:03.976782+00:00,2026-06-29T12:59:03.978933+00:00,200,2.15,True,
2026-06-29T12:59:04.976929+00:00,2026-06-29T12:59:04.979178+00:00,200,2.25,True,
2026-06-29T12:59:05.977367+00:00,2026-06-29T12:59:05.979165+00:00,200,1.8,True,
2026-06-29T12:59:06.978234+00:00,2026-06-29T12:59:06.980070+00:00,200,1.84,True,
2026-06-29T12:59:07.978565+00:00,2026-06-29T12:59:07.980278+00:00,200,1.71,True,
2026-06-29T12:59:08.978670+00:00,2026-06-29T12:59:08.980357+00:00,200,1.69,True,
2026-06-29T12:59:09.979061+00:00,2026-06-29T12:59:09.981601+00:00,200,2.54,True,
2026-06-29T12:59:10.979607+00:00,2026-06-29T12:59:10.985394+00:00,200,5.79,True,
2026-06-29T12:59:11.980463+00:00,2026-06-29T12:59:11.983209+00:00,200,2.75,True,
2026-06-29T12:59:12.980738+00:00,2026-06-29T12:59:12.985109+00:00,200,4.37,True,
2026-06-29T12:59:13.981170+00:00,2026-06-29T12:59:13.984838+00:00,200,3.67,True,
2026-06-29T12:59:14.981355+00:00,2026-06-29T12:59:14.988694+00:00,200,7.34,True,
2026-06-29T12:59:15.981485+00:00,2026-06-29T12:59:15.984627+00:00,200,3.14,True,
2026-06-29T12:59:16.981645+00:00,2026-06-29T12:59:16.987647+00:00,200,6.0,True,
2026-06-29T12:59:17.983070+00:00,2026-06-29T12:59:17.985784+00:00,200,2.71,True,
2026-06-29T12:59:18.983314+00:00,2026-06-29T12:59:18.988286+00:00,200,4.97,True,
2026-06-29T12:59:19.983427+00:00,2026-06-29T12:59:19.985333+00:00,200,1.91,True,
2026-06-29T12:59:20.984736+00:00,2026-06-29T12:59:20.986870+00:00,200,2.13,True,
2026-06-29T12:59:21.984872+00:00,2026-06-29T12:59:21.986622+00:00,200,1.75,True,
2026-06-29T12:59:22.984954+00:00,2026-06-29T12:59:22.986722+00:00,200,1.77,True,
2026-06-29T12:59:23.984986+00:00,2026-06-29T12:59:23.990251+00:00,200,5.26,True,
2026-06-29T12:59:24.985174+00:00,2026-06-29T12:59:24.987610+00:00,200,2.44,True,
2026-06-29T12:59:25.985483+00:00,2026-06-29T12:59:25.988672+00:00,200,3.19,True,
2026-06-29T12:59:26.985684+00:00,2026-06-29T12:59:26.989378+00:00,200,3.69,True,
2026-06-29T12:59:27.986113+00:00,2026-06-29T12:59:27.989615+00:00,200,3.5,True,
2026-06-29T12:59:28.987009+00:00,2026-06-29T12:59:28.990428+00:00,200,3.42,True,
2026-06-29T12:59:29.987248+00:00,2026-06-29T12:59:29.992469+00:00,200,5.22,True,
2026-06-29T12:59:30.987416+00:00,2026-06-29T12:59:30.993928+00:00,200,6.51,True,
2026-06-29T12:59:31.987562+00:00,2026-06-29T12:59:31.993643+00:00,200,6.08,True,
2026-06-29T12:59:32.989123+00:00,2026-06-29T12:59:32.992574+00:00,200,3.45,True,
2026-06-29T12:59:33.989312+00:00,2026-06-29T12:59:33.992893+00:00,200,3.58,True,
2026-06-29T12:59:34.989601+00:00,2026-06-29T12:59:34.991787+00:00,200,2.19,True,
2026-06-29T12:59:35.989846+00:00,2026-06-29T12:59:35.991472+00:00,200,1.63,True,
2026-06-29T12:59:36.989970+00:00,2026-06-29T12:59:36.992234+00:00,200,2.26,True,
2026-06-29T12:59:37.990175+00:00,2026-06-29T12:59:37.991821+00:00,200,1.65,True,
2026-06-29T12:59:38.990302+00:00,2026-06-29T12:59:38.992982+00:00,200,2.68,True,
2026-06-29T12:59:39.990551+00:00,2026-06-29T12:59:39.995569+00:00,200,5.02,True,
2026-06-29T12:59:40.990726+00:00,2026-06-29T12:59:40.997401+00:00,200,6.68,True,
2026-06-29T12:59:41.990918+00:00,2026-06-29T12:59:41.997350+00:00,200,6.43,True,
2026-06-29T12:59:42.991073+00:00,2026-06-29T12:59:42.996305+00:00,200,5.23,True,
2026-06-29T12:59:43.991373+00:00,2026-06-29T12:59:43.994786+00:00,200,3.41,True,
2026-06-29T12:59:44.992208+00:00,2026-06-29T12:59:44.997823+00:00,200,5.62,True,
2026-06-29T12:59:45.992491+00:00,2026-06-29T12:59:45.996069+00:00,200,3.58,True,
2026-06-29T12:59:46.994018+00:00,2026-06-29T12:59:46.999700+00:00,200,5.68,True,
2026-06-29T12:59:47.994992+00:00,2026-06-29T12:59:47.998826+00:00,200,3.83,True,
2026-06-29T12:59:48.995291+00:00,2026-06-29T12:59:48.998848+00:00,200,3.56,True,
2026-06-29T12:59:49.995528+00:00,2026-06-29T12:59:49.997265+00:00,200,1.74,True,
2026-06-29T12:59:50.995566+00:00,2026-06-29T12:59:50.997356+00:00,200,1.79,True,
2026-06-29T12:59:51.995700+00:00,2026-06-29T12:59:51.997354+00:00,200,1.65,True,
2026-06-29T12:59:52.995772+00:00,2026-06-29T12:59:52.997402+00:00,200,1.63,True,
2026-06-29T12:59:53.995891+00:00,2026-06-29T12:59:53.999272+00:00,200,3.38,True,
2026-06-29T12:59:54.996112+00:00,2026-06-29T12:59:55.002366+00:00,200,6.25,True,
2026-06-29T12:59:55.996273+00:00,2026-06-29T12:59:56.001286+00:00,200,5.01,True,
2026-06-29T12:59:56.996560+00:00,2026-06-29T12:59:57.002831+00:00,200,6.27,True,
2026-06-29T12:59:57.996927+00:00,2026-06-29T12:59:58.001446+00:00,200,4.52,True,
2026-06-29T12:59:58.997223+00:00,2026-06-29T12:59:59.003284+00:00,200,6.06,True,
2026-06-29T12:59:59.997458+00:00,2026-06-29T13:00:00.000854+00:00,200,3.4,True,
2026-06-29T13:00:00.997913+00:00,2026-06-29T13:00:01.001179+00:00,200,3.27,True,
2026-06-29T13:00:01.998082+00:00,2026-06-29T13:00:02.001448+00:00,200,3.37,True,
2026-06-29T13:00:02.998632+00:00,2026-06-29T13:00:03.005107+00:00,200,6.47,True,
2026-06-29T13:00:03.998954+00:00,2026-06-29T13:00:04.004565+00:00,200,5.61,True,
2026-06-29T13:00:04.999407+00:00,2026-06-29T13:00:05.001767+00:00,200,2.36,True,
2026-06-29T13:00:05.999696+00:00,2026-06-29T13:00:06.001454+00:00,200,1.76,True,
2026-06-29T13:00:07.000015+00:00,2026-06-29T13:00:07.001774+00:00,200,1.76,True,
2026-06-29T13:00:08.000519+00:00,2026-06-29T13:00:08.002244+00:00,200,1.72,True,
2026-06-29T13:00:09.001212+00:00,2026-06-29T13:00:09.004296+00:00,200,3.08,True,
2026-06-29T13:00:10.001318+00:00,2026-06-29T13:00:10.003519+00:00,200,2.2,True,
2026-06-29T13:00:11.001408+00:00,2026-06-29T13:00:11.006316+00:00,200,4.91,True,
2026-06-29T13:00:12.001586+00:00,2026-06-29T13:00:12.007856+00:00,200,6.27,True,
2026-06-29T13:00:13.001728+00:00,2026-06-29T13:00:13.005450+00:00,200,3.72,True,
2026-06-29T13:00:14.001892+00:00,2026-06-29T13:00:14.006715+00:00,200,4.82,True,
2026-06-29T13:00:15.002007+00:00,2026-06-29T13:00:15.005899+00:00,200,3.89,True,
2026-06-29T13:00:16.002137+00:00,2026-06-29T13:00:16.004362+00:00,200,2.23,True,
2026-06-29T13:00:17.002405+00:00,2026-06-29T13:00:17.005563+00:00,200,3.16,True,
2026-06-29T13:00:18.002721+00:00,2026-06-29T13:00:18.007263+00:00,200,4.54,True,
2026-06-29T13:00:19.002871+00:00,2026-06-29T13:00:19.005404+00:00,200,2.53,True,
2026-06-29T13:00:20.003045+00:00,2026-06-29T13:00:20.004570+00:00,200,1.53,True,
2026-06-29T13:00:21.003216+00:00,2026-06-29T13:00:21.004912+00:00,200,1.7,True,
2026-06-29T13:00:22.003302+00:00,2026-06-29T13:00:22.004911+00:00,200,1.61,True,
2026-06-29T13:00:23.003523+00:00,2026-06-29T13:00:23.005884+00:00,200,2.36,True,
2026-06-29T13:00:24.003674+00:00,2026-06-29T13:00:24.007905+00:00,200,4.23,True,
2026-06-29T13:00:25.003845+00:00,2026-06-29T13:00:25.006633+00:00,200,2.79,True,
2026-06-29T13:00:26.004023+00:00,2026-06-29T13:00:26.006656+00:00,200,2.63,True,
2026-06-29T13:00:27.004203+00:00,2026-06-29T13:00:27.007552+00:00,200,3.35,True,
2026-06-29T13:00:28.004456+00:00,2026-06-29T13:00:28.009195+00:00,200,4.74,True,
2026-06-29T13:00:29.004786+00:00,2026-06-29T13:00:29.009986+00:00,200,5.2,True,
2026-06-29T13:00:30.004922+00:00,2026-06-29T13:00:30.007636+00:00,200,2.71,True,
2026-06-29T13:00:31.005105+00:00,2026-06-29T13:00:31.009846+00:00,200,4.74,True,
2026-06-29T13:00:32.005342+00:00,2026-06-29T13:00:32.008995+00:00,200,3.65,True,
2026-06-29T13:00:33.005608+00:00,2026-06-29T13:00:33.008774+00:00,200,3.17,True,
2026-06-29T13:00:34.005689+00:00,2026-06-29T13:00:34.008019+00:00,200,2.33,True,
2026-06-29T13:00:35.006004+00:00,2026-06-29T13:00:35.007795+00:00,200,1.79,True,
2026-06-29T13:00:36.006091+00:00,2026-06-29T13:00:36.007710+00:00,200,1.62,True,
2026-06-29T13:00:37.006345+00:00,2026-06-29T13:00:37.008021+00:00,200,1.68,True,
2026-06-29T13:00:38.006555+00:00,2026-06-29T13:00:38.016570+00:00,200,10.01,True,
2026-06-29T13:00:39.006744+00:00,2026-06-29T13:00:39.013247+00:00,200,6.5,True,
2026-06-29T13:00:40.006883+00:00,2026-06-29T13:00:40.009358+00:00,200,2.48,True,
2026-06-29T13:00:41.007101+00:00,2026-06-29T13:00:41.010159+00:00,200,3.06,True,
2026-06-29T13:00:42.007395+00:00,2026-06-29T13:00:42.010836+00:00,200,3.44,True,
2026-06-29T13:00:43.007659+00:00,2026-06-29T13:00:43.012942+00:00,200,5.28,True,
2026-06-29T13:00:44.007799+00:00,2026-06-29T13:00:44.013146+00:00,200,5.35,True,
2026-06-29T13:00:45.007973+00:00,2026-06-29T13:00:45.011309+00:00,200,3.34,True,
2026-06-29T13:00:46.008165+00:00,2026-06-29T13:00:46.010593+00:00,200,2.43,True,
2026-06-29T13:00:47.008454+00:00,2026-06-29T13:00:47.012003+00:00,200,3.55,True,
2026-06-29T13:00:48.008635+00:00,2026-06-29T13:00:48.010725+00:00,200,2.09,True,
2026-06-29T13:00:49.008733+00:00,2026-06-29T13:00:49.010740+00:00,200,2.01,True,
2026-06-29T13:00:50.008856+00:00,2026-06-29T13:00:50.010612+00:00,200,1.76,True,
2026-06-29T13:00:51.009312+00:00,2026-06-29T13:00:51.010538+00:00,200,1.23,True,
2026-06-29T13:00:52.009765+00:00,2026-06-29T13:00:52.013305+00:00,200,3.54,True,
2026-06-29T13:00:53.010103+00:00,2026-06-29T13:00:53.013829+00:00,200,3.73,True,
2026-06-29T13:00:54.010302+00:00,2026-06-29T13:00:54.017818+00:00,200,7.52,True,
2026-06-29T13:00:55.010642+00:00,2026-06-29T13:00:55.014293+00:00,200,3.65,True,
2026-06-29T13:00:56.011000+00:00,2026-06-29T13:00:56.014361+00:00,200,3.36,True,
2026-06-29T13:00:57.011740+00:00,2026-06-29T13:00:57.014923+00:00,200,3.18,True,
2026-06-29T13:00:58.011908+00:00,2026-06-29T13:00:58.017397+00:00,200,5.49,True,
2026-06-29T13:00:59.011977+00:00,2026-06-29T13:00:59.015771+00:00,200,3.79,True,
2026-06-29T13:01:00.012218+00:00,2026-06-29T13:01:00.017761+00:00,200,5.54,True,
2026-06-29T13:01:01.012343+00:00,2026-06-29T13:01:01.015554+00:00,200,3.21,True,
2026-06-29T13:01:02.012509+00:00,2026-06-29T13:01:02.014425+00:00,200,1.92,True,
2026-06-29T13:01:03.012856+00:00,2026-06-29T13:01:03.015168+00:00,200,2.31,True,
2026-06-29T13:01:04.013019+00:00,2026-06-29T13:01:04.014601+00:00,200,1.58,True,
2026-06-29T13:01:05.013146+00:00,2026-06-29T13:01:05.014702+00:00,200,1.56,True,
2026-06-29T13:01:06.013876+00:00,2026-06-29T13:01:06.015266+00:00,200,1.39,True,
2026-06-29T13:01:07.013957+00:00,2026-06-29T13:01:07.015513+00:00,200,1.56,True,
2026-06-29T13:01:08.014791+00:00,2026-06-29T13:01:08.016767+00:00,200,1.98,True,
2026-06-29T13:01:09.015008+00:00,2026-06-29T13:01:09.018615+00:00,200,3.61,True,
2026-06-29T13:01:10.015155+00:00,2026-06-29T13:01:10.019938+00:00,200,4.78,True,
2026-06-29T13:01:11.015324+00:00,2026-06-29T13:01:11.021957+00:00,200,6.63,True,
2026-06-29T13:01:12.015553+00:00,2026-06-29T13:01:12.018393+00:00,200,2.84,True,
2026-06-29T13:01:13.015660+00:00,2026-06-29T13:01:13.018438+00:00,200,2.78,True,
2026-06-29T13:01:14.015791+00:00,2026-06-29T13:01:14.022836+00:00,200,7.04,True,
2026-06-29T13:01:15.015958+00:00,2026-06-29T13:01:15.018686+00:00,200,2.73,True,
2026-06-29T13:01:16.016146+00:00,2026-06-29T13:01:16.022187+00:00,200,6.04,True,
2026-06-29T13:01:17.016452+00:00,2026-06-29T13:01:17.018812+00:00,200,2.36,True,
2026-06-29T13:01:18.016775+00:00,2026-06-29T13:01:18.019021+00:00,200,2.25,True,
2026-06-29T13:01:19.016877+00:00,2026-06-29T13:01:19.018830+00:00,200,1.95,True,
2026-06-29T13:01:20.016963+00:00,2026-06-29T13:01:20.018277+00:00,200,1.31,True,
2026-06-29T13:01:21.017037+00:00,2026-06-29T13:01:21.019105+00:00,200,2.07,True,
2026-06-29T13:01:22.017202+00:00,2026-06-29T13:01:22.021148+00:00,200,3.95,True,
2026-06-29T13:01:23.017461+00:00,2026-06-29T13:01:23.022914+00:00,200,5.45,True,
2026-06-29T13:01:24.017564+00:00,2026-06-29T13:01:24.020959+00:00,200,3.4,True,
2026-06-29T13:01:25.017767+00:00,2026-06-29T13:01:25.023347+00:00,200,5.58,True,
2026-06-29T13:01:26.017946+00:00,2026-06-29T13:01:26.021660+00:00,200,3.71,True,
2026-06-29T13:01:27.018180+00:00,2026-06-29T13:01:27.023467+00:00,200,5.29,True,
2026-06-29T13:01:28.018511+00:00,2026-06-29T13:01:28.021332+00:00,200,2.82,True,
2026-06-29T13:01:29.018640+00:00,2026-06-29T13:01:29.021140+00:00,200,2.5,True,
2026-06-29T13:01:30.018774+00:00,2026-06-29T13:01:30.021667+00:00,200,2.89,True,
2026-06-29T13:01:31.018933+00:00,2026-06-29T13:01:31.022361+00:00,200,3.43,True,
2026-06-29T13:01:32.019041+00:00,2026-06-29T13:01:32.021690+00:00,200,2.65,True,
2026-06-29T13:01:33.019237+00:00,2026-06-29T13:01:33.020844+00:00,200,1.61,True,
2026-06-29T13:01:34.019388+00:00,2026-06-29T13:01:34.021167+00:00,200,1.78,True,
2026-06-29T13:01:35.019642+00:00,2026-06-29T13:01:35.021281+00:00,200,1.64,True,
2026-06-29T13:01:36.019741+00:00,2026-06-29T13:01:36.021611+00:00,200,1.87,True,
2026-06-29T13:01:37.019934+00:00,2026-06-29T13:01:37.026311+00:00,200,6.38,True,
2026-06-29T13:01:38.020187+00:00,2026-06-29T13:01:38.024250+00:00,200,4.06,True,
2026-06-29T13:01:39.020455+00:00,2026-06-29T13:01:39.023829+00:00,200,3.37,True,
2026-06-29T13:01:40.020679+00:00,2026-06-29T13:01:40.024424+00:00,200,3.75,True,
2026-06-29T13:01:41.020879+00:00,2026-06-29T13:01:41.026830+00:00,200,5.95,True,
2026-06-29T13:01:42.021344+00:00,2026-06-29T13:01:42.024665+00:00,200,3.32,True,
2026-06-29T13:01:43.021700+00:00,2026-06-29T13:01:43.029790+00:00,200,8.09,True,
2026-06-29T13:01:44.022177+00:00,2026-06-29T13:01:44.026023+00:00,200,3.85,True,
2026-06-29T13:01:45.022733+00:00,2026-06-29T13:01:45.025786+00:00,200,3.05,True,
2026-06-29T13:01:46.022989+00:00,2026-06-29T13:01:46.025670+00:00,200,2.68,True,
2026-06-29T13:01:47.023124+00:00,2026-06-29T13:01:47.025235+00:00,200,2.11,True,
2026-06-29T13:01:48.023965+00:00,2026-06-29T13:01:48.025624+00:00,200,1.66,True,
2026-06-29T13:01:49.024483+00:00,2026-06-29T13:01:49.025897+00:00,200,1.41,True,
2026-06-29T13:01:50.024718+00:00,2026-06-29T13:01:50.026461+00:00,200,1.74,True,
2026-06-29T13:01:51.024885+00:00,2026-06-29T13:01:51.032704+00:00,200,7.82,True,
2026-06-29T13:01:52.025615+00:00,2026-06-29T13:01:52.030751+00:00,200,5.14,True,
2026-06-29T13:01:53.025807+00:00,2026-06-29T13:01:53.029351+00:00,200,3.54,True,
2026-06-29T13:01:54.025973+00:00,2026-06-29T13:01:54.029359+00:00,200,3.39,True,
2026-06-29T13:01:55.026138+00:00,2026-06-29T13:01:55.029065+00:00,200,2.93,True,
2026-06-29T13:01:56.026263+00:00,2026-06-29T13:01:56.029286+00:00,200,3.02,True,
2026-06-29T13:01:57.026401+00:00,2026-06-29T13:01:57.034283+00:00,200,7.88,True,
2026-06-29T13:01:58.026671+00:00,2026-06-29T13:01:58.032088+00:00,200,5.42,True,
2026-06-29T13:01:59.026807+00:00,2026-06-29T13:01:59.029943+00:00,200,3.14,True,
2026-06-29T13:02:00.026917+00:00,2026-06-29T13:02:00.029182+00:00,200,2.27,True,
2026-06-29T13:02:01.027132+00:00,2026-06-29T13:02:01.029631+00:00,200,2.5,True,
2026-06-29T13:02:02.027320+00:00,2026-06-29T13:02:02.028945+00:00,200,1.62,True,
2026-06-29T13:02:03.027472+00:00,2026-06-29T13:02:03.029295+00:00,200,1.82,True,
2026-06-29T13:02:04.027696+00:00,2026-06-29T13:02:04.029242+00:00,200,1.55,True,
2026-06-29T13:02:05.028330+00:00,2026-06-29T13:02:05.032546+00:00,200,4.22,True,
2026-06-29T13:02:06.028659+00:00,2026-06-29T13:02:06.031799+00:00,200,3.14,True,
2026-06-29T13:02:07.029113+00:00,2026-06-29T13:02:07.035821+00:00,200,6.71,True,
2026-06-29T13:02:08.029299+00:00,2026-06-29T13:02:08.032271+00:00,200,2.97,True,
2026-06-29T13:02:09.029411+00:00,2026-06-29T13:02:09.032074+00:00,200,2.66,True,
2026-06-29T13:02:10.030010+00:00,2026-06-29T13:02:10.033479+00:00,200,3.47,True,
2026-06-29T13:02:11.030196+00:00,2026-06-29T13:02:11.033747+00:00,200,3.55,True,
2026-06-29T13:02:12.030364+00:00,2026-06-29T13:02:12.035245+00:00,200,4.88,True,
2026-06-29T13:02:13.031201+00:00,2026-06-29T13:02:13.035363+00:00,200,4.16,True,
2026-06-29T13:02:14.031348+00:00,2026-06-29T13:02:14.034380+00:00,200,3.03,True,
2026-06-29T13:02:15.031521+00:00,2026-06-29T13:02:15.033994+00:00,200,2.47,True,
2026-06-29T13:02:16.031705+00:00,2026-06-29T13:02:16.033849+00:00,200,2.14,True,
2026-06-29T13:02:17.031925+00:00,2026-06-29T13:02:17.033921+00:00,200,2.0,True,
2026-06-29T13:02:18.032092+00:00,2026-06-29T13:02:18.033726+00:00,200,1.63,True,
2026-06-29T13:02:19.032565+00:00,2026-06-29T13:02:19.035347+00:00,200,2.78,True,
2026-06-29T13:02:20.032696+00:00,2026-06-29T13:02:20.036019+00:00,200,3.32,True,
2026-06-29T13:02:21.032790+00:00,2026-06-29T13:02:21.036416+00:00,200,3.63,True,
2026-06-29T13:02:22.032985+00:00,2026-06-29T13:02:22.037770+00:00,200,4.79,True,
2026-06-29T13:02:23.033261+00:00,2026-06-29T13:02:23.037832+00:00,200,4.57,True,
2026-06-29T13:02:24.033613+00:00,2026-06-29T13:02:24.038222+00:00,200,4.61,True,
2026-06-29T13:02:25.033782+00:00,2026-06-29T13:02:25.040962+00:00,200,7.18,True,
2026-06-29T13:02:26.033945+00:00,2026-06-29T13:02:26.036651+00:00,200,2.71,True,
2026-06-29T13:02:27.034340+00:00,2026-06-29T13:02:27.037811+00:00,200,3.47,True,
2026-06-29T13:02:28.034582+00:00,2026-06-29T13:02:28.038189+00:00,200,3.61,True,
2026-06-29T13:02:29.035051+00:00,2026-06-29T13:02:29.037436+00:00,200,2.38,True,
2026-06-29T13:02:30.035285+00:00,2026-06-29T13:02:30.037254+00:00,200,1.97,True,
2026-06-29T13:02:31.035507+00:00,2026-06-29T13:02:31.037979+00:00,200,2.47,True,
2026-06-29T13:02:32.035633+00:00,2026-06-29T13:02:32.037644+00:00,200,2.01,True,
2026-06-29T13:02:33.035728+00:00,2026-06-29T13:02:33.037959+00:00,200,2.23,True,
2026-06-29T13:02:34.035916+00:00,2026-06-29T13:02:34.039684+00:00,200,3.77,True,
2026-06-29T13:02:35.036559+00:00,2026-06-29T13:02:35.042689+00:00,200,6.13,True,
2026-06-29T13:02:36.036661+00:00,2026-06-29T13:02:36.039001+00:00,200,2.34,True,
2026-06-29T13:02:37.036775+00:00,2026-06-29T13:02:37.038982+00:00,200,2.21,True,
2026-06-29T13:02:38.036910+00:00,2026-06-29T13:02:38.040084+00:00,200,3.17,True,
2026-06-29T13:02:39.037598+00:00,2026-06-29T13:02:39.040035+00:00,200,2.44,True,
2026-06-29T13:02:40.037721+00:00,2026-06-29T13:02:40.040823+00:00,200,3.1,True,
2026-06-29T13:02:41.038226+00:00,2026-06-29T13:02:41.040280+00:00,200,2.05,True,
2026-06-29T13:02:42.038686+00:00,2026-06-29T13:02:42.042048+00:00,200,3.36,True,
2026-06-29T13:02:43.038776+00:00,2026-06-29T13:02:43.040636+00:00,200,1.86,True,
2026-06-29T13:02:44.039197+00:00,2026-06-29T13:02:44.043091+00:00,200,3.89,True,
2026-06-29T13:02:45.039808+00:00,2026-06-29T13:02:47.041856+00:00,,2002.05,False,ConnectTimeout
2026-06-29T13:02:47.041951+00:00,2026-06-29T13:02:49.043930+00:00,,2001.98,False,ConnectTimeout
2026-06-29T13:02:49.044108+00:00,2026-06-29T13:02:49.048068+00:00,200,3.96,True,
2026-06-29T13:02:50.044359+00:00,2026-06-29T13:02:50.048782+00:00,200,4.42,True,
2026-06-29T13:02:51.044654+00:00,2026-06-29T13:02:53.050412+00:00,,2005.76,False,ConnectTimeout
2026-06-29T13:02:53.050690+00:00,2026-06-29T13:02:53.058400+00:00,200,7.71,True,
2026-06-29T13:02:54.050859+00:00,2026-06-29T13:02:54.058307+00:00,200,7.45,True,
2026-06-29T13:02:55.051543+00:00,2026-06-29T13:02:57.054064+00:00,,2002.52,False,ConnectTimeout
2026-06-29T13:02:57.054282+00:00,2026-06-29T13:02:59.058407+00:00,,2004.13,False,ConnectTimeout
2026-06-29T13:02:59.058516+00:00,2026-06-29T13:03:01.061632+00:00,,2003.12,False,ConnectTimeout
2026-06-29T13:03:01.061752+00:00,2026-06-29T13:03:03.063696+00:00,,2001.94,False,ConnectTimeout
2026-06-29T13:03:03.063813+00:00,2026-06-29T13:03:05.067477+00:00,,2003.66,False,ConnectTimeout
2026-06-29T13:03:05.067737+00:00,2026-06-29T13:03:07.072392+00:00,,2004.65,False,ConnectTimeout
2026-06-29T13:03:07.072846+00:00,2026-06-29T13:03:07.080698+00:00,200,7.85,True,
2026-06-29T13:03:08.073129+00:00,2026-06-29T13:03:08.075209+00:00,200,2.08,True,
2026-06-29T13:03:09.073957+00:00,2026-06-29T13:03:09.077866+00:00,200,3.91,True,
2026-06-29T13:03:10.074579+00:00,2026-06-29T13:03:10.076306+00:00,200,1.73,True,
2026-06-29T13:03:11.074708+00:00,2026-06-29T13:03:11.079834+00:00,200,5.13,True,
2026-06-29T13:03:12.074795+00:00,2026-06-29T13:03:14.076820+00:00,,2002.03,False,ConnectTimeout
2026-06-29T13:03:14.076930+00:00,2026-06-29T13:03:16.079626+00:00,,2002.7,False,ConnectTimeout
2026-06-29T13:03:16.079744+00:00,2026-06-29T13:03:16.081345+00:00,200,1.6,True,
2026-06-29T13:03:17.081021+00:00,2026-06-29T13:03:19.084052+00:00,,2003.03,False,ConnectTimeout
2026-06-29T13:03:19.084254+00:00,2026-06-29T13:03:19.087547+00:00,200,3.29,True,
2026-06-29T13:03:20.084534+00:00,2026-06-29T13:03:20.090571+00:00,200,6.04,True,
2026-06-29T13:03:21.084674+00:00,2026-06-29T13:03:21.087906+00:00,200,3.23,True,
2026-06-29T13:03:22.085030+00:00,2026-06-29T13:03:22.091907+00:00,200,6.88,True,
2026-06-29T13:03:23.085554+00:00,2026-06-29T13:03:23.092173+00:00,200,6.62,True,
2026-06-29T13:03:24.085674+00:00,2026-06-29T13:03:24.087992+00:00,200,2.32,True,
2026-06-29T13:03:25.086041+00:00,2026-06-29T13:03:27.089018+00:00,,2002.98,False,ConnectTimeout
2026-06-29T13:03:27.089123+00:00,2026-06-29T13:03:27.090838+00:00,200,1.71,True,
2026-06-29T13:03:28.089261+00:00,2026-06-29T13:03:28.092414+00:00,200,3.15,True,
2026-06-29T13:03:29.089355+00:00,2026-06-29T13:03:29.091465+00:00,200,2.11,True,
2026-06-29T13:03:30.089477+00:00,2026-06-29T13:03:30.091150+00:00,200,1.67,True,
2026-06-29T13:03:31.089532+00:00,2026-06-29T13:03:31.091190+00:00,200,1.66,True,
2026-06-29T13:03:32.090675+00:00,2026-06-29T13:03:32.098390+00:00,200,7.71,True,
2026-06-29T13:03:33.090799+00:00,2026-06-29T13:03:33.097781+00:00,200,6.98,True,
2026-06-29T13:03:34.090977+00:00,2026-06-29T13:03:34.098765+00:00,200,7.79,True,
2026-06-29T13:03:35.091201+00:00,2026-06-29T13:03:35.100025+00:00,200,8.82,True,
2026-06-29T13:03:36.091466+00:00,2026-06-29T13:03:36.097329+00:00,200,5.86,True,
2026-06-29T13:03:37.091647+00:00,2026-06-29T13:03:37.095738+00:00,200,4.09,True,
2026-06-29T13:03:38.091924+00:00,2026-06-29T13:03:38.098464+00:00,200,6.54,True,
2026-06-29T13:03:39.092269+00:00,2026-06-29T13:03:39.097299+00:00,200,5.03,True,
2026-06-29T13:03:40.092428+00:00,2026-06-29T13:03:40.098720+00:00,200,6.29,True,
2026-06-29T13:03:41.092671+00:00,2026-06-29T13:03:41.096176+00:00,200,3.5,True,
2026-06-29T13:03:42.093052+00:00,2026-06-29T13:03:42.096413+00:00,200,3.36,True,
2026-06-29T13:03:43.093527+00:00,2026-06-29T13:03:43.095994+00:00,200,2.47,True,
2026-06-29T13:03:44.094023+00:00,2026-06-29T13:03:44.096049+00:00,200,2.03,True,
2026-06-29T13:03:45.094229+00:00,2026-06-29T13:03:45.095905+00:00,200,1.68,True,
2026-06-29T13:03:46.094376+00:00,2026-06-29T13:03:46.097641+00:00,200,3.27,True,
2026-06-29T13:03:47.094754+00:00,2026-06-29T13:03:47.098379+00:00,200,3.62,True,
2026-06-29T13:03:48.095449+00:00,2026-06-29T13:03:48.101532+00:00,200,6.08,True,
2026-06-29T13:03:49.095957+00:00,2026-06-29T13:03:49.099437+00:00,200,3.48,True,
2026-06-29T13:03:50.096145+00:00,2026-06-29T13:03:50.103025+00:00,200,6.88,True,
2026-06-29T13:03:51.096577+00:00,2026-06-29T13:03:51.102128+00:00,200,5.55,True,
2026-06-29T13:03:52.097233+00:00,2026-06-29T13:03:52.102414+00:00,200,5.18,True,
2026-06-29T13:03:53.097479+00:00,2026-06-29T13:03:53.105594+00:00,200,8.12,True,
2026-06-29T13:03:54.097808+00:00,2026-06-29T13:03:54.103712+00:00,200,5.9,True,
2026-06-29T13:03:55.097983+00:00,2026-06-29T13:03:55.101288+00:00,200,3.31,True,
2026-06-29T13:03:56.098581+00:00,2026-06-29T13:03:56.101774+00:00,200,3.19,True,
2026-06-29T13:03:57.098684+00:00,2026-06-29T13:03:57.100807+00:00,200,2.12,True,
2026-06-29T13:03:58.099467+00:00,2026-06-29T13:03:58.101335+00:00,200,1.87,True,
2026-06-29T13:03:59.099708+00:00,2026-06-29T13:03:59.101565+00:00,200,1.86,True,
2026-06-29T13:04:00.099824+00:00,2026-06-29T13:04:00.101898+00:00,200,2.07,True,
2026-06-29T13:04:01.100068+00:00,2026-06-29T13:04:01.103688+00:00,200,3.62,True,
2026-06-29T13:04:02.100385+00:00,2026-06-29T13:04:02.105638+00:00,200,5.25,True,
2026-06-29T13:04:03.100777+00:00,2026-06-29T13:04:03.104480+00:00,200,3.7,True,
2026-06-29T13:04:04.101243+00:00,2026-06-29T13:04:04.107605+00:00,200,6.36,True,
2026-06-29T13:04:05.101666+00:00,2026-06-29T13:04:05.109530+00:00,200,7.86,True,
2026-06-29T13:04:06.101832+00:00,2026-06-29T13:04:06.111925+00:00,200,10.09,True,
2026-06-29T13:04:07.102002+00:00,2026-06-29T13:04:07.105858+00:00,200,3.86,True,
2026-06-29T13:04:08.102182+00:00,2026-06-29T13:04:08.106299+00:00,200,4.12,True,
2026-06-29T13:04:09.102290+00:00,2026-06-29T13:04:09.104555+00:00,200,2.27,True,
2026-06-29T13:04:10.102396+00:00,2026-06-29T13:04:10.104730+00:00,200,2.33,True,
2026-06-29T13:04:11.102565+00:00,2026-06-29T13:04:11.104904+00:00,200,2.34,True,
2026-06-29T13:04:12.102627+00:00,2026-06-29T13:04:12.104302+00:00,200,1.68,True,
2026-06-29T13:04:13.102687+00:00,2026-06-29T13:04:13.104265+00:00,200,1.58,True,
2026-06-29T13:04:14.102861+00:00,2026-06-29T13:04:14.105968+00:00,200,3.11,True,
2026-06-29T13:04:15.103047+00:00,2026-06-29T13:04:15.110083+00:00,200,7.04,True,
2026-06-29T13:04:16.103278+00:00,2026-06-29T13:04:16.109736+00:00,200,6.46,True,
2026-06-29T13:04:17.103524+00:00,2026-06-29T13:04:17.109260+00:00,200,5.74,True,
2026-06-29T13:04:18.103794+00:00,2026-06-29T13:04:18.107083+00:00,200,3.29,True,
2026-06-29T13:04:19.103940+00:00,2026-06-29T13:04:19.107447+00:00,200,3.51,True,
2026-06-29T13:04:20.104137+00:00,2026-06-29T13:04:20.110699+00:00,200,6.56,True,
2026-06-29T13:04:21.104469+00:00,2026-06-29T13:04:21.110418+00:00,200,5.95,True,
2026-06-29T13:04:22.104714+00:00,2026-06-29T13:04:22.108577+00:00,200,3.86,True,
2026-06-29T13:04:23.105569+00:00,2026-06-29T13:04:23.111279+00:00,200,5.71,True,
2026-06-29T13:04:24.106071+00:00,2026-06-29T13:04:24.108882+00:00,200,2.81,True,
2026-06-29T13:04:25.106642+00:00,2026-06-29T13:04:25.109862+00:00,200,3.22,True,
2026-06-29T13:04:26.106912+00:00,2026-06-29T13:04:26.109031+00:00,200,2.12,True,
2026-06-29T13:04:27.107046+00:00,2026-06-29T13:04:27.108688+00:00,200,1.64,True,
2026-06-29T13:04:28.107209+00:00,2026-06-29T13:04:28.110328+00:00,200,3.12,True,
2026-06-29T13:04:29.107975+00:00,2026-06-29T13:04:29.114815+00:00,200,6.84,True,
2026-06-29T13:04:30.108221+00:00,2026-06-29T13:04:30.111901+00:00,200,3.68,True,
2026-06-29T13:04:31.108593+00:00,2026-06-29T13:04:31.118833+00:00,200,10.24,True,
2026-06-29T13:04:32.108833+00:00,2026-06-29T13:04:32.117603+00:00,200,8.77,True,
2026-06-29T13:04:33.109031+00:00,2026-06-29T13:04:33.116141+00:00,200,7.11,True,
2026-06-29T13:04:34.109173+00:00,2026-06-29T13:04:34.117233+00:00,200,8.06,True,
2026-06-29T13:04:35.109562+00:00,2026-06-29T13:04:35.115460+00:00,200,5.9,True,
2026-06-29T13:04:36.109887+00:00,2026-06-29T13:04:36.117647+00:00,200,7.76,True,
2026-06-29T13:04:37.110382+00:00,2026-06-29T13:04:37.116875+00:00,200,6.49,True,
2026-06-29T13:04:38.110538+00:00,2026-06-29T13:04:38.115607+00:00,200,5.07,True,
2026-06-29T13:04:39.111177+00:00,2026-06-29T13:04:39.113695+00:00,200,2.52,True,
2026-06-29T13:04:40.111377+00:00,2026-06-29T13:04:40.113296+00:00,200,1.92,True,
2026-06-29T13:04:41.111478+00:00,2026-06-29T13:04:41.113268+00:00,200,1.79,True,
2026-06-29T13:04:42.111587+00:00,2026-06-29T13:04:42.113433+00:00,200,1.85,True,
2026-06-29T13:04:43.111826+00:00,2026-06-29T13:04:43.120233+00:00,200,8.41,True,
2026-06-29T13:04:44.112034+00:00,2026-06-29T13:04:44.120677+00:00,200,8.64,True,
2026-06-29T13:04:45.112524+00:00,2026-06-29T13:04:45.119053+00:00,200,6.53,True,
2026-06-29T13:04:46.112700+00:00,2026-06-29T13:04:46.116425+00:00,200,3.73,True,
2026-06-29T13:04:47.112912+00:00,2026-06-29T13:04:47.120726+00:00,200,7.81,True,
2026-06-29T13:04:48.113756+00:00,2026-06-29T13:04:48.122050+00:00,200,8.29,True,
2026-06-29T13:04:49.114059+00:00,2026-06-29T13:04:49.120538+00:00,200,6.48,True,
2026-06-29T13:04:50.114192+00:00,2026-06-29T13:04:50.117533+00:00,200,3.34,True,
2026-06-29T13:04:51.114535+00:00,2026-06-29T13:04:51.117978+00:00,200,3.44,True,
2026-06-29T13:04:52.114649+00:00,2026-06-29T13:04:52.118029+00:00,200,3.38,True,
2026-06-29T13:04:53.115193+00:00,2026-06-29T13:04:53.117445+00:00,200,2.25,True,
2026-06-29T13:04:54.115322+00:00,2026-06-29T13:04:54.117430+00:00,200,2.11,True,
2026-06-29T13:04:55.115405+00:00,2026-06-29T13:04:55.117243+00:00,200,1.84,True,
2026-06-29T13:04:56.115456+00:00,2026-06-29T13:04:56.117189+00:00,200,1.73,True,
2026-06-29T13:04:57.115588+00:00,2026-06-29T13:04:57.117839+00:00,200,2.25,True,
2026-06-29T13:04:58.115680+00:00,2026-06-29T13:04:58.117064+00:00,200,1.38,True,
2026-06-29T13:04:59.115781+00:00,2026-06-29T13:04:59.117614+00:00,200,1.83,True,
2026-06-29T13:05:00.115895+00:00,2026-06-29T13:05:00.117457+00:00,200,1.56,True,
2026-06-29T13:05:01.116033+00:00,2026-06-29T13:05:01.118026+00:00,200,1.99,True,
2026-06-29T13:05:02.116191+00:00,2026-06-29T13:05:02.117825+00:00,200,1.63,True,
2026-06-29T13:05:03.116307+00:00,2026-06-29T13:05:03.117790+00:00,200,1.48,True,
2026-06-29T13:05:04.116476+00:00,2026-06-29T13:05:04.118372+00:00,200,1.9,True,
2026-06-29T13:05:05.116582+00:00,2026-06-29T13:05:05.118257+00:00,200,1.68,True,
2026-06-29T13:05:06.116676+00:00,2026-06-29T13:05:06.118765+00:00,200,2.09,True,
2026-06-29T13:05:07.116772+00:00,2026-06-29T13:05:07.118402+00:00,200,1.63,True,
2026-06-29T13:05:08.117010+00:00,2026-06-29T13:05:08.118544+00:00,200,1.53,True,
2026-06-29T13:05:09.117281+00:00,2026-06-29T13:05:09.118866+00:00,200,1.58,True,
2026-06-29T13:05:10.117470+00:00,2026-06-29T13:05:10.119162+00:00,200,1.69,True,
2026-06-29T13:05:11.117807+00:00,2026-06-29T13:05:11.119354+00:00,200,1.55,True,
2026-06-29T13:05:12.117907+00:00,2026-06-29T13:05:12.119340+00:00,200,1.43,True,
2026-06-29T13:05:13.118026+00:00,2026-06-29T13:05:13.119556+00:00,200,1.53,True,
2026-06-29T13:05:14.118299+00:00,2026-06-29T13:05:14.119971+00:00,200,1.67,True,
2026-06-29T13:05:15.118408+00:00,2026-06-29T13:05:15.119921+00:00,200,1.51,True,
2026-06-29T13:05:16.118488+00:00,2026-06-29T13:05:16.120237+00:00,200,1.75,True,
2026-06-29T13:05:17.118621+00:00,2026-06-29T13:05:17.120213+00:00,200,1.59,True,
2026-06-29T13:05:18.118712+00:00,2026-06-29T13:05:18.120515+00:00,200,1.8,True,
2026-06-29T13:05:19.119000+00:00,2026-06-29T13:05:19.120572+00:00,200,1.57,True,
2026-06-29T13:05:20.119146+00:00,2026-06-29T13:05:20.120807+00:00,200,1.66,True,
2026-06-29T13:05:21.119320+00:00,2026-06-29T13:05:21.120702+00:00,200,1.38,True,
2026-06-29T13:05:22.119468+00:00,2026-06-29T13:05:22.121172+00:00,200,1.7,True,
2026-06-29T13:05:23.119579+00:00,2026-06-29T13:05:23.121054+00:00,200,1.47,True,
2026-06-29T13:05:24.119665+00:00,2026-06-29T13:05:24.121353+00:00,200,1.69,True,
2026-06-29T13:05:25.119748+00:00,2026-06-29T13:05:25.121316+00:00,200,1.57,True,
2026-06-29T13:05:26.119847+00:00,2026-06-29T13:05:26.121348+00:00,200,1.5,True,
2026-06-29T13:05:27.119927+00:00,2026-06-29T13:05:27.122084+00:00,200,2.16,True,
2026-06-29T13:05:28.120063+00:00,2026-06-29T13:05:28.121670+00:00,200,1.61,True,
2026-06-29T13:05:29.120163+00:00,2026-06-29T13:05:29.121745+00:00,200,1.58,True,
2026-06-29T13:05:30.120330+00:00,2026-06-29T13:05:30.121834+00:00,200,1.5,True,
2026-06-29T13:05:31.120458+00:00,2026-06-29T13:05:31.121989+00:00,200,1.53,True,
2026-06-29T13:05:32.120588+00:00,2026-06-29T13:05:32.122233+00:00,200,1.65,True,
2026-06-29T13:05:33.120631+00:00,2026-06-29T13:05:33.122264+00:00,200,1.63,True,
2026-06-29T13:05:34.120695+00:00,2026-06-29T13:05:34.122116+00:00,200,1.42,True,
2026-06-29T13:05:35.120777+00:00,2026-06-29T13:05:35.122325+00:00,200,1.55,True,
2026-06-29T13:05:36.120806+00:00,2026-06-29T13:05:36.122802+00:00,200,2.0,True,
2026-06-29T13:05:37.120851+00:00,2026-06-29T13:05:37.122318+00:00,200,1.47,True,
2026-06-29T13:05:38.120977+00:00,2026-06-29T13:05:38.122689+00:00,200,1.71,True,
2026-06-29T13:05:39.121092+00:00,2026-06-29T13:05:39.122628+00:00,200,1.54,True,
2026-06-29T13:05:40.121195+00:00,2026-06-29T13:05:40.122824+00:00,200,1.63,True,
2026-06-29T13:05:41.121322+00:00,2026-06-29T13:05:41.122935+00:00,200,1.61,True,
2026-06-29T13:05:42.121450+00:00,2026-06-29T13:05:42.123054+00:00,200,1.6,True,
2026-06-29T13:05:43.121587+00:00,2026-06-29T13:05:43.123207+00:00,200,1.62,True,
2026-06-29T13:05:44.121633+00:00,2026-06-29T13:05:44.123129+00:00,200,1.5,True,
2026-06-29T13:05:45.121726+00:00,2026-06-29T13:05:45.123239+00:00,200,1.51,True,
2026-06-29T13:05:46.121843+00:00,2026-06-29T13:05:46.123301+00:00,200,1.46,True,
2026-06-29T13:05:47.121965+00:00,2026-06-29T13:05:47.123501+00:00,200,1.54,True,
2026-06-29T13:05:48.122058+00:00,2026-06-29T13:05:48.123544+00:00,200,1.49,True,
2026-06-29T13:05:49.122212+00:00,2026-06-29T13:05:49.123895+00:00,200,1.68,True,
2026-06-29T13:05:50.122331+00:00,2026-06-29T13:05:50.123946+00:00,200,1.61,True,
2026-06-29T13:05:51.122514+00:00,2026-06-29T13:05:51.123983+00:00,200,1.47,True,
2026-06-29T13:05:52.122640+00:00,2026-06-29T13:05:52.124355+00:00,200,1.71,True,
2026-06-29T13:05:53.122743+00:00,2026-06-29T13:05:53.124216+00:00,200,1.47,True,
2026-06-29T13:05:54.122836+00:00,2026-06-29T13:05:54.124491+00:00,200,1.66,True,
2026-06-29T13:05:55.122962+00:00,2026-06-29T13:05:55.124763+00:00,200,1.8,True,
2026-06-29T13:05:56.122984+00:00,2026-06-29T13:05:56.125095+00:00,200,2.11,True,
2026-06-29T13:05:57.123249+00:00,2026-06-29T13:05:57.124932+00:00,200,1.68,True,
2026-06-29T13:05:58.123422+00:00,2026-06-29T13:05:58.124981+00:00,200,1.56,True,
2026-06-29T13:05:59.123735+00:00,2026-06-29T13:05:59.125383+00:00,200,1.65,True,
2026-06-29T13:06:00.124223+00:00,2026-06-29T13:06:00.125966+00:00,200,1.74,True,
2026-06-29T13:06:01.124351+00:00,2026-06-29T13:06:01.125967+00:00,200,1.62,True,
2026-06-29T13:06:02.124463+00:00,2026-06-29T13:06:02.126215+00:00,200,1.75,True,
2026-06-29T13:06:03.124604+00:00,2026-06-29T13:06:03.126134+00:00,200,1.53,True,
2026-06-29T13:06:04.124696+00:00,2026-06-29T13:06:04.126273+00:00,200,1.58,True,
2026-06-29T13:06:05.124803+00:00,2026-06-29T13:06:05.126381+00:00,200,1.58,True,
2026-06-29T13:06:06.124888+00:00,2026-06-29T13:06:06.126609+00:00,200,1.72,True,
2026-06-29T13:06:07.124977+00:00,2026-06-29T13:06:07.126423+00:00,200,1.45,True,
2026-06-29T13:06:08.125101+00:00,2026-06-29T13:06:08.126613+00:00,200,1.51,True,
2026-06-29T13:06:09.125236+00:00,2026-06-29T13:06:09.126775+00:00,200,1.54,True,
2026-06-29T13:06:10.125322+00:00,2026-06-29T13:06:10.127038+00:00,200,1.72,True,
2026-06-29T13:06:11.125366+00:00,2026-06-29T13:06:11.126830+00:00,200,1.46,True,
2026-06-29T13:06:12.125483+00:00,2026-06-29T13:06:12.126915+00:00,200,1.43,True,
2026-06-29T13:06:13.125528+00:00,2026-06-29T13:06:13.127059+00:00,200,1.53,True,
2026-06-29T13:06:14.125572+00:00,2026-06-29T13:06:14.127319+00:00,200,1.75,True,
2026-06-29T13:06:15.125809+00:00,2026-06-29T13:06:15.127634+00:00,200,1.82,True,
2026-06-29T13:06:16.125924+00:00,2026-06-29T13:06:16.127570+00:00,200,1.65,True,
2026-06-29T13:06:17.126060+00:00,2026-06-29T13:06:17.127558+00:00,200,1.5,True,
2026-06-29T13:06:18.126177+00:00,2026-06-29T13:06:18.127557+00:00,200,1.38,True,
2026-06-29T13:06:19.126340+00:00,2026-06-29T13:06:19.127909+00:00,200,1.57,True,
2026-06-29T13:06:20.126505+00:00,2026-06-29T13:06:20.128124+00:00,200,1.62,True,
2026-06-29T13:06:21.126642+00:00,2026-06-29T13:06:21.128434+00:00,200,1.79,True,
2026-06-29T13:06:22.126727+00:00,2026-06-29T13:06:22.128257+00:00,200,1.53,True,
2026-06-29T13:06:23.126830+00:00,2026-06-29T13:06:23.128262+00:00,200,1.43,True,
2026-06-29T13:06:24.126942+00:00,2026-06-29T13:06:24.128538+00:00,200,1.6,True,
2026-06-29T13:06:25.127071+00:00,2026-06-29T13:06:25.128589+00:00,200,1.52,True,
2026-06-29T13:06:26.127219+00:00,2026-06-29T13:06:26.128839+00:00,200,1.62,True,
2026-06-29T13:06:27.127510+00:00,2026-06-29T13:06:27.128985+00:00,200,1.47,True,
2026-06-29T13:06:28.127607+00:00,2026-06-29T13:06:28.129165+00:00,200,1.56,True,
2026-06-29T13:06:29.127704+00:00,2026-06-29T13:06:29.129167+00:00,200,1.46,True,
2026-06-29T13:06:30.128061+00:00,2026-06-29T13:06:30.129917+00:00,200,1.86,True,
2026-06-29T13:06:31.128466+00:00,2026-06-29T13:06:31.130004+00:00,200,1.54,True,
2026-06-29T13:06:32.128907+00:00,2026-06-29T13:06:32.130562+00:00,200,1.66,True,
2026-06-29T13:06:33.129003+00:00,2026-06-29T13:06:33.130602+00:00,200,1.6,True,
2026-06-29T13:06:34.129139+00:00,2026-06-29T13:06:34.130617+00:00,200,1.48,True,
2026-06-29T13:06:35.129215+00:00,2026-06-29T13:06:35.131117+00:00,200,1.9,True,
2026-06-29T13:06:36.129391+00:00,2026-06-29T13:06:36.131011+00:00,200,1.62,True,
2026-06-29T13:06:37.129953+00:00,2026-06-29T13:06:37.131574+00:00,200,1.62,True,
2026-06-29T13:06:38.130094+00:00,2026-06-29T13:06:38.131572+00:00,200,1.48,True,
2026-06-29T13:06:39.130254+00:00,2026-06-29T13:06:39.131800+00:00,200,1.55,True,
2026-06-29T13:06:40.130802+00:00,2026-06-29T13:06:40.132465+00:00,200,1.66,True,
2026-06-29T13:06:41.131008+00:00,2026-06-29T13:06:41.132560+00:00,200,1.55,True,
2026-06-29T13:06:42.131274+00:00,2026-06-29T13:06:42.133075+00:00,200,1.8,True,
2026-06-29T13:06:43.131447+00:00,2026-06-29T13:06:43.132979+00:00,200,1.53,True,
2026-06-29T13:06:44.131611+00:00,2026-06-29T13:06:44.133220+00:00,200,1.61,True,
2026-06-29T13:06:45.131668+00:00,2026-06-29T13:06:45.133585+00:00,200,1.92,True,
2026-06-29T13:06:46.131787+00:00,2026-06-29T13:06:46.133315+00:00,200,1.53,True,
2026-06-29T13:06:47.132153+00:00,2026-06-29T13:06:47.133694+00:00,200,1.54,True,
2026-06-29T13:06:48.132261+00:00,2026-06-29T13:06:48.133888+00:00,200,1.63,True,
2026-06-29T13:06:49.132549+00:00,2026-06-29T13:06:49.134132+00:00,200,1.58,True,
2026-06-29T13:06:50.132645+00:00,2026-06-29T13:06:50.134191+00:00,200,1.55,True,
2026-06-29T13:06:51.132874+00:00,2026-06-29T13:06:51.134411+00:00,200,1.54,True,
2026-06-29T13:06:52.133718+00:00,2026-06-29T13:06:52.135274+00:00,200,1.56,True,
2026-06-29T13:06:53.134068+00:00,2026-06-29T13:06:53.135638+00:00,200,1.57,True,
2026-06-29T13:06:54.134222+00:00,2026-06-29T13:06:54.135736+00:00,200,1.51,True,
2026-06-29T13:06:55.134557+00:00,2026-06-29T13:06:55.136435+00:00,200,1.88,True,
2026-06-29T13:06:56.135011+00:00,2026-06-29T13:06:56.136545+00:00,200,1.53,True,
2026-06-29T13:06:57.135237+00:00,2026-06-29T13:06:57.137098+00:00,200,1.86,True,
2026-06-29T13:06:58.135355+00:00,2026-06-29T13:06:58.136926+00:00,200,1.57,True,
2026-06-29T13:06:59.135443+00:00,2026-06-29T13:06:59.136949+00:00,200,1.51,True,
2026-06-29T13:07:00.135671+00:00,2026-06-29T13:07:00.137331+00:00,200,1.66,True,
2026-06-29T13:07:01.135757+00:00,2026-06-29T13:07:01.137289+00:00,200,1.53,True,
2026-06-29T13:07:02.135867+00:00,2026-06-29T13:07:02.137441+00:00,200,1.57,True,
2026-06-29T13:07:03.135958+00:00,2026-06-29T13:07:03.137859+00:00,200,1.9,True,
2026-06-29T13:07:04.136045+00:00,2026-06-29T13:07:04.137590+00:00,200,1.54,True,
2026-06-29T13:07:05.136075+00:00,2026-06-29T13:07:05.137780+00:00,200,1.7,True,
2026-06-29T13:07:06.136164+00:00,2026-06-29T13:07:06.137578+00:00,200,1.41,True,
2026-06-29T13:07:07.136251+00:00,2026-06-29T13:07:07.137735+00:00,200,1.48,True,
2026-06-29T13:07:08.136362+00:00,2026-06-29T13:07:08.137815+00:00,200,1.45,True,
2026-06-29T13:07:09.136461+00:00,2026-06-29T13:07:09.138011+00:00,200,1.55,True,
2026-06-29T13:07:10.136662+00:00,2026-06-29T13:07:10.138149+00:00,200,1.49,True,
2026-06-29T13:07:11.136754+00:00,2026-06-29T13:07:11.138395+00:00,200,1.64,True,
2026-06-29T13:07:12.136865+00:00,2026-06-29T13:07:12.138371+00:00,200,1.51,True,
2026-06-29T13:07:13.137001+00:00,2026-06-29T13:07:13.138448+00:00,200,1.45,True,
2026-06-29T13:07:14.137144+00:00,2026-06-29T13:07:14.138765+00:00,200,1.62,True,
2026-06-29T13:07:15.137238+00:00,2026-06-29T13:07:15.138779+00:00,200,1.54,True,
2026-06-29T13:07:16.137320+00:00,2026-06-29T13:07:16.138976+00:00,200,1.66,True,
2026-06-29T13:07:17.137460+00:00,2026-06-29T13:07:17.139077+00:00,200,1.62,True,
2026-06-29T13:07:18.137623+00:00,2026-06-29T13:07:18.139053+00:00,200,1.43,True,
2026-06-29T13:07:19.137847+00:00,2026-06-29T13:07:19.139415+00:00,200,1.57,True,
2026-06-29T13:07:20.137974+00:00,2026-06-29T13:07:20.139542+00:00,200,1.57,True,
2026-06-29T13:07:21.138116+00:00,2026-06-29T13:07:21.139861+00:00,200,1.75,True,
2026-06-29T13:07:22.138266+00:00,2026-06-29T13:07:22.139876+00:00,200,1.61,True,
2026-06-29T13:07:23.138465+00:00,2026-06-29T13:07:23.140065+00:00,200,1.6,True,
2026-06-29T13:07:24.138521+00:00,2026-06-29T13:07:24.140351+00:00,200,1.83,True,
2026-06-29T13:07:25.138815+00:00,2026-06-29T13:07:25.140444+00:00,200,1.63,True,
2026-06-29T13:07:26.138941+00:00,2026-06-29T13:07:26.140522+00:00,200,1.58,True,
2026-06-29T13:07:27.139046+00:00,2026-06-29T13:07:27.140673+00:00,200,1.63,True,
2026-06-29T13:07:28.139199+00:00,2026-06-29T13:07:28.140779+00:00,200,1.58,True,
2026-06-29T13:07:29.139314+00:00,2026-06-29T13:07:29.141410+00:00,200,2.1,True,
2026-06-29T13:07:30.139479+00:00,2026-06-29T13:07:30.140921+00:00,200,1.44,True,
2026-06-29T13:07:31.139929+00:00,2026-06-29T13:07:31.141410+00:00,200,1.48,True,
2026-06-29T13:07:32.140336+00:00,2026-06-29T13:07:32.141957+00:00,200,1.62,True,
2026-06-29T13:07:33.140899+00:00,2026-06-29T13:07:33.142453+00:00,200,1.55,True,
2026-06-29T13:07:34.141121+00:00,2026-06-29T13:07:34.142777+00:00,200,1.66,True,
2026-06-29T13:07:35.141272+00:00,2026-06-29T13:07:35.142998+00:00,200,1.73,True,
2026-06-29T13:07:36.141359+00:00,2026-06-29T13:07:36.143681+00:00,200,2.32,True,
2026-06-29T13:07:37.141668+00:00,2026-06-29T13:07:37.143173+00:00,200,1.51,True,
2026-06-29T13:07:38.141872+00:00,2026-06-29T13:07:38.143276+00:00,200,1.4,True,
2026-06-29T13:07:39.142228+00:00,2026-06-29T13:07:39.144048+00:00,200,1.82,True,
2026-06-29T13:07:40.142393+00:00,2026-06-29T13:07:40.143955+00:00,200,1.56,True,
2026-06-29T13:07:41.142535+00:00,2026-06-29T13:07:41.144070+00:00,200,1.53,True,
2026-06-29T13:07:42.143118+00:00,2026-06-29T13:07:42.144680+00:00,200,1.56,True,
2026-06-29T13:07:43.143536+00:00,2026-06-29T13:07:43.145135+00:00,200,1.6,True,
2026-06-29T13:07:44.143798+00:00,2026-06-29T13:07:44.145752+00:00,200,1.95,True,
2026-06-29T13:07:45.144042+00:00,2026-06-29T13:07:45.145633+00:00,200,1.59,True,
2026-06-29T13:07:46.144938+00:00,2026-06-29T13:07:46.146371+00:00,200,1.43,True,
2026-06-29T13:07:47.145312+00:00,2026-06-29T13:07:47.146899+00:00,200,1.59,True,
2026-06-29T13:07:48.146123+00:00,2026-06-29T13:07:48.147637+00:00,200,1.51,True,
2026-06-29T13:07:49.146341+00:00,2026-06-29T13:07:49.147996+00:00,200,1.66,True,
2026-06-29T13:07:50.146904+00:00,2026-06-29T13:07:50.148390+00:00,200,1.49,True,
2026-06-29T13:07:51.147133+00:00,2026-06-29T13:07:51.148720+00:00,200,1.59,True,
2026-06-29T13:07:52.147250+00:00,2026-06-29T13:07:52.148891+00:00,200,1.64,True,
2026-06-29T13:07:53.147351+00:00,2026-06-29T13:07:53.149064+00:00,200,1.71,True,
2026-06-29T13:07:54.147486+00:00,2026-06-29T13:07:54.149172+00:00,200,1.69,True,
2026-06-29T13:07:55.147665+00:00,2026-06-29T13:07:55.149185+00:00,200,1.52,True,
2026-06-29T13:07:56.147869+00:00,2026-06-29T13:07:56.149874+00:00,200,2.0,True,
2026-06-29T13:07:57.147994+00:00,2026-06-29T13:07:57.150763+00:00,200,2.77,True,
2026-06-29T13:07:58.148227+00:00,2026-06-29T13:07:58.149879+00:00,200,1.65,True,
2026-06-29T13:07:59.148345+00:00,2026-06-29T13:07:59.150020+00:00,200,1.68,True,
2026-06-29T13:08:00.148477+00:00,2026-06-29T13:08:00.150153+00:00,200,1.68,True,
2026-06-29T13:08:01.148592+00:00,2026-06-29T13:08:01.150157+00:00,200,1.56,True,
2026-06-29T13:08:02.148929+00:00,2026-06-29T13:08:02.150407+00:00,200,1.48,True,
2026-06-29T13:08:03.149058+00:00,2026-06-29T13:08:03.150646+00:00,200,1.59,True,
2026-06-29T13:08:04.149338+00:00,2026-06-29T13:08:04.150969+00:00,200,1.63,True,
2026-06-29T13:08:05.149527+00:00,2026-06-29T13:08:05.151255+00:00,200,1.73,True,
2026-06-29T13:08:06.149729+00:00,2026-06-29T13:08:06.151314+00:00,200,1.58,True,
2026-06-29T13:08:07.149997+00:00,2026-06-29T13:08:07.151600+00:00,200,1.6,True,
2026-06-29T13:08:08.151072+00:00,2026-06-29T13:08:08.152567+00:00,200,1.5,True,
2026-06-29T13:08:09.151297+00:00,2026-06-29T13:08:09.152896+00:00,200,1.6,True,
2026-06-29T13:08:10.151343+00:00,2026-06-29T13:08:10.152874+00:00,200,1.53,True,
2026-06-29T13:08:11.151512+00:00,2026-06-29T13:08:11.153116+00:00,200,1.6,True,
2026-06-29T13:08:12.151598+00:00,2026-06-29T13:08:12.153307+00:00,200,1.71,True,
2026-06-29T13:08:13.151688+00:00,2026-06-29T13:08:13.153152+00:00,200,1.46,True,
2026-06-29T13:08:14.151813+00:00,2026-06-29T13:08:14.153708+00:00,200,1.9,True,
2026-06-29T13:08:15.152005+00:00,2026-06-29T13:08:15.153468+00:00,200,1.46,True,
2026-06-29T13:08:16.152077+00:00,2026-06-29T13:08:16.153878+00:00,200,1.8,True,
2026-06-29T13:08:17.152226+00:00,2026-06-29T13:08:17.153776+00:00,200,1.55,True,
2026-06-29T13:08:18.152466+00:00,2026-06-29T13:08:18.153935+00:00,200,1.47,True,
2026-06-29T13:08:19.152667+00:00,2026-06-29T13:08:19.154255+00:00,200,1.59,True,
2026-06-29T13:08:20.153248+00:00,2026-06-29T13:08:20.154890+00:00,200,1.64,True,
2026-06-29T13:08:21.153930+00:00,2026-06-29T13:08:21.155605+00:00,200,1.68,True,
2026-06-29T13:08:22.154068+00:00,2026-06-29T13:08:22.155700+00:00,200,1.63,True,
2026-06-29T13:08:23.154348+00:00,2026-06-29T13:08:23.155761+00:00,200,1.41,True,
2026-06-29T13:08:24.154648+00:00,2026-06-29T13:08:24.156236+00:00,200,1.59,True,
2026-06-29T13:08:25.154740+00:00,2026-06-29T13:08:25.156329+00:00,200,1.59,True,
2026-06-29T13:08:26.155232+00:00,2026-06-29T13:08:26.157093+00:00,200,1.86,True,
2026-06-29T13:08:27.155542+00:00,2026-06-29T13:08:27.157071+00:00,200,1.53,True,
2026-06-29T13:08:28.156381+00:00,2026-06-29T13:08:28.157656+00:00,200,1.28,True,
2026-06-29T13:08:29.156567+00:00,2026-06-29T13:08:29.158008+00:00,200,1.44,True,
2026-06-29T13:08:30.156900+00:00,2026-06-29T13:08:30.158148+00:00,200,1.25,True,
2026-06-29T13:08:31.157032+00:00,2026-06-29T13:08:31.158758+00:00,200,1.73,True,
2026-06-29T13:08:32.157298+00:00,2026-06-29T13:08:32.158871+00:00,200,1.57,True,
2026-06-29T13:08:33.158065+00:00,2026-06-29T13:08:33.159378+00:00,200,1.31,True,
2026-06-29T13:08:34.158185+00:00,2026-06-29T13:08:34.159703+00:00,200,1.52,True,
2026-06-29T13:08:35.158272+00:00,2026-06-29T13:08:35.159851+00:00,200,1.58,True,
2026-06-29T13:08:36.158439+00:00,2026-06-29T13:08:36.159857+00:00,200,1.42,True,
2026-06-29T13:08:37.158527+00:00,2026-06-29T13:08:37.159994+00:00,200,1.47,True,
2026-06-29T13:08:38.159608+00:00,2026-06-29T13:08:38.160959+00:00,200,1.35,True,
2026-06-29T13:08:39.159691+00:00,2026-06-29T13:08:39.161305+00:00,200,1.61,True,
2026-06-29T13:08:40.159787+00:00,2026-06-29T13:08:40.161436+00:00,200,1.65,True,
2026-06-29T13:08:41.159869+00:00,2026-06-29T13:08:41.161072+00:00,200,1.2,True,
2026-06-29T13:08:42.159939+00:00,2026-06-29T13:08:42.161829+00:00,200,1.89,True,
2026-06-29T13:08:43.160323+00:00,2026-06-29T13:08:43.161833+00:00,200,1.51,True,
2026-06-29T13:08:44.160438+00:00,2026-06-29T13:08:44.161810+00:00,200,1.37,True,
2026-06-29T13:08:45.160631+00:00,2026-06-29T13:08:45.161902+00:00,200,1.27,True,
2026-06-29T13:08:46.160745+00:00,2026-06-29T13:08:46.162044+00:00,200,1.3,True,
2026-06-29T13:08:47.160844+00:00,2026-06-29T13:08:47.162459+00:00,200,1.61,True,
2026-06-29T13:08:48.161254+00:00,2026-06-29T13:08:48.162673+00:00,200,1.42,True,
2026-06-29T13:08:49.161422+00:00,2026-06-29T13:08:49.162775+00:00,200,1.35,True,
2026-06-29T13:08:50.161848+00:00,2026-06-29T13:08:50.163520+00:00,200,1.67,True,
2026-06-29T13:08:51.162312+00:00,2026-06-29T13:08:51.163584+00:00,200,1.27,True,
2026-06-29T13:08:52.162661+00:00,2026-06-29T13:08:52.163867+00:00,200,1.21,True,
2026-06-29T13:08:53.162886+00:00,2026-06-29T13:08:53.164428+00:00,200,1.54,True,
2026-06-29T13:08:54.162973+00:00,2026-06-29T13:08:54.164411+00:00,200,1.44,True,
2026-06-29T13:08:55.163059+00:00,2026-06-29T13:08:55.164339+00:00,200,1.28,True,
2026-06-29T13:08:56.163197+00:00,2026-06-29T13:08:56.164877+00:00,200,1.68,True,
2026-06-29T13:08:57.163283+00:00,2026-06-29T13:08:57.164968+00:00,200,1.69,True,
2026-06-29T13:08:58.163460+00:00,2026-06-29T13:08:58.164939+00:00,200,1.48,True,
2026-06-29T13:08:59.163520+00:00,2026-06-29T13:08:59.164928+00:00,200,1.41,True,
2026-06-29T13:09:00.164100+00:00,2026-06-29T13:09:00.165293+00:00,200,1.19,True,
2026-06-29T13:09:01.165198+00:00,2026-06-29T13:09:01.166772+00:00,200,1.57,True,
2026-06-29T13:09:02.165613+00:00,2026-06-29T13:09:02.166764+00:00,200,1.15,True,
2026-06-29T13:09:03.165714+00:00,2026-06-29T13:09:03.167165+00:00,200,1.45,True,
2026-06-29T13:09:04.165902+00:00,2026-06-29T13:09:04.167443+00:00,200,1.54,True,
2026-06-29T13:09:05.166159+00:00,2026-06-29T13:09:05.167431+00:00,200,1.27,True,
2026-06-29T13:09:06.166957+00:00,2026-06-29T13:09:06.168274+00:00,200,1.32,True,
2026-06-29T13:09:07.167053+00:00,2026-06-29T13:09:07.168758+00:00,200,1.7,True,
2026-06-29T13:09:08.167138+00:00,2026-06-29T13:09:08.168940+00:00,200,1.8,True,
2026-06-29T13:09:09.167288+00:00,2026-06-29T13:09:09.168858+00:00,200,1.57,True,
2026-06-29T13:09:10.167686+00:00,2026-06-29T13:09:10.168868+00:00,200,1.18,True,
2026-06-29T13:09:11.167940+00:00,2026-06-29T13:09:11.169363+00:00,200,1.42,True,
2026-06-29T13:09:12.168033+00:00,2026-06-29T13:09:12.169610+00:00,200,1.58,True,
2026-06-29T13:09:13.168189+00:00,2026-06-29T13:09:13.169717+00:00,200,1.53,True,
2026-06-29T13:09:14.168276+00:00,2026-06-29T13:09:14.169692+00:00,200,1.42,True,
2026-06-29T13:09:15.168373+00:00,2026-06-29T13:09:15.169751+00:00,200,1.38,True,
2026-06-29T13:09:16.168489+00:00,2026-06-29T13:09:16.169793+00:00,200,1.3,True,
2026-06-29T13:09:17.168534+00:00,2026-06-29T13:09:17.170288+00:00,200,1.75,True,
2026-06-29T13:09:18.168613+00:00,2026-06-29T13:09:18.170124+00:00,200,1.51,True,
2026-06-29T13:09:19.168686+00:00,2026-06-29T13:09:19.171061+00:00,200,2.38,True,
2026-06-29T13:09:20.168787+00:00,2026-06-29T13:09:20.170400+00:00,200,1.61,True,
2026-06-29T13:09:21.168905+00:00,2026-06-29T13:09:21.170379+00:00,200,1.47,True,
2026-06-29T13:09:22.169006+00:00,2026-06-29T13:09:22.170531+00:00,200,1.53,True,
2026-06-29T13:09:23.169148+00:00,2026-06-29T13:09:23.170714+00:00,200,1.57,True,
2026-06-29T13:09:24.169249+00:00,2026-06-29T13:09:24.170835+00:00,200,1.59,True,
2026-06-29T13:09:25.169406+00:00,2026-06-29T13:09:25.171002+00:00,200,1.6,True,
2026-06-29T13:09:26.169508+00:00,2026-06-29T13:09:26.170731+00:00,200,1.22,True,
2026-06-29T13:09:27.169637+00:00,2026-06-29T13:09:27.171218+00:00,200,1.58,True,
2026-06-29T13:09:28.169736+00:00,2026-06-29T13:09:28.171243+00:00,200,1.51,True,
2026-06-29T13:09:29.169860+00:00,2026-06-29T13:09:29.171707+00:00,200,1.85,True,
2026-06-29T13:09:30.169991+00:00,2026-06-29T13:09:30.171795+00:00,200,1.8,True,
2026-06-29T13:09:31.170109+00:00,2026-06-29T13:09:31.171387+00:00,200,1.28,True,
2026-06-29T13:09:32.170220+00:00,2026-06-29T13:09:32.171838+00:00,200,1.62,True,
2026-06-29T13:09:33.170395+00:00,2026-06-29T13:09:33.172106+00:00,200,1.71,True,
2026-06-29T13:09:34.170480+00:00,2026-06-29T13:09:34.171827+00:00,200,1.35,True,
2026-06-29T13:09:35.170576+00:00,2026-06-29T13:09:35.172058+00:00,200,1.48,True,
2026-06-29T13:09:36.170657+00:00,2026-06-29T13:09:36.171934+00:00,200,1.28,True,
2026-06-29T13:09:37.170758+00:00,2026-06-29T13:09:37.172169+00:00,200,1.41,True,
2026-06-29T13:09:38.170875+00:00,2026-06-29T13:09:38.172179+00:00,200,1.3,True,
2026-06-29T13:09:39.171004+00:00,2026-06-29T13:09:39.172224+00:00,200,1.22,True,
2026-06-29T13:09:40.171152+00:00,2026-06-29T13:09:40.172406+00:00,200,1.25,True,
2026-06-29T13:09:41.171319+00:00,2026-06-29T13:09:41.172572+00:00,200,1.25,True,
2026-06-29T13:09:42.171418+00:00,2026-06-29T13:09:42.173008+00:00,200,1.59,True,
2026-06-29T13:09:43.171521+00:00,2026-06-29T13:09:43.172971+00:00,200,1.45,True,
2026-06-29T13:09:44.171616+00:00,2026-06-29T13:09:44.173909+00:00,200,2.29,True,
2026-06-29T13:09:45.171716+00:00,2026-06-29T13:09:45.173080+00:00,200,1.36,True,
2026-06-29T13:09:46.171831+00:00,2026-06-29T13:09:46.173471+00:00,200,1.64,True,
2026-06-29T13:09:47.171893+00:00,2026-06-29T13:09:47.173509+00:00,200,1.62,True,
2026-06-29T13:09:48.172026+00:00,2026-06-29T13:09:48.173637+00:00,200,1.61,True,
2026-06-29T13:09:49.172149+00:00,2026-06-29T13:09:49.173687+00:00,200,1.54,True,
2026-06-29T13:09:50.172229+00:00,2026-06-29T13:09:50.173844+00:00,200,1.61,True,
2026-06-29T13:09:51.172310+00:00,2026-06-29T13:09:51.173947+00:00,200,1.64,True,
2026-06-29T13:09:52.172396+00:00,2026-06-29T13:09:52.174023+00:00,200,1.63,True,
2026-06-29T13:09:53.172491+00:00,2026-06-29T13:09:53.173993+00:00,200,1.5,True,
2026-06-29T13:09:54.172544+00:00,2026-06-29T13:09:54.174198+00:00,200,1.65,True,
2026-06-29T13:09:55.172630+00:00,2026-06-29T13:09:55.173975+00:00,200,1.34,True,
2026-06-29T13:09:56.172730+00:00,2026-06-29T13:09:56.173917+00:00,200,1.19,True,
2026-06-29T13:09:57.172870+00:00,2026-06-29T13:09:57.176689+00:00,200,3.82,True,
2026-06-29T13:09:58.172943+00:00,2026-06-29T13:09:58.174514+00:00,200,1.57,True,
2026-06-29T13:09:59.173027+00:00,2026-06-29T13:09:59.174463+00:00,200,1.44,True,
2026-06-29T13:10:00.173212+00:00,2026-06-29T13:10:00.174786+00:00,200,1.57,True,
2026-06-29T13:10:01.173364+00:00,2026-06-29T13:10:01.174463+00:00,200,1.1,True,
2026-06-29T13:10:02.173640+00:00,2026-06-29T13:10:02.175276+00:00,200,1.64,True,
2026-06-29T13:10:03.173746+00:00,2026-06-29T13:10:03.175246+00:00,200,1.5,True,
2026-06-29T13:10:04.173868+00:00,2026-06-29T13:10:04.175251+00:00,200,1.38,True,
2026-06-29T13:10:05.174273+00:00,2026-06-29T13:10:05.175547+00:00,200,1.27,True,
2026-06-29T13:10:06.174774+00:00,2026-06-29T13:10:06.176416+00:00,200,1.64,True,
2026-06-29T13:10:07.174901+00:00,2026-06-29T13:10:07.176382+00:00,200,1.48,True,
2026-06-29T13:10:08.175564+00:00,2026-06-29T13:10:08.176930+00:00,200,1.37,True,
2026-06-29T13:10:09.176133+00:00,2026-06-29T13:10:09.177423+00:00,200,1.29,True,
2026-06-29T13:10:10.176258+00:00,2026-06-29T13:10:10.177815+00:00,200,1.56,True,
2026-06-29T13:10:11.177786+00:00,2026-06-29T13:10:11.180032+00:00,200,2.25,True,
2026-06-29T13:10:12.179068+00:00,2026-06-29T13:10:12.180214+00:00,200,1.15,True,
2026-06-29T13:10:13.179253+00:00,2026-06-29T13:10:13.180717+00:00,200,1.46,True,
2026-06-29T13:10:14.179474+00:00,2026-06-29T13:10:14.180894+00:00,200,1.42,True,
2026-06-29T13:10:15.179629+00:00,2026-06-29T13:10:15.181148+00:00,200,1.52,True,
2026-06-29T13:10:16.179740+00:00,2026-06-29T13:10:16.181321+00:00,200,1.58,True,
2026-06-29T13:10:17.179854+00:00,2026-06-29T13:10:17.181372+00:00,200,1.52,True,
2026-06-29T13:10:18.179937+00:00,2026-06-29T13:10:18.181320+00:00,200,1.38,True,
2026-06-29T13:10:19.180114+00:00,2026-06-29T13:10:19.181543+00:00,200,1.43,True,
2026-06-29T13:10:20.180218+00:00,2026-06-29T13:10:20.181624+00:00,200,1.41,True,
2026-06-29T13:10:21.180619+00:00,2026-06-29T13:10:21.181890+00:00,200,1.27,True,
2026-06-29T13:10:22.180963+00:00,2026-06-29T13:10:22.182444+00:00,200,1.48,True,
2026-06-29T13:10:23.181171+00:00,2026-06-29T13:10:23.182356+00:00,200,1.19,True,
2026-06-29T13:10:24.181276+00:00,2026-06-29T13:10:24.182959+00:00,200,1.68,True,
2026-06-29T13:10:25.181507+00:00,2026-06-29T13:10:25.183226+00:00,200,1.72,True,
2026-06-29T13:10:26.181990+00:00,2026-06-29T13:10:26.183586+00:00,200,1.6,True,
2026-06-29T13:10:27.182156+00:00,2026-06-29T13:10:27.183757+00:00,200,1.6,True,
2026-06-29T13:10:28.182262+00:00,2026-06-29T13:10:28.183772+00:00,200,1.51,True,
2026-06-29T13:10:29.182442+00:00,2026-06-29T13:10:29.183934+00:00,200,1.49,True,
2026-06-29T13:10:30.183217+00:00,2026-06-29T13:10:30.184574+00:00,200,1.36,True,
2026-06-29T13:10:31.183351+00:00,2026-06-29T13:10:31.184937+00:00,200,1.59,True,
2026-06-29T13:10:32.183530+00:00,2026-06-29T13:10:32.185320+00:00,200,1.79,True,
2026-06-29T13:10:33.183830+00:00,2026-06-29T13:10:33.185312+00:00,200,1.48,True,
2026-06-29T13:10:34.184693+00:00,2026-06-29T13:10:34.185957+00:00,200,1.26,True,
2026-06-29T13:10:35.184793+00:00,2026-06-29T13:10:35.186191+00:00,200,1.4,True,
2026-06-29T13:10:36.184887+00:00,2026-06-29T13:10:36.186101+00:00,200,1.21,True,
2026-06-29T13:10:37.184988+00:00,2026-06-29T13:10:37.186903+00:00,200,1.92,True,
2026-06-29T13:10:38.185096+00:00,2026-06-29T13:10:38.186690+00:00,200,1.59,True,
2026-06-29T13:10:39.185329+00:00,2026-06-29T13:10:39.186950+00:00,200,1.62,True,
2026-06-29T13:10:40.185905+00:00,2026-06-29T13:10:40.187216+00:00,200,1.31,True,
2026-06-29T13:10:41.187099+00:00,2026-06-29T13:10:41.188650+00:00,200,1.55,True,
2026-06-29T13:10:42.187338+00:00,2026-06-29T13:10:42.188920+00:00,200,1.58,True,
2026-06-29T13:10:43.187473+00:00,2026-06-29T13:10:43.188879+00:00,200,1.41,True,
2026-06-29T13:10:44.187670+00:00,2026-06-29T13:10:44.188840+00:00,200,1.17,True,
2026-06-29T13:10:45.187991+00:00,2026-06-29T13:10:45.189594+00:00,200,1.6,True,
2026-06-29T13:10:46.188678+00:00,2026-06-29T13:10:46.189918+00:00,200,1.24,True,
2026-06-29T13:10:47.189742+00:00,2026-06-29T13:10:47.191058+00:00,200,1.32,True,
2026-06-29T13:10:48.189871+00:00,2026-06-29T13:10:48.191298+00:00,200,1.43,True,
2026-06-29T13:10:49.190037+00:00,2026-06-29T13:10:49.191642+00:00,200,1.6,True,
2026-06-29T13:10:50.190139+00:00,2026-06-29T13:10:50.191349+00:00,200,1.21,True,
2026-06-29T13:10:51.190511+00:00,2026-06-29T13:10:51.192141+00:00,200,1.63,True,
2026-06-29T13:10:52.190594+00:00,2026-06-29T13:10:52.192178+00:00,200,1.58,True,
2026-06-29T13:10:53.190699+00:00,2026-06-29T13:10:53.192115+00:00,200,1.42,True,
2026-06-29T13:10:54.191846+00:00,2026-06-29T13:10:54.193513+00:00,200,1.67,True,
2026-06-29T13:10:55.192482+00:00,2026-06-29T13:10:55.194165+00:00,200,1.68,True,
2026-06-29T13:10:56.193300+00:00,2026-06-29T13:10:56.194652+00:00,200,1.35,True,
2026-06-29T13:10:57.193486+00:00,2026-06-29T13:10:57.194960+00:00,200,1.47,True,
2026-06-29T13:10:58.193527+00:00,2026-06-29T13:10:58.195303+00:00,200,1.78,True,
2026-06-29T13:10:59.193620+00:00,2026-06-29T13:10:59.195178+00:00,200,1.56,True,
2026-06-29T13:11:00.193743+00:00,2026-06-29T13:11:00.195258+00:00,200,1.52,True,
2026-06-29T13:11:01.193883+00:00,2026-06-29T13:11:01.195194+00:00,200,1.31,True,
2026-06-29T13:11:02.193951+00:00,2026-06-29T13:11:02.195475+00:00,200,1.52,True,
2026-06-29T13:11:03.194156+00:00,2026-06-29T13:11:03.195466+00:00,200,1.31,True,
2026-06-29T13:11:04.194407+00:00,2026-06-29T13:11:04.195917+00:00,200,1.51,True,
2026-06-29T13:11:05.194715+00:00,2026-06-29T13:11:05.196326+00:00,200,1.61,True,
2026-06-29T13:11:06.194751+00:00,2026-06-29T13:11:06.196340+00:00,200,1.59,True,
2026-06-29T13:11:07.194857+00:00,2026-06-29T13:11:07.196356+00:00,200,1.5,True,
2026-06-29T13:11:08.195035+00:00,2026-06-29T13:11:08.196336+00:00,200,1.3,True,
2026-06-29T13:11:09.195206+00:00,2026-06-29T13:11:09.196800+00:00,200,1.59,True,
2026-06-29T13:11:10.195418+00:00,2026-06-29T13:11:10.196971+00:00,200,1.55,True,
2026-06-29T13:11:11.195699+00:00,2026-06-29T13:11:11.197313+00:00,200,1.61,True,
2026-06-29T13:11:12.196030+00:00,2026-06-29T13:11:12.197286+00:00,200,1.26,True,
2026-06-29T13:11:13.196403+00:00,2026-06-29T13:11:13.197923+00:00,200,1.52,True,
2026-06-29T13:11:14.196609+00:00,2026-06-29T13:11:14.198127+00:00,200,1.52,True,
2026-06-29T13:11:15.196683+00:00,2026-06-29T13:11:15.198295+00:00,200,1.61,True,
2026-06-29T13:11:16.196805+00:00,2026-06-29T13:11:16.198607+00:00,200,1.8,True,
2026-06-29T13:11:17.197058+00:00,2026-06-29T13:11:17.198681+00:00,200,1.62,True,
2026-06-29T13:11:18.198418+00:00,2026-06-29T13:11:18.199775+00:00,200,1.36,True,
2026-06-29T13:11:19.198665+00:00,2026-06-29T13:11:19.200211+00:00,200,1.55,True,
2026-06-29T13:11:20.199562+00:00,2026-06-29T13:11:20.201106+00:00,200,1.54,True,
2026-06-29T13:11:21.199767+00:00,2026-06-29T13:11:21.201357+00:00,200,1.59,True,
2026-06-29T13:11:22.199847+00:00,2026-06-29T13:11:22.201127+00:00,200,1.28,True,
2026-06-29T13:11:23.200185+00:00,2026-06-29T13:11:23.201719+00:00,200,1.53,True,
2026-06-29T13:11:24.200371+00:00,2026-06-29T13:11:24.201953+00:00,200,1.58,True,
2026-06-29T13:11:25.200508+00:00,2026-06-29T13:11:25.201685+00:00,200,1.18,True,
2026-06-29T13:11:26.200600+00:00,2026-06-29T13:11:26.201802+00:00,200,1.2,True,
2026-06-29T13:11:27.200732+00:00,2026-06-29T13:11:27.202019+00:00,200,1.29,True,
2026-06-29T13:11:28.200876+00:00,2026-06-29T13:11:28.202295+00:00,200,1.42,True,
2026-06-29T13:11:29.201059+00:00,2026-06-29T13:11:29.202597+00:00,200,1.54,True,
2026-06-29T13:11:30.201231+00:00,2026-06-29T13:11:30.202875+00:00,200,1.64,True,
2026-06-29T13:11:31.201450+00:00,2026-06-29T13:11:31.203173+00:00,200,1.72,True,
2026-06-29T13:11:32.201535+00:00,2026-06-29T13:11:32.202851+00:00,200,1.32,True,
2026-06-29T13:11:33.201564+00:00,2026-06-29T13:11:33.203118+00:00,200,1.55,True,
2026-06-29T13:11:34.201629+00:00,2026-06-29T13:11:34.202972+00:00,200,1.34,True,
2026-06-29T13:11:35.201730+00:00,2026-06-29T13:11:35.203224+00:00,200,1.49,True,
2026-06-29T13:11:36.201876+00:00,2026-06-29T13:11:36.203455+00:00,200,1.58,True,
2026-06-29T13:11:37.201973+00:00,2026-06-29T13:11:37.203521+00:00,200,1.55,True,
2026-06-29T13:11:38.202047+00:00,2026-06-29T13:11:38.204767+00:00,200,2.72,True,
2026-06-29T13:11:39.202185+00:00,2026-06-29T13:11:39.203745+00:00,200,1.56,True,
2026-06-29T13:11:40.202290+00:00,2026-06-29T13:11:40.203609+00:00,200,1.32,True,
2026-06-29T13:11:41.202534+00:00,2026-06-29T13:11:41.204057+00:00,200,1.52,True,
2026-06-29T13:11:42.202667+00:00,2026-06-29T13:11:42.204464+00:00,200,1.8,True,
2026-06-29T13:11:43.202809+00:00,2026-06-29T13:11:43.203957+00:00,200,1.15,True,
2026-06-29T13:11:44.202914+00:00,2026-06-29T13:11:44.204431+00:00,200,1.52,True,
2026-06-29T13:11:45.203085+00:00,2026-06-29T13:11:45.204600+00:00,200,1.52,True,
2026-06-29T13:11:46.203318+00:00,2026-06-29T13:11:46.204620+00:00,200,1.3,True,
2026-06-29T13:11:47.203527+00:00,2026-06-29T13:11:47.204859+00:00,200,1.33,True,
2026-06-29T13:11:48.203715+00:00,2026-06-29T13:11:48.205265+00:00,200,1.55,True,
2026-06-29T13:11:49.203812+00:00,2026-06-29T13:11:49.205089+00:00,200,1.28,True,
2026-06-29T13:11:50.203963+00:00,2026-06-29T13:11:50.205599+00:00,200,1.64,True,
2026-06-29T13:11:51.204061+00:00,2026-06-29T13:11:51.205607+00:00,200,1.55,True,
2026-06-29T13:11:52.204183+00:00,2026-06-29T13:11:52.205828+00:00,200,1.65,True,
2026-06-29T13:11:53.204689+00:00,2026-06-29T13:11:53.206410+00:00,200,1.72,True,
2026-06-29T13:11:54.205074+00:00,2026-06-29T13:11:54.206657+00:00,200,1.58,True,
2026-06-29T13:11:55.205177+00:00,2026-06-29T13:11:55.206825+00:00,200,1.65,True,
2026-06-29T13:11:56.205223+00:00,2026-06-29T13:11:56.206756+00:00,200,1.53,True,
2026-06-29T13:11:57.205310+00:00,2026-06-29T13:11:57.206817+00:00,200,1.51,True,
2026-06-29T13:11:58.205516+00:00,2026-06-29T13:11:58.207414+00:00,200,1.9,True,
2026-06-29T13:11:59.205596+00:00,2026-06-29T13:11:59.207172+00:00,200,1.58,True,
2026-06-29T13:12:00.205708+00:00,2026-06-29T13:12:00.207226+00:00,200,1.52,True,
2026-06-29T13:12:01.206216+00:00,2026-06-29T13:12:01.207538+00:00,200,1.32,True,
2026-06-29T13:12:02.206698+00:00,2026-06-29T13:12:02.208057+00:00,200,1.36,True,
2026-06-29T13:12:03.206812+00:00,2026-06-29T13:12:03.208231+00:00,200,1.42,True,
2026-06-29T13:12:04.206941+00:00,2026-06-29T13:12:04.208289+00:00,200,1.35,True,
2026-06-29T13:12:05.207277+00:00,2026-06-29T13:12:05.208819+00:00,200,1.54,True,
2026-06-29T13:12:06.207533+00:00,2026-06-29T13:12:06.209087+00:00,200,1.55,True,
2026-06-29T13:12:07.207593+00:00,2026-06-29T13:12:07.209211+00:00,200,1.62,True,
2026-06-29T13:12:08.207701+00:00,2026-06-29T13:12:08.208891+00:00,200,1.19,True,
2026-06-29T13:12:09.207794+00:00,2026-06-29T13:12:09.209326+00:00,200,1.53,True,
2026-06-29T13:12:10.208836+00:00,2026-06-29T13:12:10.210276+00:00,200,1.44,True,
2026-06-29T13:12:11.209452+00:00,2026-06-29T13:12:11.211003+00:00,200,1.55,True,
2026-06-29T13:12:12.210255+00:00,2026-06-29T13:12:12.211463+00:00,200,1.21,True,
2026-06-29T13:12:13.210472+00:00,2026-06-29T13:12:13.211935+00:00,200,1.46,True,
2026-06-29T13:12:14.210792+00:00,2026-06-29T13:12:14.212070+00:00,200,1.28,True,
2026-06-29T13:12:15.210912+00:00,2026-06-29T13:12:15.212343+00:00,200,1.43,True,
2026-06-29T13:12:16.211037+00:00,2026-06-29T13:12:16.212292+00:00,200,1.26,True,
2026-06-29T13:12:17.212304+00:00,2026-06-29T13:12:17.213906+00:00,200,1.6,True,
2026-06-29T13:12:18.214226+00:00,2026-06-29T13:12:18.215532+00:00,200,1.31,True,
2026-06-29T13:12:19.214361+00:00,2026-06-29T13:12:19.215965+00:00,200,1.6,True,
2026-06-29T13:12:20.214610+00:00,2026-06-29T13:12:20.216185+00:00,200,1.57,True,
2026-06-29T13:12:21.214664+00:00,2026-06-29T13:12:21.216193+00:00,200,1.53,True,
2026-06-29T13:12:22.214796+00:00,2026-06-29T13:12:22.216098+00:00,200,1.3,True,
2026-06-29T13:12:23.214931+00:00,2026-06-29T13:12:23.216112+00:00,200,1.18,True,
2026-06-29T13:12:24.215103+00:00,2026-06-29T13:12:24.216655+00:00,200,1.55,True,
2026-06-29T13:12:25.215249+00:00,2026-06-29T13:12:25.216628+00:00,200,1.38,True,
2026-06-29T13:12:26.215527+00:00,2026-06-29T13:12:26.217114+00:00,200,1.59,True,
2026-06-29T13:12:27.215837+00:00,2026-06-29T13:12:27.217451+00:00,200,1.61,True,
2026-06-29T13:12:28.215961+00:00,2026-06-29T13:12:28.217478+00:00,200,1.52,True,
2026-06-29T13:12:29.216130+00:00,2026-06-29T13:12:29.217375+00:00,200,1.25,True,
2026-06-29T13:12:30.216243+00:00,2026-06-29T13:12:30.218086+00:00,200,1.84,True,
2026-06-29T13:12:31.216445+00:00,2026-06-29T13:12:31.218219+00:00,200,1.77,True,
2026-06-29T13:12:32.216531+00:00,2026-06-29T13:12:32.218192+00:00,200,1.66,True,
2026-06-29T13:12:33.216685+00:00,2026-06-29T13:12:33.217929+00:00,200,1.24,True,
2026-06-29T13:12:34.216870+00:00,2026-06-29T13:12:34.218206+00:00,200,1.34,True,
2026-06-29T13:12:35.216977+00:00,2026-06-29T13:12:35.218191+00:00,200,1.21,True,
2026-06-29T13:12:36.217194+00:00,2026-06-29T13:12:36.218481+00:00,200,1.29,True,
2026-06-29T13:12:37.217414+00:00,2026-06-29T13:12:37.219041+00:00,200,1.63,True,
2026-06-29T13:12:38.217591+00:00,2026-06-29T13:12:38.219104+00:00,200,1.51,True,
2026-06-29T13:12:39.217676+00:00,2026-06-29T13:12:39.219788+00:00,200,2.11,True,
2026-06-29T13:12:40.217774+00:00,2026-06-29T13:12:40.219609+00:00,200,1.83,True,
2026-06-29T13:12:41.217883+00:00,2026-06-29T13:12:41.219613+00:00,200,1.73,True,
2026-06-29T13:12:42.217997+00:00,2026-06-29T13:12:42.219179+00:00,200,1.18,True,
2026-06-29T13:12:43.218170+00:00,2026-06-29T13:12:43.219941+00:00,200,1.77,True,
2026-06-29T13:12:44.218333+00:00,2026-06-29T13:12:44.219927+00:00,200,1.59,True,
2026-06-29T13:12:45.218579+00:00,2026-06-29T13:12:45.220163+00:00,200,1.58,True,
2026-06-29T13:12:46.218684+00:00,2026-06-29T13:12:46.220409+00:00,200,1.72,True,
2026-06-29T13:12:47.218806+00:00,2026-06-29T13:12:47.220075+00:00,200,1.27,True,
2026-06-29T13:12:48.218922+00:00,2026-06-29T13:12:48.220423+00:00,200,1.5,True,
2026-06-29T13:12:49.219111+00:00,2026-06-29T13:12:49.220858+00:00,200,1.75,True,
2026-06-29T13:12:50.219335+00:00,2026-06-29T13:12:50.220616+00:00,200,1.28,True,
2026-06-29T13:12:51.219606+00:00,2026-06-29T13:12:51.221231+00:00,200,1.62,True,
2026-06-29T13:12:52.219721+00:00,2026-06-29T13:12:52.221395+00:00,200,1.67,True,
2026-06-29T13:12:53.219769+00:00,2026-06-29T13:12:53.220942+00:00,200,1.17,True,
2026-06-29T13:12:54.220422+00:00,2026-06-29T13:12:54.221721+00:00,200,1.3,True,
2026-06-29T13:12:55.220586+00:00,2026-06-29T13:12:55.222139+00:00,200,1.55,True,
2026-06-29T13:12:56.220707+00:00,2026-06-29T13:12:56.222411+00:00,200,1.7,True,
2026-06-29T13:12:57.221082+00:00,2026-06-29T13:12:57.222363+00:00,200,1.28,True,
2026-06-29T13:12:58.221275+00:00,2026-06-29T13:12:58.222896+00:00,200,1.62,True,
2026-06-29T13:12:59.221348+00:00,2026-06-29T13:12:59.222783+00:00,200,1.44,True,
2026-06-29T13:13:00.221448+00:00,2026-06-29T13:13:00.222776+00:00,200,1.33,True,
2026-06-29T13:13:01.221530+00:00,2026-06-29T13:13:01.223238+00:00,200,1.71,True,
2026-06-29T13:13:02.221621+00:00,2026-06-29T13:13:02.223061+00:00,200,1.44,True,
2026-06-29T13:13:03.221715+00:00,2026-06-29T13:13:03.223235+00:00,200,1.52,True,
2026-06-29T13:13:04.222114+00:00,2026-06-29T13:13:04.223351+00:00,200,1.24,True,
2026-06-29T13:13:05.222304+00:00,2026-06-29T13:13:05.223576+00:00,200,1.27,True,
2026-06-29T13:13:06.222471+00:00,2026-06-29T13:13:06.223656+00:00,200,1.19,True,
2026-06-29T13:13:07.222588+00:00,2026-06-29T13:13:07.224477+00:00,200,1.89,True,
2026-06-29T13:13:08.222667+00:00,2026-06-29T13:13:08.224247+00:00,200,1.58,True,
2026-06-29T13:13:09.222767+00:00,2026-06-29T13:13:09.225605+00:00,200,2.84,True,
2026-06-29T13:13:10.222858+00:00,2026-06-29T13:13:10.224328+00:00,200,1.47,True,
2026-06-29T13:13:11.222985+00:00,2026-06-29T13:13:11.224935+00:00,200,1.95,True,
2026-06-29T13:13:12.223181+00:00,2026-06-29T13:13:12.224412+00:00,200,1.23,True,
2026-06-29T13:13:13.223312+00:00,2026-06-29T13:13:13.224644+00:00,200,1.33,True,
2026-06-29T13:13:14.223514+00:00,2026-06-29T13:13:14.224996+00:00,200,1.48,True,
2026-06-29T13:13:15.223735+00:00,2026-06-29T13:13:15.225261+00:00,200,1.53,True,
2026-06-29T13:13:16.223869+00:00,2026-06-29T13:13:16.225366+00:00,200,1.5,True,
2026-06-29T13:13:17.224264+00:00,2026-06-29T13:13:17.225826+00:00,200,1.56,True,
2026-06-29T13:13:18.224359+00:00,2026-06-29T13:13:18.225903+00:00,200,1.54,True,
2026-06-29T13:13:19.224408+00:00,2026-06-29T13:13:19.225988+00:00,200,1.58,True,
2026-06-29T13:13:20.224684+00:00,2026-06-29T13:13:20.226210+00:00,200,1.53,True,
2026-06-29T13:13:21.224810+00:00,2026-06-29T13:13:21.226063+00:00,200,1.25,True,
2026-06-29T13:13:22.224967+00:00,2026-06-29T13:13:22.226436+00:00,200,1.47,True,
2026-06-29T13:13:23.225127+00:00,2026-06-29T13:13:23.226465+00:00,200,1.34,True,
2026-06-29T13:13:24.225582+00:00,2026-06-29T13:13:24.226797+00:00,200,1.21,True,
2026-06-29T13:13:25.225687+00:00,2026-06-29T13:13:25.227006+00:00,200,1.32,True,
2026-06-29T13:13:26.226033+00:00,2026-06-29T13:13:26.227257+00:00,200,1.22,True,
2026-06-29T13:13:27.226431+00:00,2026-06-29T13:13:27.228075+00:00,200,1.64,True,
2026-06-29T13:13:28.226633+00:00,2026-06-29T13:13:28.228256+00:00,200,1.62,True,
2026-06-29T13:13:29.226775+00:00,2026-06-29T13:13:29.228234+00:00,200,1.46,True,
2026-06-29T13:13:30.226907+00:00,2026-06-29T13:13:30.228181+00:00,200,1.27,True,
2026-06-29T13:13:31.227040+00:00,2026-06-29T13:13:31.228648+00:00,200,1.61,True,
2026-06-29T13:13:32.227200+00:00,2026-06-29T13:13:32.228762+00:00,200,1.56,True,
2026-06-29T13:13:33.227354+00:00,2026-06-29T13:13:33.228909+00:00,200,1.55,True,
2026-06-29T13:13:34.227613+00:00,2026-06-29T13:13:34.229197+00:00,200,1.58,True,
2026-06-29T13:13:35.227707+00:00,2026-06-29T13:13:35.229003+00:00,200,1.3,True,
2026-06-29T13:13:36.227808+00:00,2026-06-29T13:13:36.229387+00:00,200,1.58,True,
2026-06-29T13:13:37.227895+00:00,2026-06-29T13:13:37.229519+00:00,200,1.62,True,
2026-06-29T13:13:38.228448+00:00,2026-06-29T13:13:38.229940+00:00,200,1.49,True,
2026-06-29T13:13:39.228513+00:00,2026-06-29T13:13:39.230185+00:00,200,1.67,True,
2026-06-29T13:13:40.228826+00:00,2026-06-29T13:13:40.230117+00:00,200,1.29,True,
2026-06-29T13:13:41.228957+00:00,2026-06-29T13:13:41.230248+00:00,200,1.29,True,
2026-06-29T13:13:42.229187+00:00,2026-06-29T13:13:42.230472+00:00,200,1.28,True,
2026-06-29T13:13:43.229614+00:00,2026-06-29T13:13:43.230827+00:00,200,1.21,True,
2026-06-29T13:13:44.229704+00:00,2026-06-29T13:13:44.230844+00:00,200,1.14,True,
2026-06-29T13:13:45.229732+00:00,2026-06-29T13:13:45.231306+00:00,200,1.57,True,
2026-06-29T13:13:46.229814+00:00,2026-06-29T13:13:46.231386+00:00,200,1.57,True,
2026-06-29T13:13:47.229934+00:00,2026-06-29T13:13:47.231303+00:00,200,1.37,True,
2026-06-29T13:13:48.230574+00:00,2026-06-29T13:13:48.232061+00:00,200,1.49,True,
2026-06-29T13:13:49.230662+00:00,2026-06-29T13:13:49.232217+00:00,200,1.55,True,
2026-06-29T13:13:50.230744+00:00,2026-06-29T13:13:50.232099+00:00,200,1.35,True,
2026-06-29T13:13:51.230848+00:00,2026-06-29T13:13:51.232316+00:00,200,1.47,True,
2026-06-29T13:13:52.230969+00:00,2026-06-29T13:13:52.232599+00:00,200,1.63,True,
2026-06-29T13:13:53.231112+00:00,2026-06-29T13:13:53.232823+00:00,200,1.71,True,
2026-06-29T13:13:54.231198+00:00,2026-06-29T13:13:54.232504+00:00,200,1.31,True,
2026-06-29T13:13:55.231369+00:00,2026-06-29T13:13:55.232690+00:00,200,1.32,True,
2026-06-29T13:13:56.231538+00:00,2026-06-29T13:13:56.233156+00:00,200,1.62,True,
2026-06-29T13:13:57.231596+00:00,2026-06-29T13:13:57.233284+00:00,200,1.69,True,
2026-06-29T13:13:58.231695+00:00,2026-06-29T13:13:58.232890+00:00,200,1.2,True,
2026-06-29T13:13:59.231809+00:00,2026-06-29T13:13:59.234206+00:00,200,2.4,True,
2026-06-29T13:14:00.231919+00:00,2026-06-29T13:14:00.233412+00:00,200,1.49,True,
2026-06-29T13:14:01.232047+00:00,2026-06-29T13:14:01.233674+00:00,200,1.63,True,
2026-06-29T13:14:02.232140+00:00,2026-06-29T13:14:02.233762+00:00,200,1.62,True,
2026-06-29T13:14:03.232244+00:00,2026-06-29T13:14:03.233463+00:00,200,1.22,True,
2026-06-29T13:14:04.232330+00:00,2026-06-29T13:14:04.233722+00:00,200,1.39,True,
2026-06-29T13:14:05.232512+00:00,2026-06-29T13:14:05.234036+00:00,200,1.52,True,
2026-06-29T13:14:06.232653+00:00,2026-06-29T13:14:06.234192+00:00,200,1.54,True,
2026-06-29T13:14:07.232757+00:00,2026-06-29T13:14:07.234391+00:00,200,1.63,True,
2026-06-29T13:14:08.232811+00:00,2026-06-29T13:14:08.234354+00:00,200,1.54,True,
2026-06-29T13:14:09.232944+00:00,2026-06-29T13:14:09.234335+00:00,200,1.39,True,
2026-06-29T13:14:10.233059+00:00,2026-06-29T13:14:10.234478+00:00,200,1.42,True,
2026-06-29T13:14:11.233212+00:00,2026-06-29T13:14:11.234433+00:00,200,1.22,True,
2026-06-29T13:14:12.233356+00:00,2026-06-29T13:14:12.234839+00:00,200,1.48,True,
2026-06-29T13:14:13.233519+00:00,2026-06-29T13:14:13.235084+00:00,200,1.56,True,
2026-06-29T13:14:14.233636+00:00,2026-06-29T13:14:14.235233+00:00,200,1.6,True,
2026-06-29T13:14:15.233761+00:00,2026-06-29T13:14:15.235190+00:00,200,1.43,True,
2026-06-29T13:14:16.233850+00:00,2026-06-29T13:14:16.235391+00:00,200,1.54,True,
2026-06-29T13:14:17.233939+00:00,2026-06-29T13:14:17.235569+00:00,200,1.63,True,
2026-06-29T13:14:18.234028+00:00,2026-06-29T13:14:18.235474+00:00,200,1.45,True,
2026-06-29T13:14:19.235511+00:00,2026-06-29T13:14:19.237164+00:00,200,1.65,True,
2026-06-29T13:14:20.235538+00:00,2026-06-29T13:14:20.237162+00:00,200,1.62,True,
2026-06-29T13:14:21.235751+00:00,2026-06-29T13:14:21.237258+00:00,200,1.51,True,
2026-06-29T13:14:22.235845+00:00,2026-06-29T13:14:22.237447+00:00,200,1.6,True,
2026-06-29T13:14:23.235969+00:00,2026-06-29T13:14:23.237518+00:00,200,1.55,True,
2026-06-29T13:14:24.236231+00:00,2026-06-29T13:14:24.237827+00:00,200,1.6,True,
2026-06-29T13:14:25.236404+00:00,2026-06-29T13:14:25.238061+00:00,200,1.66,True,
2026-06-29T13:14:26.236598+00:00,2026-06-29T13:14:26.238242+00:00,200,1.64,True,
2026-06-29T13:14:27.236681+00:00,2026-06-29T13:14:27.238280+00:00,200,1.6,True,
2026-06-29T13:14:28.236796+00:00,2026-06-29T13:14:28.238184+00:00,200,1.39,True,
2026-06-29T13:14:29.237034+00:00,2026-06-29T13:14:29.238260+00:00,200,1.23,True,
2026-06-29T13:14:30.237310+00:00,2026-06-29T13:14:30.238828+00:00,200,1.52,True,
2026-06-29T13:14:31.237391+00:00,2026-06-29T13:14:31.238701+00:00,200,1.31,True,
2026-06-29T13:14:32.237840+00:00,2026-06-29T13:14:32.239680+00:00,200,1.84,True,
2026-06-29T13:14:33.238089+00:00,2026-06-29T13:14:33.239547+00:00,200,1.46,True,
2026-06-29T13:14:34.238207+00:00,2026-06-29T13:14:34.239401+00:00,200,1.19,True,
2026-06-29T13:14:35.238373+00:00,2026-06-29T13:14:35.240055+00:00,200,1.68,True,
2026-06-29T13:14:36.238554+00:00,2026-06-29T13:14:36.239836+00:00,200,1.28,True,
2026-06-29T13:14:37.238642+00:00,2026-06-29T13:14:37.240160+00:00,200,1.52,True,
2026-06-29T13:14:38.238749+00:00,2026-06-29T13:14:38.240210+00:00,200,1.46,True,
2026-06-29T13:14:39.238855+00:00,2026-06-29T13:14:39.240348+00:00,200,1.49,True,
2026-06-29T13:14:40.238985+00:00,2026-06-29T13:14:40.240917+00:00,200,1.93,True,
2026-06-29T13:14:41.239264+00:00,2026-06-29T13:14:41.240556+00:00,200,1.29,True,
2026-06-29T13:14:42.239449+00:00,2026-06-29T13:14:42.240918+00:00,200,1.47,True,
2026-06-29T13:14:43.239590+00:00,2026-06-29T13:14:43.241133+00:00,200,1.54,True,
2026-06-29T13:14:44.239936+00:00,2026-06-29T13:14:44.241322+00:00,200,1.39,True,
2026-06-29T13:14:45.240064+00:00,2026-06-29T13:14:45.241567+00:00,200,1.5,True,
2026-06-29T13:14:46.240245+00:00,2026-06-29T13:14:46.242023+00:00,200,1.78,True,
2026-06-29T13:14:47.240621+00:00,2026-06-29T13:14:47.242310+00:00,200,1.69,True,
2026-06-29T13:14:48.240848+00:00,2026-06-29T13:14:48.242263+00:00,200,1.42,True,
2026-06-29T13:14:49.240969+00:00,2026-06-29T13:14:49.242228+00:00,200,1.26,True,
2026-06-29T13:14:50.241118+00:00,2026-06-29T13:14:50.242675+00:00,200,1.56,True,
2026-06-29T13:14:51.241333+00:00,2026-06-29T13:14:51.243106+00:00,200,1.77,True,
2026-06-29T13:14:52.241515+00:00,2026-06-29T13:14:52.242728+00:00,200,1.21,True,
2026-06-29T13:14:53.241694+00:00,2026-06-29T13:14:53.242937+00:00,200,1.24,True,
2026-06-29T13:14:54.241919+00:00,2026-06-29T13:14:54.243246+00:00,200,1.33,True,
2026-06-29T13:14:55.242230+00:00,2026-06-29T13:14:55.243887+00:00,200,1.66,True,
2026-06-29T13:14:56.243274+00:00,2026-06-29T13:14:56.244924+00:00,200,1.65,True,
2026-06-29T13:14:57.244319+00:00,2026-06-29T13:14:57.245941+00:00,200,1.62,True,
2026-06-29T13:14:58.245240+00:00,2026-06-29T13:14:58.246761+00:00,200,1.52,True,
2026-06-29T13:14:59.245424+00:00,2026-06-29T13:14:59.246918+00:00,200,1.49,True,
2026-06-29T13:15:00.245513+00:00,2026-06-29T13:15:00.247430+00:00,200,1.92,True,
2026-06-29T13:15:01.245603+00:00,2026-06-29T13:15:01.246934+00:00,200,1.33,True,
2026-06-29T13:15:02.245821+00:00,2026-06-29T13:15:02.247426+00:00,200,1.6,True,
2026-06-29T13:15:03.245976+00:00,2026-06-29T13:15:03.247346+00:00,200,1.37,True,
2026-06-29T13:15:04.246107+00:00,2026-06-29T13:15:04.247590+00:00,200,1.48,True,
2026-06-29T13:15:05.246259+00:00,2026-06-29T13:15:05.247770+00:00,200,1.51,True,
2026-06-29T13:15:06.246342+00:00,2026-06-29T13:15:06.248337+00:00,200,1.99,True,
2026-06-29T13:15:07.246741+00:00,2026-06-29T13:15:07.248312+00:00,200,1.57,True,
2026-06-29T13:15:08.246959+00:00,2026-06-29T13:15:08.248175+00:00,200,1.22,True,
2026-06-29T13:15:09.247225+00:00,2026-06-29T13:15:09.248725+00:00,200,1.5,True,
2026-06-29T13:15:10.247659+00:00,2026-06-29T13:15:10.249003+00:00,200,1.34,True,
2026-06-29T13:15:11.247767+00:00,2026-06-29T13:15:11.248948+00:00,200,1.18,True,
2026-06-29T13:15:12.247851+00:00,2026-06-29T13:15:12.249466+00:00,200,1.61,True,
2026-06-29T13:15:13.248099+00:00,2026-06-29T13:15:13.249578+00:00,200,1.48,True,
2026-06-29T13:15:14.248225+00:00,2026-06-29T13:15:14.249657+00:00,200,1.43,True,
2026-06-29T13:15:15.248772+00:00,2026-06-29T13:15:15.250272+00:00,200,1.5,True,
2026-06-29T13:15:16.249134+00:00,2026-06-29T13:15:16.250810+00:00,200,1.68,True,
2026-06-29T13:15:17.249290+00:00,2026-06-29T13:15:17.250952+00:00,200,1.66,True,
2026-06-29T13:15:18.249678+00:00,2026-06-29T13:15:18.250948+00:00,200,1.27,True,
2026-06-29T13:15:19.250278+00:00,2026-06-29T13:15:19.251658+00:00,200,1.38,True,
2026-06-29T13:15:20.251508+00:00,2026-06-29T13:15:20.252697+00:00,200,1.19,True,
2026-06-29T13:15:21.251614+00:00,2026-06-29T13:15:21.252876+00:00,200,1.26,True,
2026-06-29T13:15:22.251708+00:00,2026-06-29T13:15:22.253304+00:00,200,1.6,True,
2026-06-29T13:15:23.251860+00:00,2026-06-29T13:15:23.253549+00:00,200,1.69,True,
2026-06-29T13:15:24.251989+00:00,2026-06-29T13:15:24.253566+00:00,200,1.58,True,
2026-06-29T13:15:25.252619+00:00,2026-06-29T13:15:25.253934+00:00,200,1.31,True,
2026-06-29T13:15:26.252707+00:00,2026-06-29T13:15:26.254031+00:00,200,1.32,True,
2026-06-29T13:15:27.252820+00:00,2026-06-29T13:15:27.254479+00:00,200,1.66,True,
2026-06-29T13:15:28.253936+00:00,2026-06-29T13:15:28.255316+00:00,200,1.38,True,
2026-06-29T13:15:29.254064+00:00,2026-06-29T13:15:29.255257+00:00,200,1.19,True,
2026-06-29T13:15:30.254260+00:00,2026-06-29T13:15:30.255822+00:00,200,1.56,True,
2026-06-29T13:15:31.254392+00:00,2026-06-29T13:15:31.255649+00:00,200,1.26,True,
2026-06-29T13:15:32.254561+00:00,2026-06-29T13:15:32.256396+00:00,200,1.83,True,
2026-06-29T13:15:33.254661+00:00,2026-06-29T13:15:33.256237+00:00,200,1.58,True,
2026-06-29T13:15:34.254763+00:00,2026-06-29T13:15:34.256352+00:00,200,1.59,True,
2026-06-29T13:15:35.255261+00:00,2026-06-29T13:15:35.256830+00:00,200,1.57,True,
2026-06-29T13:15:36.255411+00:00,2026-06-29T13:15:36.257028+00:00,200,1.62,True,
2026-06-29T13:15:37.255724+00:00,2026-06-29T13:15:37.257003+00:00,200,1.28,True,
2026-06-29T13:15:38.255809+00:00,2026-06-29T13:15:38.257358+00:00,200,1.55,True,
2026-06-29T13:15:39.255934+00:00,2026-06-29T13:15:39.257410+00:00,200,1.48,True,
2026-06-29T13:15:40.256018+00:00,2026-06-29T13:15:40.257422+00:00,200,1.4,True,
2026-06-29T13:15:41.256559+00:00,2026-06-29T13:15:41.258221+00:00,200,1.66,True,
2026-06-29T13:15:42.256781+00:00,2026-06-29T13:15:42.258087+00:00,200,1.31,True,
2026-06-29T13:15:43.256914+00:00,2026-06-29T13:15:43.258334+00:00,200,1.42,True,
2026-06-29T13:15:44.256997+00:00,2026-06-29T13:15:44.258678+00:00,200,1.68,True,
2026-06-29T13:15:45.257132+00:00,2026-06-29T13:15:45.258825+00:00,200,1.69,True,
2026-06-29T13:15:46.257271+00:00,2026-06-29T13:15:46.258464+00:00,200,1.19,True,
2026-06-29T13:15:47.257437+00:00,2026-06-29T13:15:47.259003+00:00,200,1.57,True,
2026-06-29T13:15:48.257540+00:00,2026-06-29T13:15:48.259155+00:00,200,1.61,True,
2026-06-29T13:15:49.257687+00:00,2026-06-29T13:15:49.258839+00:00,200,1.15,True,
2026-06-29T13:15:50.257797+00:00,2026-06-29T13:15:50.259388+00:00,200,1.59,True,
2026-06-29T13:15:51.258020+00:00,2026-06-29T13:15:51.259613+00:00,200,1.59,True,
2026-06-29T13:15:52.258805+00:00,2026-06-29T13:15:52.260046+00:00,200,1.24,True,
2026-06-29T13:15:53.258913+00:00,2026-06-29T13:15:53.260488+00:00,200,1.57,True,
2026-06-29T13:15:54.259290+00:00,2026-06-29T13:15:54.260905+00:00,200,1.61,True,
2026-06-29T13:15:55.259959+00:00,2026-06-29T13:15:55.261240+00:00,200,1.28,True,
2026-06-29T13:15:56.260103+00:00,2026-06-29T13:15:56.261529+00:00,200,1.43,True,
2026-06-29T13:15:57.260583+00:00,2026-06-29T13:15:57.262202+00:00,200,1.62,True,
2026-06-29T13:15:58.260805+00:00,2026-06-29T13:15:58.262068+00:00,200,1.26,True,
2026-06-29T13:15:59.260911+00:00,2026-06-29T13:15:59.262438+00:00,200,1.53,True,
2026-06-29T13:16:00.261159+00:00,2026-06-29T13:16:00.264052+00:00,200,2.89,True,
2026-06-29T13:16:01.261578+00:00,2026-06-29T13:16:01.262775+00:00,200,1.2,True,
2026-06-29T13:16:02.262040+00:00,2026-06-29T13:16:02.263580+00:00,200,1.54,True,
2026-06-29T13:16:03.262684+00:00,2026-06-29T13:16:03.264223+00:00,200,1.54,True,
2026-06-29T13:16:04.263154+00:00,2026-06-29T13:16:04.264848+00:00,200,1.69,True,
2026-06-29T13:16:05.263318+00:00,2026-06-29T13:16:05.264562+00:00,200,1.24,True,
2026-06-29T13:16:06.263999+00:00,2026-06-29T13:16:06.265623+00:00,200,1.62,True,
2026-06-29T13:16:07.264140+00:00,2026-06-29T13:16:07.265703+00:00,200,1.56,True,
2026-06-29T13:16:08.264798+00:00,2026-06-29T13:16:08.266227+00:00,200,1.43,True,
2026-06-29T13:16:09.265543+00:00,2026-06-29T13:16:09.266838+00:00,200,1.29,True,
2026-06-29T13:16:10.265642+00:00,2026-06-29T13:16:10.267101+00:00,200,1.46,True,
2026-06-29T13:16:11.265745+00:00,2026-06-29T13:16:11.267305+00:00,200,1.56,True,
2026-06-29T13:16:12.265857+00:00,2026-06-29T13:16:12.267354+00:00,200,1.5,True,
2026-06-29T13:16:13.265984+00:00,2026-06-29T13:16:13.267514+00:00,200,1.53,True,
2026-06-29T13:16:14.266118+00:00,2026-06-29T13:16:14.267335+00:00,200,1.22,True,
2026-06-29T13:16:15.266265+00:00,2026-06-29T13:16:15.267704+00:00,200,1.44,True,
2026-06-29T13:16:16.266356+00:00,2026-06-29T13:16:16.267847+00:00,200,1.49,True,
2026-06-29T13:16:17.266527+00:00,2026-06-29T13:16:17.268122+00:00,200,1.59,True,
2026-06-29T13:16:18.266562+00:00,2026-06-29T13:16:18.268038+00:00,200,1.48,True,
2026-06-29T13:16:19.266611+00:00,2026-06-29T13:16:19.269877+00:00,200,3.27,True,
2026-06-29T13:16:20.266705+00:00,2026-06-29T13:16:20.268818+00:00,200,2.11,True,
2026-06-29T13:16:21.266798+00:00,2026-06-29T13:16:21.268372+00:00,200,1.57,True,
2026-06-29T13:16:22.266915+00:00,2026-06-29T13:16:22.268567+00:00,200,1.65,True,
2026-06-29T13:16:23.267025+00:00,2026-06-29T13:16:23.268233+00:00,200,1.21,True,
2026-06-29T13:16:24.267111+00:00,2026-06-29T13:16:24.268740+00:00,200,1.63,True,
2026-06-29T13:16:25.267229+00:00,2026-06-29T13:16:25.268813+00:00,200,1.58,True,
2026-06-29T13:16:26.267309+00:00,2026-06-29T13:16:26.268955+00:00,200,1.65,True,
2026-06-29T13:16:27.267448+00:00,2026-06-29T13:16:27.268995+00:00,200,1.55,True,
2026-06-29T13:16:28.267567+00:00,2026-06-29T13:16:28.268858+00:00,200,1.29,True,
2026-06-29T13:16:29.267632+00:00,2026-06-29T13:16:29.269151+00:00,200,1.52,True,
2026-06-29T13:16:30.267727+00:00,2026-06-29T13:16:30.268866+00:00,200,1.14,True,
2026-06-29T13:16:31.267805+00:00,2026-06-29T13:16:31.269436+00:00,200,1.63,True,
2026-06-29T13:16:32.267893+00:00,2026-06-29T13:16:32.269387+00:00,200,1.49,True,
2026-06-29T13:16:33.268015+00:00,2026-06-29T13:16:33.269491+00:00,200,1.48,True,
2026-06-29T13:16:34.268291+00:00,2026-06-29T13:16:34.269994+00:00,200,1.7,True,
2026-06-29T13:16:35.268476+00:00,2026-06-29T13:16:35.270095+00:00,200,1.62,True,
2026-06-29T13:16:36.268676+00:00,2026-06-29T13:16:36.269972+00:00,200,1.3,True,
2026-06-29T13:16:37.268899+00:00,2026-06-29T13:16:37.270170+00:00,200,1.27,True,
2026-06-29T13:16:38.268984+00:00,2026-06-29T13:16:38.270520+00:00,200,1.54,True,
2026-06-29T13:16:39.269124+00:00,2026-06-29T13:16:39.270351+00:00,200,1.23,True,
2026-06-29T13:16:40.269236+00:00,2026-06-29T13:16:40.271428+00:00,200,2.19,True,
2026-06-29T13:16:41.269593+00:00,2026-06-29T13:16:41.271283+00:00,200,1.69,True,
2026-06-29T13:16:42.269690+00:00,2026-06-29T13:16:42.271043+00:00,200,1.35,True,
2026-06-29T13:16:43.269998+00:00,2026-06-29T13:16:43.271556+00:00,200,1.56,True,
2026-06-29T13:16:44.270090+00:00,2026-06-29T13:16:44.271795+00:00,200,1.7,True,
2026-06-29T13:16:45.270632+00:00,2026-06-29T13:16:45.272015+00:00,200,1.38,True,
2026-06-29T13:16:46.270734+00:00,2026-06-29T13:16:46.271994+00:00,200,1.26,True,
2026-06-29T13:16:47.270849+00:00,2026-06-29T13:16:47.272398+00:00,200,1.55,True,
2026-06-29T13:16:48.270972+00:00,2026-06-29T13:16:48.272261+00:00,200,1.29,True,
2026-06-29T13:16:49.271113+00:00,2026-06-29T13:16:49.272690+00:00,200,1.58,True,
2026-06-29T13:16:50.271210+00:00,2026-06-29T13:16:50.272833+00:00,200,1.62,True,
2026-06-29T13:16:51.271308+00:00,2026-06-29T13:16:51.272672+00:00,200,1.36,True,
2026-06-29T13:16:52.271446+00:00,2026-06-29T13:16:52.272939+00:00,200,1.49,True,
2026-06-29T13:16:53.271569+00:00,2026-06-29T13:16:53.273054+00:00,200,1.49,True,
2026-06-29T13:16:54.271663+00:00,2026-06-29T13:16:54.273231+00:00,200,1.57,True,
2026-06-29T13:16:55.271766+00:00,2026-06-29T13:16:55.273614+00:00,200,1.85,True,
2026-06-29T13:16:56.271879+00:00,2026-06-29T13:16:56.273629+00:00,200,1.75,True,
2026-06-29T13:16:57.271990+00:00,2026-06-29T13:16:57.273258+00:00,200,1.27,True,
2026-06-29T13:16:58.272130+00:00,2026-06-29T13:16:58.273609+00:00,200,1.48,True,
2026-06-29T13:16:59.272217+00:00,2026-06-29T13:16:59.273521+00:00,200,1.3,True,
2026-06-29T13:17:00.272392+00:00,2026-06-29T13:17:00.274249+00:00,200,1.86,True,
2026-06-29T13:17:01.272596+00:00,2026-06-29T13:17:01.274322+00:00,200,1.73,True,
2026-06-29T13:17:02.272682+00:00,2026-06-29T13:17:02.274176+00:00,200,1.49,True,
2026-06-29T13:17:03.272914+00:00,2026-06-29T13:17:03.274358+00:00,200,1.44,True,
2026-06-29T13:17:04.273175+00:00,2026-06-29T13:17:04.274552+00:00,200,1.38,True,
2026-06-29T13:17:05.273467+00:00,2026-06-29T13:17:05.275113+00:00,200,1.65,True,
2026-06-29T13:17:06.273789+00:00,2026-06-29T13:17:06.275436+00:00,200,1.65,True,
2026-06-29T13:17:07.274163+00:00,2026-06-29T13:17:07.275492+00:00,200,1.33,True,
2026-06-29T13:17:08.274380+00:00,2026-06-29T13:17:08.275946+00:00,200,1.57,True,
2026-06-29T13:17:09.274423+00:00,2026-06-29T13:17:09.275915+00:00,200,1.49,True,
2026-06-29T13:17:10.274745+00:00,2026-06-29T13:17:10.276338+00:00,200,1.59,True,
2026-06-29T13:17:11.275237+00:00,2026-06-29T13:17:11.276703+00:00,200,1.47,True,
2026-06-29T13:17:12.275543+00:00,2026-06-29T13:17:12.277158+00:00,200,1.61,True,
2026-06-29T13:17:13.275575+00:00,2026-06-29T13:17:13.276877+00:00,200,1.3,True,
2026-06-29T13:17:14.275668+00:00,2026-06-29T13:17:14.277262+00:00,200,1.59,True,
2026-06-29T13:17:15.275723+00:00,2026-06-29T13:17:15.277015+00:00,200,1.29,True,
2026-06-29T13:17:16.275901+00:00,2026-06-29T13:17:16.277535+00:00,200,1.63,True,
2026-06-29T13:17:17.276032+00:00,2026-06-29T13:17:17.277470+00:00,200,1.44,True,
2026-06-29T13:17:18.276161+00:00,2026-06-29T13:17:18.277463+00:00,200,1.3,True,
2026-06-29T13:17:19.276321+00:00,2026-06-29T13:17:19.277884+00:00,200,1.56,True,
2026-06-29T13:17:20.276454+00:00,2026-06-29T13:17:20.278006+00:00,200,1.55,True,
2026-06-29T13:17:21.276576+00:00,2026-06-29T13:17:21.278234+00:00,200,1.66,True,
2026-06-29T13:17:22.276625+00:00,2026-06-29T13:17:22.278228+00:00,200,1.6,True,
2026-06-29T13:17:23.276707+00:00,2026-06-29T13:17:23.277874+00:00,200,1.17,True,
2026-06-29T13:17:24.276808+00:00,2026-06-29T13:17:24.278388+00:00,200,1.58,True,
2026-06-29T13:17:25.276918+00:00,2026-06-29T13:17:25.278322+00:00,200,1.4,True,
2026-06-29T13:17:26.277110+00:00,2026-06-29T13:17:26.278395+00:00,200,1.28,True,
2026-06-29T13:17:27.277240+00:00,2026-06-29T13:17:27.278792+00:00,200,1.55,True,
2026-06-29T13:17:28.277330+00:00,2026-06-29T13:17:28.278933+00:00,200,1.6,True,
2026-06-29T13:17:29.277465+00:00,2026-06-29T13:17:29.278942+00:00,200,1.48,True,
2026-06-29T13:17:30.277658+00:00,2026-06-29T13:17:30.279185+00:00,200,1.53,True,
2026-06-29T13:17:31.278010+00:00,2026-06-29T13:17:31.279252+00:00,200,1.24,True,
2026-06-29T13:17:32.278523+00:00,2026-06-29T13:17:32.279923+00:00,200,1.4,True,
2026-06-29T13:17:33.278730+00:00,2026-06-29T13:17:33.280316+00:00,200,1.59,True,
2026-06-29T13:17:34.278844+00:00,2026-06-29T13:17:34.280008+00:00,200,1.16,True,
2026-06-29T13:17:35.279335+00:00,2026-06-29T13:17:35.280969+00:00,200,1.63,True,
2026-06-29T13:17:36.279485+00:00,2026-06-29T13:17:36.280785+00:00,200,1.3,True,
2026-06-29T13:17:37.279578+00:00,2026-06-29T13:17:37.281172+00:00,200,1.59,True,
2026-06-29T13:17:38.279639+00:00,2026-06-29T13:17:38.280840+00:00,200,1.2,True,
2026-06-29T13:17:39.279720+00:00,2026-06-29T13:17:39.282747+00:00,200,3.03,True,
2026-06-29T13:17:40.279825+00:00,2026-06-29T13:17:40.281167+00:00,200,1.34,True,
2026-06-29T13:17:41.279984+00:00,2026-06-29T13:17:41.281464+00:00,200,1.48,True,
2026-06-29T13:17:42.280073+00:00,2026-06-29T13:17:42.281572+00:00,200,1.5,True,
2026-06-29T13:17:43.280171+00:00,2026-06-29T13:17:43.281384+00:00,200,1.21,True,
2026-06-29T13:17:44.280458+00:00,2026-06-29T13:17:44.282315+00:00,200,1.86,True,
2026-06-29T13:17:45.280911+00:00,2026-06-29T13:17:45.282479+00:00,200,1.57,True,
2026-06-29T13:17:46.281049+00:00,2026-06-29T13:17:46.282471+00:00,200,1.42,True,
2026-06-29T13:17:47.281192+00:00,2026-06-29T13:17:47.282657+00:00,200,1.46,True,
2026-06-29T13:17:48.281359+00:00,2026-06-29T13:17:48.283074+00:00,200,1.71,True,
2026-06-29T13:17:49.281515+00:00,2026-06-29T13:17:49.282849+00:00,200,1.33,True,
2026-06-29T13:17:50.282220+00:00,2026-06-29T13:17:50.284045+00:00,200,1.82,True,
2026-06-29T13:17:51.282388+00:00,2026-06-29T13:17:51.283949+00:00,200,1.56,True,
2026-06-29T13:17:52.283200+00:00,2026-06-29T13:17:52.284642+00:00,200,1.44,True,
2026-06-29T13:17:53.283264+00:00,2026-06-29T13:17:53.284938+00:00,200,1.67,True,
2026-06-29T13:17:54.283360+00:00,2026-06-29T13:17:54.284858+00:00,200,1.5,True,
2026-06-29T13:17:55.283556+00:00,2026-06-29T13:17:55.285125+00:00,200,1.57,True,
2026-06-29T13:17:56.284160+00:00,2026-06-29T13:17:56.285695+00:00,200,1.53,True,
2026-06-29T13:17:57.284362+00:00,2026-06-29T13:17:57.285588+00:00,200,1.23,True,
2026-06-29T13:17:58.285253+00:00,2026-06-29T13:17:58.286749+00:00,200,1.5,True,
2026-06-29T13:17:59.285377+00:00,2026-06-29T13:17:59.287068+00:00,200,1.69,True,
2026-06-29T13:18:00.285562+00:00,2026-06-29T13:18:00.286741+00:00,200,1.18,True,
2026-06-29T13:18:01.285594+00:00,2026-06-29T13:18:01.286945+00:00,200,1.35,True,
2026-06-29T13:18:02.286065+00:00,2026-06-29T13:18:02.287629+00:00,200,1.56,True,
2026-06-29T13:18:03.286166+00:00,2026-06-29T13:18:03.287714+00:00,200,1.55,True,
2026-06-29T13:18:04.286256+00:00,2026-06-29T13:18:04.287951+00:00,200,1.69,True,
2026-06-29T13:18:05.287059+00:00,2026-06-29T13:18:05.288736+00:00,200,1.68,True,
2026-06-29T13:18:06.287122+00:00,2026-06-29T13:18:06.288425+00:00,200,1.3,True,
2026-06-29T13:18:07.287218+00:00,2026-06-29T13:18:07.288847+00:00,200,1.63,True,
2026-06-29T13:18:08.287393+00:00,2026-06-29T13:18:08.288602+00:00,200,1.21,True,
2026-06-29T13:18:09.288158+00:00,2026-06-29T13:18:09.289755+00:00,200,1.6,True,
2026-06-29T13:18:10.288261+00:00,2026-06-29T13:18:10.289513+00:00,200,1.25,True,
2026-06-29T13:18:11.288440+00:00,2026-06-29T13:18:11.290128+00:00,200,1.69,True,
2026-06-29T13:18:12.288550+00:00,2026-06-29T13:18:12.290175+00:00,200,1.62,True,
2026-06-29T13:18:13.288638+00:00,2026-06-29T13:18:13.290261+00:00,200,1.62,True,
2026-06-29T13:18:14.288731+00:00,2026-06-29T13:18:14.290430+00:00,200,1.7,True,
2026-06-29T13:18:15.288772+00:00,2026-06-29T13:18:15.290438+00:00,200,1.67,True,
2026-06-29T13:18:16.288874+00:00,2026-06-29T13:18:16.290470+00:00,200,1.6,True,
2026-06-29T13:18:17.288958+00:00,2026-06-29T13:18:17.291357+00:00,200,2.4,True,
2026-06-29T13:18:18.289099+00:00,2026-06-29T13:18:18.290341+00:00,200,1.24,True,
2026-06-29T13:18:19.289212+00:00,2026-06-29T13:18:19.290918+00:00,200,1.71,True,
2026-06-29T13:18:20.289319+00:00,2026-06-29T13:18:20.291127+00:00,200,1.81,True,
2026-06-29T13:18:21.289401+00:00,2026-06-29T13:18:21.291345+00:00,200,1.94,True,
2026-06-29T13:18:22.289592+00:00,2026-06-29T13:18:22.291223+00:00,200,1.63,True,
2026-06-29T13:18:23.289680+00:00,2026-06-29T13:18:23.290904+00:00,200,1.22,True,
2026-06-29T13:18:24.289805+00:00,2026-06-29T13:18:24.291262+00:00,200,1.46,True,
2026-06-29T13:18:25.289930+00:00,2026-06-29T13:18:25.291449+00:00,200,1.52,True,
2026-06-29T13:18:26.290074+00:00,2026-06-29T13:18:26.291803+00:00,200,1.73,True,
2026-06-29T13:18:27.290224+00:00,2026-06-29T13:18:27.291788+00:00,200,1.56,True,
2026-06-29T13:18:28.290343+00:00,2026-06-29T13:18:28.291909+00:00,200,1.57,True,
2026-06-29T13:18:29.290457+00:00,2026-06-29T13:18:29.291997+00:00,200,1.54,True,
2026-06-29T13:18:30.290533+00:00,2026-06-29T13:18:30.292065+00:00,200,1.53,True,
2026-06-29T13:18:31.290606+00:00,2026-06-29T13:18:31.291928+00:00,200,1.32,True,
2026-06-29T13:18:32.290697+00:00,2026-06-29T13:18:32.291911+00:00,200,1.21,True,
2026-06-29T13:18:33.290815+00:00,2026-06-29T13:18:33.292375+00:00,200,1.56,True,
2026-06-29T13:18:34.290902+00:00,2026-06-29T13:18:34.292129+00:00,200,1.23,True,
2026-06-29T13:18:35.291039+00:00,2026-06-29T13:18:35.292705+00:00,200,1.67,True,
2026-06-29T13:18:36.291192+00:00,2026-06-29T13:18:36.292511+00:00,200,1.32,True,
2026-06-29T13:18:37.291343+00:00,2026-06-29T13:18:37.292499+00:00,200,1.16,True,
2026-06-29T13:18:38.291526+00:00,2026-06-29T13:18:38.292805+00:00,200,1.28,True,
2026-06-29T13:18:39.291613+00:00,2026-06-29T13:18:39.293184+00:00,200,1.57,True,
2026-06-29T13:18:40.291698+00:00,2026-06-29T13:18:40.292956+00:00,200,1.26,True,
2026-06-29T13:18:41.291783+00:00,2026-06-29T13:18:41.293177+00:00,200,1.39,True,
2026-06-29T13:18:42.291898+00:00,2026-06-29T13:18:42.293442+00:00,200,1.54,True,
2026-06-29T13:18:43.292025+00:00,2026-06-29T13:18:43.293579+00:00,200,1.55,True,
2026-06-29T13:18:44.292171+00:00,2026-06-29T13:18:44.293845+00:00,200,1.67,True,
2026-06-29T13:18:45.292313+00:00,2026-06-29T13:18:45.293722+00:00,200,1.41,True,
2026-06-29T13:18:46.292486+00:00,2026-06-29T13:18:46.294048+00:00,200,1.56,True,
2026-06-29T13:18:47.292695+00:00,2026-06-29T13:18:47.293928+00:00,200,1.23,True,
2026-06-29T13:18:48.292924+00:00,2026-06-29T13:18:48.294442+00:00,200,1.52,True,
2026-06-29T13:18:49.293013+00:00,2026-06-29T13:18:49.294745+00:00,200,1.73,True,
2026-06-29T13:18:50.293158+00:00,2026-06-29T13:18:50.294788+00:00,200,1.63,True,
2026-06-29T13:18:51.293445+00:00,2026-06-29T13:18:51.294900+00:00,200,1.45,True,
2026-06-29T13:18:52.293772+00:00,2026-06-29T13:18:52.295263+00:00,200,1.49,True,
2026-06-29T13:18:53.293894+00:00,2026-06-29T13:18:53.295202+00:00,200,1.31,True,
2026-06-29T13:18:54.294017+00:00,2026-06-29T13:18:54.295509+00:00,200,1.49,True,
2026-06-29T13:18:55.294160+00:00,2026-06-29T13:18:55.295748+00:00,200,1.59,True,
2026-06-29T13:18:56.295490+00:00,2026-06-29T13:18:56.297319+00:00,200,1.83,True,
2026-06-29T13:18:57.295573+00:00,2026-06-29T13:18:57.296740+00:00,200,1.17,True,
2026-06-29T13:18:58.295661+00:00,2026-06-29T13:18:58.297286+00:00,200,1.62,True,
2026-06-29T13:18:59.295885+00:00,2026-06-29T13:18:59.297477+00:00,200,1.59,True,
2026-06-29T13:19:00.296349+00:00,2026-06-29T13:19:00.299150+00:00,200,2.8,True,
2026-06-29T13:19:01.296450+00:00,2026-06-29T13:19:01.297878+00:00,200,1.43,True,
2026-06-29T13:19:02.296622+00:00,2026-06-29T13:19:02.298136+00:00,200,1.51,True,
2026-06-29T13:19:03.297090+00:00,2026-06-29T13:19:03.298638+00:00,200,1.55,True,
2026-06-29T13:19:04.297229+00:00,2026-06-29T13:19:04.298583+00:00,200,1.35,True,
2026-06-29T13:19:05.297301+00:00,2026-06-29T13:19:05.298512+00:00,200,1.21,True,
2026-06-29T13:19:06.297459+00:00,2026-06-29T13:19:06.298889+00:00,200,1.43,True,
2026-06-29T13:19:07.297589+00:00,2026-06-29T13:19:07.299113+00:00,200,1.52,True,
2026-06-29T13:19:08.297681+00:00,2026-06-29T13:19:08.299250+00:00,200,1.57,True,
2026-06-29T13:19:09.297786+00:00,2026-06-29T13:19:09.299504+00:00,200,1.72,True,
2026-06-29T13:19:10.297890+00:00,2026-06-29T13:19:10.299362+00:00,200,1.47,True,
2026-06-29T13:19:11.297994+00:00,2026-06-29T13:19:11.299438+00:00,200,1.44,True,
2026-06-29T13:19:12.298122+00:00,2026-06-29T13:19:12.299668+00:00,200,1.55,True,
2026-06-29T13:19:13.298244+00:00,2026-06-29T13:19:13.299418+00:00,200,1.17,True,
2026-06-29T13:19:14.298419+00:00,2026-06-29T13:19:14.299939+00:00,200,1.52,True,
2026-06-29T13:19:15.298540+00:00,2026-06-29T13:19:15.300131+00:00,200,1.59,True,
2026-06-29T13:19:16.298640+00:00,2026-06-29T13:19:16.300021+00:00,200,1.38,True,
2026-06-29T13:19:17.298866+00:00,2026-06-29T13:19:17.300375+00:00,200,1.51,True,
2026-06-29T13:19:18.298992+00:00,2026-06-29T13:19:18.300628+00:00,200,1.64,True,
2026-06-29T13:19:19.299124+00:00,2026-06-29T13:19:19.300425+00:00,200,1.3,True,
2026-06-29T13:19:20.299199+00:00,2026-06-29T13:19:20.300784+00:00,200,1.58,True,
2026-06-29T13:19:21.299370+00:00,2026-06-29T13:19:21.300762+00:00,200,1.39,True,
2026-06-29T13:19:22.299557+00:00,2026-06-29T13:19:22.300801+00:00,200,1.24,True,
2026-06-29T13:19:23.299772+00:00,2026-06-29T13:19:23.301091+00:00,200,1.32,True,
2026-06-29T13:19:24.299876+00:00,2026-06-29T13:19:24.301192+00:00,200,1.32,True,
2026-06-29T13:19:25.299986+00:00,2026-06-29T13:19:25.301454+00:00,200,1.47,True,
2026-06-29T13:19:26.300108+00:00,2026-06-29T13:19:26.301686+00:00,200,1.58,True,
2026-06-29T13:19:27.300220+00:00,2026-06-29T13:19:27.301556+00:00,200,1.34,True,
2026-06-29T13:19:28.300375+00:00,2026-06-29T13:19:28.301980+00:00,200,1.6,True,
2026-06-29T13:19:29.300535+00:00,2026-06-29T13:19:29.302029+00:00,200,1.49,True,
2026-06-29T13:19:30.300643+00:00,2026-06-29T13:19:30.301871+00:00,200,1.23,True,
2026-06-29T13:19:31.300872+00:00,2026-06-29T13:19:31.302489+00:00,200,1.62,True,
2026-06-29T13:19:32.301116+00:00,2026-06-29T13:19:32.302621+00:00,200,1.51,True,
2026-06-29T13:19:33.301221+00:00,2026-06-29T13:19:33.302885+00:00,200,1.66,True,
2026-06-29T13:19:34.301619+00:00,2026-06-29T13:19:34.302929+00:00,200,1.31,True,
2026-06-29T13:19:35.301792+00:00,2026-06-29T13:19:35.303579+00:00,200,1.79,True,
2026-06-29T13:19:36.301899+00:00,2026-06-29T13:19:36.303640+00:00,200,1.74,True,
2026-06-29T13:19:37.302355+00:00,2026-06-29T13:19:37.303675+00:00,200,1.32,True,
2026-06-29T13:19:38.302635+00:00,2026-06-29T13:19:38.304242+00:00,200,1.61,True,
2026-06-29T13:19:39.302973+00:00,2026-06-29T13:19:39.304507+00:00,200,1.53,True,
2026-06-29T13:19:40.303163+00:00,2026-06-29T13:19:40.306007+00:00,200,2.84,True,
2026-06-29T13:19:41.303512+00:00,2026-06-29T13:19:41.304809+00:00,200,1.3,True,
2026-06-29T13:19:42.303846+00:00,2026-06-29T13:19:42.305429+00:00,200,1.58,True,
2026-06-29T13:19:43.303969+00:00,2026-06-29T13:19:43.305616+00:00,200,1.65,True,
2026-06-29T13:19:44.304355+00:00,2026-06-29T13:19:44.305935+00:00,200,1.58,True,
2026-06-29T13:19:45.304922+00:00,2026-06-29T13:19:45.306475+00:00,200,1.55,True,
2026-06-29T13:19:46.305312+00:00,2026-06-29T13:19:46.306891+00:00,200,1.58,True,
2026-06-29T13:19:47.305743+00:00,2026-06-29T13:19:47.306947+00:00,200,1.2,True,
2026-06-29T13:19:48.305892+00:00,2026-06-29T13:19:48.307402+00:00,200,1.51,True,
2026-06-29T13:19:49.306149+00:00,2026-06-29T13:19:49.307782+00:00,200,1.63,True,
2026-06-29T13:19:50.306205+00:00,2026-06-29T13:19:50.307570+00:00,200,1.36,True,
2026-06-29T13:19:51.306300+00:00,2026-06-29T13:19:51.307993+00:00,200,1.69,True,
2026-06-29T13:19:52.306412+00:00,2026-06-29T13:19:52.308173+00:00,200,1.76,True,
2026-06-29T13:19:53.306852+00:00,2026-06-29T13:19:53.308100+00:00,200,1.25,True,
2026-06-29T13:19:54.307945+00:00,2026-06-29T13:19:54.309549+00:00,200,1.6,True,
2026-06-29T13:19:55.308564+00:00,2026-06-29T13:19:55.310053+00:00,200,1.49,True,
2026-06-29T13:19:56.308784+00:00,2026-06-29T13:19:56.310279+00:00,200,1.5,True,
2026-06-29T13:19:57.308881+00:00,2026-06-29T13:19:57.310095+00:00,200,1.21,True,
2026-06-29T13:19:58.309146+00:00,2026-06-29T13:19:58.310471+00:00,200,1.32,True,
2026-06-29T13:19:59.309305+00:00,2026-06-29T13:19:59.310640+00:00,200,1.33,True,
2026-06-29T13:20:00.309530+00:00,2026-06-29T13:20:00.311450+00:00,200,1.92,True,
2026-06-29T13:20:01.309753+00:00,2026-06-29T13:20:01.311071+00:00,200,1.32,True,
2026-06-29T13:20:02.309866+00:00,2026-06-29T13:20:02.311378+00:00,200,1.51,True,
2026-06-29T13:20:03.310123+00:00,2026-06-29T13:20:03.311381+00:00,200,1.26,True,
2026-06-29T13:20:04.310257+00:00,2026-06-29T13:20:04.311526+00:00,200,1.27,True,
2026-06-29T13:20:05.310484+00:00,2026-06-29T13:20:05.312199+00:00,200,1.71,True,
2026-06-29T13:20:06.310864+00:00,2026-06-29T13:20:06.313060+00:00,200,2.2,True,
2026-06-29T13:20:07.311222+00:00,2026-06-29T13:20:07.315682+00:00,200,4.46,True,
2026-06-29T13:20:08.311916+00:00,2026-06-29T13:20:08.313791+00:00,200,1.88,True,
2026-06-29T13:20:09.312092+00:00,2026-06-29T13:20:09.317792+00:00,200,5.7,True,
2026-06-29T13:20:10.312124+00:00,2026-06-29T13:20:10.313790+00:00,200,1.67,True,
2026-06-29T13:20:11.312661+00:00,2026-06-29T13:20:11.314014+00:00,200,1.35,True,
2026-06-29T13:20:12.313545+00:00,2026-06-29T13:20:12.315827+00:00,200,2.28,True,
2026-06-29T13:20:13.313885+00:00,2026-06-29T13:20:13.315154+00:00,200,1.27,True,
2026-06-29T13:20:14.313916+00:00,2026-06-29T13:20:14.315132+00:00,200,1.22,True,
2026-06-29T13:20:15.314422+00:00,2026-06-29T13:20:15.315872+00:00,200,1.45,True,
2026-06-29T13:20:16.314742+00:00,2026-06-29T13:20:16.316381+00:00,200,1.64,True,
2026-06-29T13:20:17.314816+00:00,2026-06-29T13:20:17.318194+00:00,200,3.38,True,
2026-06-29T13:20:18.314904+00:00,2026-06-29T13:20:18.317008+00:00,200,2.1,True,
2026-06-29T13:20:19.315019+00:00,2026-06-29T13:20:19.316596+00:00,200,1.58,True,
2026-06-29T13:20:20.315376+00:00,2026-06-29T13:20:20.319114+00:00,200,3.74,True,
2026-06-29T13:20:21.316028+00:00,2026-06-29T13:20:21.321434+00:00,200,5.41,True,
2026-06-29T13:20:22.316257+00:00,2026-06-29T13:20:22.322993+00:00,200,6.74,True,
2026-06-29T13:20:23.316377+00:00,2026-06-29T13:20:23.320333+00:00,200,3.96,True,
2026-06-29T13:20:24.316626+00:00,2026-06-29T13:20:24.324664+00:00,200,8.04,True,
2026-06-29T13:20:25.316784+00:00,2026-06-29T13:20:25.321232+00:00,200,4.45,True,
2026-06-29T13:20:26.316988+00:00,2026-06-29T13:20:26.323692+00:00,200,6.7,True,
2026-06-29T13:20:27.317169+00:00,2026-06-29T13:20:27.320207+00:00,200,3.04,True,
2026-06-29T13:20:28.317361+00:00,2026-06-29T13:20:28.319169+00:00,200,1.81,True,
2026-06-29T13:20:29.317620+00:00,2026-06-29T13:20:29.319336+00:00,200,1.72,True,
2026-06-29T13:20:30.317705+00:00,2026-06-29T13:20:30.319023+00:00,200,1.32,True,
2026-06-29T13:20:31.317801+00:00,2026-06-29T13:20:31.319565+00:00,200,1.76,True,
2026-06-29T13:20:32.317912+00:00,2026-06-29T13:20:32.319281+00:00,200,1.37,True,
2026-06-29T13:20:33.317996+00:00,2026-06-29T13:20:33.319468+00:00,200,1.47,True,
2026-06-29T13:20:34.318190+00:00,2026-06-29T13:20:34.326108+00:00,200,7.92,True,
2026-06-29T13:20:35.318412+00:00,2026-06-29T13:20:35.325155+00:00,200,6.74,True,
2026-06-29T13:20:36.318611+00:00,2026-06-29T13:20:36.321396+00:00,200,2.79,True,
2026-06-29T13:20:37.318751+00:00,2026-06-29T13:20:37.321925+00:00,200,3.17,True,
2026-06-29T13:20:38.318896+00:00,2026-06-29T13:20:38.322474+00:00,200,3.58,True,
2026-06-29T13:20:39.319021+00:00,2026-06-29T13:20:39.322380+00:00,200,3.36,True,
2026-06-29T13:20:40.319123+00:00,2026-06-29T13:20:40.322362+00:00,200,3.24,True,
2026-06-29T13:20:41.319242+00:00,2026-06-29T13:20:41.322082+00:00,200,2.84,True,
2026-06-29T13:20:42.319435+00:00,2026-06-29T13:20:42.321941+00:00,200,2.51,True,
2026-06-29T13:20:43.319644+00:00,2026-06-29T13:20:43.322097+00:00,200,2.45,True,
2026-06-29T13:20:44.319756+00:00,2026-06-29T13:20:44.321990+00:00,200,2.23,True,
2026-06-29T13:20:45.319878+00:00,2026-06-29T13:20:45.321977+00:00,200,2.1,True,
2026-06-29T13:20:46.320014+00:00,2026-06-29T13:20:46.321448+00:00,200,1.43,True,
2026-06-29T13:20:47.320166+00:00,2026-06-29T13:20:47.321938+00:00,200,1.77,True,
2026-06-29T13:20:48.320295+00:00,2026-06-29T13:20:48.322758+00:00,200,2.46,True,
2026-06-29T13:20:49.320427+00:00,2026-06-29T13:20:49.323297+00:00,200,2.87,True,
2026-06-29T13:20:50.320552+00:00,2026-06-29T13:20:50.324248+00:00,200,3.7,True,
2026-06-29T13:20:51.320696+00:00,2026-06-29T13:20:51.325248+00:00,200,4.55,True,
2026-06-29T13:20:52.320881+00:00,2026-06-29T13:20:52.328584+00:00,200,7.7,True,
2026-06-29T13:20:53.321055+00:00,2026-06-29T13:20:53.324369+00:00,200,3.31,True,
2026-06-29T13:20:54.321259+00:00,2026-06-29T13:20:54.323442+00:00,200,2.18,True,
2026-06-29T13:20:55.321393+00:00,2026-06-29T13:20:55.322971+00:00,200,1.58,True,
2026-06-29T13:20:56.321557+00:00,2026-06-29T13:20:56.326683+00:00,200,5.13,True,
2026-06-29T13:20:57.321692+00:00,2026-06-29T13:20:57.324830+00:00,200,3.14,True,
2026-06-29T13:20:58.321824+00:00,2026-06-29T13:20:58.324820+00:00,200,3.0,True,
2026-06-29T13:20:59.321959+00:00,2026-06-29T13:20:59.324032+00:00,200,2.07,True,
2026-06-29T13:21:00.322103+00:00,2026-06-29T13:21:00.323895+00:00,200,1.79,True,
2026-06-29T13:21:01.322300+00:00,2026-06-29T13:21:01.323957+00:00,200,1.66,True,
2026-06-29T13:21:02.322485+00:00,2026-06-29T13:21:02.323757+00:00,200,1.27,True,
2026-06-29T13:21:03.322646+00:00,2026-06-29T13:21:03.323991+00:00,200,1.34,True,
2026-06-29T13:21:04.322768+00:00,2026-06-29T13:21:04.327278+00:00,200,4.51,True,
2026-06-29T13:21:05.322924+00:00,2026-06-29T13:21:05.326860+00:00,200,3.94,True,
2026-06-29T13:21:06.323153+00:00,2026-06-29T13:21:06.331474+00:00,200,8.32,True,
2026-06-29T13:21:07.323333+00:00,2026-06-29T13:21:07.325547+00:00,200,2.21,True,
2026-06-29T13:21:08.323449+00:00,2026-06-29T13:21:08.327183+00:00,200,3.73,True,
2026-06-29T13:21:09.323682+00:00,2026-06-29T13:21:09.328310+00:00,200,4.63,True,
2026-06-29T13:21:10.324080+00:00,2026-06-29T13:21:10.327818+00:00,200,3.74,True,
2026-06-29T13:21:11.324229+00:00,2026-06-29T13:21:11.327865+00:00,200,3.64,True,
2026-06-29T13:21:12.324565+00:00,2026-06-29T13:21:12.326812+00:00,200,2.25,True,
2026-06-29T13:21:13.324686+00:00,2026-06-29T13:21:13.327685+00:00,200,3.0,True,
2026-06-29T13:21:14.324799+00:00,2026-06-29T13:21:14.326878+00:00,200,2.08,True,
2026-06-29T13:21:15.324928+00:00,2026-06-29T13:21:15.326823+00:00,200,1.9,True,
2026-06-29T13:21:16.325065+00:00,2026-06-29T13:21:16.326842+00:00,200,1.78,True,
2026-06-29T13:21:17.325152+00:00,2026-06-29T13:21:17.326742+00:00,200,1.59,True,
2026-06-29T13:21:18.325305+00:00,2026-06-29T13:21:18.327114+00:00,200,1.81,True,
2026-06-29T13:21:19.325534+00:00,2026-06-29T13:21:19.327248+00:00,200,1.71,True,
2026-06-29T13:21:20.325656+00:00,2026-06-29T13:21:20.327687+00:00,200,2.03,True,
2026-06-29T13:21:21.325762+00:00,2026-06-29T13:21:21.327265+00:00,200,1.5,True,
2026-06-29T13:21:22.325997+00:00,2026-06-29T13:21:22.332046+00:00,200,6.05,True,
2026-06-29T13:21:23.326154+00:00,2026-06-29T13:21:23.328124+00:00,200,1.97,True,
2026-06-29T13:21:24.326261+00:00,2026-06-29T13:21:24.328616+00:00,200,2.35,True,
2026-06-29T13:21:25.326543+00:00,2026-06-29T13:21:25.330241+00:00,200,3.7,True,
