timestamp,node,status
2026-06-29T09:26:11+00:00,k3s-s1,Ready
2026-06-29T09:26:11+00:00,k3s-s2,Ready
2026-06-29T09:26:11+00:00,k3s-s3,Ready
2026-06-29T09:26:11+00:00,k3s-w1,Ready
2026-06-29T09:26:11+00:00,k3s-w2,Ready
2026-06-29T09:26:12+00:00,k3s-s1,Ready
2026-06-29T09:26:12+00:00,k3s-s2,Ready
2026-06-29T09:26:12+00:00,k3s-s3,Ready
2026-06-29T09:26:12+00:00,k3s-w1,Ready
2026-06-29T09:26:12+00:00,k3s-w2,Ready
2026-06-29T09:26:13+00:00,k3s-s1,Ready
2026-06-29T09:26:13+00:00,k3s-s2,Ready
2026-06-29T09:26:13+00:00,k3s-s3,Ready
2026-06-29T09:26:13+00:00,k3s-w1,Ready
2026-06-29T09:26:13+00:00,k3s-w2,Ready
2026-06-29T09:26:14+00:00,k3s-s1,Ready
2026-06-29T09:26:14+00:00,k3s-s2,Ready
2026-06-29T09:26:14+00:00,k3s-s3,Ready
2026-06-29T09:26:14+00:00,k3s-w1,Ready
2026-06-29T09:26:14+00:00,k3s-w2,Ready
2026-06-29T09:26:15+00:00,k3s-s1,Ready
2026-06-29T09:26:15+00:00,k3s-s2,Ready
2026-06-29T09:26:15+00:00,k3s-s3,Ready
2026-06-29T09:26:15+00:00,k3s-w1,Ready
2026-06-29T09:26:15+00:00,k3s-w2,Ready
2026-06-29T09:26:16+00:00,k3s-s1,Ready
2026-06-29T09:26:16+00:00,k3s-s2,Ready
2026-06-29T09:26:16+00:00,k3s-s3,Ready
2026-06-29T09:26:16+00:00,k3s-w1,Ready
2026-06-29T09:26:16+00:00,k3s-w2,Ready
2026-06-29T09:26:18+00:00,k3s-s1,Ready
2026-06-29T09:26:18+00:00,k3s-s2,Ready
2026-06-29T09:26:18+00:00,k3s-s3,Ready
2026-06-29T09:26:18+00:00,k3s-w1,Ready
2026-06-29T09:26:18+00:00,k3s-w2,Ready
2026-06-29T09:26:19+00:00,k3s-s1,Ready
2026-06-29T09:26:19+00:00,k3s-s2,Ready
2026-06-29T09:26:19+00:00,k3s-s3,Ready
2026-06-29T09:26:19+00:00,k3s-w1,Ready
2026-06-29T09:26:19+00:00,k3s-w2,Ready
2026-06-29T09:26:20+00:00,k3s-s1,Ready
2026-06-29T09:26:20+00:00,k3s-s2,Ready
2026-06-29T09:26:20+00:00,k3s-s3,Ready
2026-06-29T09:26:20+00:00,k3s-w1,Ready
2026-06-29T09:26:20+00:00,k3s-w2,Ready
2026-06-29T09:26:21+00:00,k3s-s1,Ready
2026-06-29T09:26:21+00:00,k3s-s2,Ready
2026-06-29T09:26:21+00:00,k3s-s3,Ready
2026-06-29T09:26:21+00:00,k3s-w1,Ready
2026-06-29T09:26:21+00:00,k3s-w2,Ready
2026-06-29T09:26:22+00:00,k3s-s1,Ready
2026-06-29T09:26:22+00:00,k3s-s2,Ready
2026-06-29T09:26:22+00:00,k3s-s3,Ready
2026-06-29T09:26:22+00:00,k3s-w1,Ready
2026-06-29T09:26:22+00:00,k3s-w2,Ready
2026-06-29T09:26:23+00:00,k3s-s1,Ready
2026-06-29T09:26:23+00:00,k3s-s2,Ready
2026-06-29T09:26:23+00:00,k3s-s3,Ready
2026-06-29T09:26:23+00:00,k3s-w1,Ready
2026-06-29T09:26:23+00:00,k3s-w2,Ready
2026-06-29T09:26:24+00:00,k3s-s1,Ready
2026-06-29T09:26:24+00:00,k3s-s2,Ready
2026-06-29T09:26:24+00:00,k3s-s3,Ready
2026-06-29T09:26:24+00:00,k3s-w1,Ready
2026-06-29T09:26:24+00:00,k3s-w2,Ready
2026-06-29T09:26:25+00:00,k3s-s1,Ready
2026-06-29T09:26:25+00:00,k3s-s2,Ready
2026-06-29T09:26:25+00:00,k3s-s3,Ready
2026-06-29T09:26:25+00:00,k3s-w1,Ready
2026-06-29T09:26:25+00:00,k3s-w2,Ready
2026-06-29T09:26:26+00:00,k3s-s1,Ready
2026-06-29T09:26:26+00:00,k3s-s2,Ready
2026-06-29T09:26:26+00:00,k3s-s3,Ready
2026-06-29T09:26:26+00:00,k3s-w1,Ready
2026-06-29T09:26:26+00:00,k3s-w2,Ready
2026-06-29T09:26:27+00:00,k3s-s1,Ready
2026-06-29T09:26:27+00:00,k3s-s2,Ready
2026-06-29T09:26:27+00:00,k3s-s3,Ready
2026-06-29T09:26:27+00:00,k3s-w1,Ready
2026-06-29T09:26:27+00:00,k3s-w2,Ready
2026-06-29T09:26:28+00:00,k3s-s1,Ready
2026-06-29T09:26:28+00:00,k3s-s2,Ready
2026-06-29T09:26:28+00:00,k3s-s3,Ready
2026-06-29T09:26:28+00:00,k3s-w1,Ready
2026-06-29T09:26:28+00:00,k3s-w2,Ready
2026-06-29T09:26:29+00:00,k3s-s1,Ready
2026-06-29T09:26:29+00:00,k3s-s2,Ready
2026-06-29T09:26:29+00:00,k3s-s3,Ready
2026-06-29T09:26:29+00:00,k3s-w1,Ready
2026-06-29T09:26:29+00:00,k3s-w2,Ready
2026-06-29T09:26:30+00:00,k3s-s1,Ready
2026-06-29T09:26:30+00:00,k3s-s2,Ready
2026-06-29T09:26:30+00:00,k3s-s3,Ready
2026-06-29T09:26:30+00:00,k3s-w1,Ready
2026-06-29T09:26:30+00:00,k3s-w2,Ready
2026-06-29T09:26:31+00:00,k3s-s1,Ready
2026-06-29T09:26:31+00:00,k3s-s2,Ready
2026-06-29T09:26:31+00:00,k3s-s3,Ready
2026-06-29T09:26:31+00:00,k3s-w1,Ready
2026-06-29T09:26:31+00:00,k3s-w2,Ready
2026-06-29T09:26:32+00:00,k3s-s1,Ready
2026-06-29T09:26:32+00:00,k3s-s2,Ready
2026-06-29T09:26:32+00:00,k3s-s3,Ready
2026-06-29T09:26:32+00:00,k3s-w1,Ready
2026-06-29T09:26:32+00:00,k3s-w2,Ready
2026-06-29T09:26:34+00:00,k3s-s1,Ready
2026-06-29T09:26:34+00:00,k3s-s2,Ready
2026-06-29T09:26:34+00:00,k3s-s3,Ready
2026-06-29T09:26:34+00:00,k3s-w1,Ready
2026-06-29T09:26:34+00:00,k3s-w2,Ready
2026-06-29T09:26:35+00:00,k3s-s1,Ready
2026-06-29T09:26:35+00:00,k3s-s2,Ready
2026-06-29T09:26:35+00:00,k3s-s3,Ready
2026-06-29T09:26:35+00:00,k3s-w1,Ready
2026-06-29T09:26:35+00:00,k3s-w2,Ready
2026-06-29T09:26:36+00:00,k3s-s1,Ready
2026-06-29T09:26:36+00:00,k3s-s2,Ready
2026-06-29T09:26:36+00:00,k3s-s3,Ready
2026-06-29T09:26:36+00:00,k3s-w1,Ready
2026-06-29T09:26:36+00:00,k3s-w2,Ready
2026-06-29T09:26:37+00:00,k3s-s1,Ready
2026-06-29T09:26:37+00:00,k3s-s2,Ready
2026-06-29T09:26:37+00:00,k3s-s3,Ready
2026-06-29T09:26:37+00:00,k3s-w1,Ready
2026-06-29T09:26:37+00:00,k3s-w2,Ready
2026-06-29T09:26:38+00:00,k3s-s1,Ready
2026-06-29T09:26:38+00:00,k3s-s2,Ready
2026-06-29T09:26:38+00:00,k3s-s3,Ready
2026-06-29T09:26:38+00:00,k3s-w1,Ready
2026-06-29T09:26:38+00:00,k3s-w2,Ready
2026-06-29T09:26:39+00:00,k3s-s1,Ready
2026-06-29T09:26:39+00:00,k3s-s2,Ready
2026-06-29T09:26:39+00:00,k3s-s3,Ready
2026-06-29T09:26:39+00:00,k3s-w1,Ready
2026-06-29T09:26:39+00:00,k3s-w2,Ready
2026-06-29T09:26:40+00:00,k3s-s1,Ready
2026-06-29T09:26:40+00:00,k3s-s2,Ready
2026-06-29T09:26:40+00:00,k3s-s3,Ready
2026-06-29T09:26:40+00:00,k3s-w1,Ready
2026-06-29T09:26:40+00:00,k3s-w2,Ready
2026-06-29T09:26:41+00:00,k3s-s1,Ready
2026-06-29T09:26:41+00:00,k3s-s2,Ready
2026-06-29T09:26:41+00:00,k3s-s3,Ready
2026-06-29T09:26:41+00:00,k3s-w1,Ready
2026-06-29T09:26:41+00:00,k3s-w2,Ready
2026-06-29T09:26:42+00:00,k3s-s1,Ready
2026-06-29T09:26:42+00:00,k3s-s2,Ready
2026-06-29T09:26:42+00:00,k3s-s3,Ready
2026-06-29T09:26:42+00:00,k3s-w1,Ready
2026-06-29T09:26:42+00:00,k3s-w2,Ready
2026-06-29T09:26:43+00:00,k3s-s1,Ready
2026-06-29T09:26:43+00:00,k3s-s2,Ready
2026-06-29T09:26:43+00:00,k3s-s3,Ready
2026-06-29T09:26:43+00:00,k3s-w1,Ready
2026-06-29T09:26:43+00:00,k3s-w2,Ready
2026-06-29T09:26:44+00:00,k3s-s1,Ready
2026-06-29T09:26:44+00:00,k3s-s2,Ready
2026-06-29T09:26:44+00:00,k3s-s3,Ready
2026-06-29T09:26:44+00:00,k3s-w1,Ready
2026-06-29T09:26:44+00:00,k3s-w2,Ready
2026-06-29T09:26:45+00:00,k3s-s1,Ready
2026-06-29T09:26:45+00:00,k3s-s2,Ready
2026-06-29T09:26:45+00:00,k3s-s3,Ready
2026-06-29T09:26:45+00:00,k3s-w1,Ready
2026-06-29T09:26:45+00:00,k3s-w2,Ready
2026-06-29T09:26:46+00:00,k3s-s1,Ready
2026-06-29T09:26:46+00:00,k3s-s2,Ready
2026-06-29T09:26:46+00:00,k3s-s3,Ready
2026-06-29T09:26:46+00:00,k3s-w1,Ready
2026-06-29T09:26:46+00:00,k3s-w2,Ready
2026-06-29T09:26:47+00:00,k3s-s1,Ready
2026-06-29T09:26:47+00:00,k3s-s2,Ready
2026-06-29T09:26:47+00:00,k3s-s3,Ready
2026-06-29T09:26:47+00:00,k3s-w1,Ready
2026-06-29T09:26:47+00:00,k3s-w2,Ready
2026-06-29T09:26:49+00:00,k3s-s1,Ready
2026-06-29T09:26:49+00:00,k3s-s2,Ready
2026-06-29T09:26:49+00:00,k3s-s3,Ready
2026-06-29T09:26:49+00:00,k3s-w1,Ready
2026-06-29T09:26:49+00:00,k3s-w2,Ready
2026-06-29T09:26:50+00:00,k3s-s1,Ready
2026-06-29T09:26:50+00:00,k3s-s2,Ready
2026-06-29T09:26:50+00:00,k3s-s3,Ready
2026-06-29T09:26:50+00:00,k3s-w1,Ready
2026-06-29T09:26:50+00:00,k3s-w2,Ready
2026-06-29T09:26:51+00:00,k3s-s1,Ready
2026-06-29T09:26:51+00:00,k3s-s2,Ready
2026-06-29T09:26:51+00:00,k3s-s3,Ready
2026-06-29T09:26:51+00:00,k3s-w1,Ready
2026-06-29T09:26:51+00:00,k3s-w2,Ready
2026-06-29T09:26:52+00:00,k3s-s1,Ready
2026-06-29T09:26:52+00:00,k3s-s2,Ready
2026-06-29T09:26:52+00:00,k3s-s3,Ready
2026-06-29T09:26:52+00:00,k3s-w1,Ready
2026-06-29T09:26:52+00:00,k3s-w2,Ready
2026-06-29T09:26:53+00:00,k3s-s1,Ready
2026-06-29T09:26:53+00:00,k3s-s2,Ready
2026-06-29T09:26:53+00:00,k3s-s3,Ready
2026-06-29T09:26:53+00:00,k3s-w1,Ready
2026-06-29T09:26:53+00:00,k3s-w2,Ready
2026-06-29T09:26:54+00:00,k3s-s1,Ready
2026-06-29T09:26:54+00:00,k3s-s2,Ready
2026-06-29T09:26:54+00:00,k3s-s3,Ready
2026-06-29T09:26:54+00:00,k3s-w1,Ready
2026-06-29T09:26:54+00:00,k3s-w2,Ready
2026-06-29T09:26:55+00:00,k3s-s1,Ready
2026-06-29T09:26:55+00:00,k3s-s2,Ready
2026-06-29T09:26:55+00:00,k3s-s3,Ready
2026-06-29T09:26:55+00:00,k3s-w1,Ready
2026-06-29T09:26:55+00:00,k3s-w2,Ready
2026-06-29T09:26:56+00:00,k3s-s1,Ready
2026-06-29T09:26:56+00:00,k3s-s2,Ready
2026-06-29T09:26:56+00:00,k3s-s3,Ready
2026-06-29T09:26:56+00:00,k3s-w1,Ready
2026-06-29T09:26:56+00:00,k3s-w2,Ready
2026-06-29T09:26:57+00:00,k3s-s1,Ready
2026-06-29T09:26:57+00:00,k3s-s2,Ready
2026-06-29T09:26:57+00:00,k3s-s3,Ready
2026-06-29T09:26:57+00:00,k3s-w1,Ready
2026-06-29T09:26:57+00:00,k3s-w2,Ready
2026-06-29T09:26:58+00:00,k3s-s1,Ready
2026-06-29T09:26:58+00:00,k3s-s2,Ready
2026-06-29T09:26:58+00:00,k3s-s3,Ready
2026-06-29T09:26:58+00:00,k3s-w1,Ready
2026-06-29T09:26:58+00:00,k3s-w2,Ready
2026-06-29T09:26:59+00:00,k3s-s1,Ready
2026-06-29T09:26:59+00:00,k3s-s2,Ready
2026-06-29T09:26:59+00:00,k3s-s3,Ready
2026-06-29T09:26:59+00:00,k3s-w1,Ready
2026-06-29T09:26:59+00:00,k3s-w2,Ready
2026-06-29T09:27:00+00:00,k3s-s1,Ready
2026-06-29T09:27:00+00:00,k3s-s2,Ready
2026-06-29T09:27:00+00:00,k3s-s3,Ready
2026-06-29T09:27:00+00:00,k3s-w1,Ready
2026-06-29T09:27:00+00:00,k3s-w2,Ready
2026-06-29T09:27:01+00:00,k3s-s1,Ready
2026-06-29T09:27:01+00:00,k3s-s2,Ready
2026-06-29T09:27:01+00:00,k3s-s3,Ready
2026-06-29T09:27:01+00:00,k3s-w1,Ready
2026-06-29T09:27:01+00:00,k3s-w2,Ready
2026-06-29T09:27:03+00:00,k3s-s1,Ready
2026-06-29T09:27:03+00:00,k3s-s2,Ready
2026-06-29T09:27:03+00:00,k3s-s3,Ready
2026-06-29T09:27:03+00:00,k3s-w1,Ready
2026-06-29T09:27:03+00:00,k3s-w2,Ready
2026-06-29T09:27:04+00:00,k3s-s1,Ready
2026-06-29T09:27:04+00:00,k3s-s2,Ready
2026-06-29T09:27:04+00:00,k3s-s3,Ready
2026-06-29T09:27:04+00:00,k3s-w1,Ready
2026-06-29T09:27:04+00:00,k3s-w2,Ready
2026-06-29T09:27:05+00:00,k3s-s1,Ready
2026-06-29T09:27:05+00:00,k3s-s2,Ready
2026-06-29T09:27:05+00:00,k3s-s3,Ready
2026-06-29T09:27:05+00:00,k3s-w1,Ready
2026-06-29T09:27:05+00:00,k3s-w2,Ready
2026-06-29T09:27:06+00:00,k3s-s1,Ready
2026-06-29T09:27:06+00:00,k3s-s2,Ready
2026-06-29T09:27:06+00:00,k3s-s3,Ready
2026-06-29T09:27:06+00:00,k3s-w1,Ready
2026-06-29T09:27:06+00:00,k3s-w2,Ready
2026-06-29T09:27:07+00:00,k3s-s1,Ready
2026-06-29T09:27:07+00:00,k3s-s2,Ready
2026-06-29T09:27:07+00:00,k3s-s3,Ready
2026-06-29T09:27:07+00:00,k3s-w1,Ready
2026-06-29T09:27:07+00:00,k3s-w2,Ready
2026-06-29T09:27:08+00:00,k3s-s1,Ready
2026-06-29T09:27:08+00:00,k3s-s2,Ready
2026-06-29T09:27:08+00:00,k3s-s3,Ready
2026-06-29T09:27:08+00:00,k3s-w1,Ready
2026-06-29T09:27:08+00:00,k3s-w2,Ready
2026-06-29T09:27:09+00:00,k3s-s1,Ready
2026-06-29T09:27:09+00:00,k3s-s2,Ready
2026-06-29T09:27:09+00:00,k3s-s3,Ready
2026-06-29T09:27:09+00:00,k3s-w1,Ready
2026-06-29T09:27:09+00:00,k3s-w2,Ready
2026-06-29T09:27:10+00:00,k3s-s1,Ready
2026-06-29T09:27:10+00:00,k3s-s2,Ready
2026-06-29T09:27:10+00:00,k3s-s3,Ready
2026-06-29T09:27:10+00:00,k3s-w1,Ready
2026-06-29T09:27:10+00:00,k3s-w2,Ready
2026-06-29T09:27:11+00:00,k3s-s1,Ready
2026-06-29T09:27:11+00:00,k3s-s2,Ready
2026-06-29T09:27:11+00:00,k3s-s3,Ready
2026-06-29T09:27:11+00:00,k3s-w1,Ready
2026-06-29T09:27:11+00:00,k3s-w2,Ready
2026-06-29T09:27:12+00:00,k3s-s1,Ready
2026-06-29T09:27:12+00:00,k3s-s2,Ready
2026-06-29T09:27:12+00:00,k3s-s3,Ready
2026-06-29T09:27:12+00:00,k3s-w1,Ready
2026-06-29T09:27:12+00:00,k3s-w2,Ready
2026-06-29T09:27:13+00:00,k3s-s1,Ready
2026-06-29T09:27:13+00:00,k3s-s2,Ready
2026-06-29T09:27:13+00:00,k3s-s3,Ready
2026-06-29T09:27:13+00:00,k3s-w1,Ready
2026-06-29T09:27:13+00:00,k3s-w2,Ready
2026-06-29T09:27:14+00:00,k3s-s1,Ready
2026-06-29T09:27:14+00:00,k3s-s2,Ready
2026-06-29T09:27:14+00:00,k3s-s3,Ready
2026-06-29T09:27:14+00:00,k3s-w1,Ready
2026-06-29T09:27:14+00:00,k3s-w2,Ready
2026-06-29T09:27:15+00:00,k3s-s1,Ready
2026-06-29T09:27:15+00:00,k3s-s2,Ready
2026-06-29T09:27:15+00:00,k3s-s3,Ready
2026-06-29T09:27:15+00:00,k3s-w1,Ready
2026-06-29T09:27:15+00:00,k3s-w2,Ready
2026-06-29T09:27:17+00:00,k3s-s1,Ready
2026-06-29T09:27:17+00:00,k3s-s2,Ready
2026-06-29T09:27:17+00:00,k3s-s3,Ready
2026-06-29T09:27:17+00:00,k3s-w1,Ready
2026-06-29T09:27:17+00:00,k3s-w2,Ready
2026-06-29T09:27:18+00:00,k3s-s1,Ready
2026-06-29T09:27:18+00:00,k3s-s2,Ready
2026-06-29T09:27:18+00:00,k3s-s3,Ready
2026-06-29T09:27:18+00:00,k3s-w1,Ready
2026-06-29T09:27:18+00:00,k3s-w2,Ready
2026-06-29T09:27:19+00:00,k3s-s1,Ready
2026-06-29T09:27:19+00:00,k3s-s2,Ready
2026-06-29T09:27:19+00:00,k3s-s3,Ready
2026-06-29T09:27:19+00:00,k3s-w1,Ready
2026-06-29T09:27:19+00:00,k3s-w2,Ready
2026-06-29T09:27:20+00:00,k3s-s1,Ready
2026-06-29T09:27:20+00:00,k3s-s2,Ready
2026-06-29T09:27:20+00:00,k3s-s3,Ready
2026-06-29T09:27:20+00:00,k3s-w1,Ready
2026-06-29T09:27:20+00:00,k3s-w2,Ready
2026-06-29T09:27:21+00:00,k3s-s1,Ready
2026-06-29T09:27:21+00:00,k3s-s2,Ready
2026-06-29T09:27:21+00:00,k3s-s3,Ready
2026-06-29T09:27:21+00:00,k3s-w1,Ready
2026-06-29T09:27:21+00:00,k3s-w2,Ready
2026-06-29T09:27:22+00:00,k3s-s1,Ready
2026-06-29T09:27:22+00:00,k3s-s2,Ready
2026-06-29T09:27:22+00:00,k3s-s3,Ready
2026-06-29T09:27:22+00:00,k3s-w1,Ready
2026-06-29T09:27:22+00:00,k3s-w2,Ready
2026-06-29T09:27:23+00:00,k3s-s1,Ready
2026-06-29T09:27:23+00:00,k3s-s2,Ready
2026-06-29T09:27:23+00:00,k3s-s3,Ready
2026-06-29T09:27:23+00:00,k3s-w1,Ready
2026-06-29T09:27:23+00:00,k3s-w2,Ready
2026-06-29T09:27:24+00:00,k3s-s1,Ready
2026-06-29T09:27:24+00:00,k3s-s2,Ready
2026-06-29T09:27:24+00:00,k3s-s3,Ready
2026-06-29T09:27:24+00:00,k3s-w1,Ready
2026-06-29T09:27:24+00:00,k3s-w2,Ready
2026-06-29T09:27:25+00:00,k3s-s1,Ready
2026-06-29T09:27:25+00:00,k3s-s2,Ready
2026-06-29T09:27:25+00:00,k3s-s3,Ready
2026-06-29T09:27:25+00:00,k3s-w1,Ready
2026-06-29T09:27:25+00:00,k3s-w2,Ready
2026-06-29T09:27:26+00:00,k3s-s1,Ready
2026-06-29T09:27:26+00:00,k3s-s2,Ready
2026-06-29T09:27:26+00:00,k3s-s3,Ready
2026-06-29T09:27:26+00:00,k3s-w1,Ready
2026-06-29T09:27:26+00:00,k3s-w2,Ready
2026-06-29T09:27:27+00:00,k3s-s1,Ready
2026-06-29T09:27:27+00:00,k3s-s2,Ready
2026-06-29T09:27:27+00:00,k3s-s3,Ready
2026-06-29T09:27:27+00:00,k3s-w1,Ready
2026-06-29T09:27:27+00:00,k3s-w2,Ready
2026-06-29T09:27:28+00:00,k3s-s1,Ready
2026-06-29T09:27:28+00:00,k3s-s2,Ready
2026-06-29T09:27:28+00:00,k3s-s3,Ready
2026-06-29T09:27:28+00:00,k3s-w1,Ready
2026-06-29T09:27:28+00:00,k3s-w2,Ready
2026-06-29T09:27:29+00:00,k3s-s1,Ready
2026-06-29T09:27:29+00:00,k3s-s2,Ready
2026-06-29T09:27:29+00:00,k3s-s3,Ready
2026-06-29T09:27:29+00:00,k3s-w1,Ready
2026-06-29T09:27:29+00:00,k3s-w2,Ready
2026-06-29T09:27:31+00:00,k3s-s1,Ready
2026-06-29T09:27:31+00:00,k3s-s2,Ready
2026-06-29T09:27:31+00:00,k3s-s3,Ready
2026-06-29T09:27:31+00:00,k3s-w1,Ready
2026-06-29T09:27:31+00:00,k3s-w2,Ready
2026-06-29T09:27:32+00:00,k3s-s1,Ready
2026-06-29T09:27:32+00:00,k3s-s2,Ready
2026-06-29T09:27:32+00:00,k3s-s3,Ready
2026-06-29T09:27:32+00:00,k3s-w1,Ready
2026-06-29T09:27:32+00:00,k3s-w2,Ready
2026-06-29T09:27:33+00:00,k3s-s1,Ready
2026-06-29T09:27:33+00:00,k3s-s2,Ready
2026-06-29T09:27:33+00:00,k3s-s3,Ready
2026-06-29T09:27:33+00:00,k3s-w1,Ready
2026-06-29T09:27:33+00:00,k3s-w2,Ready
2026-06-29T09:27:34+00:00,k3s-s1,Ready
2026-06-29T09:27:34+00:00,k3s-s2,Ready
2026-06-29T09:27:34+00:00,k3s-s3,Ready
2026-06-29T09:27:34+00:00,k3s-w1,Ready
2026-06-29T09:27:34+00:00,k3s-w2,Ready
2026-06-29T09:27:35+00:00,k3s-s1,Ready
2026-06-29T09:27:35+00:00,k3s-s2,Ready
2026-06-29T09:27:35+00:00,k3s-s3,Ready
2026-06-29T09:27:35+00:00,k3s-w1,Ready
2026-06-29T09:27:35+00:00,k3s-w2,Ready
2026-06-29T09:27:36+00:00,k3s-s1,Ready
2026-06-29T09:27:36+00:00,k3s-s2,Ready
2026-06-29T09:27:36+00:00,k3s-s3,Ready
2026-06-29T09:27:36+00:00,k3s-w1,Ready
2026-06-29T09:27:36+00:00,k3s-w2,Ready
2026-06-29T09:27:37+00:00,k3s-s1,Ready
2026-06-29T09:27:37+00:00,k3s-s2,Ready
2026-06-29T09:27:37+00:00,k3s-s3,Ready
2026-06-29T09:27:37+00:00,k3s-w1,Ready
2026-06-29T09:27:37+00:00,k3s-w2,Ready
2026-06-29T09:27:38+00:00,k3s-s1,Ready
2026-06-29T09:27:38+00:00,k3s-s2,Ready
2026-06-29T09:27:38+00:00,k3s-s3,Ready
2026-06-29T09:27:38+00:00,k3s-w1,Ready
2026-06-29T09:27:38+00:00,k3s-w2,Ready
2026-06-29T09:27:39+00:00,k3s-s1,Ready
2026-06-29T09:27:39+00:00,k3s-s2,Ready
2026-06-29T09:27:39+00:00,k3s-s3,Ready
2026-06-29T09:27:39+00:00,k3s-w1,Ready
2026-06-29T09:27:39+00:00,k3s-w2,Ready
2026-06-29T09:27:40+00:00,k3s-s1,Ready
2026-06-29T09:27:40+00:00,k3s-s2,Ready
2026-06-29T09:27:40+00:00,k3s-s3,Ready
2026-06-29T09:27:40+00:00,k3s-w1,Ready
2026-06-29T09:27:40+00:00,k3s-w2,Ready
2026-06-29T09:27:41+00:00,k3s-s1,Ready
2026-06-29T09:27:41+00:00,k3s-s2,NotReady
2026-06-29T09:27:41+00:00,k3s-s3,Ready
2026-06-29T09:27:41+00:00,k3s-w1,Ready
2026-06-29T09:27:41+00:00,k3s-w2,Ready
2026-06-29T09:27:42+00:00,k3s-s1,Ready
2026-06-29T09:27:42+00:00,k3s-s2,NotReady
2026-06-29T09:27:42+00:00,k3s-s3,Ready
2026-06-29T09:27:42+00:00,k3s-w1,Ready
2026-06-29T09:27:42+00:00,k3s-w2,Ready
2026-06-29T09:27:43+00:00,k3s-s1,Ready
2026-06-29T09:27:43+00:00,k3s-s2,NotReady
2026-06-29T09:27:43+00:00,k3s-s3,Ready
2026-06-29T09:27:43+00:00,k3s-w1,Ready
2026-06-29T09:27:43+00:00,k3s-w2,Ready
2026-06-29T09:27:44+00:00,k3s-s1,Ready
2026-06-29T09:27:44+00:00,k3s-s2,NotReady
2026-06-29T09:27:44+00:00,k3s-s3,Ready
2026-06-29T09:27:44+00:00,k3s-w1,Ready
2026-06-29T09:27:44+00:00,k3s-w2,Ready
2026-06-29T09:27:45+00:00,k3s-s1,Ready
2026-06-29T09:27:45+00:00,k3s-s2,NotReady
2026-06-29T09:27:45+00:00,k3s-s3,Ready
2026-06-29T09:27:45+00:00,k3s-w1,Ready
2026-06-29T09:27:45+00:00,k3s-w2,Ready
2026-06-29T09:27:47+00:00,k3s-s1,Ready
2026-06-29T09:27:47+00:00,k3s-s2,NotReady
2026-06-29T09:27:47+00:00,k3s-s3,Ready
2026-06-29T09:27:47+00:00,k3s-w1,Ready
2026-06-29T09:27:47+00:00,k3s-w2,Ready
2026-06-29T09:27:48+00:00,k3s-s1,Ready
2026-06-29T09:27:48+00:00,k3s-s2,NotReady
2026-06-29T09:27:48+00:00,k3s-s3,Ready
2026-06-29T09:27:48+00:00,k3s-w1,Ready
2026-06-29T09:27:48+00:00,k3s-w2,Ready
2026-06-29T09:27:49+00:00,k3s-s1,Ready
2026-06-29T09:27:49+00:00,k3s-s2,NotReady
2026-06-29T09:27:49+00:00,k3s-s3,Ready
2026-06-29T09:27:49+00:00,k3s-w1,Ready
2026-06-29T09:27:49+00:00,k3s-w2,Ready
2026-06-29T09:27:50+00:00,k3s-s1,Ready
2026-06-29T09:27:50+00:00,k3s-s2,NotReady
2026-06-29T09:27:50+00:00,k3s-s3,Ready
2026-06-29T09:27:50+00:00,k3s-w1,Ready
2026-06-29T09:27:50+00:00,k3s-w2,Ready
2026-06-29T09:27:51+00:00,k3s-s1,Ready
2026-06-29T09:27:51+00:00,k3s-s2,NotReady
2026-06-29T09:27:51+00:00,k3s-s3,Ready
2026-06-29T09:27:51+00:00,k3s-w1,Ready
2026-06-29T09:27:51+00:00,k3s-w2,Ready
2026-06-29T09:27:52+00:00,k3s-s1,Ready
2026-06-29T09:27:52+00:00,k3s-s2,NotReady
2026-06-29T09:27:52+00:00,k3s-s3,Ready
2026-06-29T09:27:52+00:00,k3s-w1,Ready
2026-06-29T09:27:52+00:00,k3s-w2,Ready
2026-06-29T09:27:53+00:00,k3s-s1,Ready
2026-06-29T09:27:53+00:00,k3s-s2,NotReady
2026-06-29T09:27:53+00:00,k3s-s3,Ready
2026-06-29T09:27:53+00:00,k3s-w1,Ready
2026-06-29T09:27:53+00:00,k3s-w2,Ready
2026-06-29T09:27:54+00:00,k3s-s1,Ready
2026-06-29T09:27:54+00:00,k3s-s2,NotReady
2026-06-29T09:27:54+00:00,k3s-s3,Ready
2026-06-29T09:27:54+00:00,k3s-w1,Ready
2026-06-29T09:27:54+00:00,k3s-w2,Ready
2026-06-29T09:27:55+00:00,k3s-s1,Ready
2026-06-29T09:27:55+00:00,k3s-s2,NotReady
2026-06-29T09:27:55+00:00,k3s-s3,Ready
2026-06-29T09:27:55+00:00,k3s-w1,Ready
2026-06-29T09:27:55+00:00,k3s-w2,Ready
2026-06-29T09:27:56+00:00,k3s-s1,Ready
2026-06-29T09:27:56+00:00,k3s-s2,NotReady
2026-06-29T09:27:56+00:00,k3s-s3,Ready
2026-06-29T09:27:56+00:00,k3s-w1,Ready
2026-06-29T09:27:56+00:00,k3s-w2,Ready
2026-06-29T09:27:57+00:00,k3s-s1,Ready
2026-06-29T09:27:57+00:00,k3s-s2,NotReady
2026-06-29T09:27:57+00:00,k3s-s3,Ready
2026-06-29T09:27:57+00:00,k3s-w1,Ready
2026-06-29T09:27:57+00:00,k3s-w2,Ready
2026-06-29T09:27:58+00:00,k3s-s1,Ready
2026-06-29T09:27:58+00:00,k3s-s2,NotReady
2026-06-29T09:27:58+00:00,k3s-s3,Ready
2026-06-29T09:27:58+00:00,k3s-w1,Ready
2026-06-29T09:27:58+00:00,k3s-w2,Ready
2026-06-29T09:28:00+00:00,k3s-s1,Ready
2026-06-29T09:28:00+00:00,k3s-s2,NotReady
2026-06-29T09:28:00+00:00,k3s-s3,Ready
2026-06-29T09:28:00+00:00,k3s-w1,Ready
2026-06-29T09:28:00+00:00,k3s-w2,Ready
2026-06-29T09:28:01+00:00,k3s-s1,Ready
2026-06-29T09:28:01+00:00,k3s-s2,NotReady
2026-06-29T09:28:01+00:00,k3s-s3,Ready
2026-06-29T09:28:01+00:00,k3s-w1,Ready
2026-06-29T09:28:01+00:00,k3s-w2,Ready
2026-06-29T09:28:02+00:00,k3s-s1,Ready
2026-06-29T09:28:02+00:00,k3s-s2,NotReady
2026-06-29T09:28:02+00:00,k3s-s3,Ready
2026-06-29T09:28:02+00:00,k3s-w1,Ready
2026-06-29T09:28:02+00:00,k3s-w2,Ready
2026-06-29T09:28:03+00:00,k3s-s1,Ready
2026-06-29T09:28:03+00:00,k3s-s2,NotReady
2026-06-29T09:28:03+00:00,k3s-s3,Ready
2026-06-29T09:28:03+00:00,k3s-w1,Ready
2026-06-29T09:28:03+00:00,k3s-w2,Ready
2026-06-29T09:28:04+00:00,k3s-s1,Ready
2026-06-29T09:28:04+00:00,k3s-s2,NotReady
2026-06-29T09:28:04+00:00,k3s-s3,Ready
2026-06-29T09:28:04+00:00,k3s-w1,Ready
2026-06-29T09:28:04+00:00,k3s-w2,Ready
2026-06-29T09:28:05+00:00,k3s-s1,Ready
2026-06-29T09:28:05+00:00,k3s-s2,NotReady
2026-06-29T09:28:05+00:00,k3s-s3,Ready
2026-06-29T09:28:05+00:00,k3s-w1,Ready
2026-06-29T09:28:05+00:00,k3s-w2,Ready
2026-06-29T09:28:06+00:00,k3s-s1,Ready
2026-06-29T09:28:06+00:00,k3s-s2,NotReady
2026-06-29T09:28:06+00:00,k3s-s3,Ready
2026-06-29T09:28:06+00:00,k3s-w1,Ready
2026-06-29T09:28:06+00:00,k3s-w2,Ready
2026-06-29T09:28:07+00:00,k3s-s1,Ready
2026-06-29T09:28:07+00:00,k3s-s2,NotReady
2026-06-29T09:28:07+00:00,k3s-s3,Ready
2026-06-29T09:28:07+00:00,k3s-w1,Ready
2026-06-29T09:28:07+00:00,k3s-w2,Ready
2026-06-29T09:28:08+00:00,k3s-s1,Ready
2026-06-29T09:28:08+00:00,k3s-s2,NotReady
2026-06-29T09:28:08+00:00,k3s-s3,Ready
2026-06-29T09:28:08+00:00,k3s-w1,Ready
2026-06-29T09:28:08+00:00,k3s-w2,Ready
2026-06-29T09:28:09+00:00,k3s-s1,Ready
2026-06-29T09:28:09+00:00,k3s-s2,NotReady
2026-06-29T09:28:09+00:00,k3s-s3,Ready
2026-06-29T09:28:09+00:00,k3s-w1,Ready
2026-06-29T09:28:09+00:00,k3s-w2,Ready
2026-06-29T09:28:10+00:00,k3s-s1,Ready
2026-06-29T09:28:10+00:00,k3s-s2,NotReady
2026-06-29T09:28:10+00:00,k3s-s3,Ready
2026-06-29T09:28:10+00:00,k3s-w1,Ready
2026-06-29T09:28:10+00:00,k3s-w2,Ready
2026-06-29T09:28:11+00:00,k3s-s1,Ready
2026-06-29T09:28:11+00:00,k3s-s2,NotReady
2026-06-29T09:28:11+00:00,k3s-s3,Ready
2026-06-29T09:28:11+00:00,k3s-w1,Ready
2026-06-29T09:28:11+00:00,k3s-w2,Ready
2026-06-29T09:28:12+00:00,k3s-s1,Ready
2026-06-29T09:28:12+00:00,k3s-s2,NotReady
2026-06-29T09:28:12+00:00,k3s-s3,Ready
2026-06-29T09:28:12+00:00,k3s-w1,Ready
2026-06-29T09:28:12+00:00,k3s-w2,Ready
2026-06-29T09:28:14+00:00,k3s-s1,Ready
2026-06-29T09:28:14+00:00,k3s-s2,NotReady
2026-06-29T09:28:14+00:00,k3s-s3,Ready
2026-06-29T09:28:14+00:00,k3s-w1,Ready
2026-06-29T09:28:14+00:00,k3s-w2,Ready
2026-06-29T09:28:15+00:00,k3s-s1,Ready
2026-06-29T09:28:15+00:00,k3s-s2,NotReady
2026-06-29T09:28:15+00:00,k3s-s3,Ready
2026-06-29T09:28:15+00:00,k3s-w1,Ready
2026-06-29T09:28:15+00:00,k3s-w2,Ready
2026-06-29T09:28:16+00:00,k3s-s1,Ready
2026-06-29T09:28:16+00:00,k3s-s2,NotReady
2026-06-29T09:28:16+00:00,k3s-s3,Ready
2026-06-29T09:28:16+00:00,k3s-w1,Ready
2026-06-29T09:28:16+00:00,k3s-w2,Ready
2026-06-29T09:28:17+00:00,k3s-s1,Ready
2026-06-29T09:28:17+00:00,k3s-s2,NotReady
2026-06-29T09:28:17+00:00,k3s-s3,Ready
2026-06-29T09:28:17+00:00,k3s-w1,Ready
2026-06-29T09:28:17+00:00,k3s-w2,Ready
2026-06-29T09:28:18+00:00,k3s-s1,Ready
2026-06-29T09:28:18+00:00,k3s-s2,NotReady
2026-06-29T09:28:18+00:00,k3s-s3,Ready
2026-06-29T09:28:18+00:00,k3s-w1,Ready
2026-06-29T09:28:18+00:00,k3s-w2,Ready
2026-06-29T09:28:19+00:00,k3s-s1,Ready
2026-06-29T09:28:19+00:00,k3s-s2,NotReady
2026-06-29T09:28:19+00:00,k3s-s3,Ready
2026-06-29T09:28:19+00:00,k3s-w1,Ready
2026-06-29T09:28:19+00:00,k3s-w2,Ready
2026-06-29T09:28:20+00:00,k3s-s1,Ready
2026-06-29T09:28:20+00:00,k3s-s2,NotReady
2026-06-29T09:28:20+00:00,k3s-s3,Ready
2026-06-29T09:28:20+00:00,k3s-w1,Ready
2026-06-29T09:28:20+00:00,k3s-w2,Ready
2026-06-29T09:28:21+00:00,k3s-s1,Ready
2026-06-29T09:28:21+00:00,k3s-s2,NotReady
2026-06-29T09:28:21+00:00,k3s-s3,Ready
2026-06-29T09:28:21+00:00,k3s-w1,Ready
2026-06-29T09:28:21+00:00,k3s-w2,Ready
2026-06-29T09:28:22+00:00,k3s-s1,Ready
2026-06-29T09:28:22+00:00,k3s-s2,NotReady
2026-06-29T09:28:22+00:00,k3s-s3,Ready
2026-06-29T09:28:22+00:00,k3s-w1,Ready
2026-06-29T09:28:22+00:00,k3s-w2,Ready
2026-06-29T09:28:23+00:00,k3s-s1,Ready
2026-06-29T09:28:23+00:00,k3s-s2,NotReady
2026-06-29T09:28:23+00:00,k3s-s3,Ready
2026-06-29T09:28:23+00:00,k3s-w1,Ready
2026-06-29T09:28:23+00:00,k3s-w2,Ready
2026-06-29T09:28:24+00:00,k3s-s1,Ready
2026-06-29T09:28:24+00:00,k3s-s2,NotReady
2026-06-29T09:28:24+00:00,k3s-s3,Ready
2026-06-29T09:28:24+00:00,k3s-w1,Ready
2026-06-29T09:28:24+00:00,k3s-w2,Ready
2026-06-29T09:28:25+00:00,k3s-s1,Ready
2026-06-29T09:28:25+00:00,k3s-s2,NotReady
2026-06-29T09:28:25+00:00,k3s-s3,Ready
2026-06-29T09:28:25+00:00,k3s-w1,Ready
2026-06-29T09:28:25+00:00,k3s-w2,Ready
2026-06-29T09:28:26+00:00,k3s-s1,Ready
2026-06-29T09:28:26+00:00,k3s-s2,NotReady
2026-06-29T09:28:26+00:00,k3s-s3,Ready
2026-06-29T09:28:26+00:00,k3s-w1,Ready
2026-06-29T09:28:26+00:00,k3s-w2,Ready
2026-06-29T09:28:28+00:00,k3s-s1,Ready
2026-06-29T09:28:28+00:00,k3s-s2,NotReady
2026-06-29T09:28:28+00:00,k3s-s3,Ready
2026-06-29T09:28:28+00:00,k3s-w1,Ready
2026-06-29T09:28:28+00:00,k3s-w2,Ready
2026-06-29T09:28:29+00:00,k3s-s1,Ready
2026-06-29T09:28:29+00:00,k3s-s2,NotReady
2026-06-29T09:28:29+00:00,k3s-s3,Ready
2026-06-29T09:28:29+00:00,k3s-w1,Ready
2026-06-29T09:28:29+00:00,k3s-w2,Ready
2026-06-29T09:28:30+00:00,k3s-s1,Ready
2026-06-29T09:28:30+00:00,k3s-s2,NotReady
2026-06-29T09:28:30+00:00,k3s-s3,Ready
2026-06-29T09:28:30+00:00,k3s-w1,Ready
2026-06-29T09:28:30+00:00,k3s-w2,Ready
2026-06-29T09:28:31+00:00,k3s-s1,Ready
2026-06-29T09:28:31+00:00,k3s-s2,NotReady
2026-06-29T09:28:31+00:00,k3s-s3,Ready
2026-06-29T09:28:31+00:00,k3s-w1,Ready
2026-06-29T09:28:31+00:00,k3s-w2,Ready
2026-06-29T09:28:32+00:00,k3s-s1,Ready
2026-06-29T09:28:32+00:00,k3s-s2,NotReady
2026-06-29T09:28:32+00:00,k3s-s3,Ready
2026-06-29T09:28:32+00:00,k3s-w1,Ready
2026-06-29T09:28:32+00:00,k3s-w2,Ready
2026-06-29T09:28:33+00:00,k3s-s1,Ready
2026-06-29T09:28:33+00:00,k3s-s2,NotReady
2026-06-29T09:28:33+00:00,k3s-s3,Ready
2026-06-29T09:28:33+00:00,k3s-w1,Ready
2026-06-29T09:28:33+00:00,k3s-w2,Ready
2026-06-29T09:28:34+00:00,k3s-s1,Ready
2026-06-29T09:28:34+00:00,k3s-s2,NotReady
2026-06-29T09:28:34+00:00,k3s-s3,Ready
2026-06-29T09:28:34+00:00,k3s-w1,Ready
2026-06-29T09:28:34+00:00,k3s-w2,Ready
2026-06-29T09:28:35+00:00,k3s-s1,Ready
2026-06-29T09:28:35+00:00,k3s-s2,NotReady
2026-06-29T09:28:35+00:00,k3s-s3,Ready
2026-06-29T09:28:35+00:00,k3s-w1,Ready
2026-06-29T09:28:35+00:00,k3s-w2,Ready
2026-06-29T09:28:36+00:00,k3s-s1,Ready
2026-06-29T09:28:36+00:00,k3s-s2,NotReady
2026-06-29T09:28:36+00:00,k3s-s3,Ready
2026-06-29T09:28:36+00:00,k3s-w1,Ready
2026-06-29T09:28:36+00:00,k3s-w2,Ready
2026-06-29T09:28:37+00:00,k3s-s1,Ready
2026-06-29T09:28:37+00:00,k3s-s2,NotReady
2026-06-29T09:28:37+00:00,k3s-s3,Ready
2026-06-29T09:28:37+00:00,k3s-w1,Ready
2026-06-29T09:28:37+00:00,k3s-w2,Ready
2026-06-29T09:28:38+00:00,k3s-s1,Ready
2026-06-29T09:28:38+00:00,k3s-s2,NotReady
2026-06-29T09:28:38+00:00,k3s-s3,Ready
2026-06-29T09:28:38+00:00,k3s-w1,Ready
2026-06-29T09:28:38+00:00,k3s-w2,Ready
2026-06-29T09:28:39+00:00,k3s-s1,Ready
2026-06-29T09:28:39+00:00,k3s-s2,NotReady
2026-06-29T09:28:39+00:00,k3s-s3,Ready
2026-06-29T09:28:39+00:00,k3s-w1,Ready
2026-06-29T09:28:39+00:00,k3s-w2,Ready
2026-06-29T09:28:40+00:00,k3s-s1,Ready
2026-06-29T09:28:40+00:00,k3s-s2,NotReady
2026-06-29T09:28:40+00:00,k3s-s3,Ready
2026-06-29T09:28:40+00:00,k3s-w1,Ready
2026-06-29T09:28:40+00:00,k3s-w2,Ready
2026-06-29T09:28:42+00:00,k3s-s1,Ready
2026-06-29T09:28:42+00:00,k3s-s2,NotReady
2026-06-29T09:28:42+00:00,k3s-s3,Ready
2026-06-29T09:28:42+00:00,k3s-w1,Ready
2026-06-29T09:28:42+00:00,k3s-w2,Ready
2026-06-29T09:28:43+00:00,k3s-s1,Ready
2026-06-29T09:28:43+00:00,k3s-s2,NotReady
2026-06-29T09:28:43+00:00,k3s-s3,Ready
2026-06-29T09:28:43+00:00,k3s-w1,Ready
2026-06-29T09:28:43+00:00,k3s-w2,Ready
2026-06-29T09:28:44+00:00,k3s-s1,Ready
2026-06-29T09:28:44+00:00,k3s-s2,NotReady
2026-06-29T09:28:44+00:00,k3s-s3,Ready
2026-06-29T09:28:44+00:00,k3s-w1,Ready
2026-06-29T09:28:44+00:00,k3s-w2,Ready
2026-06-29T09:28:45+00:00,k3s-s1,Ready
2026-06-29T09:28:45+00:00,k3s-s2,NotReady
2026-06-29T09:28:45+00:00,k3s-s3,Ready
2026-06-29T09:28:45+00:00,k3s-w1,Ready
2026-06-29T09:28:45+00:00,k3s-w2,Ready
2026-06-29T09:28:46+00:00,k3s-s1,Ready
2026-06-29T09:28:46+00:00,k3s-s2,NotReady
2026-06-29T09:28:46+00:00,k3s-s3,Ready
2026-06-29T09:28:46+00:00,k3s-w1,Ready
2026-06-29T09:28:46+00:00,k3s-w2,Ready
2026-06-29T09:28:47+00:00,k3s-s1,Ready
2026-06-29T09:28:47+00:00,k3s-s2,NotReady
2026-06-29T09:28:47+00:00,k3s-s3,Ready
2026-06-29T09:28:47+00:00,k3s-w1,Ready
2026-06-29T09:28:47+00:00,k3s-w2,Ready
2026-06-29T09:28:48+00:00,k3s-s1,Ready
2026-06-29T09:28:48+00:00,k3s-s2,NotReady
2026-06-29T09:28:48+00:00,k3s-s3,Ready
2026-06-29T09:28:48+00:00,k3s-w1,Ready
2026-06-29T09:28:48+00:00,k3s-w2,Ready
2026-06-29T09:28:49+00:00,k3s-s1,Ready
2026-06-29T09:28:49+00:00,k3s-s2,NotReady
2026-06-29T09:28:49+00:00,k3s-s3,Ready
2026-06-29T09:28:49+00:00,k3s-w1,Ready
2026-06-29T09:28:49+00:00,k3s-w2,Ready
2026-06-29T09:28:50+00:00,k3s-s1,Ready
2026-06-29T09:28:50+00:00,k3s-s2,NotReady
2026-06-29T09:28:50+00:00,k3s-s3,Ready
2026-06-29T09:28:50+00:00,k3s-w1,Ready
2026-06-29T09:28:50+00:00,k3s-w2,Ready
2026-06-29T09:28:51+00:00,k3s-s1,Ready
2026-06-29T09:28:51+00:00,k3s-s2,NotReady
2026-06-29T09:28:51+00:00,k3s-s3,Ready
2026-06-29T09:28:51+00:00,k3s-w1,Ready
2026-06-29T09:28:51+00:00,k3s-w2,Ready
2026-06-29T09:28:52+00:00,k3s-s1,Ready
2026-06-29T09:28:52+00:00,k3s-s2,NotReady
2026-06-29T09:28:52+00:00,k3s-s3,Ready
2026-06-29T09:28:52+00:00,k3s-w1,Ready
2026-06-29T09:28:52+00:00,k3s-w2,Ready
2026-06-29T09:28:53+00:00,k3s-s1,Ready
2026-06-29T09:28:53+00:00,k3s-s2,NotReady
2026-06-29T09:28:53+00:00,k3s-s3,Ready
2026-06-29T09:28:53+00:00,k3s-w1,Ready
2026-06-29T09:28:53+00:00,k3s-w2,Ready
2026-06-29T09:28:54+00:00,k3s-s1,Ready
2026-06-29T09:28:54+00:00,k3s-s2,NotReady
2026-06-29T09:28:54+00:00,k3s-s3,Ready
2026-06-29T09:28:54+00:00,k3s-w1,Ready
2026-06-29T09:28:54+00:00,k3s-w2,Ready
2026-06-29T09:28:56+00:00,k3s-s1,Ready
2026-06-29T09:28:56+00:00,k3s-s2,NotReady
2026-06-29T09:28:56+00:00,k3s-s3,Ready
2026-06-29T09:28:56+00:00,k3s-w1,Ready
2026-06-29T09:28:56+00:00,k3s-w2,Ready
2026-06-29T09:28:57+00:00,k3s-s1,Ready
2026-06-29T09:28:57+00:00,k3s-s2,NotReady
2026-06-29T09:28:57+00:00,k3s-s3,Ready
2026-06-29T09:28:57+00:00,k3s-w1,Ready
2026-06-29T09:28:57+00:00,k3s-w2,Ready
2026-06-29T09:28:58+00:00,k3s-s1,Ready
2026-06-29T09:28:58+00:00,k3s-s2,NotReady
2026-06-29T09:28:58+00:00,k3s-s3,Ready
2026-06-29T09:28:58+00:00,k3s-w1,Ready
2026-06-29T09:28:58+00:00,k3s-w2,Ready
2026-06-29T09:28:59+00:00,k3s-s1,Ready
2026-06-29T09:28:59+00:00,k3s-s2,NotReady
2026-06-29T09:28:59+00:00,k3s-s3,Ready
2026-06-29T09:28:59+00:00,k3s-w1,Ready
2026-06-29T09:28:59+00:00,k3s-w2,Ready
2026-06-29T09:29:00+00:00,k3s-s1,Ready
2026-06-29T09:29:00+00:00,k3s-s2,NotReady
2026-06-29T09:29:00+00:00,k3s-s3,Ready
2026-06-29T09:29:00+00:00,k3s-w1,Ready
2026-06-29T09:29:00+00:00,k3s-w2,Ready
2026-06-29T09:29:01+00:00,k3s-s1,Ready
2026-06-29T09:29:01+00:00,k3s-s2,NotReady
2026-06-29T09:29:01+00:00,k3s-s3,Ready
2026-06-29T09:29:01+00:00,k3s-w1,Ready
2026-06-29T09:29:01+00:00,k3s-w2,Ready
2026-06-29T09:29:02+00:00,k3s-s1,Ready
2026-06-29T09:29:02+00:00,k3s-s2,NotReady
2026-06-29T09:29:02+00:00,k3s-s3,Ready
2026-06-29T09:29:02+00:00,k3s-w1,Ready
2026-06-29T09:29:02+00:00,k3s-w2,Ready
2026-06-29T09:29:03+00:00,k3s-s1,Ready
2026-06-29T09:29:03+00:00,k3s-s2,NotReady
2026-06-29T09:29:03+00:00,k3s-s3,Ready
2026-06-29T09:29:03+00:00,k3s-w1,Ready
2026-06-29T09:29:03+00:00,k3s-w2,Ready
2026-06-29T09:29:04+00:00,k3s-s1,Ready
2026-06-29T09:29:04+00:00,k3s-s2,NotReady
2026-06-29T09:29:04+00:00,k3s-s3,Ready
2026-06-29T09:29:04+00:00,k3s-w1,Ready
2026-06-29T09:29:04+00:00,k3s-w2,Ready
2026-06-29T09:29:05+00:00,k3s-s1,Ready
2026-06-29T09:29:05+00:00,k3s-s2,NotReady
2026-06-29T09:29:05+00:00,k3s-s3,Ready
2026-06-29T09:29:05+00:00,k3s-w1,Ready
2026-06-29T09:29:05+00:00,k3s-w2,Ready
2026-06-29T09:29:06+00:00,k3s-s1,Ready
2026-06-29T09:29:06+00:00,k3s-s2,NotReady
2026-06-29T09:29:06+00:00,k3s-s3,Ready
2026-06-29T09:29:06+00:00,k3s-w1,Ready
2026-06-29T09:29:06+00:00,k3s-w2,Ready
2026-06-29T09:29:07+00:00,k3s-s1,Ready
2026-06-29T09:29:07+00:00,k3s-s2,NotReady
2026-06-29T09:29:07+00:00,k3s-s3,Ready
2026-06-29T09:29:07+00:00,k3s-w1,Ready
2026-06-29T09:29:07+00:00,k3s-w2,Ready
2026-06-29T09:29:08+00:00,k3s-s1,Ready
2026-06-29T09:29:08+00:00,k3s-s2,NotReady
2026-06-29T09:29:08+00:00,k3s-s3,Ready
2026-06-29T09:29:08+00:00,k3s-w1,Ready
2026-06-29T09:29:08+00:00,k3s-w2,Ready
2026-06-29T09:29:09+00:00,k3s-s1,Ready
2026-06-29T09:29:09+00:00,k3s-s2,NotReady
2026-06-29T09:29:09+00:00,k3s-s3,Ready
2026-06-29T09:29:09+00:00,k3s-w1,Ready
2026-06-29T09:29:09+00:00,k3s-w2,Ready
2026-06-29T09:29:11+00:00,k3s-s1,Ready
2026-06-29T09:29:11+00:00,k3s-s2,NotReady
2026-06-29T09:29:11+00:00,k3s-s3,Ready
2026-06-29T09:29:11+00:00,k3s-w1,Ready
2026-06-29T09:29:11+00:00,k3s-w2,Ready
2026-06-29T09:29:12+00:00,k3s-s1,Ready
2026-06-29T09:29:12+00:00,k3s-s2,NotReady
2026-06-29T09:29:12+00:00,k3s-s3,Ready
2026-06-29T09:29:12+00:00,k3s-w1,Ready
2026-06-29T09:29:12+00:00,k3s-w2,Ready
2026-06-29T09:29:13+00:00,k3s-s1,Ready
2026-06-29T09:29:13+00:00,k3s-s2,NotReady
2026-06-29T09:29:13+00:00,k3s-s3,Ready
2026-06-29T09:29:13+00:00,k3s-w1,Ready
2026-06-29T09:29:13+00:00,k3s-w2,Ready
2026-06-29T09:29:14+00:00,k3s-s1,Ready
2026-06-29T09:29:14+00:00,k3s-s2,NotReady
2026-06-29T09:29:14+00:00,k3s-s3,Ready
2026-06-29T09:29:14+00:00,k3s-w1,Ready
2026-06-29T09:29:14+00:00,k3s-w2,Ready
2026-06-29T09:29:15+00:00,k3s-s1,Ready
2026-06-29T09:29:15+00:00,k3s-s2,NotReady
2026-06-29T09:29:15+00:00,k3s-s3,Ready
2026-06-29T09:29:15+00:00,k3s-w1,Ready
2026-06-29T09:29:15+00:00,k3s-w2,Ready
2026-06-29T09:29:16+00:00,k3s-s1,Ready
2026-06-29T09:29:16+00:00,k3s-s2,NotReady
2026-06-29T09:29:16+00:00,k3s-s3,Ready
2026-06-29T09:29:16+00:00,k3s-w1,Ready
2026-06-29T09:29:16+00:00,k3s-w2,Ready
2026-06-29T09:29:17+00:00,k3s-s1,Ready
2026-06-29T09:29:17+00:00,k3s-s2,NotReady
2026-06-29T09:29:17+00:00,k3s-s3,Ready
2026-06-29T09:29:17+00:00,k3s-w1,Ready
2026-06-29T09:29:17+00:00,k3s-w2,Ready
2026-06-29T09:29:18+00:00,k3s-s1,Ready
2026-06-29T09:29:18+00:00,k3s-s2,NotReady
2026-06-29T09:29:18+00:00,k3s-s3,Ready
2026-06-29T09:29:18+00:00,k3s-w1,Ready
2026-06-29T09:29:18+00:00,k3s-w2,Ready
2026-06-29T09:29:19+00:00,k3s-s1,Ready
2026-06-29T09:29:19+00:00,k3s-s2,NotReady
2026-06-29T09:29:19+00:00,k3s-s3,Ready
2026-06-29T09:29:19+00:00,k3s-w1,Ready
2026-06-29T09:29:19+00:00,k3s-w2,Ready
2026-06-29T09:29:20+00:00,k3s-s1,Ready
2026-06-29T09:29:20+00:00,k3s-s2,NotReady
2026-06-29T09:29:20+00:00,k3s-s3,Ready
2026-06-29T09:29:20+00:00,k3s-w1,Ready
2026-06-29T09:29:20+00:00,k3s-w2,Ready
2026-06-29T09:29:21+00:00,k3s-s1,Ready
2026-06-29T09:29:21+00:00,k3s-s2,NotReady
2026-06-29T09:29:21+00:00,k3s-s3,Ready
2026-06-29T09:29:21+00:00,k3s-w1,Ready
2026-06-29T09:29:21+00:00,k3s-w2,Ready
2026-06-29T09:29:22+00:00,k3s-s1,Ready
2026-06-29T09:29:22+00:00,k3s-s2,NotReady
2026-06-29T09:29:22+00:00,k3s-s3,Ready
2026-06-29T09:29:22+00:00,k3s-w1,Ready
2026-06-29T09:29:22+00:00,k3s-w2,Ready
2026-06-29T09:29:23+00:00,k3s-s1,Ready
2026-06-29T09:29:23+00:00,k3s-s2,NotReady
2026-06-29T09:29:23+00:00,k3s-s3,Ready
2026-06-29T09:29:23+00:00,k3s-w1,Ready
2026-06-29T09:29:23+00:00,k3s-w2,Ready
2026-06-29T09:29:24+00:00,k3s-s1,Ready
2026-06-29T09:29:24+00:00,k3s-s2,NotReady
2026-06-29T09:29:24+00:00,k3s-s3,Ready
2026-06-29T09:29:24+00:00,k3s-w1,Ready
2026-06-29T09:29:24+00:00,k3s-w2,Ready
2026-06-29T09:29:25+00:00,k3s-s1,Ready
2026-06-29T09:29:25+00:00,k3s-s2,NotReady
2026-06-29T09:29:25+00:00,k3s-s3,Ready
2026-06-29T09:29:25+00:00,k3s-w1,Ready
2026-06-29T09:29:25+00:00,k3s-w2,Ready
2026-06-29T09:29:26+00:00,k3s-s1,Ready
2026-06-29T09:29:26+00:00,k3s-s2,NotReady
2026-06-29T09:29:26+00:00,k3s-s3,Ready
2026-06-29T09:29:26+00:00,k3s-w1,Ready
2026-06-29T09:29:26+00:00,k3s-w2,Ready
2026-06-29T09:29:27+00:00,k3s-s1,Ready
2026-06-29T09:29:27+00:00,k3s-s2,NotReady
2026-06-29T09:29:27+00:00,k3s-s3,Ready
2026-06-29T09:29:27+00:00,k3s-w1,Ready
2026-06-29T09:29:27+00:00,k3s-w2,Ready
2026-06-29T09:29:28+00:00,k3s-s1,Ready
2026-06-29T09:29:28+00:00,k3s-s2,NotReady
2026-06-29T09:29:28+00:00,k3s-s3,Ready
2026-06-29T09:29:28+00:00,k3s-w1,Ready
2026-06-29T09:29:28+00:00,k3s-w2,Ready
2026-06-29T09:29:30+00:00,k3s-s1,Ready
2026-06-29T09:29:30+00:00,k3s-s2,NotReady
2026-06-29T09:29:30+00:00,k3s-s3,Ready
2026-06-29T09:29:30+00:00,k3s-w1,Ready
2026-06-29T09:29:30+00:00,k3s-w2,Ready
2026-06-29T09:29:31+00:00,k3s-s1,Ready
2026-06-29T09:29:31+00:00,k3s-s2,NotReady
2026-06-29T09:29:31+00:00,k3s-s3,Ready
2026-06-29T09:29:31+00:00,k3s-w1,Ready
2026-06-29T09:29:31+00:00,k3s-w2,Ready
2026-06-29T09:29:32+00:00,k3s-s1,Ready
2026-06-29T09:29:32+00:00,k3s-s2,NotReady
2026-06-29T09:29:32+00:00,k3s-s3,Ready
2026-06-29T09:29:32+00:00,k3s-w1,Ready
2026-06-29T09:29:32+00:00,k3s-w2,Ready
2026-06-29T09:29:33+00:00,k3s-s1,Ready
2026-06-29T09:29:33+00:00,k3s-s2,NotReady
2026-06-29T09:29:33+00:00,k3s-s3,Ready
2026-06-29T09:29:33+00:00,k3s-w1,Ready
2026-06-29T09:29:33+00:00,k3s-w2,Ready
2026-06-29T09:29:34+00:00,k3s-s1,Ready
2026-06-29T09:29:34+00:00,k3s-s2,NotReady
2026-06-29T09:29:34+00:00,k3s-s3,Ready
2026-06-29T09:29:34+00:00,k3s-w1,Ready
2026-06-29T09:29:34+00:00,k3s-w2,Ready
2026-06-29T09:29:35+00:00,k3s-s1,Ready
2026-06-29T09:29:35+00:00,k3s-s2,NotReady
2026-06-29T09:29:35+00:00,k3s-s3,Ready
2026-06-29T09:29:35+00:00,k3s-w1,Ready
2026-06-29T09:29:35+00:00,k3s-w2,Ready
2026-06-29T09:29:36+00:00,k3s-s1,Ready
2026-06-29T09:29:36+00:00,k3s-s2,NotReady
2026-06-29T09:29:36+00:00,k3s-s3,Ready
2026-06-29T09:29:36+00:00,k3s-w1,Ready
2026-06-29T09:29:36+00:00,k3s-w2,Ready
2026-06-29T09:29:37+00:00,k3s-s1,Ready
2026-06-29T09:29:37+00:00,k3s-s2,NotReady
2026-06-29T09:29:37+00:00,k3s-s3,Ready
2026-06-29T09:29:37+00:00,k3s-w1,Ready
2026-06-29T09:29:37+00:00,k3s-w2,Ready
2026-06-29T09:29:38+00:00,k3s-s1,Ready
2026-06-29T09:29:38+00:00,k3s-s2,NotReady
2026-06-29T09:29:38+00:00,k3s-s3,Ready
2026-06-29T09:29:38+00:00,k3s-w1,Ready
2026-06-29T09:29:38+00:00,k3s-w2,Ready
2026-06-29T09:29:39+00:00,k3s-s1,Ready
2026-06-29T09:29:39+00:00,k3s-s2,NotReady
2026-06-29T09:29:39+00:00,k3s-s3,Ready
2026-06-29T09:29:39+00:00,k3s-w1,Ready
2026-06-29T09:29:39+00:00,k3s-w2,Ready
2026-06-29T09:29:40+00:00,k3s-s1,Ready
2026-06-29T09:29:40+00:00,k3s-s2,NotReady
2026-06-29T09:29:40+00:00,k3s-s3,Ready
2026-06-29T09:29:40+00:00,k3s-w1,Ready
2026-06-29T09:29:40+00:00,k3s-w2,Ready
2026-06-29T09:29:41+00:00,k3s-s1,Ready
2026-06-29T09:29:41+00:00,k3s-s2,NotReady
2026-06-29T09:29:41+00:00,k3s-s3,Ready
2026-06-29T09:29:41+00:00,k3s-w1,Ready
2026-06-29T09:29:41+00:00,k3s-w2,Ready
2026-06-29T09:29:42+00:00,k3s-s1,Ready
2026-06-29T09:29:42+00:00,k3s-s2,NotReady
2026-06-29T09:29:42+00:00,k3s-s3,Ready
2026-06-29T09:29:42+00:00,k3s-w1,Ready
2026-06-29T09:29:42+00:00,k3s-w2,Ready
2026-06-29T09:29:43+00:00,k3s-s1,Ready
2026-06-29T09:29:43+00:00,k3s-s2,NotReady
2026-06-29T09:29:43+00:00,k3s-s3,Ready
2026-06-29T09:29:43+00:00,k3s-w1,Ready
2026-06-29T09:29:43+00:00,k3s-w2,Ready
2026-06-29T09:29:44+00:00,k3s-s1,Ready
2026-06-29T09:29:44+00:00,k3s-s2,NotReady
2026-06-29T09:29:44+00:00,k3s-s3,Ready
2026-06-29T09:29:44+00:00,k3s-w1,Ready
2026-06-29T09:29:44+00:00,k3s-w2,Ready
2026-06-29T09:29:45+00:00,k3s-s1,Ready
2026-06-29T09:29:45+00:00,k3s-s2,NotReady
2026-06-29T09:29:45+00:00,k3s-s3,Ready
2026-06-29T09:29:45+00:00,k3s-w1,Ready
2026-06-29T09:29:45+00:00,k3s-w2,Ready
2026-06-29T09:29:46+00:00,k3s-s1,Ready
2026-06-29T09:29:46+00:00,k3s-s2,NotReady
2026-06-29T09:29:46+00:00,k3s-s3,Ready
2026-06-29T09:29:46+00:00,k3s-w1,Ready
2026-06-29T09:29:46+00:00,k3s-w2,Ready
2026-06-29T09:29:47+00:00,k3s-s1,Ready
2026-06-29T09:29:47+00:00,k3s-s2,NotReady
2026-06-29T09:29:47+00:00,k3s-s3,Ready
2026-06-29T09:29:47+00:00,k3s-w1,Ready
2026-06-29T09:29:47+00:00,k3s-w2,Ready
2026-06-29T09:29:48+00:00,k3s-s1,Ready
2026-06-29T09:29:48+00:00,k3s-s2,NotReady
2026-06-29T09:29:48+00:00,k3s-s3,Ready
2026-06-29T09:29:48+00:00,k3s-w1,Ready
2026-06-29T09:29:48+00:00,k3s-w2,Ready
2026-06-29T09:29:50+00:00,k3s-s1,Ready
2026-06-29T09:29:50+00:00,k3s-s2,NotReady
2026-06-29T09:29:50+00:00,k3s-s3,Ready
2026-06-29T09:29:50+00:00,k3s-w1,Ready
2026-06-29T09:29:50+00:00,k3s-w2,Ready
2026-06-29T09:29:51+00:00,k3s-s1,Ready
2026-06-29T09:29:51+00:00,k3s-s2,NotReady
2026-06-29T09:29:51+00:00,k3s-s3,Ready
2026-06-29T09:29:51+00:00,k3s-w1,Ready
2026-06-29T09:29:51+00:00,k3s-w2,Ready
2026-06-29T09:29:52+00:00,k3s-s1,Ready
2026-06-29T09:29:52+00:00,k3s-s2,NotReady
2026-06-29T09:29:52+00:00,k3s-s3,Ready
2026-06-29T09:29:52+00:00,k3s-w1,Ready
2026-06-29T09:29:52+00:00,k3s-w2,Ready
2026-06-29T09:29:53+00:00,k3s-s1,Ready
2026-06-29T09:29:53+00:00,k3s-s2,NotReady
2026-06-29T09:29:53+00:00,k3s-s3,Ready
2026-06-29T09:29:53+00:00,k3s-w1,Ready
2026-06-29T09:29:53+00:00,k3s-w2,Ready
2026-06-29T09:29:54+00:00,k3s-s1,Ready
2026-06-29T09:29:54+00:00,k3s-s2,NotReady
2026-06-29T09:29:54+00:00,k3s-s3,Ready
2026-06-29T09:29:54+00:00,k3s-w1,Ready
2026-06-29T09:29:54+00:00,k3s-w2,Ready
2026-06-29T09:29:55+00:00,k3s-s1,Ready
2026-06-29T09:29:55+00:00,k3s-s2,NotReady
2026-06-29T09:29:55+00:00,k3s-s3,Ready
2026-06-29T09:29:55+00:00,k3s-w1,Ready
2026-06-29T09:29:55+00:00,k3s-w2,Ready
2026-06-29T09:29:56+00:00,k3s-s1,Ready
2026-06-29T09:29:56+00:00,k3s-s2,NotReady
2026-06-29T09:29:56+00:00,k3s-s3,Ready
2026-06-29T09:29:56+00:00,k3s-w1,Ready
2026-06-29T09:29:56+00:00,k3s-w2,Ready
2026-06-29T09:29:57+00:00,k3s-s1,Ready
2026-06-29T09:29:57+00:00,k3s-s2,NotReady
2026-06-29T09:29:57+00:00,k3s-s3,Ready
2026-06-29T09:29:57+00:00,k3s-w1,Ready
2026-06-29T09:29:57+00:00,k3s-w2,Ready
2026-06-29T09:29:58+00:00,k3s-s1,Ready
2026-06-29T09:29:58+00:00,k3s-s2,NotReady
2026-06-29T09:29:58+00:00,k3s-s3,Ready
2026-06-29T09:29:58+00:00,k3s-w1,Ready
2026-06-29T09:29:58+00:00,k3s-w2,Ready
2026-06-29T09:29:59+00:00,k3s-s1,Ready
2026-06-29T09:29:59+00:00,k3s-s2,NotReady
2026-06-29T09:29:59+00:00,k3s-s3,Ready
2026-06-29T09:29:59+00:00,k3s-w1,Ready
2026-06-29T09:29:59+00:00,k3s-w2,Ready
2026-06-29T09:30:00+00:00,k3s-s1,Ready
2026-06-29T09:30:00+00:00,k3s-s2,NotReady
2026-06-29T09:30:00+00:00,k3s-s3,Ready
2026-06-29T09:30:00+00:00,k3s-w1,Ready
2026-06-29T09:30:00+00:00,k3s-w2,Ready
2026-06-29T09:30:01+00:00,k3s-s1,Ready
2026-06-29T09:30:01+00:00,k3s-s2,NotReady
2026-06-29T09:30:01+00:00,k3s-s3,Ready
2026-06-29T09:30:01+00:00,k3s-w1,Ready
2026-06-29T09:30:01+00:00,k3s-w2,Ready
2026-06-29T09:30:02+00:00,k3s-s1,Ready
2026-06-29T09:30:02+00:00,k3s-s2,NotReady
2026-06-29T09:30:02+00:00,k3s-s3,Ready
2026-06-29T09:30:02+00:00,k3s-w1,Ready
2026-06-29T09:30:02+00:00,k3s-w2,Ready
2026-06-29T09:30:03+00:00,k3s-s1,Ready
2026-06-29T09:30:03+00:00,k3s-s2,NotReady
2026-06-29T09:30:03+00:00,k3s-s3,Ready
2026-06-29T09:30:03+00:00,k3s-w1,Ready
2026-06-29T09:30:03+00:00,k3s-w2,Ready
2026-06-29T09:30:04+00:00,k3s-s1,Ready
2026-06-29T09:30:04+00:00,k3s-s2,NotReady
2026-06-29T09:30:04+00:00,k3s-s3,Ready
2026-06-29T09:30:04+00:00,k3s-w1,Ready
2026-06-29T09:30:04+00:00,k3s-w2,Ready
2026-06-29T09:30:05+00:00,k3s-s1,Ready
2026-06-29T09:30:05+00:00,k3s-s2,NotReady
2026-06-29T09:30:05+00:00,k3s-s3,Ready
2026-06-29T09:30:05+00:00,k3s-w1,Ready
2026-06-29T09:30:05+00:00,k3s-w2,Ready
2026-06-29T09:30:06+00:00,k3s-s1,Ready
2026-06-29T09:30:06+00:00,k3s-s2,NotReady
2026-06-29T09:30:06+00:00,k3s-s3,Ready
2026-06-29T09:30:06+00:00,k3s-w1,Ready
2026-06-29T09:30:06+00:00,k3s-w2,Ready
2026-06-29T09:30:07+00:00,k3s-s1,Ready
2026-06-29T09:30:07+00:00,k3s-s2,NotReady
2026-06-29T09:30:07+00:00,k3s-s3,Ready
2026-06-29T09:30:07+00:00,k3s-w1,Ready
2026-06-29T09:30:07+00:00,k3s-w2,Ready
2026-06-29T09:30:09+00:00,k3s-s1,Ready
2026-06-29T09:30:09+00:00,k3s-s2,NotReady
2026-06-29T09:30:09+00:00,k3s-s3,Ready
2026-06-29T09:30:09+00:00,k3s-w1,Ready
2026-06-29T09:30:09+00:00,k3s-w2,Ready
2026-06-29T09:30:10+00:00,k3s-s1,Ready
2026-06-29T09:30:10+00:00,k3s-s2,NotReady
2026-06-29T09:30:10+00:00,k3s-s3,Ready
2026-06-29T09:30:10+00:00,k3s-w1,Ready
2026-06-29T09:30:10+00:00,k3s-w2,Ready
2026-06-29T09:30:11+00:00,k3s-s1,Ready
2026-06-29T09:30:11+00:00,k3s-s2,NotReady
2026-06-29T09:30:11+00:00,k3s-s3,Ready
2026-06-29T09:30:11+00:00,k3s-w1,Ready
2026-06-29T09:30:11+00:00,k3s-w2,Ready
2026-06-29T09:30:12+00:00,k3s-s1,Ready
2026-06-29T09:30:12+00:00,k3s-s2,NotReady
2026-06-29T09:30:12+00:00,k3s-s3,Ready
2026-06-29T09:30:12+00:00,k3s-w1,Ready
2026-06-29T09:30:12+00:00,k3s-w2,Ready
2026-06-29T09:30:13+00:00,k3s-s1,Ready
2026-06-29T09:30:13+00:00,k3s-s2,NotReady
2026-06-29T09:30:13+00:00,k3s-s3,Ready
2026-06-29T09:30:13+00:00,k3s-w1,Ready
2026-06-29T09:30:13+00:00,k3s-w2,Ready
2026-06-29T09:30:14+00:00,k3s-s1,Ready
2026-06-29T09:30:14+00:00,k3s-s2,NotReady
2026-06-29T09:30:14+00:00,k3s-s3,Ready
2026-06-29T09:30:14+00:00,k3s-w1,Ready
2026-06-29T09:30:14+00:00,k3s-w2,Ready
2026-06-29T09:30:15+00:00,k3s-s1,Ready
2026-06-29T09:30:15+00:00,k3s-s2,NotReady
2026-06-29T09:30:15+00:00,k3s-s3,Ready
2026-06-29T09:30:15+00:00,k3s-w1,Ready
2026-06-29T09:30:15+00:00,k3s-w2,Ready
2026-06-29T09:30:16+00:00,k3s-s1,Ready
2026-06-29T09:30:16+00:00,k3s-s2,NotReady
2026-06-29T09:30:16+00:00,k3s-s3,Ready
2026-06-29T09:30:16+00:00,k3s-w1,Ready
2026-06-29T09:30:16+00:00,k3s-w2,Ready
2026-06-29T09:30:17+00:00,k3s-s1,Ready
2026-06-29T09:30:17+00:00,k3s-s2,NotReady
2026-06-29T09:30:17+00:00,k3s-s3,Ready
2026-06-29T09:30:17+00:00,k3s-w1,Ready
2026-06-29T09:30:17+00:00,k3s-w2,Ready
2026-06-29T09:30:18+00:00,k3s-s1,Ready
2026-06-29T09:30:18+00:00,k3s-s2,NotReady
2026-06-29T09:30:18+00:00,k3s-s3,Ready
2026-06-29T09:30:18+00:00,k3s-w1,Ready
2026-06-29T09:30:18+00:00,k3s-w2,Ready
2026-06-29T09:30:19+00:00,k3s-s1,Ready
2026-06-29T09:30:19+00:00,k3s-s2,NotReady
2026-06-29T09:30:19+00:00,k3s-s3,Ready
2026-06-29T09:30:19+00:00,k3s-w1,Ready
2026-06-29T09:30:19+00:00,k3s-w2,Ready
2026-06-29T09:30:20+00:00,k3s-s1,Ready
2026-06-29T09:30:20+00:00,k3s-s2,NotReady
2026-06-29T09:30:20+00:00,k3s-s3,Ready
2026-06-29T09:30:20+00:00,k3s-w1,Ready
2026-06-29T09:30:20+00:00,k3s-w2,Ready
2026-06-29T09:30:21+00:00,k3s-s1,Ready
2026-06-29T09:30:21+00:00,k3s-s2,NotReady
2026-06-29T09:30:21+00:00,k3s-s3,Ready
2026-06-29T09:30:21+00:00,k3s-w1,Ready
2026-06-29T09:30:21+00:00,k3s-w2,Ready
2026-06-29T09:30:22+00:00,k3s-s1,Ready
2026-06-29T09:30:22+00:00,k3s-s2,NotReady
2026-06-29T09:30:22+00:00,k3s-s3,Ready
2026-06-29T09:30:22+00:00,k3s-w1,Ready
2026-06-29T09:30:22+00:00,k3s-w2,Ready
2026-06-29T09:30:23+00:00,k3s-s1,Ready
2026-06-29T09:30:23+00:00,k3s-s2,NotReady
2026-06-29T09:30:23+00:00,k3s-s3,Ready
2026-06-29T09:30:23+00:00,k3s-w1,Ready
2026-06-29T09:30:23+00:00,k3s-w2,Ready
2026-06-29T09:30:24+00:00,k3s-s1,Ready
2026-06-29T09:30:24+00:00,k3s-s2,NotReady
2026-06-29T09:30:24+00:00,k3s-s3,Ready
2026-06-29T09:30:24+00:00,k3s-w1,Ready
2026-06-29T09:30:24+00:00,k3s-w2,Ready
2026-06-29T09:30:25+00:00,k3s-s1,Ready
2026-06-29T09:30:25+00:00,k3s-s2,NotReady
2026-06-29T09:30:25+00:00,k3s-s3,Ready
2026-06-29T09:30:25+00:00,k3s-w1,Ready
2026-06-29T09:30:25+00:00,k3s-w2,Ready
2026-06-29T09:30:26+00:00,k3s-s1,Ready
2026-06-29T09:30:26+00:00,k3s-s2,NotReady
2026-06-29T09:30:26+00:00,k3s-s3,Ready
2026-06-29T09:30:26+00:00,k3s-w1,Ready
2026-06-29T09:30:26+00:00,k3s-w2,Ready
2026-06-29T09:30:27+00:00,k3s-s1,Ready
2026-06-29T09:30:27+00:00,k3s-s2,NotReady
2026-06-29T09:30:27+00:00,k3s-s3,Ready
2026-06-29T09:30:27+00:00,k3s-w1,Ready
2026-06-29T09:30:27+00:00,k3s-w2,Ready
2026-06-29T09:30:29+00:00,k3s-s1,Ready
2026-06-29T09:30:29+00:00,k3s-s2,NotReady
2026-06-29T09:30:29+00:00,k3s-s3,Ready
2026-06-29T09:30:29+00:00,k3s-w1,Ready
2026-06-29T09:30:29+00:00,k3s-w2,Ready
2026-06-29T09:30:30+00:00,k3s-s1,Ready
2026-06-29T09:30:30+00:00,k3s-s2,NotReady
2026-06-29T09:30:30+00:00,k3s-s3,Ready
2026-06-29T09:30:30+00:00,k3s-w1,Ready
2026-06-29T09:30:30+00:00,k3s-w2,Ready
2026-06-29T09:30:31+00:00,k3s-s1,Ready
2026-06-29T09:30:31+00:00,k3s-s2,NotReady
2026-06-29T09:30:31+00:00,k3s-s3,Ready
2026-06-29T09:30:31+00:00,k3s-w1,Ready
2026-06-29T09:30:31+00:00,k3s-w2,Ready
2026-06-29T09:30:32+00:00,k3s-s1,Ready
2026-06-29T09:30:32+00:00,k3s-s2,NotReady
2026-06-29T09:30:32+00:00,k3s-s3,Ready
2026-06-29T09:30:32+00:00,k3s-w1,Ready
2026-06-29T09:30:32+00:00,k3s-w2,Ready
2026-06-29T09:30:33+00:00,k3s-s1,Ready
2026-06-29T09:30:33+00:00,k3s-s2,NotReady
2026-06-29T09:30:33+00:00,k3s-s3,Ready
2026-06-29T09:30:33+00:00,k3s-w1,Ready
2026-06-29T09:30:33+00:00,k3s-w2,Ready
2026-06-29T09:30:34+00:00,k3s-s1,Ready
2026-06-29T09:30:34+00:00,k3s-s2,NotReady
2026-06-29T09:30:34+00:00,k3s-s3,Ready
2026-06-29T09:30:34+00:00,k3s-w1,Ready
2026-06-29T09:30:34+00:00,k3s-w2,Ready
2026-06-29T09:30:35+00:00,k3s-s1,Ready
2026-06-29T09:30:35+00:00,k3s-s2,NotReady
2026-06-29T09:30:35+00:00,k3s-s3,Ready
2026-06-29T09:30:35+00:00,k3s-w1,Ready
2026-06-29T09:30:35+00:00,k3s-w2,Ready
2026-06-29T09:30:36+00:00,k3s-s1,Ready
2026-06-29T09:30:36+00:00,k3s-s2,NotReady
2026-06-29T09:30:36+00:00,k3s-s3,Ready
2026-06-29T09:30:36+00:00,k3s-w1,Ready
2026-06-29T09:30:36+00:00,k3s-w2,Ready
2026-06-29T09:30:37+00:00,k3s-s1,Ready
2026-06-29T09:30:37+00:00,k3s-s2,NotReady
2026-06-29T09:30:37+00:00,k3s-s3,Ready
2026-06-29T09:30:37+00:00,k3s-w1,Ready
2026-06-29T09:30:37+00:00,k3s-w2,Ready
2026-06-29T09:30:38+00:00,k3s-s1,Ready
2026-06-29T09:30:38+00:00,k3s-s2,NotReady
2026-06-29T09:30:38+00:00,k3s-s3,Ready
2026-06-29T09:30:38+00:00,k3s-w1,Ready
2026-06-29T09:30:38+00:00,k3s-w2,Ready
2026-06-29T09:30:39+00:00,k3s-s1,Ready
2026-06-29T09:30:39+00:00,k3s-s2,NotReady
2026-06-29T09:30:39+00:00,k3s-s3,Ready
2026-06-29T09:30:39+00:00,k3s-w1,Ready
2026-06-29T09:30:39+00:00,k3s-w2,Ready
2026-06-29T09:30:40+00:00,k3s-s1,Ready
2026-06-29T09:30:40+00:00,k3s-s2,NotReady
2026-06-29T09:30:40+00:00,k3s-s3,Ready
2026-06-29T09:30:40+00:00,k3s-w1,Ready
2026-06-29T09:30:40+00:00,k3s-w2,Ready
2026-06-29T09:30:41+00:00,k3s-s1,Ready
2026-06-29T09:30:41+00:00,k3s-s2,NotReady
2026-06-29T09:30:41+00:00,k3s-s3,Ready
2026-06-29T09:30:41+00:00,k3s-w1,Ready
2026-06-29T09:30:41+00:00,k3s-w2,Ready
2026-06-29T09:30:42+00:00,k3s-s1,Ready
2026-06-29T09:30:42+00:00,k3s-s2,NotReady
2026-06-29T09:30:42+00:00,k3s-s3,Ready
2026-06-29T09:30:42+00:00,k3s-w1,Ready
2026-06-29T09:30:42+00:00,k3s-w2,Ready
2026-06-29T09:30:43+00:00,k3s-s1,Ready
2026-06-29T09:30:43+00:00,k3s-s2,NotReady
2026-06-29T09:30:43+00:00,k3s-s3,Ready
2026-06-29T09:30:43+00:00,k3s-w1,Ready
2026-06-29T09:30:43+00:00,k3s-w2,Ready
2026-06-29T09:30:44+00:00,k3s-s1,Ready
2026-06-29T09:30:44+00:00,k3s-s2,NotReady
2026-06-29T09:30:44+00:00,k3s-s3,Ready
2026-06-29T09:30:44+00:00,k3s-w1,Ready
2026-06-29T09:30:44+00:00,k3s-w2,Ready
2026-06-29T09:30:45+00:00,k3s-s1,Ready
2026-06-29T09:30:45+00:00,k3s-s2,NotReady
2026-06-29T09:30:45+00:00,k3s-s3,Ready
2026-06-29T09:30:45+00:00,k3s-w1,Ready
2026-06-29T09:30:45+00:00,k3s-w2,Ready
2026-06-29T09:30:46+00:00,k3s-s1,Ready
2026-06-29T09:30:46+00:00,k3s-s2,NotReady
2026-06-29T09:30:46+00:00,k3s-s3,Ready
2026-06-29T09:30:46+00:00,k3s-w1,Ready
2026-06-29T09:30:46+00:00,k3s-w2,Ready
2026-06-29T09:30:48+00:00,k3s-s1,Ready
2026-06-29T09:30:48+00:00,k3s-s2,NotReady
2026-06-29T09:30:48+00:00,k3s-s3,Ready
2026-06-29T09:30:48+00:00,k3s-w1,Ready
2026-06-29T09:30:48+00:00,k3s-w2,Ready
2026-06-29T09:30:49+00:00,k3s-s1,Ready
2026-06-29T09:30:49+00:00,k3s-s2,NotReady
2026-06-29T09:30:49+00:00,k3s-s3,Ready
2026-06-29T09:30:49+00:00,k3s-w1,Ready
2026-06-29T09:30:49+00:00,k3s-w2,Ready
2026-06-29T09:30:50+00:00,k3s-s1,Ready
2026-06-29T09:30:50+00:00,k3s-s2,NotReady
2026-06-29T09:30:50+00:00,k3s-s3,Ready
2026-06-29T09:30:50+00:00,k3s-w1,Ready
2026-06-29T09:30:50+00:00,k3s-w2,Ready
2026-06-29T09:30:51+00:00,k3s-s1,Ready
2026-06-29T09:30:51+00:00,k3s-s2,NotReady
2026-06-29T09:30:51+00:00,k3s-s3,Ready
2026-06-29T09:30:51+00:00,k3s-w1,Ready
2026-06-29T09:30:51+00:00,k3s-w2,Ready
2026-06-29T09:30:52+00:00,k3s-s1,Ready
2026-06-29T09:30:52+00:00,k3s-s2,NotReady
2026-06-29T09:30:52+00:00,k3s-s3,Ready
2026-06-29T09:30:52+00:00,k3s-w1,Ready
2026-06-29T09:30:52+00:00,k3s-w2,Ready
2026-06-29T09:30:53+00:00,k3s-s1,Ready
2026-06-29T09:30:53+00:00,k3s-s2,NotReady
2026-06-29T09:30:53+00:00,k3s-s3,Ready
2026-06-29T09:30:53+00:00,k3s-w1,Ready
2026-06-29T09:30:53+00:00,k3s-w2,Ready
2026-06-29T09:30:54+00:00,k3s-s1,Ready
2026-06-29T09:30:54+00:00,k3s-s2,NotReady
2026-06-29T09:30:54+00:00,k3s-s3,Ready
2026-06-29T09:30:54+00:00,k3s-w1,Ready
2026-06-29T09:30:54+00:00,k3s-w2,Ready
2026-06-29T09:30:55+00:00,k3s-s1,Ready
2026-06-29T09:30:55+00:00,k3s-s2,NotReady
2026-06-29T09:30:55+00:00,k3s-s3,Ready
2026-06-29T09:30:55+00:00,k3s-w1,Ready
2026-06-29T09:30:55+00:00,k3s-w2,Ready
2026-06-29T09:30:56+00:00,k3s-s1,Ready
2026-06-29T09:30:56+00:00,k3s-s2,NotReady
2026-06-29T09:30:56+00:00,k3s-s3,Ready
2026-06-29T09:30:56+00:00,k3s-w1,Ready
2026-06-29T09:30:56+00:00,k3s-w2,Ready
2026-06-29T09:30:57+00:00,k3s-s1,Ready
2026-06-29T09:30:57+00:00,k3s-s2,NotReady
2026-06-29T09:30:57+00:00,k3s-s3,Ready
2026-06-29T09:30:57+00:00,k3s-w1,Ready
2026-06-29T09:30:57+00:00,k3s-w2,Ready
2026-06-29T09:30:58+00:00,k3s-s1,Ready
2026-06-29T09:30:58+00:00,k3s-s2,NotReady
2026-06-29T09:30:58+00:00,k3s-s3,Ready
2026-06-29T09:30:58+00:00,k3s-w1,Ready
2026-06-29T09:30:58+00:00,k3s-w2,Ready
2026-06-29T09:30:59+00:00,k3s-s1,Ready
2026-06-29T09:30:59+00:00,k3s-s2,NotReady
2026-06-29T09:30:59+00:00,k3s-s3,Ready
2026-06-29T09:30:59+00:00,k3s-w1,Ready
2026-06-29T09:30:59+00:00,k3s-w2,Ready
2026-06-29T09:31:00+00:00,k3s-s1,Ready
2026-06-29T09:31:00+00:00,k3s-s2,NotReady
2026-06-29T09:31:00+00:00,k3s-s3,Ready
2026-06-29T09:31:00+00:00,k3s-w1,Ready
2026-06-29T09:31:00+00:00,k3s-w2,Ready
2026-06-29T09:31:01+00:00,k3s-s1,Ready
2026-06-29T09:31:01+00:00,k3s-s2,NotReady
2026-06-29T09:31:01+00:00,k3s-s3,Ready
2026-06-29T09:31:01+00:00,k3s-w1,Ready
2026-06-29T09:31:01+00:00,k3s-w2,Ready
2026-06-29T09:31:02+00:00,k3s-s1,Ready
2026-06-29T09:31:02+00:00,k3s-s2,NotReady
2026-06-29T09:31:02+00:00,k3s-s3,Ready
2026-06-29T09:31:02+00:00,k3s-w1,Ready
2026-06-29T09:31:02+00:00,k3s-w2,Ready
2026-06-29T09:31:03+00:00,k3s-s1,Ready
2026-06-29T09:31:03+00:00,k3s-s2,NotReady
2026-06-29T09:31:03+00:00,k3s-s3,Ready
2026-06-29T09:31:03+00:00,k3s-w1,Ready
2026-06-29T09:31:03+00:00,k3s-w2,Ready
2026-06-29T09:31:04+00:00,k3s-s1,Ready
2026-06-29T09:31:04+00:00,k3s-s2,NotReady
2026-06-29T09:31:04+00:00,k3s-s3,Ready
2026-06-29T09:31:04+00:00,k3s-w1,Ready
2026-06-29T09:31:04+00:00,k3s-w2,Ready
2026-06-29T09:31:05+00:00,k3s-s1,Ready
2026-06-29T09:31:05+00:00,k3s-s2,NotReady
2026-06-29T09:31:05+00:00,k3s-s3,Ready
2026-06-29T09:31:05+00:00,k3s-w1,Ready
2026-06-29T09:31:05+00:00,k3s-w2,Ready
2026-06-29T09:31:06+00:00,k3s-s1,Ready
2026-06-29T09:31:06+00:00,k3s-s2,NotReady
2026-06-29T09:31:06+00:00,k3s-s3,Ready
2026-06-29T09:31:06+00:00,k3s-w1,Ready
2026-06-29T09:31:06+00:00,k3s-w2,Ready
2026-06-29T09:31:08+00:00,k3s-s1,Ready
2026-06-29T09:31:08+00:00,k3s-s2,NotReady
2026-06-29T09:31:08+00:00,k3s-s3,Ready
2026-06-29T09:31:08+00:00,k3s-w1,Ready
2026-06-29T09:31:08+00:00,k3s-w2,Ready
2026-06-29T09:31:09+00:00,k3s-s1,Ready
2026-06-29T09:31:09+00:00,k3s-s2,NotReady
2026-06-29T09:31:09+00:00,k3s-s3,Ready
2026-06-29T09:31:09+00:00,k3s-w1,Ready
2026-06-29T09:31:09+00:00,k3s-w2,Ready
2026-06-29T09:31:10+00:00,k3s-s1,Ready
2026-06-29T09:31:10+00:00,k3s-s2,NotReady
2026-06-29T09:31:10+00:00,k3s-s3,Ready
2026-06-29T09:31:10+00:00,k3s-w1,Ready
2026-06-29T09:31:10+00:00,k3s-w2,Ready
2026-06-29T09:31:11+00:00,k3s-s1,Ready
2026-06-29T09:31:11+00:00,k3s-s2,NotReady
2026-06-29T09:31:11+00:00,k3s-s3,Ready
2026-06-29T09:31:11+00:00,k3s-w1,Ready
2026-06-29T09:31:11+00:00,k3s-w2,Ready
2026-06-29T09:31:12+00:00,k3s-s1,Ready
2026-06-29T09:31:12+00:00,k3s-s2,NotReady
2026-06-29T09:31:12+00:00,k3s-s3,Ready
2026-06-29T09:31:12+00:00,k3s-w1,Ready
2026-06-29T09:31:12+00:00,k3s-w2,Ready
2026-06-29T09:31:13+00:00,k3s-s1,Ready
2026-06-29T09:31:13+00:00,k3s-s2,NotReady
2026-06-29T09:31:13+00:00,k3s-s3,Ready
2026-06-29T09:31:13+00:00,k3s-w1,Ready
2026-06-29T09:31:13+00:00,k3s-w2,Ready
2026-06-29T09:31:14+00:00,k3s-s1,Ready
2026-06-29T09:31:14+00:00,k3s-s2,NotReady
2026-06-29T09:31:14+00:00,k3s-s3,Ready
2026-06-29T09:31:14+00:00,k3s-w1,Ready
2026-06-29T09:31:14+00:00,k3s-w2,Ready
2026-06-29T09:31:15+00:00,k3s-s1,Ready
2026-06-29T09:31:15+00:00,k3s-s2,NotReady
2026-06-29T09:31:15+00:00,k3s-s3,Ready
2026-06-29T09:31:15+00:00,k3s-w1,Ready
2026-06-29T09:31:15+00:00,k3s-w2,Ready
2026-06-29T09:31:16+00:00,k3s-s1,Ready
2026-06-29T09:31:16+00:00,k3s-s2,NotReady
2026-06-29T09:31:16+00:00,k3s-s3,Ready
2026-06-29T09:31:16+00:00,k3s-w1,Ready
2026-06-29T09:31:16+00:00,k3s-w2,Ready
2026-06-29T09:31:17+00:00,k3s-s1,Ready
2026-06-29T09:31:17+00:00,k3s-s2,NotReady
2026-06-29T09:31:17+00:00,k3s-s3,Ready
2026-06-29T09:31:17+00:00,k3s-w1,Ready
2026-06-29T09:31:17+00:00,k3s-w2,Ready
2026-06-29T09:31:18+00:00,k3s-s1,Ready
2026-06-29T09:31:18+00:00,k3s-s2,NotReady
2026-06-29T09:31:18+00:00,k3s-s3,Ready
2026-06-29T09:31:18+00:00,k3s-w1,Ready
2026-06-29T09:31:18+00:00,k3s-w2,Ready
2026-06-29T09:31:19+00:00,k3s-s1,Ready
2026-06-29T09:31:19+00:00,k3s-s2,NotReady
2026-06-29T09:31:19+00:00,k3s-s3,Ready
2026-06-29T09:31:19+00:00,k3s-w1,Ready
2026-06-29T09:31:19+00:00,k3s-w2,Ready
2026-06-29T09:31:20+00:00,k3s-s1,Ready
2026-06-29T09:31:20+00:00,k3s-s2,NotReady
2026-06-29T09:31:20+00:00,k3s-s3,Ready
2026-06-29T09:31:20+00:00,k3s-w1,Ready
2026-06-29T09:31:20+00:00,k3s-w2,Ready
2026-06-29T09:31:21+00:00,k3s-s1,Ready
2026-06-29T09:31:21+00:00,k3s-s2,NotReady
2026-06-29T09:31:21+00:00,k3s-s3,Ready
2026-06-29T09:31:21+00:00,k3s-w1,Ready
2026-06-29T09:31:21+00:00,k3s-w2,Ready
2026-06-29T09:31:22+00:00,k3s-s1,Ready
2026-06-29T09:31:22+00:00,k3s-s2,NotReady
2026-06-29T09:31:22+00:00,k3s-s3,Ready
2026-06-29T09:31:22+00:00,k3s-w1,Ready
2026-06-29T09:31:22+00:00,k3s-w2,Ready
2026-06-29T09:31:23+00:00,k3s-s1,Ready
2026-06-29T09:31:23+00:00,k3s-s2,NotReady
2026-06-29T09:31:23+00:00,k3s-s3,Ready
2026-06-29T09:31:23+00:00,k3s-w1,Ready
2026-06-29T09:31:23+00:00,k3s-w2,Ready
2026-06-29T09:31:24+00:00,k3s-s1,Ready
2026-06-29T09:31:24+00:00,k3s-s2,NotReady
2026-06-29T09:31:24+00:00,k3s-s3,Ready
2026-06-29T09:31:24+00:00,k3s-w1,Ready
2026-06-29T09:31:24+00:00,k3s-w2,Ready
2026-06-29T09:31:25+00:00,k3s-s1,Ready
2026-06-29T09:31:25+00:00,k3s-s2,NotReady
2026-06-29T09:31:25+00:00,k3s-s3,Ready
2026-06-29T09:31:25+00:00,k3s-w1,Ready
2026-06-29T09:31:25+00:00,k3s-w2,Ready
2026-06-29T09:31:27+00:00,k3s-s1,Ready
2026-06-29T09:31:27+00:00,k3s-s2,NotReady
2026-06-29T09:31:27+00:00,k3s-s3,Ready
2026-06-29T09:31:27+00:00,k3s-w1,Ready
2026-06-29T09:31:27+00:00,k3s-w2,Ready
2026-06-29T09:31:28+00:00,k3s-s1,Ready
2026-06-29T09:31:28+00:00,k3s-s2,NotReady
2026-06-29T09:31:28+00:00,k3s-s3,Ready
2026-06-29T09:31:28+00:00,k3s-w1,Ready
2026-06-29T09:31:28+00:00,k3s-w2,Ready
2026-06-29T09:31:29+00:00,k3s-s1,Ready
2026-06-29T09:31:29+00:00,k3s-s2,NotReady
2026-06-29T09:31:29+00:00,k3s-s3,Ready
2026-06-29T09:31:29+00:00,k3s-w1,Ready
2026-06-29T09:31:29+00:00,k3s-w2,Ready
2026-06-29T09:31:30+00:00,k3s-s1,Ready
2026-06-29T09:31:30+00:00,k3s-s2,NotReady
2026-06-29T09:31:30+00:00,k3s-s3,Ready
2026-06-29T09:31:30+00:00,k3s-w1,Ready
2026-06-29T09:31:30+00:00,k3s-w2,Ready
2026-06-29T09:31:31+00:00,k3s-s1,Ready
2026-06-29T09:31:31+00:00,k3s-s2,NotReady
2026-06-29T09:31:31+00:00,k3s-s3,Ready
2026-06-29T09:31:31+00:00,k3s-w1,Ready
2026-06-29T09:31:31+00:00,k3s-w2,Ready
2026-06-29T09:31:32+00:00,k3s-s1,Ready
2026-06-29T09:31:32+00:00,k3s-s2,NotReady
2026-06-29T09:31:32+00:00,k3s-s3,Ready
2026-06-29T09:31:32+00:00,k3s-w1,Ready
2026-06-29T09:31:32+00:00,k3s-w2,Ready
2026-06-29T09:31:33+00:00,k3s-s1,Ready
2026-06-29T09:31:33+00:00,k3s-s2,NotReady
2026-06-29T09:31:33+00:00,k3s-s3,Ready
2026-06-29T09:31:33+00:00,k3s-w1,Ready
2026-06-29T09:31:33+00:00,k3s-w2,Ready
2026-06-29T09:31:34+00:00,k3s-s1,Ready
2026-06-29T09:31:34+00:00,k3s-s2,NotReady
2026-06-29T09:31:34+00:00,k3s-s3,Ready
2026-06-29T09:31:34+00:00,k3s-w1,Ready
2026-06-29T09:31:34+00:00,k3s-w2,Ready
2026-06-29T09:31:35+00:00,k3s-s1,Ready
2026-06-29T09:31:35+00:00,k3s-s2,NotReady
2026-06-29T09:31:35+00:00,k3s-s3,Ready
2026-06-29T09:31:35+00:00,k3s-w1,Ready
2026-06-29T09:31:35+00:00,k3s-w2,Ready
2026-06-29T09:31:36+00:00,k3s-s1,Ready
2026-06-29T09:31:36+00:00,k3s-s2,NotReady
2026-06-29T09:31:36+00:00,k3s-s3,Ready
2026-06-29T09:31:36+00:00,k3s-w1,Ready
2026-06-29T09:31:36+00:00,k3s-w2,Ready
2026-06-29T09:31:37+00:00,k3s-s1,Ready
2026-06-29T09:31:37+00:00,k3s-s2,NotReady
2026-06-29T09:31:37+00:00,k3s-s3,Ready
2026-06-29T09:31:37+00:00,k3s-w1,Ready
2026-06-29T09:31:37+00:00,k3s-w2,Ready
2026-06-29T09:31:38+00:00,k3s-s1,Ready
2026-06-29T09:31:38+00:00,k3s-s2,NotReady
2026-06-29T09:31:38+00:00,k3s-s3,Ready
2026-06-29T09:31:38+00:00,k3s-w1,Ready
2026-06-29T09:31:38+00:00,k3s-w2,Ready
2026-06-29T09:31:39+00:00,k3s-s1,Ready
2026-06-29T09:31:39+00:00,k3s-s2,NotReady
2026-06-29T09:31:39+00:00,k3s-s3,Ready
2026-06-29T09:31:39+00:00,k3s-w1,Ready
2026-06-29T09:31:39+00:00,k3s-w2,Ready
2026-06-29T09:31:40+00:00,k3s-s1,Ready
2026-06-29T09:31:40+00:00,k3s-s2,NotReady
2026-06-29T09:31:40+00:00,k3s-s3,Ready
2026-06-29T09:31:40+00:00,k3s-w1,Ready
2026-06-29T09:31:40+00:00,k3s-w2,Ready
2026-06-29T09:31:41+00:00,k3s-s1,Ready
2026-06-29T09:31:41+00:00,k3s-s2,NotReady
2026-06-29T09:31:41+00:00,k3s-s3,Ready
2026-06-29T09:31:41+00:00,k3s-w1,Ready
2026-06-29T09:31:41+00:00,k3s-w2,Ready
2026-06-29T09:31:42+00:00,k3s-s1,Ready
2026-06-29T09:31:42+00:00,k3s-s2,NotReady
2026-06-29T09:31:42+00:00,k3s-s3,Ready
2026-06-29T09:31:42+00:00,k3s-w1,Ready
2026-06-29T09:31:42+00:00,k3s-w2,Ready
2026-06-29T09:31:43+00:00,k3s-s1,Ready
2026-06-29T09:31:43+00:00,k3s-s2,NotReady
2026-06-29T09:31:43+00:00,k3s-s3,Ready
2026-06-29T09:31:43+00:00,k3s-w1,Ready
2026-06-29T09:31:43+00:00,k3s-w2,Ready
2026-06-29T09:31:44+00:00,k3s-s1,Ready
2026-06-29T09:31:44+00:00,k3s-s2,NotReady
2026-06-29T09:31:44+00:00,k3s-s3,Ready
2026-06-29T09:31:44+00:00,k3s-w1,Ready
2026-06-29T09:31:44+00:00,k3s-w2,Ready
2026-06-29T09:31:45+00:00,k3s-s1,Ready
2026-06-29T09:31:45+00:00,k3s-s2,NotReady
2026-06-29T09:31:45+00:00,k3s-s3,Ready
2026-06-29T09:31:45+00:00,k3s-w1,Ready
2026-06-29T09:31:45+00:00,k3s-w2,Ready
2026-06-29T09:31:47+00:00,k3s-s1,Ready
2026-06-29T09:31:47+00:00,k3s-s2,NotReady
2026-06-29T09:31:47+00:00,k3s-s3,Ready
2026-06-29T09:31:47+00:00,k3s-w1,Ready
2026-06-29T09:31:47+00:00,k3s-w2,Ready
2026-06-29T09:31:48+00:00,k3s-s1,Ready
2026-06-29T09:31:48+00:00,k3s-s2,NotReady
2026-06-29T09:31:48+00:00,k3s-s3,Ready
2026-06-29T09:31:48+00:00,k3s-w1,Ready
2026-06-29T09:31:48+00:00,k3s-w2,Ready
2026-06-29T09:31:49+00:00,k3s-s1,Ready
2026-06-29T09:31:49+00:00,k3s-s2,NotReady
2026-06-29T09:31:49+00:00,k3s-s3,Ready
2026-06-29T09:31:49+00:00,k3s-w1,Ready
2026-06-29T09:31:49+00:00,k3s-w2,Ready
2026-06-29T09:31:50+00:00,k3s-s1,Ready
2026-06-29T09:31:50+00:00,k3s-s2,NotReady
2026-06-29T09:31:50+00:00,k3s-s3,Ready
2026-06-29T09:31:50+00:00,k3s-w1,Ready
2026-06-29T09:31:50+00:00,k3s-w2,Ready
2026-06-29T09:31:51+00:00,k3s-s1,Ready
2026-06-29T09:31:51+00:00,k3s-s2,NotReady
2026-06-29T09:31:51+00:00,k3s-s3,Ready
2026-06-29T09:31:51+00:00,k3s-w1,Ready
2026-06-29T09:31:51+00:00,k3s-w2,Ready
2026-06-29T09:31:52+00:00,k3s-s1,Ready
2026-06-29T09:31:52+00:00,k3s-s2,NotReady
2026-06-29T09:31:52+00:00,k3s-s3,Ready
2026-06-29T09:31:52+00:00,k3s-w1,Ready
2026-06-29T09:31:52+00:00,k3s-w2,Ready
2026-06-29T09:31:53+00:00,k3s-s1,Ready
2026-06-29T09:31:53+00:00,k3s-s2,NotReady
2026-06-29T09:31:53+00:00,k3s-s3,Ready
2026-06-29T09:31:53+00:00,k3s-w1,Ready
2026-06-29T09:31:53+00:00,k3s-w2,Ready
2026-06-29T09:31:54+00:00,k3s-s1,Ready
2026-06-29T09:31:54+00:00,k3s-s2,NotReady
2026-06-29T09:31:54+00:00,k3s-s3,Ready
2026-06-29T09:31:54+00:00,k3s-w1,Ready
2026-06-29T09:31:54+00:00,k3s-w2,Ready
2026-06-29T09:31:55+00:00,k3s-s1,Ready
2026-06-29T09:31:55+00:00,k3s-s2,NotReady
2026-06-29T09:31:55+00:00,k3s-s3,Ready
2026-06-29T09:31:55+00:00,k3s-w1,Ready
2026-06-29T09:31:55+00:00,k3s-w2,Ready
2026-06-29T09:31:56+00:00,k3s-s1,Ready
2026-06-29T09:31:56+00:00,k3s-s2,NotReady
2026-06-29T09:31:56+00:00,k3s-s3,Ready
2026-06-29T09:31:56+00:00,k3s-w1,Ready
2026-06-29T09:31:56+00:00,k3s-w2,Ready
2026-06-29T09:31:57+00:00,k3s-s1,Ready
2026-06-29T09:31:57+00:00,k3s-s2,NotReady
2026-06-29T09:31:57+00:00,k3s-s3,Ready
2026-06-29T09:31:57+00:00,k3s-w1,Ready
2026-06-29T09:31:57+00:00,k3s-w2,Ready
2026-06-29T09:31:58+00:00,k3s-s1,Ready
2026-06-29T09:31:58+00:00,k3s-s2,NotReady
2026-06-29T09:31:58+00:00,k3s-s3,Ready
2026-06-29T09:31:58+00:00,k3s-w1,Ready
2026-06-29T09:31:58+00:00,k3s-w2,Ready
2026-06-29T09:31:59+00:00,k3s-s1,Ready
2026-06-29T09:31:59+00:00,k3s-s2,NotReady
2026-06-29T09:31:59+00:00,k3s-s3,Ready
2026-06-29T09:31:59+00:00,k3s-w1,Ready
2026-06-29T09:31:59+00:00,k3s-w2,Ready
2026-06-29T09:32:00+00:00,k3s-s1,Ready
2026-06-29T09:32:00+00:00,k3s-s2,NotReady
2026-06-29T09:32:00+00:00,k3s-s3,Ready
2026-06-29T09:32:00+00:00,k3s-w1,Ready
2026-06-29T09:32:00+00:00,k3s-w2,Ready
2026-06-29T09:32:01+00:00,k3s-s1,Ready
2026-06-29T09:32:01+00:00,k3s-s2,NotReady
2026-06-29T09:32:01+00:00,k3s-s3,Ready
2026-06-29T09:32:01+00:00,k3s-w1,Ready
2026-06-29T09:32:01+00:00,k3s-w2,Ready
2026-06-29T09:32:02+00:00,k3s-s1,Ready
2026-06-29T09:32:02+00:00,k3s-s2,NotReady
2026-06-29T09:32:02+00:00,k3s-s3,Ready
2026-06-29T09:32:02+00:00,k3s-w1,Ready
2026-06-29T09:32:02+00:00,k3s-w2,Ready
2026-06-29T09:32:03+00:00,k3s-s1,Ready
2026-06-29T09:32:03+00:00,k3s-s2,NotReady
2026-06-29T09:32:03+00:00,k3s-s3,Ready
2026-06-29T09:32:03+00:00,k3s-w1,Ready
2026-06-29T09:32:03+00:00,k3s-w2,Ready
2026-06-29T09:32:04+00:00,k3s-s1,Ready
2026-06-29T09:32:04+00:00,k3s-s2,NotReady
2026-06-29T09:32:04+00:00,k3s-s3,Ready
2026-06-29T09:32:04+00:00,k3s-w1,Ready
2026-06-29T09:32:04+00:00,k3s-w2,Ready
2026-06-29T09:32:05+00:00,k3s-s1,Ready
2026-06-29T09:32:05+00:00,k3s-s2,NotReady
2026-06-29T09:32:05+00:00,k3s-s3,Ready
2026-06-29T09:32:05+00:00,k3s-w1,Ready
2026-06-29T09:32:05+00:00,k3s-w2,Ready
2026-06-29T09:32:06+00:00,k3s-s1,Ready
2026-06-29T09:32:06+00:00,k3s-s2,NotReady
2026-06-29T09:32:06+00:00,k3s-s3,Ready
2026-06-29T09:32:06+00:00,k3s-w1,Ready
2026-06-29T09:32:06+00:00,k3s-w2,Ready
2026-06-29T09:32:08+00:00,k3s-s1,Ready
2026-06-29T09:32:08+00:00,k3s-s2,NotReady
2026-06-29T09:32:08+00:00,k3s-s3,Ready
2026-06-29T09:32:08+00:00,k3s-w1,Ready
2026-06-29T09:32:08+00:00,k3s-w2,Ready
2026-06-29T09:32:09+00:00,k3s-s1,Ready
2026-06-29T09:32:09+00:00,k3s-s2,NotReady
2026-06-29T09:32:09+00:00,k3s-s3,Ready
2026-06-29T09:32:09+00:00,k3s-w1,Ready
2026-06-29T09:32:09+00:00,k3s-w2,Ready
2026-06-29T09:32:10+00:00,k3s-s1,Ready
2026-06-29T09:32:10+00:00,k3s-s2,NotReady
2026-06-29T09:32:10+00:00,k3s-s3,Ready
2026-06-29T09:32:10+00:00,k3s-w1,Ready
2026-06-29T09:32:10+00:00,k3s-w2,Ready
2026-06-29T09:32:11+00:00,k3s-s1,Ready
2026-06-29T09:32:11+00:00,k3s-s2,NotReady
2026-06-29T09:32:11+00:00,k3s-s3,Ready
2026-06-29T09:32:11+00:00,k3s-w1,Ready
2026-06-29T09:32:11+00:00,k3s-w2,Ready
2026-06-29T09:32:12+00:00,k3s-s1,Ready
2026-06-29T09:32:12+00:00,k3s-s2,NotReady
2026-06-29T09:32:12+00:00,k3s-s3,Ready
2026-06-29T09:32:12+00:00,k3s-w1,Ready
2026-06-29T09:32:12+00:00,k3s-w2,Ready
2026-06-29T09:32:13+00:00,k3s-s1,Ready
2026-06-29T09:32:13+00:00,k3s-s2,NotReady
2026-06-29T09:32:13+00:00,k3s-s3,Ready
2026-06-29T09:32:13+00:00,k3s-w1,Ready
2026-06-29T09:32:13+00:00,k3s-w2,Ready
2026-06-29T09:32:14+00:00,k3s-s1,Ready
2026-06-29T09:32:14+00:00,k3s-s2,NotReady
2026-06-29T09:32:14+00:00,k3s-s3,Ready
2026-06-29T09:32:14+00:00,k3s-w1,Ready
2026-06-29T09:32:14+00:00,k3s-w2,Ready
2026-06-29T09:32:15+00:00,k3s-s1,Ready
2026-06-29T09:32:15+00:00,k3s-s2,NotReady
2026-06-29T09:32:15+00:00,k3s-s3,Ready
2026-06-29T09:32:15+00:00,k3s-w1,Ready
2026-06-29T09:32:15+00:00,k3s-w2,Ready
2026-06-29T09:32:16+00:00,k3s-s1,Ready
2026-06-29T09:32:16+00:00,k3s-s2,NotReady
2026-06-29T09:32:16+00:00,k3s-s3,Ready
2026-06-29T09:32:16+00:00,k3s-w1,Ready
2026-06-29T09:32:16+00:00,k3s-w2,Ready
2026-06-29T09:32:17+00:00,k3s-s1,Ready
2026-06-29T09:32:17+00:00,k3s-s2,NotReady
2026-06-29T09:32:17+00:00,k3s-s3,Ready
2026-06-29T09:32:17+00:00,k3s-w1,Ready
2026-06-29T09:32:17+00:00,k3s-w2,Ready
2026-06-29T09:32:18+00:00,k3s-s1,Ready
2026-06-29T09:32:18+00:00,k3s-s2,NotReady
2026-06-29T09:32:18+00:00,k3s-s3,Ready
2026-06-29T09:32:18+00:00,k3s-w1,Ready
2026-06-29T09:32:18+00:00,k3s-w2,Ready
2026-06-29T09:32:19+00:00,k3s-s1,Ready
2026-06-29T09:32:19+00:00,k3s-s2,NotReady
2026-06-29T09:32:19+00:00,k3s-s3,Ready
2026-06-29T09:32:19+00:00,k3s-w1,Ready
2026-06-29T09:32:19+00:00,k3s-w2,Ready
2026-06-29T09:32:20+00:00,k3s-s1,Ready
2026-06-29T09:32:20+00:00,k3s-s2,NotReady
2026-06-29T09:32:20+00:00,k3s-s3,Ready
2026-06-29T09:32:20+00:00,k3s-w1,Ready
2026-06-29T09:32:20+00:00,k3s-w2,Ready
2026-06-29T09:32:21+00:00,k3s-s1,Ready
2026-06-29T09:32:21+00:00,k3s-s2,NotReady
2026-06-29T09:32:21+00:00,k3s-s3,Ready
2026-06-29T09:32:21+00:00,k3s-w1,Ready
2026-06-29T09:32:21+00:00,k3s-w2,Ready
2026-06-29T09:32:22+00:00,k3s-s1,Ready
2026-06-29T09:32:22+00:00,k3s-s2,NotReady
2026-06-29T09:32:22+00:00,k3s-s3,Ready
2026-06-29T09:32:22+00:00,k3s-w1,Ready
2026-06-29T09:32:22+00:00,k3s-w2,Ready
2026-06-29T09:32:23+00:00,k3s-s1,Ready
2026-06-29T09:32:23+00:00,k3s-s2,NotReady
2026-06-29T09:32:23+00:00,k3s-s3,Ready
2026-06-29T09:32:23+00:00,k3s-w1,Ready
2026-06-29T09:32:23+00:00,k3s-w2,Ready
2026-06-29T09:32:24+00:00,k3s-s1,Ready
2026-06-29T09:32:24+00:00,k3s-s2,NotReady
2026-06-29T09:32:24+00:00,k3s-s3,Ready
2026-06-29T09:32:24+00:00,k3s-w1,Ready
2026-06-29T09:32:24+00:00,k3s-w2,Ready
2026-06-29T09:32:25+00:00,k3s-s1,Ready
2026-06-29T09:32:25+00:00,k3s-s2,NotReady
2026-06-29T09:32:25+00:00,k3s-s3,Ready
2026-06-29T09:32:25+00:00,k3s-w1,Ready
2026-06-29T09:32:25+00:00,k3s-w2,Ready
2026-06-29T09:32:26+00:00,k3s-s1,Ready
2026-06-29T09:32:26+00:00,k3s-s2,NotReady
2026-06-29T09:32:26+00:00,k3s-s3,Ready
2026-06-29T09:32:26+00:00,k3s-w1,Ready
2026-06-29T09:32:26+00:00,k3s-w2,Ready
2026-06-29T09:32:28+00:00,k3s-s1,Ready
2026-06-29T09:32:28+00:00,k3s-s2,NotReady
2026-06-29T09:32:28+00:00,k3s-s3,Ready
2026-06-29T09:32:28+00:00,k3s-w1,Ready
2026-06-29T09:32:28+00:00,k3s-w2,Ready
2026-06-29T09:32:29+00:00,k3s-s1,Ready
2026-06-29T09:32:29+00:00,k3s-s2,NotReady
2026-06-29T09:32:29+00:00,k3s-s3,Ready
2026-06-29T09:32:29+00:00,k3s-w1,Ready
2026-06-29T09:32:29+00:00,k3s-w2,Ready
2026-06-29T09:32:30+00:00,k3s-s1,Ready
2026-06-29T09:32:30+00:00,k3s-s2,NotReady
2026-06-29T09:32:30+00:00,k3s-s3,Ready
2026-06-29T09:32:30+00:00,k3s-w1,Ready
2026-06-29T09:32:30+00:00,k3s-w2,Ready
2026-06-29T09:32:31+00:00,k3s-s1,Ready
2026-06-29T09:32:31+00:00,k3s-s2,NotReady
2026-06-29T09:32:31+00:00,k3s-s3,Ready
2026-06-29T09:32:31+00:00,k3s-w1,Ready
2026-06-29T09:32:31+00:00,k3s-w2,Ready
2026-06-29T09:32:32+00:00,k3s-s1,Ready
2026-06-29T09:32:32+00:00,k3s-s2,NotReady
2026-06-29T09:32:32+00:00,k3s-s3,Ready
2026-06-29T09:32:32+00:00,k3s-w1,Ready
2026-06-29T09:32:32+00:00,k3s-w2,Ready
2026-06-29T09:32:33+00:00,k3s-s1,Ready
2026-06-29T09:32:33+00:00,k3s-s2,NotReady
2026-06-29T09:32:33+00:00,k3s-s3,Ready
2026-06-29T09:32:33+00:00,k3s-w1,Ready
2026-06-29T09:32:33+00:00,k3s-w2,Ready
2026-06-29T09:32:34+00:00,k3s-s1,Ready
2026-06-29T09:32:34+00:00,k3s-s2,NotReady
2026-06-29T09:32:34+00:00,k3s-s3,Ready
2026-06-29T09:32:34+00:00,k3s-w1,Ready
2026-06-29T09:32:34+00:00,k3s-w2,Ready
2026-06-29T09:32:35+00:00,k3s-s1,Ready
2026-06-29T09:32:35+00:00,k3s-s2,NotReady
2026-06-29T09:32:35+00:00,k3s-s3,Ready
2026-06-29T09:32:35+00:00,k3s-w1,Ready
2026-06-29T09:32:35+00:00,k3s-w2,Ready
2026-06-29T09:32:36+00:00,k3s-s1,Ready
2026-06-29T09:32:36+00:00,k3s-s2,NotReady
2026-06-29T09:32:36+00:00,k3s-s3,Ready
2026-06-29T09:32:36+00:00,k3s-w1,Ready
2026-06-29T09:32:36+00:00,k3s-w2,Ready
2026-06-29T09:32:37+00:00,k3s-s1,Ready
2026-06-29T09:32:37+00:00,k3s-s2,NotReady
2026-06-29T09:32:37+00:00,k3s-s3,Ready
2026-06-29T09:32:37+00:00,k3s-w1,Ready
2026-06-29T09:32:37+00:00,k3s-w2,Ready
2026-06-29T09:32:38+00:00,k3s-s1,Ready
2026-06-29T09:32:38+00:00,k3s-s2,NotReady
2026-06-29T09:32:38+00:00,k3s-s3,Ready
2026-06-29T09:32:38+00:00,k3s-w1,Ready
2026-06-29T09:32:38+00:00,k3s-w2,Ready
2026-06-29T09:32:39+00:00,k3s-s1,Ready
2026-06-29T09:32:39+00:00,k3s-s2,NotReady
2026-06-29T09:32:39+00:00,k3s-s3,Ready
2026-06-29T09:32:39+00:00,k3s-w1,Ready
2026-06-29T09:32:39+00:00,k3s-w2,Ready
2026-06-29T09:32:40+00:00,k3s-s1,Ready
2026-06-29T09:32:40+00:00,k3s-s2,NotReady
2026-06-29T09:32:40+00:00,k3s-s3,Ready
2026-06-29T09:32:40+00:00,k3s-w1,Ready
2026-06-29T09:32:40+00:00,k3s-w2,Ready
2026-06-29T09:32:41+00:00,k3s-s1,Ready
2026-06-29T09:32:41+00:00,k3s-s2,NotReady
2026-06-29T09:32:41+00:00,k3s-s3,Ready
2026-06-29T09:32:41+00:00,k3s-w1,Ready
2026-06-29T09:32:41+00:00,k3s-w2,Ready
2026-06-29T09:32:42+00:00,k3s-s1,Ready
2026-06-29T09:32:42+00:00,k3s-s2,NotReady
2026-06-29T09:32:42+00:00,k3s-s3,Ready
2026-06-29T09:32:42+00:00,k3s-w1,Ready
2026-06-29T09:32:42+00:00,k3s-w2,Ready
2026-06-29T09:32:43+00:00,k3s-s1,Ready
2026-06-29T09:32:43+00:00,k3s-s2,NotReady
2026-06-29T09:32:43+00:00,k3s-s3,Ready
2026-06-29T09:32:43+00:00,k3s-w1,Ready
2026-06-29T09:32:43+00:00,k3s-w2,Ready
2026-06-29T09:32:44+00:00,k3s-s1,Ready
2026-06-29T09:32:44+00:00,k3s-s2,NotReady
2026-06-29T09:32:44+00:00,k3s-s3,Ready
2026-06-29T09:32:44+00:00,k3s-w1,Ready
2026-06-29T09:32:44+00:00,k3s-w2,Ready
2026-06-29T09:32:45+00:00,k3s-s1,Ready
2026-06-29T09:32:45+00:00,k3s-s2,NotReady
2026-06-29T09:32:45+00:00,k3s-s3,Ready
2026-06-29T09:32:45+00:00,k3s-w1,Ready
2026-06-29T09:32:45+00:00,k3s-w2,Ready
2026-06-29T09:32:47+00:00,k3s-s1,Ready
2026-06-29T09:32:47+00:00,k3s-s2,NotReady
2026-06-29T09:32:47+00:00,k3s-s3,Ready
2026-06-29T09:32:47+00:00,k3s-w1,Ready
2026-06-29T09:32:47+00:00,k3s-w2,Ready
2026-06-29T09:32:48+00:00,k3s-s1,Ready
2026-06-29T09:32:48+00:00,k3s-s2,NotReady
2026-06-29T09:32:48+00:00,k3s-s3,Ready
2026-06-29T09:32:48+00:00,k3s-w1,Ready
2026-06-29T09:32:48+00:00,k3s-w2,Ready
2026-06-29T09:32:49+00:00,k3s-s1,Ready
2026-06-29T09:32:49+00:00,k3s-s2,NotReady
2026-06-29T09:32:49+00:00,k3s-s3,Ready
2026-06-29T09:32:49+00:00,k3s-w1,Ready
2026-06-29T09:32:49+00:00,k3s-w2,Ready
2026-06-29T09:32:50+00:00,k3s-s1,Ready
2026-06-29T09:32:50+00:00,k3s-s2,NotReady
2026-06-29T09:32:50+00:00,k3s-s3,Ready
2026-06-29T09:32:50+00:00,k3s-w1,Ready
2026-06-29T09:32:50+00:00,k3s-w2,Ready
2026-06-29T09:32:51+00:00,k3s-s1,Ready
2026-06-29T09:32:51+00:00,k3s-s2,NotReady
2026-06-29T09:32:51+00:00,k3s-s3,Ready
2026-06-29T09:32:51+00:00,k3s-w1,Ready
2026-06-29T09:32:51+00:00,k3s-w2,Ready
2026-06-29T09:32:52+00:00,k3s-s1,Ready
2026-06-29T09:32:52+00:00,k3s-s2,NotReady
2026-06-29T09:32:52+00:00,k3s-s3,Ready
2026-06-29T09:32:52+00:00,k3s-w1,Ready
2026-06-29T09:32:52+00:00,k3s-w2,Ready
2026-06-29T09:32:53+00:00,k3s-s1,Ready
2026-06-29T09:32:53+00:00,k3s-s2,NotReady
2026-06-29T09:32:53+00:00,k3s-s3,Ready
2026-06-29T09:32:53+00:00,k3s-w1,Ready
2026-06-29T09:32:53+00:00,k3s-w2,Ready
2026-06-29T09:32:54+00:00,k3s-s1,Ready
2026-06-29T09:32:54+00:00,k3s-s2,NotReady
2026-06-29T09:32:54+00:00,k3s-s3,Ready
2026-06-29T09:32:54+00:00,k3s-w1,Ready
2026-06-29T09:32:54+00:00,k3s-w2,Ready
2026-06-29T09:32:55+00:00,k3s-s1,Ready
2026-06-29T09:32:55+00:00,k3s-s2,NotReady
2026-06-29T09:32:55+00:00,k3s-s3,Ready
2026-06-29T09:32:55+00:00,k3s-w1,Ready
2026-06-29T09:32:55+00:00,k3s-w2,Ready
2026-06-29T09:32:56+00:00,k3s-s1,Ready
2026-06-29T09:32:56+00:00,k3s-s2,NotReady
2026-06-29T09:32:56+00:00,k3s-s3,Ready
2026-06-29T09:32:56+00:00,k3s-w1,Ready
2026-06-29T09:32:56+00:00,k3s-w2,Ready
2026-06-29T09:32:57+00:00,k3s-s1,Ready
2026-06-29T09:32:57+00:00,k3s-s2,NotReady
2026-06-29T09:32:57+00:00,k3s-s3,Ready
2026-06-29T09:32:57+00:00,k3s-w1,Ready
2026-06-29T09:32:57+00:00,k3s-w2,Ready
2026-06-29T09:32:58+00:00,k3s-s1,Ready
2026-06-29T09:32:58+00:00,k3s-s2,NotReady
2026-06-29T09:32:58+00:00,k3s-s3,Ready
2026-06-29T09:32:58+00:00,k3s-w1,Ready
2026-06-29T09:32:58+00:00,k3s-w2,Ready
2026-06-29T09:32:59+00:00,k3s-s1,Ready
2026-06-29T09:32:59+00:00,k3s-s2,NotReady
2026-06-29T09:32:59+00:00,k3s-s3,Ready
2026-06-29T09:32:59+00:00,k3s-w1,Ready
2026-06-29T09:32:59+00:00,k3s-w2,Ready
2026-06-29T09:33:00+00:00,k3s-s1,Ready
2026-06-29T09:33:00+00:00,k3s-s2,NotReady
2026-06-29T09:33:00+00:00,k3s-s3,Ready
2026-06-29T09:33:00+00:00,k3s-w1,Ready
2026-06-29T09:33:00+00:00,k3s-w2,Ready
2026-06-29T09:33:01+00:00,k3s-s1,Ready
2026-06-29T09:33:01+00:00,k3s-s2,NotReady
2026-06-29T09:33:01+00:00,k3s-s3,Ready
2026-06-29T09:33:01+00:00,k3s-w1,Ready
2026-06-29T09:33:01+00:00,k3s-w2,Ready
2026-06-29T09:33:02+00:00,k3s-s1,Ready
2026-06-29T09:33:02+00:00,k3s-s2,NotReady
2026-06-29T09:33:02+00:00,k3s-s3,Ready
2026-06-29T09:33:02+00:00,k3s-w1,Ready
2026-06-29T09:33:02+00:00,k3s-w2,Ready
2026-06-29T09:33:03+00:00,k3s-s1,Ready
2026-06-29T09:33:03+00:00,k3s-s2,NotReady
2026-06-29T09:33:03+00:00,k3s-s3,Ready
2026-06-29T09:33:03+00:00,k3s-w1,Ready
2026-06-29T09:33:03+00:00,k3s-w2,Ready
2026-06-29T09:33:04+00:00,k3s-s1,Ready
2026-06-29T09:33:04+00:00,k3s-s2,NotReady
2026-06-29T09:33:04+00:00,k3s-s3,Ready
2026-06-29T09:33:04+00:00,k3s-w1,Ready
2026-06-29T09:33:04+00:00,k3s-w2,Ready
2026-06-29T09:33:05+00:00,k3s-s1,Ready
2026-06-29T09:33:05+00:00,k3s-s2,NotReady
2026-06-29T09:33:05+00:00,k3s-s3,Ready
2026-06-29T09:33:05+00:00,k3s-w1,Ready
2026-06-29T09:33:05+00:00,k3s-w2,Ready
2026-06-29T09:33:07+00:00,k3s-s1,Ready
2026-06-29T09:33:07+00:00,k3s-s2,NotReady
2026-06-29T09:33:07+00:00,k3s-s3,Ready
2026-06-29T09:33:07+00:00,k3s-w1,Ready
2026-06-29T09:33:07+00:00,k3s-w2,Ready
2026-06-29T09:33:08+00:00,k3s-s1,Ready
2026-06-29T09:33:08+00:00,k3s-s2,NotReady
2026-06-29T09:33:08+00:00,k3s-s3,Ready
2026-06-29T09:33:08+00:00,k3s-w1,Ready
2026-06-29T09:33:08+00:00,k3s-w2,Ready
2026-06-29T09:33:09+00:00,k3s-s1,Ready
2026-06-29T09:33:09+00:00,k3s-s2,NotReady
2026-06-29T09:33:09+00:00,k3s-s3,Ready
2026-06-29T09:33:09+00:00,k3s-w1,Ready
2026-06-29T09:33:09+00:00,k3s-w2,Ready
2026-06-29T09:33:10+00:00,k3s-s1,Ready
2026-06-29T09:33:10+00:00,k3s-s2,NotReady
2026-06-29T09:33:10+00:00,k3s-s3,Ready
2026-06-29T09:33:10+00:00,k3s-w1,Ready
2026-06-29T09:33:10+00:00,k3s-w2,Ready
2026-06-29T09:33:11+00:00,k3s-s1,Ready
2026-06-29T09:33:11+00:00,k3s-s2,NotReady
2026-06-29T09:33:11+00:00,k3s-s3,Ready
2026-06-29T09:33:11+00:00,k3s-w1,Ready
2026-06-29T09:33:11+00:00,k3s-w2,Ready
2026-06-29T09:33:12+00:00,k3s-s1,Ready
2026-06-29T09:33:12+00:00,k3s-s2,NotReady
2026-06-29T09:33:12+00:00,k3s-s3,Ready
2026-06-29T09:33:12+00:00,k3s-w1,Ready
2026-06-29T09:33:12+00:00,k3s-w2,Ready
2026-06-29T09:33:13+00:00,k3s-s1,Ready
2026-06-29T09:33:13+00:00,k3s-s2,NotReady
2026-06-29T09:33:13+00:00,k3s-s3,Ready
2026-06-29T09:33:13+00:00,k3s-w1,Ready
2026-06-29T09:33:13+00:00,k3s-w2,Ready
2026-06-29T09:33:14+00:00,k3s-s1,Ready
2026-06-29T09:33:14+00:00,k3s-s2,NotReady
2026-06-29T09:33:14+00:00,k3s-s3,Ready
2026-06-29T09:33:14+00:00,k3s-w1,Ready
2026-06-29T09:33:14+00:00,k3s-w2,Ready
2026-06-29T09:33:15+00:00,k3s-s1,Ready
2026-06-29T09:33:15+00:00,k3s-s2,NotReady
2026-06-29T09:33:15+00:00,k3s-s3,Ready
2026-06-29T09:33:15+00:00,k3s-w1,Ready
2026-06-29T09:33:15+00:00,k3s-w2,Ready
2026-06-29T09:33:16+00:00,k3s-s1,Ready
2026-06-29T09:33:16+00:00,k3s-s2,NotReady
2026-06-29T09:33:16+00:00,k3s-s3,Ready
2026-06-29T09:33:16+00:00,k3s-w1,Ready
2026-06-29T09:33:16+00:00,k3s-w2,Ready
2026-06-29T09:33:17+00:00,k3s-s1,Ready
2026-06-29T09:33:17+00:00,k3s-s2,NotReady
2026-06-29T09:33:17+00:00,k3s-s3,Ready
2026-06-29T09:33:17+00:00,k3s-w1,Ready
2026-06-29T09:33:17+00:00,k3s-w2,Ready
2026-06-29T09:33:18+00:00,k3s-s1,Ready
2026-06-29T09:33:18+00:00,k3s-s2,NotReady
2026-06-29T09:33:18+00:00,k3s-s3,Ready
2026-06-29T09:33:18+00:00,k3s-w1,Ready
2026-06-29T09:33:18+00:00,k3s-w2,Ready
2026-06-29T09:33:19+00:00,k3s-s1,Ready
2026-06-29T09:33:19+00:00,k3s-s2,NotReady
2026-06-29T09:33:19+00:00,k3s-s3,Ready
2026-06-29T09:33:19+00:00,k3s-w1,Ready
2026-06-29T09:33:19+00:00,k3s-w2,Ready
2026-06-29T09:33:20+00:00,k3s-s1,Ready
2026-06-29T09:33:20+00:00,k3s-s2,NotReady
2026-06-29T09:33:20+00:00,k3s-s3,Ready
2026-06-29T09:33:20+00:00,k3s-w1,Ready
2026-06-29T09:33:20+00:00,k3s-w2,Ready
2026-06-29T09:33:21+00:00,k3s-s1,Ready
2026-06-29T09:33:21+00:00,k3s-s2,NotReady
2026-06-29T09:33:21+00:00,k3s-s3,Ready
2026-06-29T09:33:21+00:00,k3s-w1,Ready
2026-06-29T09:33:21+00:00,k3s-w2,Ready
2026-06-29T09:33:22+00:00,k3s-s1,Ready
2026-06-29T09:33:22+00:00,k3s-s2,NotReady
2026-06-29T09:33:22+00:00,k3s-s3,Ready
2026-06-29T09:33:22+00:00,k3s-w1,Ready
2026-06-29T09:33:22+00:00,k3s-w2,Ready
2026-06-29T09:33:23+00:00,k3s-s1,Ready
2026-06-29T09:33:23+00:00,k3s-s2,NotReady
2026-06-29T09:33:23+00:00,k3s-s3,Ready
2026-06-29T09:33:23+00:00,k3s-w1,Ready
2026-06-29T09:33:23+00:00,k3s-w2,Ready
2026-06-29T09:33:24+00:00,k3s-s1,Ready
2026-06-29T09:33:24+00:00,k3s-s2,NotReady
2026-06-29T09:33:24+00:00,k3s-s3,Ready
2026-06-29T09:33:24+00:00,k3s-w1,Ready
2026-06-29T09:33:24+00:00,k3s-w2,Ready
2026-06-29T09:33:25+00:00,k3s-s1,Ready
2026-06-29T09:33:25+00:00,k3s-s2,NotReady
2026-06-29T09:33:25+00:00,k3s-s3,Ready
2026-06-29T09:33:25+00:00,k3s-w1,Ready
2026-06-29T09:33:25+00:00,k3s-w2,Ready
2026-06-29T09:33:27+00:00,k3s-s1,Ready
2026-06-29T09:33:27+00:00,k3s-s2,NotReady
2026-06-29T09:33:27+00:00,k3s-s3,Ready
2026-06-29T09:33:27+00:00,k3s-w1,Ready
2026-06-29T09:33:27+00:00,k3s-w2,Ready
2026-06-29T09:33:28+00:00,k3s-s1,Ready
2026-06-29T09:33:28+00:00,k3s-s2,NotReady
2026-06-29T09:33:28+00:00,k3s-s3,Ready
2026-06-29T09:33:28+00:00,k3s-w1,Ready
2026-06-29T09:33:28+00:00,k3s-w2,Ready
2026-06-29T09:33:29+00:00,k3s-s1,Ready
2026-06-29T09:33:29+00:00,k3s-s2,NotReady
2026-06-29T09:33:29+00:00,k3s-s3,Ready
2026-06-29T09:33:29+00:00,k3s-w1,Ready
2026-06-29T09:33:29+00:00,k3s-w2,Ready
2026-06-29T09:33:30+00:00,k3s-s1,Ready
2026-06-29T09:33:30+00:00,k3s-s2,NotReady
2026-06-29T09:33:30+00:00,k3s-s3,Ready
2026-06-29T09:33:30+00:00,k3s-w1,Ready
2026-06-29T09:33:30+00:00,k3s-w2,Ready
2026-06-29T09:33:31+00:00,k3s-s1,Ready
2026-06-29T09:33:31+00:00,k3s-s2,NotReady
2026-06-29T09:33:31+00:00,k3s-s3,Ready
2026-06-29T09:33:31+00:00,k3s-w1,Ready
2026-06-29T09:33:31+00:00,k3s-w2,Ready
2026-06-29T09:33:32+00:00,k3s-s1,Ready
2026-06-29T09:33:32+00:00,k3s-s2,NotReady
2026-06-29T09:33:32+00:00,k3s-s3,Ready
2026-06-29T09:33:32+00:00,k3s-w1,Ready
2026-06-29T09:33:32+00:00,k3s-w2,Ready
2026-06-29T09:33:33+00:00,k3s-s1,Ready
2026-06-29T09:33:33+00:00,k3s-s2,NotReady
2026-06-29T09:33:33+00:00,k3s-s3,Ready
2026-06-29T09:33:33+00:00,k3s-w1,Ready
2026-06-29T09:33:33+00:00,k3s-w2,Ready
2026-06-29T09:33:34+00:00,k3s-s1,Ready
2026-06-29T09:33:34+00:00,k3s-s2,NotReady
2026-06-29T09:33:34+00:00,k3s-s3,Ready
2026-06-29T09:33:34+00:00,k3s-w1,Ready
2026-06-29T09:33:34+00:00,k3s-w2,Ready
2026-06-29T09:33:35+00:00,k3s-s1,Ready
2026-06-29T09:33:35+00:00,k3s-s2,NotReady
2026-06-29T09:33:35+00:00,k3s-s3,Ready
2026-06-29T09:33:35+00:00,k3s-w1,Ready
2026-06-29T09:33:35+00:00,k3s-w2,Ready
2026-06-29T09:33:36+00:00,k3s-s1,Ready
2026-06-29T09:33:36+00:00,k3s-s2,NotReady
2026-06-29T09:33:36+00:00,k3s-s3,Ready
2026-06-29T09:33:36+00:00,k3s-w1,Ready
2026-06-29T09:33:36+00:00,k3s-w2,Ready
2026-06-29T09:33:37+00:00,k3s-s1,Ready
2026-06-29T09:33:37+00:00,k3s-s2,NotReady
2026-06-29T09:33:37+00:00,k3s-s3,Ready
2026-06-29T09:33:37+00:00,k3s-w1,Ready
2026-06-29T09:33:37+00:00,k3s-w2,Ready
2026-06-29T09:33:38+00:00,k3s-s1,Ready
2026-06-29T09:33:38+00:00,k3s-s2,NotReady
2026-06-29T09:33:38+00:00,k3s-s3,Ready
2026-06-29T09:33:38+00:00,k3s-w1,Ready
2026-06-29T09:33:38+00:00,k3s-w2,Ready
2026-06-29T09:33:39+00:00,k3s-s1,Ready
2026-06-29T09:33:39+00:00,k3s-s2,NotReady
2026-06-29T09:33:39+00:00,k3s-s3,Ready
2026-06-29T09:33:39+00:00,k3s-w1,Ready
2026-06-29T09:33:39+00:00,k3s-w2,Ready
2026-06-29T09:33:40+00:00,k3s-s1,Ready
2026-06-29T09:33:40+00:00,k3s-s2,NotReady
2026-06-29T09:33:40+00:00,k3s-s3,Ready
2026-06-29T09:33:40+00:00,k3s-w1,Ready
2026-06-29T09:33:40+00:00,k3s-w2,Ready
2026-06-29T09:33:41+00:00,k3s-s1,Ready
2026-06-29T09:33:41+00:00,k3s-s2,NotReady
2026-06-29T09:33:41+00:00,k3s-s3,Ready
2026-06-29T09:33:41+00:00,k3s-w1,Ready
2026-06-29T09:33:41+00:00,k3s-w2,Ready
2026-06-29T09:33:42+00:00,k3s-s1,Ready
2026-06-29T09:33:42+00:00,k3s-s2,NotReady
2026-06-29T09:33:42+00:00,k3s-s3,Ready
2026-06-29T09:33:42+00:00,k3s-w1,Ready
2026-06-29T09:33:42+00:00,k3s-w2,Ready
2026-06-29T09:33:43+00:00,k3s-s1,Ready
2026-06-29T09:33:43+00:00,k3s-s2,NotReady
2026-06-29T09:33:43+00:00,k3s-s3,Ready
2026-06-29T09:33:43+00:00,k3s-w1,Ready
2026-06-29T09:33:43+00:00,k3s-w2,Ready
2026-06-29T09:33:44+00:00,k3s-s1,Ready
2026-06-29T09:33:44+00:00,k3s-s2,NotReady
2026-06-29T09:33:44+00:00,k3s-s3,Ready
2026-06-29T09:33:44+00:00,k3s-w1,Ready
2026-06-29T09:33:44+00:00,k3s-w2,Ready
2026-06-29T09:33:46+00:00,k3s-s1,Ready
2026-06-29T09:33:46+00:00,k3s-s2,NotReady
2026-06-29T09:33:46+00:00,k3s-s3,Ready
2026-06-29T09:33:46+00:00,k3s-w1,Ready
2026-06-29T09:33:46+00:00,k3s-w2,Ready
2026-06-29T09:33:47+00:00,k3s-s1,Ready
2026-06-29T09:33:47+00:00,k3s-s2,NotReady
2026-06-29T09:33:47+00:00,k3s-s3,Ready
2026-06-29T09:33:47+00:00,k3s-w1,Ready
2026-06-29T09:33:47+00:00,k3s-w2,Ready
2026-06-29T09:33:48+00:00,k3s-s1,Ready
2026-06-29T09:33:48+00:00,k3s-s2,NotReady
2026-06-29T09:33:48+00:00,k3s-s3,Ready
2026-06-29T09:33:48+00:00,k3s-w1,Ready
2026-06-29T09:33:48+00:00,k3s-w2,Ready
2026-06-29T09:33:49+00:00,k3s-s1,Ready
2026-06-29T09:33:49+00:00,k3s-s2,NotReady
2026-06-29T09:33:49+00:00,k3s-s3,Ready
2026-06-29T09:33:49+00:00,k3s-w1,Ready
2026-06-29T09:33:49+00:00,k3s-w2,Ready
2026-06-29T09:33:50+00:00,k3s-s1,Ready
2026-06-29T09:33:50+00:00,k3s-s2,NotReady
2026-06-29T09:33:50+00:00,k3s-s3,Ready
2026-06-29T09:33:50+00:00,k3s-w1,Ready
2026-06-29T09:33:50+00:00,k3s-w2,Ready
2026-06-29T09:33:51+00:00,k3s-s1,Ready
2026-06-29T09:33:51+00:00,k3s-s2,NotReady
2026-06-29T09:33:51+00:00,k3s-s3,Ready
2026-06-29T09:33:51+00:00,k3s-w1,Ready
2026-06-29T09:33:51+00:00,k3s-w2,Ready
2026-06-29T09:33:52+00:00,k3s-s1,Ready
2026-06-29T09:33:52+00:00,k3s-s2,NotReady
2026-06-29T09:33:52+00:00,k3s-s3,Ready
2026-06-29T09:33:52+00:00,k3s-w1,Ready
2026-06-29T09:33:52+00:00,k3s-w2,Ready
2026-06-29T09:33:53+00:00,k3s-s1,Ready
2026-06-29T09:33:53+00:00,k3s-s2,NotReady
2026-06-29T09:33:53+00:00,k3s-s3,Ready
2026-06-29T09:33:53+00:00,k3s-w1,Ready
2026-06-29T09:33:53+00:00,k3s-w2,Ready
2026-06-29T09:33:54+00:00,k3s-s1,Ready
2026-06-29T09:33:54+00:00,k3s-s2,NotReady
2026-06-29T09:33:54+00:00,k3s-s3,Ready
2026-06-29T09:33:54+00:00,k3s-w1,Ready
2026-06-29T09:33:54+00:00,k3s-w2,Ready
2026-06-29T09:33:55+00:00,k3s-s1,Ready
2026-06-29T09:33:55+00:00,k3s-s2,NotReady
2026-06-29T09:33:55+00:00,k3s-s3,Ready
2026-06-29T09:33:55+00:00,k3s-w1,Ready
2026-06-29T09:33:55+00:00,k3s-w2,Ready
2026-06-29T09:33:56+00:00,k3s-s1,Ready
2026-06-29T09:33:56+00:00,k3s-s2,NotReady
2026-06-29T09:33:56+00:00,k3s-s3,Ready
2026-06-29T09:33:56+00:00,k3s-w1,Ready
2026-06-29T09:33:56+00:00,k3s-w2,Ready
2026-06-29T09:33:57+00:00,k3s-s1,Ready
2026-06-29T09:33:57+00:00,k3s-s2,NotReady
2026-06-29T09:33:57+00:00,k3s-s3,Ready
2026-06-29T09:33:57+00:00,k3s-w1,Ready
2026-06-29T09:33:57+00:00,k3s-w2,Ready
2026-06-29T09:33:58+00:00,k3s-s1,Ready
2026-06-29T09:33:58+00:00,k3s-s2,NotReady
2026-06-29T09:33:58+00:00,k3s-s3,Ready
2026-06-29T09:33:58+00:00,k3s-w1,Ready
2026-06-29T09:33:58+00:00,k3s-w2,Ready
2026-06-29T09:33:59+00:00,k3s-s1,Ready
2026-06-29T09:33:59+00:00,k3s-s2,NotReady
2026-06-29T09:33:59+00:00,k3s-s3,Ready
2026-06-29T09:33:59+00:00,k3s-w1,Ready
2026-06-29T09:33:59+00:00,k3s-w2,Ready
2026-06-29T09:34:00+00:00,k3s-s1,Ready
2026-06-29T09:34:00+00:00,k3s-s2,NotReady
2026-06-29T09:34:00+00:00,k3s-s3,Ready
2026-06-29T09:34:00+00:00,k3s-w1,Ready
2026-06-29T09:34:00+00:00,k3s-w2,Ready
2026-06-29T09:34:01+00:00,k3s-s1,Ready
2026-06-29T09:34:01+00:00,k3s-s2,NotReady
2026-06-29T09:34:01+00:00,k3s-s3,Ready
2026-06-29T09:34:01+00:00,k3s-w1,Ready
2026-06-29T09:34:01+00:00,k3s-w2,Ready
2026-06-29T09:34:02+00:00,k3s-s1,Ready
2026-06-29T09:34:02+00:00,k3s-s2,NotReady
2026-06-29T09:34:02+00:00,k3s-s3,Ready
2026-06-29T09:34:02+00:00,k3s-w1,Ready
2026-06-29T09:34:02+00:00,k3s-w2,Ready
2026-06-29T09:34:03+00:00,k3s-s1,Ready
2026-06-29T09:34:03+00:00,k3s-s2,NotReady
2026-06-29T09:34:03+00:00,k3s-s3,Ready
2026-06-29T09:34:03+00:00,k3s-w1,Ready
2026-06-29T09:34:03+00:00,k3s-w2,Ready
2026-06-29T09:34:04+00:00,k3s-s1,Ready
2026-06-29T09:34:04+00:00,k3s-s2,NotReady
2026-06-29T09:34:04+00:00,k3s-s3,Ready
2026-06-29T09:34:04+00:00,k3s-w1,Ready
2026-06-29T09:34:04+00:00,k3s-w2,Ready
2026-06-29T09:34:06+00:00,k3s-s1,Ready
2026-06-29T09:34:06+00:00,k3s-s2,NotReady
2026-06-29T09:34:06+00:00,k3s-s3,Ready
2026-06-29T09:34:06+00:00,k3s-w1,Ready
2026-06-29T09:34:06+00:00,k3s-w2,Ready
2026-06-29T09:34:07+00:00,k3s-s1,Ready
2026-06-29T09:34:07+00:00,k3s-s2,NotReady
2026-06-29T09:34:07+00:00,k3s-s3,Ready
2026-06-29T09:34:07+00:00,k3s-w1,Ready
2026-06-29T09:34:07+00:00,k3s-w2,Ready
2026-06-29T09:34:08+00:00,k3s-s1,Ready
2026-06-29T09:34:08+00:00,k3s-s2,NotReady
2026-06-29T09:34:08+00:00,k3s-s3,Ready
2026-06-29T09:34:08+00:00,k3s-w1,Ready
2026-06-29T09:34:08+00:00,k3s-w2,Ready
2026-06-29T09:34:09+00:00,k3s-s1,Ready
2026-06-29T09:34:09+00:00,k3s-s2,NotReady
2026-06-29T09:34:09+00:00,k3s-s3,Ready
2026-06-29T09:34:09+00:00,k3s-w1,Ready
2026-06-29T09:34:09+00:00,k3s-w2,Ready
2026-06-29T09:34:10+00:00,k3s-s1,Ready
2026-06-29T09:34:10+00:00,k3s-s2,NotReady
2026-06-29T09:34:10+00:00,k3s-s3,Ready
2026-06-29T09:34:10+00:00,k3s-w1,Ready
2026-06-29T09:34:10+00:00,k3s-w2,Ready
2026-06-29T09:34:11+00:00,k3s-s1,Ready
2026-06-29T09:34:11+00:00,k3s-s2,NotReady
2026-06-29T09:34:11+00:00,k3s-s3,Ready
2026-06-29T09:34:11+00:00,k3s-w1,Ready
2026-06-29T09:34:11+00:00,k3s-w2,Ready
2026-06-29T09:34:12+00:00,k3s-s1,Ready
2026-06-29T09:34:12+00:00,k3s-s2,NotReady
2026-06-29T09:34:12+00:00,k3s-s3,Ready
2026-06-29T09:34:12+00:00,k3s-w1,Ready
2026-06-29T09:34:12+00:00,k3s-w2,Ready
2026-06-29T09:34:13+00:00,k3s-s1,Ready
2026-06-29T09:34:13+00:00,k3s-s2,NotReady
2026-06-29T09:34:13+00:00,k3s-s3,Ready
2026-06-29T09:34:13+00:00,k3s-w1,Ready
2026-06-29T09:34:13+00:00,k3s-w2,Ready
2026-06-29T09:34:14+00:00,k3s-s1,Ready
2026-06-29T09:34:14+00:00,k3s-s2,NotReady
2026-06-29T09:34:14+00:00,k3s-s3,Ready
2026-06-29T09:34:14+00:00,k3s-w1,Ready
2026-06-29T09:34:14+00:00,k3s-w2,Ready
2026-06-29T09:34:15+00:00,k3s-s1,Ready
2026-06-29T09:34:15+00:00,k3s-s2,NotReady
2026-06-29T09:34:15+00:00,k3s-s3,Ready
2026-06-29T09:34:15+00:00,k3s-w1,Ready
2026-06-29T09:34:15+00:00,k3s-w2,Ready
2026-06-29T09:34:16+00:00,k3s-s1,Ready
2026-06-29T09:34:16+00:00,k3s-s2,NotReady
2026-06-29T09:34:16+00:00,k3s-s3,Ready
2026-06-29T09:34:16+00:00,k3s-w1,Ready
2026-06-29T09:34:16+00:00,k3s-w2,Ready
2026-06-29T09:34:17+00:00,k3s-s1,Ready
2026-06-29T09:34:17+00:00,k3s-s2,NotReady
2026-06-29T09:34:17+00:00,k3s-s3,Ready
2026-06-29T09:34:17+00:00,k3s-w1,Ready
2026-06-29T09:34:17+00:00,k3s-w2,Ready
2026-06-29T09:34:18+00:00,k3s-s1,Ready
2026-06-29T09:34:18+00:00,k3s-s2,NotReady
2026-06-29T09:34:18+00:00,k3s-s3,Ready
2026-06-29T09:34:18+00:00,k3s-w1,Ready
2026-06-29T09:34:18+00:00,k3s-w2,Ready
2026-06-29T09:34:19+00:00,k3s-s1,Ready
2026-06-29T09:34:19+00:00,k3s-s2,NotReady
2026-06-29T09:34:19+00:00,k3s-s3,Ready
2026-06-29T09:34:19+00:00,k3s-w1,Ready
2026-06-29T09:34:19+00:00,k3s-w2,Ready
2026-06-29T09:34:20+00:00,k3s-s1,Ready
2026-06-29T09:34:20+00:00,k3s-s2,NotReady
2026-06-29T09:34:20+00:00,k3s-s3,Ready
2026-06-29T09:34:20+00:00,k3s-w1,Ready
2026-06-29T09:34:20+00:00,k3s-w2,Ready
2026-06-29T09:34:21+00:00,k3s-s1,Ready
2026-06-29T09:34:21+00:00,k3s-s2,NotReady
2026-06-29T09:34:21+00:00,k3s-s3,Ready
2026-06-29T09:34:21+00:00,k3s-w1,Ready
2026-06-29T09:34:21+00:00,k3s-w2,Ready
2026-06-29T09:34:22+00:00,k3s-s1,Ready
2026-06-29T09:34:22+00:00,k3s-s2,NotReady
2026-06-29T09:34:22+00:00,k3s-s3,Ready
2026-06-29T09:34:22+00:00,k3s-w1,Ready
2026-06-29T09:34:22+00:00,k3s-w2,Ready
2026-06-29T09:34:23+00:00,k3s-s1,Ready
2026-06-29T09:34:23+00:00,k3s-s2,NotReady
2026-06-29T09:34:23+00:00,k3s-s3,Ready
2026-06-29T09:34:23+00:00,k3s-w1,Ready
2026-06-29T09:34:23+00:00,k3s-w2,Ready
2026-06-29T09:34:24+00:00,k3s-s1,Ready
2026-06-29T09:34:24+00:00,k3s-s2,NotReady
2026-06-29T09:34:24+00:00,k3s-s3,Ready
2026-06-29T09:34:24+00:00,k3s-w1,Ready
2026-06-29T09:34:24+00:00,k3s-w2,Ready
2026-06-29T09:34:26+00:00,k3s-s1,Ready
2026-06-29T09:34:26+00:00,k3s-s2,NotReady
2026-06-29T09:34:26+00:00,k3s-s3,Ready
2026-06-29T09:34:26+00:00,k3s-w1,Ready
2026-06-29T09:34:26+00:00,k3s-w2,Ready
2026-06-29T09:34:27+00:00,k3s-s1,Ready
2026-06-29T09:34:27+00:00,k3s-s2,NotReady
2026-06-29T09:34:27+00:00,k3s-s3,Ready
2026-06-29T09:34:27+00:00,k3s-w1,Ready
2026-06-29T09:34:27+00:00,k3s-w2,Ready
2026-06-29T09:34:28+00:00,k3s-s1,Ready
2026-06-29T09:34:28+00:00,k3s-s2,NotReady
2026-06-29T09:34:28+00:00,k3s-s3,Ready
2026-06-29T09:34:28+00:00,k3s-w1,Ready
2026-06-29T09:34:28+00:00,k3s-w2,Ready
2026-06-29T09:34:29+00:00,k3s-s1,Ready
2026-06-29T09:34:29+00:00,k3s-s2,NotReady
2026-06-29T09:34:29+00:00,k3s-s3,Ready
2026-06-29T09:34:29+00:00,k3s-w1,Ready
2026-06-29T09:34:29+00:00,k3s-w2,Ready
2026-06-29T09:34:30+00:00,k3s-s1,Ready
2026-06-29T09:34:30+00:00,k3s-s2,NotReady
2026-06-29T09:34:30+00:00,k3s-s3,Ready
2026-06-29T09:34:30+00:00,k3s-w1,Ready
2026-06-29T09:34:30+00:00,k3s-w2,Ready
2026-06-29T09:34:31+00:00,k3s-s1,Ready
2026-06-29T09:34:31+00:00,k3s-s2,NotReady
2026-06-29T09:34:31+00:00,k3s-s3,Ready
2026-06-29T09:34:31+00:00,k3s-w1,Ready
2026-06-29T09:34:31+00:00,k3s-w2,Ready
2026-06-29T09:34:32+00:00,k3s-s1,Ready
2026-06-29T09:34:32+00:00,k3s-s2,NotReady
2026-06-29T09:34:32+00:00,k3s-s3,Ready
2026-06-29T09:34:32+00:00,k3s-w1,Ready
2026-06-29T09:34:32+00:00,k3s-w2,Ready
2026-06-29T09:34:33+00:00,k3s-s1,Ready
2026-06-29T09:34:33+00:00,k3s-s2,NotReady
2026-06-29T09:34:33+00:00,k3s-s3,Ready
2026-06-29T09:34:33+00:00,k3s-w1,Ready
2026-06-29T09:34:33+00:00,k3s-w2,Ready
2026-06-29T09:34:34+00:00,k3s-s1,Ready
2026-06-29T09:34:34+00:00,k3s-s2,NotReady
2026-06-29T09:34:34+00:00,k3s-s3,Ready
2026-06-29T09:34:34+00:00,k3s-w1,Ready
2026-06-29T09:34:34+00:00,k3s-w2,Ready
2026-06-29T09:34:35+00:00,k3s-s1,Ready
2026-06-29T09:34:35+00:00,k3s-s2,NotReady
2026-06-29T09:34:35+00:00,k3s-s3,Ready
2026-06-29T09:34:35+00:00,k3s-w1,Ready
2026-06-29T09:34:35+00:00,k3s-w2,Ready
2026-06-29T09:34:36+00:00,k3s-s1,Ready
2026-06-29T09:34:36+00:00,k3s-s2,NotReady
2026-06-29T09:34:36+00:00,k3s-s3,Ready
2026-06-29T09:34:36+00:00,k3s-w1,Ready
2026-06-29T09:34:36+00:00,k3s-w2,Ready
2026-06-29T09:34:37+00:00,k3s-s1,Ready
2026-06-29T09:34:37+00:00,k3s-s2,NotReady
2026-06-29T09:34:37+00:00,k3s-s3,Ready
2026-06-29T09:34:37+00:00,k3s-w1,Ready
2026-06-29T09:34:37+00:00,k3s-w2,Ready
2026-06-29T09:34:38+00:00,k3s-s1,Ready
2026-06-29T09:34:38+00:00,k3s-s2,NotReady
2026-06-29T09:34:38+00:00,k3s-s3,Ready
2026-06-29T09:34:38+00:00,k3s-w1,Ready
2026-06-29T09:34:38+00:00,k3s-w2,Ready
2026-06-29T09:34:39+00:00,k3s-s1,Ready
2026-06-29T09:34:39+00:00,k3s-s2,NotReady
2026-06-29T09:34:39+00:00,k3s-s3,Ready
2026-06-29T09:34:39+00:00,k3s-w1,Ready
2026-06-29T09:34:39+00:00,k3s-w2,Ready
2026-06-29T09:34:40+00:00,k3s-s1,Ready
2026-06-29T09:34:40+00:00,k3s-s2,NotReady
2026-06-29T09:34:40+00:00,k3s-s3,Ready
2026-06-29T09:34:40+00:00,k3s-w1,Ready
2026-06-29T09:34:40+00:00,k3s-w2,Ready
2026-06-29T09:34:41+00:00,k3s-s1,Ready
2026-06-29T09:34:41+00:00,k3s-s2,NotReady
2026-06-29T09:34:41+00:00,k3s-s3,Ready
2026-06-29T09:34:41+00:00,k3s-w1,Ready
2026-06-29T09:34:41+00:00,k3s-w2,Ready
2026-06-29T09:34:42+00:00,k3s-s1,Ready
2026-06-29T09:34:42+00:00,k3s-s2,NotReady
2026-06-29T09:34:42+00:00,k3s-s3,Ready
2026-06-29T09:34:42+00:00,k3s-w1,Ready
2026-06-29T09:34:42+00:00,k3s-w2,Ready
2026-06-29T09:34:43+00:00,k3s-s1,Ready
2026-06-29T09:34:43+00:00,k3s-s2,NotReady
2026-06-29T09:34:43+00:00,k3s-s3,Ready
2026-06-29T09:34:43+00:00,k3s-w1,Ready
2026-06-29T09:34:43+00:00,k3s-w2,Ready
2026-06-29T09:34:44+00:00,k3s-s1,Ready
2026-06-29T09:34:44+00:00,k3s-s2,NotReady
2026-06-29T09:34:44+00:00,k3s-s3,Ready
2026-06-29T09:34:44+00:00,k3s-w1,Ready
2026-06-29T09:34:44+00:00,k3s-w2,Ready
2026-06-29T09:34:46+00:00,k3s-s1,Ready
2026-06-29T09:34:46+00:00,k3s-s2,NotReady
2026-06-29T09:34:46+00:00,k3s-s3,Ready
2026-06-29T09:34:46+00:00,k3s-w1,Ready
2026-06-29T09:34:46+00:00,k3s-w2,Ready
2026-06-29T09:34:47+00:00,k3s-s1,Ready
2026-06-29T09:34:47+00:00,k3s-s2,NotReady
2026-06-29T09:34:47+00:00,k3s-s3,Ready
2026-06-29T09:34:47+00:00,k3s-w1,Ready
2026-06-29T09:34:47+00:00,k3s-w2,Ready
2026-06-29T09:34:48+00:00,k3s-s1,Ready
2026-06-29T09:34:48+00:00,k3s-s2,NotReady
2026-06-29T09:34:48+00:00,k3s-s3,Ready
2026-06-29T09:34:48+00:00,k3s-w1,Ready
2026-06-29T09:34:48+00:00,k3s-w2,Ready
2026-06-29T09:34:49+00:00,k3s-s1,Ready
2026-06-29T09:34:49+00:00,k3s-s2,NotReady
2026-06-29T09:34:49+00:00,k3s-s3,Ready
2026-06-29T09:34:49+00:00,k3s-w1,Ready
2026-06-29T09:34:49+00:00,k3s-w2,Ready
2026-06-29T09:34:50+00:00,k3s-s1,Ready
2026-06-29T09:34:50+00:00,k3s-s2,NotReady
2026-06-29T09:34:50+00:00,k3s-s3,Ready
2026-06-29T09:34:50+00:00,k3s-w1,Ready
2026-06-29T09:34:50+00:00,k3s-w2,Ready
2026-06-29T09:34:51+00:00,k3s-s1,Ready
2026-06-29T09:34:51+00:00,k3s-s2,NotReady
2026-06-29T09:34:51+00:00,k3s-s3,Ready
2026-06-29T09:34:51+00:00,k3s-w1,Ready
2026-06-29T09:34:51+00:00,k3s-w2,Ready
2026-06-29T09:34:52+00:00,k3s-s1,Ready
2026-06-29T09:34:52+00:00,k3s-s2,NotReady
2026-06-29T09:34:52+00:00,k3s-s3,Ready
2026-06-29T09:34:52+00:00,k3s-w1,Ready
2026-06-29T09:34:52+00:00,k3s-w2,Ready
2026-06-29T09:34:53+00:00,k3s-s1,Ready
2026-06-29T09:34:53+00:00,k3s-s2,NotReady
2026-06-29T09:34:53+00:00,k3s-s3,Ready
2026-06-29T09:34:53+00:00,k3s-w1,Ready
2026-06-29T09:34:53+00:00,k3s-w2,Ready
2026-06-29T09:34:54+00:00,k3s-s1,Ready
2026-06-29T09:34:54+00:00,k3s-s2,NotReady
2026-06-29T09:34:54+00:00,k3s-s3,Ready
2026-06-29T09:34:54+00:00,k3s-w1,Ready
2026-06-29T09:34:54+00:00,k3s-w2,Ready
2026-06-29T09:34:55+00:00,k3s-s1,Ready
2026-06-29T09:34:55+00:00,k3s-s2,NotReady
2026-06-29T09:34:55+00:00,k3s-s3,Ready
2026-06-29T09:34:55+00:00,k3s-w1,Ready
2026-06-29T09:34:55+00:00,k3s-w2,Ready
2026-06-29T09:34:56+00:00,k3s-s1,Ready
2026-06-29T09:34:56+00:00,k3s-s2,NotReady
2026-06-29T09:34:56+00:00,k3s-s3,Ready
2026-06-29T09:34:56+00:00,k3s-w1,Ready
2026-06-29T09:34:56+00:00,k3s-w2,Ready
2026-06-29T09:34:57+00:00,k3s-s1,Ready
2026-06-29T09:34:57+00:00,k3s-s2,NotReady
2026-06-29T09:34:57+00:00,k3s-s3,Ready
2026-06-29T09:34:57+00:00,k3s-w1,Ready
2026-06-29T09:34:57+00:00,k3s-w2,Ready
2026-06-29T09:34:58+00:00,k3s-s1,Ready
2026-06-29T09:34:58+00:00,k3s-s2,NotReady
2026-06-29T09:34:58+00:00,k3s-s3,Ready
2026-06-29T09:34:58+00:00,k3s-w1,Ready
2026-06-29T09:34:58+00:00,k3s-w2,Ready
2026-06-29T09:34:59+00:00,k3s-s1,Ready
2026-06-29T09:34:59+00:00,k3s-s2,NotReady
2026-06-29T09:34:59+00:00,k3s-s3,Ready
2026-06-29T09:34:59+00:00,k3s-w1,Ready
2026-06-29T09:34:59+00:00,k3s-w2,Ready
2026-06-29T09:35:00+00:00,k3s-s1,Ready
2026-06-29T09:35:00+00:00,k3s-s2,NotReady
2026-06-29T09:35:00+00:00,k3s-s3,Ready
2026-06-29T09:35:00+00:00,k3s-w1,Ready
2026-06-29T09:35:00+00:00,k3s-w2,Ready
2026-06-29T09:35:01+00:00,k3s-s1,Ready
2026-06-29T09:35:01+00:00,k3s-s2,NotReady
2026-06-29T09:35:01+00:00,k3s-s3,Ready
2026-06-29T09:35:01+00:00,k3s-w1,Ready
2026-06-29T09:35:01+00:00,k3s-w2,Ready
2026-06-29T09:35:02+00:00,k3s-s1,Ready
2026-06-29T09:35:02+00:00,k3s-s2,NotReady
2026-06-29T09:35:02+00:00,k3s-s3,Ready
2026-06-29T09:35:02+00:00,k3s-w1,Ready
2026-06-29T09:35:02+00:00,k3s-w2,Ready
2026-06-29T09:35:03+00:00,k3s-s1,Ready
2026-06-29T09:35:03+00:00,k3s-s2,NotReady
2026-06-29T09:35:03+00:00,k3s-s3,Ready
2026-06-29T09:35:03+00:00,k3s-w1,Ready
2026-06-29T09:35:03+00:00,k3s-w2,Ready
2026-06-29T09:35:05+00:00,k3s-s1,Ready
2026-06-29T09:35:05+00:00,k3s-s2,NotReady
2026-06-29T09:35:05+00:00,k3s-s3,Ready
2026-06-29T09:35:05+00:00,k3s-w1,Ready
2026-06-29T09:35:05+00:00,k3s-w2,Ready
2026-06-29T09:35:06+00:00,k3s-s1,Ready
2026-06-29T09:35:06+00:00,k3s-s2,NotReady
2026-06-29T09:35:06+00:00,k3s-s3,Ready
2026-06-29T09:35:06+00:00,k3s-w1,Ready
2026-06-29T09:35:06+00:00,k3s-w2,Ready
2026-06-29T09:35:07+00:00,k3s-s1,Ready
2026-06-29T09:35:07+00:00,k3s-s2,NotReady
2026-06-29T09:35:07+00:00,k3s-s3,Ready
2026-06-29T09:35:07+00:00,k3s-w1,Ready
2026-06-29T09:35:07+00:00,k3s-w2,Ready
2026-06-29T09:35:08+00:00,k3s-s1,Ready
2026-06-29T09:35:08+00:00,k3s-s2,NotReady
2026-06-29T09:35:08+00:00,k3s-s3,Ready
2026-06-29T09:35:08+00:00,k3s-w1,Ready
2026-06-29T09:35:08+00:00,k3s-w2,Ready
2026-06-29T09:35:09+00:00,k3s-s1,Ready
2026-06-29T09:35:09+00:00,k3s-s2,NotReady
2026-06-29T09:35:09+00:00,k3s-s3,Ready
2026-06-29T09:35:09+00:00,k3s-w1,Ready
2026-06-29T09:35:09+00:00,k3s-w2,Ready
2026-06-29T09:35:10+00:00,k3s-s1,Ready
2026-06-29T09:35:10+00:00,k3s-s2,NotReady
2026-06-29T09:35:10+00:00,k3s-s3,Ready
2026-06-29T09:35:10+00:00,k3s-w1,Ready
2026-06-29T09:35:10+00:00,k3s-w2,Ready
2026-06-29T09:35:11+00:00,k3s-s1,Ready
2026-06-29T09:35:11+00:00,k3s-s2,NotReady
2026-06-29T09:35:11+00:00,k3s-s3,Ready
2026-06-29T09:35:11+00:00,k3s-w1,Ready
2026-06-29T09:35:11+00:00,k3s-w2,Ready
2026-06-29T09:35:12+00:00,k3s-s1,Ready
2026-06-29T09:35:12+00:00,k3s-s2,NotReady
2026-06-29T09:35:12+00:00,k3s-s3,Ready
2026-06-29T09:35:12+00:00,k3s-w1,Ready
2026-06-29T09:35:12+00:00,k3s-w2,Ready
2026-06-29T09:35:13+00:00,k3s-s1,Ready
2026-06-29T09:35:13+00:00,k3s-s2,NotReady
2026-06-29T09:35:13+00:00,k3s-s3,Ready
2026-06-29T09:35:13+00:00,k3s-w1,Ready
2026-06-29T09:35:13+00:00,k3s-w2,Ready
2026-06-29T09:35:14+00:00,k3s-s1,Ready
2026-06-29T09:35:14+00:00,k3s-s2,NotReady
2026-06-29T09:35:14+00:00,k3s-s3,Ready
2026-06-29T09:35:14+00:00,k3s-w1,Ready
2026-06-29T09:35:14+00:00,k3s-w2,Ready
2026-06-29T09:35:15+00:00,k3s-s1,Ready
2026-06-29T09:35:15+00:00,k3s-s2,NotReady
2026-06-29T09:35:15+00:00,k3s-s3,Ready
2026-06-29T09:35:15+00:00,k3s-w1,Ready
2026-06-29T09:35:15+00:00,k3s-w2,Ready
2026-06-29T09:35:16+00:00,k3s-s1,Ready
2026-06-29T09:35:16+00:00,k3s-s2,NotReady
2026-06-29T09:35:16+00:00,k3s-s3,Ready
2026-06-29T09:35:16+00:00,k3s-w1,Ready
2026-06-29T09:35:16+00:00,k3s-w2,Ready
2026-06-29T09:35:17+00:00,k3s-s1,Ready
2026-06-29T09:35:17+00:00,k3s-s2,NotReady
2026-06-29T09:35:17+00:00,k3s-s3,Ready
2026-06-29T09:35:17+00:00,k3s-w1,Ready
2026-06-29T09:35:17+00:00,k3s-w2,Ready
2026-06-29T09:35:18+00:00,k3s-s1,Ready
2026-06-29T09:35:18+00:00,k3s-s2,NotReady
2026-06-29T09:35:18+00:00,k3s-s3,Ready
2026-06-29T09:35:18+00:00,k3s-w1,Ready
2026-06-29T09:35:18+00:00,k3s-w2,Ready
2026-06-29T09:35:19+00:00,k3s-s1,Ready
2026-06-29T09:35:19+00:00,k3s-s2,NotReady
2026-06-29T09:35:19+00:00,k3s-s3,Ready
2026-06-29T09:35:19+00:00,k3s-w1,Ready
2026-06-29T09:35:19+00:00,k3s-w2,Ready
2026-06-29T09:35:20+00:00,k3s-s1,Ready
2026-06-29T09:35:20+00:00,k3s-s2,NotReady
2026-06-29T09:35:20+00:00,k3s-s3,Ready
2026-06-29T09:35:20+00:00,k3s-w1,Ready
2026-06-29T09:35:20+00:00,k3s-w2,Ready
2026-06-29T09:35:21+00:00,k3s-s1,Ready
2026-06-29T09:35:21+00:00,k3s-s2,NotReady
2026-06-29T09:35:21+00:00,k3s-s3,Ready
2026-06-29T09:35:21+00:00,k3s-w1,Ready
2026-06-29T09:35:21+00:00,k3s-w2,Ready
2026-06-29T09:35:22+00:00,k3s-s1,Ready
2026-06-29T09:35:22+00:00,k3s-s2,NotReady
2026-06-29T09:35:22+00:00,k3s-s3,Ready
2026-06-29T09:35:22+00:00,k3s-w1,Ready
2026-06-29T09:35:22+00:00,k3s-w2,Ready
2026-06-29T09:35:23+00:00,k3s-s1,Ready
2026-06-29T09:35:23+00:00,k3s-s2,NotReady
2026-06-29T09:35:23+00:00,k3s-s3,Ready
2026-06-29T09:35:23+00:00,k3s-w1,Ready
2026-06-29T09:35:23+00:00,k3s-w2,Ready
2026-06-29T09:35:25+00:00,k3s-s1,Ready
2026-06-29T09:35:25+00:00,k3s-s2,NotReady
2026-06-29T09:35:25+00:00,k3s-s3,Ready
2026-06-29T09:35:25+00:00,k3s-w1,Ready
2026-06-29T09:35:25+00:00,k3s-w2,Ready
2026-06-29T09:35:26+00:00,k3s-s1,Ready
2026-06-29T09:35:26+00:00,k3s-s2,NotReady
2026-06-29T09:35:26+00:00,k3s-s3,Ready
2026-06-29T09:35:26+00:00,k3s-w1,Ready
2026-06-29T09:35:26+00:00,k3s-w2,Ready
2026-06-29T09:35:27+00:00,k3s-s1,Ready
2026-06-29T09:35:27+00:00,k3s-s2,NotReady
2026-06-29T09:35:27+00:00,k3s-s3,Ready
2026-06-29T09:35:27+00:00,k3s-w1,Ready
2026-06-29T09:35:27+00:00,k3s-w2,Ready
2026-06-29T09:35:28+00:00,k3s-s1,Ready
2026-06-29T09:35:28+00:00,k3s-s2,NotReady
2026-06-29T09:35:28+00:00,k3s-s3,Ready
2026-06-29T09:35:28+00:00,k3s-w1,Ready
2026-06-29T09:35:28+00:00,k3s-w2,Ready
2026-06-29T09:35:29+00:00,k3s-s1,Ready
2026-06-29T09:35:29+00:00,k3s-s2,NotReady
2026-06-29T09:35:29+00:00,k3s-s3,Ready
2026-06-29T09:35:29+00:00,k3s-w1,Ready
2026-06-29T09:35:29+00:00,k3s-w2,Ready
2026-06-29T09:35:30+00:00,k3s-s1,Ready
2026-06-29T09:35:30+00:00,k3s-s2,NotReady
2026-06-29T09:35:30+00:00,k3s-s3,Ready
2026-06-29T09:35:30+00:00,k3s-w1,Ready
2026-06-29T09:35:30+00:00,k3s-w2,Ready
2026-06-29T09:35:31+00:00,k3s-s1,Ready
2026-06-29T09:35:31+00:00,k3s-s2,NotReady
2026-06-29T09:35:31+00:00,k3s-s3,Ready
2026-06-29T09:35:31+00:00,k3s-w1,Ready
2026-06-29T09:35:31+00:00,k3s-w2,Ready
2026-06-29T09:35:32+00:00,k3s-s1,Ready
2026-06-29T09:35:32+00:00,k3s-s2,NotReady
2026-06-29T09:35:32+00:00,k3s-s3,Ready
2026-06-29T09:35:32+00:00,k3s-w1,Ready
2026-06-29T09:35:32+00:00,k3s-w2,Ready
2026-06-29T09:35:33+00:00,k3s-s1,Ready
2026-06-29T09:35:33+00:00,k3s-s2,NotReady
2026-06-29T09:35:33+00:00,k3s-s3,Ready
2026-06-29T09:35:33+00:00,k3s-w1,Ready
2026-06-29T09:35:33+00:00,k3s-w2,Ready
2026-06-29T09:35:34+00:00,k3s-s1,Ready
2026-06-29T09:35:34+00:00,k3s-s2,NotReady
2026-06-29T09:35:34+00:00,k3s-s3,Ready
2026-06-29T09:35:34+00:00,k3s-w1,Ready
2026-06-29T09:35:34+00:00,k3s-w2,Ready
2026-06-29T09:35:35+00:00,k3s-s1,Ready
2026-06-29T09:35:35+00:00,k3s-s2,NotReady
2026-06-29T09:35:35+00:00,k3s-s3,Ready
2026-06-29T09:35:35+00:00,k3s-w1,Ready
2026-06-29T09:35:35+00:00,k3s-w2,Ready
2026-06-29T09:35:36+00:00,k3s-s1,Ready
2026-06-29T09:35:36+00:00,k3s-s2,NotReady
2026-06-29T09:35:36+00:00,k3s-s3,Ready
2026-06-29T09:35:36+00:00,k3s-w1,Ready
2026-06-29T09:35:36+00:00,k3s-w2,Ready
2026-06-29T09:35:37+00:00,k3s-s1,Ready
2026-06-29T09:35:37+00:00,k3s-s2,NotReady
2026-06-29T09:35:37+00:00,k3s-s3,Ready
2026-06-29T09:35:37+00:00,k3s-w1,Ready
2026-06-29T09:35:37+00:00,k3s-w2,Ready
2026-06-29T09:35:38+00:00,k3s-s1,Ready
2026-06-29T09:35:38+00:00,k3s-s2,NotReady
2026-06-29T09:35:38+00:00,k3s-s3,Ready
2026-06-29T09:35:38+00:00,k3s-w1,Ready
2026-06-29T09:35:38+00:00,k3s-w2,Ready
2026-06-29T09:35:39+00:00,k3s-s1,Ready
2026-06-29T09:35:39+00:00,k3s-s2,NotReady
2026-06-29T09:35:39+00:00,k3s-s3,Ready
2026-06-29T09:35:39+00:00,k3s-w1,Ready
2026-06-29T09:35:39+00:00,k3s-w2,Ready
2026-06-29T09:35:40+00:00,k3s-s1,Ready
2026-06-29T09:35:40+00:00,k3s-s2,NotReady
2026-06-29T09:35:40+00:00,k3s-s3,Ready
2026-06-29T09:35:40+00:00,k3s-w1,Ready
2026-06-29T09:35:40+00:00,k3s-w2,Ready
2026-06-29T09:35:41+00:00,k3s-s1,Ready
2026-06-29T09:35:41+00:00,k3s-s2,NotReady
2026-06-29T09:35:41+00:00,k3s-s3,Ready
2026-06-29T09:35:41+00:00,k3s-w1,Ready
2026-06-29T09:35:41+00:00,k3s-w2,Ready
2026-06-29T09:35:42+00:00,k3s-s1,Ready
2026-06-29T09:35:42+00:00,k3s-s2,NotReady
2026-06-29T09:35:42+00:00,k3s-s3,Ready
2026-06-29T09:35:42+00:00,k3s-w1,Ready
2026-06-29T09:35:42+00:00,k3s-w2,Ready
2026-06-29T09:35:43+00:00,k3s-s1,Ready
2026-06-29T09:35:43+00:00,k3s-s2,NotReady
2026-06-29T09:35:43+00:00,k3s-s3,Ready
2026-06-29T09:35:43+00:00,k3s-w1,Ready
2026-06-29T09:35:43+00:00,k3s-w2,Ready
2026-06-29T09:35:45+00:00,k3s-s1,Ready
2026-06-29T09:35:45+00:00,k3s-s2,NotReady
2026-06-29T09:35:45+00:00,k3s-s3,Ready
2026-06-29T09:35:45+00:00,k3s-w1,Ready
2026-06-29T09:35:45+00:00,k3s-w2,Ready
2026-06-29T09:35:46+00:00,k3s-s1,Ready
2026-06-29T09:35:46+00:00,k3s-s2,NotReady
2026-06-29T09:35:46+00:00,k3s-s3,Ready
2026-06-29T09:35:46+00:00,k3s-w1,Ready
2026-06-29T09:35:46+00:00,k3s-w2,Ready
2026-06-29T09:35:47+00:00,k3s-s1,Ready
2026-06-29T09:35:47+00:00,k3s-s2,NotReady
2026-06-29T09:35:47+00:00,k3s-s3,Ready
2026-06-29T09:35:47+00:00,k3s-w1,Ready
2026-06-29T09:35:47+00:00,k3s-w2,Ready
2026-06-29T09:35:48+00:00,k3s-s1,Ready
2026-06-29T09:35:48+00:00,k3s-s2,NotReady
2026-06-29T09:35:48+00:00,k3s-s3,Ready
2026-06-29T09:35:48+00:00,k3s-w1,Ready
2026-06-29T09:35:48+00:00,k3s-w2,Ready
2026-06-29T09:35:49+00:00,k3s-s1,Ready
2026-06-29T09:35:49+00:00,k3s-s2,NotReady
2026-06-29T09:35:49+00:00,k3s-s3,Ready
2026-06-29T09:35:49+00:00,k3s-w1,Ready
2026-06-29T09:35:49+00:00,k3s-w2,Ready
2026-06-29T09:35:50+00:00,k3s-s1,Ready
2026-06-29T09:35:50+00:00,k3s-s2,NotReady
2026-06-29T09:35:50+00:00,k3s-s3,Ready
2026-06-29T09:35:50+00:00,k3s-w1,Ready
2026-06-29T09:35:50+00:00,k3s-w2,Ready
2026-06-29T09:35:51+00:00,k3s-s1,Ready
2026-06-29T09:35:51+00:00,k3s-s2,NotReady
2026-06-29T09:35:51+00:00,k3s-s3,Ready
2026-06-29T09:35:51+00:00,k3s-w1,Ready
2026-06-29T09:35:51+00:00,k3s-w2,Ready
2026-06-29T09:35:52+00:00,k3s-s1,Ready
2026-06-29T09:35:52+00:00,k3s-s2,NotReady
2026-06-29T09:35:52+00:00,k3s-s3,Ready
2026-06-29T09:35:52+00:00,k3s-w1,Ready
2026-06-29T09:35:52+00:00,k3s-w2,Ready
2026-06-29T09:35:53+00:00,k3s-s1,Ready
2026-06-29T09:35:53+00:00,k3s-s2,NotReady
2026-06-29T09:35:53+00:00,k3s-s3,Ready
2026-06-29T09:35:53+00:00,k3s-w1,Ready
2026-06-29T09:35:53+00:00,k3s-w2,Ready
2026-06-29T09:35:54+00:00,k3s-s1,Ready
2026-06-29T09:35:54+00:00,k3s-s2,NotReady
2026-06-29T09:35:54+00:00,k3s-s3,Ready
2026-06-29T09:35:54+00:00,k3s-w1,Ready
2026-06-29T09:35:54+00:00,k3s-w2,Ready
2026-06-29T09:35:55+00:00,k3s-s1,Ready
2026-06-29T09:35:55+00:00,k3s-s2,NotReady
2026-06-29T09:35:55+00:00,k3s-s3,Ready
2026-06-29T09:35:55+00:00,k3s-w1,Ready
2026-06-29T09:35:55+00:00,k3s-w2,Ready
2026-06-29T09:35:56+00:00,k3s-s1,Ready
2026-06-29T09:35:56+00:00,k3s-s2,NotReady
2026-06-29T09:35:56+00:00,k3s-s3,Ready
2026-06-29T09:35:56+00:00,k3s-w1,Ready
2026-06-29T09:35:56+00:00,k3s-w2,Ready
2026-06-29T09:35:57+00:00,k3s-s1,Ready
2026-06-29T09:35:57+00:00,k3s-s2,NotReady
2026-06-29T09:35:57+00:00,k3s-s3,Ready
2026-06-29T09:35:57+00:00,k3s-w1,Ready
2026-06-29T09:35:57+00:00,k3s-w2,Ready
2026-06-29T09:35:58+00:00,k3s-s1,Ready
2026-06-29T09:35:58+00:00,k3s-s2,NotReady
2026-06-29T09:35:58+00:00,k3s-s3,Ready
2026-06-29T09:35:58+00:00,k3s-w1,Ready
2026-06-29T09:35:58+00:00,k3s-w2,Ready
2026-06-29T09:35:59+00:00,k3s-s1,Ready
2026-06-29T09:35:59+00:00,k3s-s2,NotReady
2026-06-29T09:35:59+00:00,k3s-s3,Ready
2026-06-29T09:35:59+00:00,k3s-w1,Ready
2026-06-29T09:35:59+00:00,k3s-w2,Ready
2026-06-29T09:36:00+00:00,k3s-s1,Ready
2026-06-29T09:36:00+00:00,k3s-s2,NotReady
2026-06-29T09:36:00+00:00,k3s-s3,Ready
2026-06-29T09:36:00+00:00,k3s-w1,Ready
2026-06-29T09:36:00+00:00,k3s-w2,Ready
2026-06-29T09:36:01+00:00,k3s-s1,Ready
2026-06-29T09:36:01+00:00,k3s-s2,NotReady
2026-06-29T09:36:01+00:00,k3s-s3,Ready
2026-06-29T09:36:01+00:00,k3s-w1,Ready
2026-06-29T09:36:01+00:00,k3s-w2,Ready
2026-06-29T09:36:02+00:00,k3s-s1,Ready
2026-06-29T09:36:02+00:00,k3s-s2,NotReady
2026-06-29T09:36:02+00:00,k3s-s3,Ready
2026-06-29T09:36:02+00:00,k3s-w1,Ready
2026-06-29T09:36:02+00:00,k3s-w2,Ready
2026-06-29T09:36:03+00:00,k3s-s1,Ready
2026-06-29T09:36:03+00:00,k3s-s2,NotReady
2026-06-29T09:36:03+00:00,k3s-s3,Ready
2026-06-29T09:36:03+00:00,k3s-w1,Ready
2026-06-29T09:36:03+00:00,k3s-w2,Ready
2026-06-29T09:36:05+00:00,k3s-s1,Ready
2026-06-29T09:36:05+00:00,k3s-s2,NotReady
2026-06-29T09:36:05+00:00,k3s-s3,Ready
2026-06-29T09:36:05+00:00,k3s-w1,Ready
2026-06-29T09:36:05+00:00,k3s-w2,Ready
2026-06-29T09:36:06+00:00,k3s-s1,Ready
2026-06-29T09:36:06+00:00,k3s-s2,NotReady
2026-06-29T09:36:06+00:00,k3s-s3,Ready
2026-06-29T09:36:06+00:00,k3s-w1,Ready
2026-06-29T09:36:06+00:00,k3s-w2,Ready
2026-06-29T09:36:07+00:00,k3s-s1,Ready
2026-06-29T09:36:07+00:00,k3s-s2,NotReady
2026-06-29T09:36:07+00:00,k3s-s3,Ready
2026-06-29T09:36:07+00:00,k3s-w1,Ready
2026-06-29T09:36:07+00:00,k3s-w2,Ready
2026-06-29T09:36:08+00:00,k3s-s1,Ready
2026-06-29T09:36:08+00:00,k3s-s2,NotReady
2026-06-29T09:36:08+00:00,k3s-s3,Ready
2026-06-29T09:36:08+00:00,k3s-w1,Ready
2026-06-29T09:36:08+00:00,k3s-w2,Ready
2026-06-29T09:36:09+00:00,k3s-s1,Ready
2026-06-29T09:36:09+00:00,k3s-s2,NotReady
2026-06-29T09:36:09+00:00,k3s-s3,Ready
2026-06-29T09:36:09+00:00,k3s-w1,Ready
2026-06-29T09:36:09+00:00,k3s-w2,Ready
2026-06-29T09:36:10+00:00,k3s-s1,Ready
2026-06-29T09:36:10+00:00,k3s-s2,NotReady
2026-06-29T09:36:10+00:00,k3s-s3,Ready
2026-06-29T09:36:10+00:00,k3s-w1,Ready
2026-06-29T09:36:10+00:00,k3s-w2,Ready
2026-06-29T09:36:11+00:00,k3s-s1,Ready
2026-06-29T09:36:11+00:00,k3s-s2,NotReady
2026-06-29T09:36:11+00:00,k3s-s3,Ready
2026-06-29T09:36:11+00:00,k3s-w1,Ready
2026-06-29T09:36:11+00:00,k3s-w2,Ready
2026-06-29T09:36:12+00:00,k3s-s1,Ready
2026-06-29T09:36:12+00:00,k3s-s2,NotReady
2026-06-29T09:36:12+00:00,k3s-s3,Ready
2026-06-29T09:36:12+00:00,k3s-w1,Ready
2026-06-29T09:36:12+00:00,k3s-w2,Ready
2026-06-29T09:36:13+00:00,k3s-s1,Ready
2026-06-29T09:36:13+00:00,k3s-s2,NotReady
2026-06-29T09:36:13+00:00,k3s-s3,Ready
2026-06-29T09:36:13+00:00,k3s-w1,Ready
2026-06-29T09:36:13+00:00,k3s-w2,Ready
2026-06-29T09:36:14+00:00,k3s-s1,Ready
2026-06-29T09:36:14+00:00,k3s-s2,NotReady
2026-06-29T09:36:14+00:00,k3s-s3,Ready
2026-06-29T09:36:14+00:00,k3s-w1,Ready
2026-06-29T09:36:14+00:00,k3s-w2,Ready
2026-06-29T09:36:15+00:00,k3s-s1,Ready
2026-06-29T09:36:15+00:00,k3s-s2,NotReady
2026-06-29T09:36:15+00:00,k3s-s3,Ready
2026-06-29T09:36:15+00:00,k3s-w1,Ready
2026-06-29T09:36:15+00:00,k3s-w2,Ready
2026-06-29T09:36:16+00:00,k3s-s1,Ready
2026-06-29T09:36:16+00:00,k3s-s2,NotReady
2026-06-29T09:36:16+00:00,k3s-s3,Ready
2026-06-29T09:36:16+00:00,k3s-w1,Ready
2026-06-29T09:36:16+00:00,k3s-w2,Ready
2026-06-29T09:36:17+00:00,k3s-s1,Ready
2026-06-29T09:36:17+00:00,k3s-s2,NotReady
2026-06-29T09:36:17+00:00,k3s-s3,Ready
2026-06-29T09:36:17+00:00,k3s-w1,Ready
2026-06-29T09:36:17+00:00,k3s-w2,Ready
2026-06-29T09:36:18+00:00,k3s-s1,Ready
2026-06-29T09:36:18+00:00,k3s-s2,NotReady
2026-06-29T09:36:18+00:00,k3s-s3,Ready
2026-06-29T09:36:18+00:00,k3s-w1,Ready
2026-06-29T09:36:18+00:00,k3s-w2,Ready
2026-06-29T09:36:19+00:00,k3s-s1,Ready
2026-06-29T09:36:19+00:00,k3s-s2,NotReady
2026-06-29T09:36:19+00:00,k3s-s3,Ready
2026-06-29T09:36:19+00:00,k3s-w1,Ready
2026-06-29T09:36:19+00:00,k3s-w2,Ready
2026-06-29T09:36:20+00:00,k3s-s1,Ready
2026-06-29T09:36:20+00:00,k3s-s2,NotReady
2026-06-29T09:36:20+00:00,k3s-s3,Ready
2026-06-29T09:36:20+00:00,k3s-w1,Ready
2026-06-29T09:36:20+00:00,k3s-w2,Ready
2026-06-29T09:36:21+00:00,k3s-s1,Ready
2026-06-29T09:36:21+00:00,k3s-s2,NotReady
2026-06-29T09:36:21+00:00,k3s-s3,Ready
2026-06-29T09:36:21+00:00,k3s-w1,Ready
2026-06-29T09:36:21+00:00,k3s-w2,Ready
2026-06-29T09:36:22+00:00,k3s-s1,Ready
2026-06-29T09:36:22+00:00,k3s-s2,NotReady
2026-06-29T09:36:22+00:00,k3s-s3,Ready
2026-06-29T09:36:22+00:00,k3s-w1,Ready
2026-06-29T09:36:22+00:00,k3s-w2,Ready
2026-06-29T09:36:23+00:00,k3s-s1,Ready
2026-06-29T09:36:23+00:00,k3s-s2,NotReady
2026-06-29T09:36:23+00:00,k3s-s3,Ready
2026-06-29T09:36:23+00:00,k3s-w1,Ready
2026-06-29T09:36:23+00:00,k3s-w2,Ready
2026-06-29T09:36:25+00:00,k3s-s1,Ready
2026-06-29T09:36:25+00:00,k3s-s2,NotReady
2026-06-29T09:36:25+00:00,k3s-s3,Ready
2026-06-29T09:36:25+00:00,k3s-w1,Ready
2026-06-29T09:36:25+00:00,k3s-w2,Ready
2026-06-29T09:36:26+00:00,k3s-s1,Ready
2026-06-29T09:36:26+00:00,k3s-s2,NotReady
2026-06-29T09:36:26+00:00,k3s-s3,Ready
2026-06-29T09:36:26+00:00,k3s-w1,Ready
2026-06-29T09:36:26+00:00,k3s-w2,Ready
2026-06-29T09:36:27+00:00,k3s-s1,Ready
2026-06-29T09:36:27+00:00,k3s-s2,NotReady
2026-06-29T09:36:27+00:00,k3s-s3,Ready
2026-06-29T09:36:27+00:00,k3s-w1,Ready
2026-06-29T09:36:27+00:00,k3s-w2,Ready
2026-06-29T09:36:28+00:00,k3s-s1,Ready
2026-06-29T09:36:28+00:00,k3s-s2,NotReady
2026-06-29T09:36:28+00:00,k3s-s3,Ready
2026-06-29T09:36:28+00:00,k3s-w1,Ready
2026-06-29T09:36:28+00:00,k3s-w2,Ready
2026-06-29T09:36:29+00:00,k3s-s1,Ready
2026-06-29T09:36:29+00:00,k3s-s2,NotReady
2026-06-29T09:36:29+00:00,k3s-s3,Ready
2026-06-29T09:36:29+00:00,k3s-w1,Ready
2026-06-29T09:36:29+00:00,k3s-w2,Ready
2026-06-29T09:36:30+00:00,k3s-s1,Ready
2026-06-29T09:36:30+00:00,k3s-s2,NotReady
2026-06-29T09:36:30+00:00,k3s-s3,Ready
2026-06-29T09:36:30+00:00,k3s-w1,Ready
2026-06-29T09:36:30+00:00,k3s-w2,Ready
2026-06-29T09:36:31+00:00,k3s-s1,Ready
2026-06-29T09:36:31+00:00,k3s-s2,NotReady
2026-06-29T09:36:31+00:00,k3s-s3,Ready
2026-06-29T09:36:31+00:00,k3s-w1,Ready
2026-06-29T09:36:31+00:00,k3s-w2,Ready
2026-06-29T09:36:32+00:00,k3s-s1,Ready
2026-06-29T09:36:32+00:00,k3s-s2,NotReady
2026-06-29T09:36:32+00:00,k3s-s3,Ready
2026-06-29T09:36:32+00:00,k3s-w1,Ready
2026-06-29T09:36:32+00:00,k3s-w2,Ready
2026-06-29T09:36:33+00:00,k3s-s1,Ready
2026-06-29T09:36:33+00:00,k3s-s2,NotReady
2026-06-29T09:36:33+00:00,k3s-s3,Ready
2026-06-29T09:36:33+00:00,k3s-w1,Ready
2026-06-29T09:36:33+00:00,k3s-w2,Ready
2026-06-29T09:36:34+00:00,k3s-s1,Ready
2026-06-29T09:36:34+00:00,k3s-s2,NotReady
2026-06-29T09:36:34+00:00,k3s-s3,Ready
2026-06-29T09:36:34+00:00,k3s-w1,Ready
2026-06-29T09:36:34+00:00,k3s-w2,Ready
2026-06-29T09:36:35+00:00,k3s-s1,Ready
2026-06-29T09:36:35+00:00,k3s-s2,NotReady
2026-06-29T09:36:35+00:00,k3s-s3,Ready
2026-06-29T09:36:35+00:00,k3s-w1,Ready
2026-06-29T09:36:35+00:00,k3s-w2,Ready
2026-06-29T09:36:36+00:00,k3s-s1,Ready
2026-06-29T09:36:36+00:00,k3s-s2,NotReady
2026-06-29T09:36:36+00:00,k3s-s3,Ready
2026-06-29T09:36:36+00:00,k3s-w1,Ready
2026-06-29T09:36:36+00:00,k3s-w2,Ready
2026-06-29T09:36:37+00:00,k3s-s1,Ready
2026-06-29T09:36:37+00:00,k3s-s2,NotReady
2026-06-29T09:36:37+00:00,k3s-s3,Ready
2026-06-29T09:36:37+00:00,k3s-w1,Ready
2026-06-29T09:36:37+00:00,k3s-w2,Ready
2026-06-29T09:36:38+00:00,k3s-s1,Ready
2026-06-29T09:36:38+00:00,k3s-s2,NotReady
2026-06-29T09:36:38+00:00,k3s-s3,Ready
2026-06-29T09:36:38+00:00,k3s-w1,Ready
2026-06-29T09:36:38+00:00,k3s-w2,Ready
2026-06-29T09:36:39+00:00,k3s-s1,Ready
2026-06-29T09:36:39+00:00,k3s-s2,NotReady
2026-06-29T09:36:39+00:00,k3s-s3,Ready
2026-06-29T09:36:39+00:00,k3s-w1,Ready
2026-06-29T09:36:39+00:00,k3s-w2,Ready
2026-06-29T09:36:40+00:00,k3s-s1,Ready
2026-06-29T09:36:40+00:00,k3s-s2,NotReady
2026-06-29T09:36:40+00:00,k3s-s3,Ready
2026-06-29T09:36:40+00:00,k3s-w1,Ready
2026-06-29T09:36:40+00:00,k3s-w2,Ready
2026-06-29T09:36:41+00:00,k3s-s1,Ready
2026-06-29T09:36:41+00:00,k3s-s2,NotReady
2026-06-29T09:36:41+00:00,k3s-s3,Ready
2026-06-29T09:36:41+00:00,k3s-w1,Ready
2026-06-29T09:36:41+00:00,k3s-w2,Ready
2026-06-29T09:36:42+00:00,k3s-s1,Ready
2026-06-29T09:36:42+00:00,k3s-s2,NotReady
2026-06-29T09:36:42+00:00,k3s-s3,Ready
2026-06-29T09:36:42+00:00,k3s-w1,Ready
2026-06-29T09:36:42+00:00,k3s-w2,Ready
2026-06-29T09:36:43+00:00,k3s-s1,Ready
2026-06-29T09:36:43+00:00,k3s-s2,NotReady
2026-06-29T09:36:43+00:00,k3s-s3,Ready
2026-06-29T09:36:43+00:00,k3s-w1,Ready
2026-06-29T09:36:43+00:00,k3s-w2,Ready
2026-06-29T09:36:45+00:00,k3s-s1,Ready
2026-06-29T09:36:45+00:00,k3s-s2,NotReady
2026-06-29T09:36:45+00:00,k3s-s3,Ready
2026-06-29T09:36:45+00:00,k3s-w1,Ready
2026-06-29T09:36:45+00:00,k3s-w2,Ready
2026-06-29T09:36:46+00:00,k3s-s1,Ready
2026-06-29T09:36:46+00:00,k3s-s2,NotReady
2026-06-29T09:36:46+00:00,k3s-s3,Ready
2026-06-29T09:36:46+00:00,k3s-w1,Ready
2026-06-29T09:36:46+00:00,k3s-w2,Ready
2026-06-29T09:36:47+00:00,k3s-s1,Ready
2026-06-29T09:36:47+00:00,k3s-s2,NotReady
2026-06-29T09:36:47+00:00,k3s-s3,Ready
2026-06-29T09:36:47+00:00,k3s-w1,Ready
2026-06-29T09:36:47+00:00,k3s-w2,Ready
2026-06-29T09:36:48+00:00,k3s-s1,Ready
2026-06-29T09:36:48+00:00,k3s-s2,NotReady
2026-06-29T09:36:48+00:00,k3s-s3,Ready
2026-06-29T09:36:48+00:00,k3s-w1,Ready
2026-06-29T09:36:48+00:00,k3s-w2,Ready
2026-06-29T09:36:49+00:00,k3s-s1,Ready
2026-06-29T09:36:49+00:00,k3s-s2,NotReady
2026-06-29T09:36:49+00:00,k3s-s3,Ready
2026-06-29T09:36:49+00:00,k3s-w1,Ready
2026-06-29T09:36:49+00:00,k3s-w2,Ready
2026-06-29T09:36:50+00:00,k3s-s1,Ready
2026-06-29T09:36:50+00:00,k3s-s2,NotReady
2026-06-29T09:36:50+00:00,k3s-s3,Ready
2026-06-29T09:36:50+00:00,k3s-w1,Ready
2026-06-29T09:36:50+00:00,k3s-w2,Ready
2026-06-29T09:36:51+00:00,k3s-s1,Ready
2026-06-29T09:36:51+00:00,k3s-s2,NotReady
2026-06-29T09:36:51+00:00,k3s-s3,Ready
2026-06-29T09:36:51+00:00,k3s-w1,Ready
2026-06-29T09:36:51+00:00,k3s-w2,Ready
2026-06-29T09:36:52+00:00,k3s-s1,Ready
2026-06-29T09:36:52+00:00,k3s-s2,NotReady
2026-06-29T09:36:52+00:00,k3s-s3,Ready
2026-06-29T09:36:52+00:00,k3s-w1,Ready
2026-06-29T09:36:52+00:00,k3s-w2,Ready
2026-06-29T09:36:53+00:00,k3s-s1,Ready
2026-06-29T09:36:53+00:00,k3s-s2,NotReady
2026-06-29T09:36:53+00:00,k3s-s3,Ready
2026-06-29T09:36:53+00:00,k3s-w1,Ready
2026-06-29T09:36:53+00:00,k3s-w2,Ready
2026-06-29T09:36:54+00:00,k3s-s1,Ready
2026-06-29T09:36:54+00:00,k3s-s2,NotReady
2026-06-29T09:36:54+00:00,k3s-s3,Ready
2026-06-29T09:36:54+00:00,k3s-w1,Ready
2026-06-29T09:36:54+00:00,k3s-w2,Ready
2026-06-29T09:36:55+00:00,k3s-s1,Ready
2026-06-29T09:36:55+00:00,k3s-s2,NotReady
2026-06-29T09:36:55+00:00,k3s-s3,Ready
2026-06-29T09:36:55+00:00,k3s-w1,Ready
2026-06-29T09:36:55+00:00,k3s-w2,Ready
2026-06-29T09:36:56+00:00,k3s-s1,Ready
2026-06-29T09:36:56+00:00,k3s-s2,NotReady
2026-06-29T09:36:56+00:00,k3s-s3,Ready
2026-06-29T09:36:56+00:00,k3s-w1,Ready
2026-06-29T09:36:56+00:00,k3s-w2,Ready
2026-06-29T09:36:57+00:00,k3s-s1,Ready
2026-06-29T09:36:57+00:00,k3s-s2,NotReady
2026-06-29T09:36:57+00:00,k3s-s3,Ready
2026-06-29T09:36:57+00:00,k3s-w1,Ready
2026-06-29T09:36:57+00:00,k3s-w2,Ready
2026-06-29T09:36:58+00:00,k3s-s1,Ready
2026-06-29T09:36:58+00:00,k3s-s2,NotReady
2026-06-29T09:36:58+00:00,k3s-s3,Ready
2026-06-29T09:36:58+00:00,k3s-w1,Ready
2026-06-29T09:36:58+00:00,k3s-w2,Ready
2026-06-29T09:36:59+00:00,k3s-s1,Ready
2026-06-29T09:36:59+00:00,k3s-s2,NotReady
2026-06-29T09:36:59+00:00,k3s-s3,Ready
2026-06-29T09:36:59+00:00,k3s-w1,Ready
2026-06-29T09:36:59+00:00,k3s-w2,Ready
2026-06-29T09:37:00+00:00,k3s-s1,Ready
2026-06-29T09:37:00+00:00,k3s-s2,NotReady
2026-06-29T09:37:00+00:00,k3s-s3,Ready
2026-06-29T09:37:00+00:00,k3s-w1,Ready
2026-06-29T09:37:00+00:00,k3s-w2,Ready
2026-06-29T09:37:01+00:00,k3s-s1,Ready
2026-06-29T09:37:01+00:00,k3s-s2,NotReady
2026-06-29T09:37:01+00:00,k3s-s3,Ready
2026-06-29T09:37:01+00:00,k3s-w1,Ready
2026-06-29T09:37:01+00:00,k3s-w2,Ready
2026-06-29T09:37:02+00:00,k3s-s1,Ready
2026-06-29T09:37:02+00:00,k3s-s2,NotReady
2026-06-29T09:37:02+00:00,k3s-s3,Ready
2026-06-29T09:37:02+00:00,k3s-w1,Ready
2026-06-29T09:37:02+00:00,k3s-w2,Ready
2026-06-29T09:37:03+00:00,k3s-s1,Ready
2026-06-29T09:37:03+00:00,k3s-s2,NotReady
2026-06-29T09:37:03+00:00,k3s-s3,Ready
2026-06-29T09:37:03+00:00,k3s-w1,Ready
2026-06-29T09:37:03+00:00,k3s-w2,Ready
2026-06-29T09:37:05+00:00,k3s-s1,Ready
2026-06-29T09:37:05+00:00,k3s-s2,NotReady
2026-06-29T09:37:05+00:00,k3s-s3,Ready
2026-06-29T09:37:05+00:00,k3s-w1,Ready
2026-06-29T09:37:05+00:00,k3s-w2,Ready
2026-06-29T09:37:06+00:00,k3s-s1,Ready
2026-06-29T09:37:06+00:00,k3s-s2,NotReady
2026-06-29T09:37:06+00:00,k3s-s3,Ready
2026-06-29T09:37:06+00:00,k3s-w1,Ready
2026-06-29T09:37:06+00:00,k3s-w2,Ready
2026-06-29T09:37:07+00:00,k3s-s1,Ready
2026-06-29T09:37:07+00:00,k3s-s2,NotReady
2026-06-29T09:37:07+00:00,k3s-s3,Ready
2026-06-29T09:37:07+00:00,k3s-w1,Ready
2026-06-29T09:37:07+00:00,k3s-w2,Ready
2026-06-29T09:37:08+00:00,k3s-s1,Ready
2026-06-29T09:37:08+00:00,k3s-s2,NotReady
2026-06-29T09:37:08+00:00,k3s-s3,Ready
2026-06-29T09:37:08+00:00,k3s-w1,Ready
2026-06-29T09:37:08+00:00,k3s-w2,Ready
2026-06-29T09:37:09+00:00,k3s-s1,Ready
2026-06-29T09:37:09+00:00,k3s-s2,NotReady
2026-06-29T09:37:09+00:00,k3s-s3,Ready
2026-06-29T09:37:09+00:00,k3s-w1,Ready
2026-06-29T09:37:09+00:00,k3s-w2,Ready
2026-06-29T09:37:10+00:00,k3s-s1,Ready
2026-06-29T09:37:10+00:00,k3s-s2,NotReady
2026-06-29T09:37:10+00:00,k3s-s3,Ready
2026-06-29T09:37:10+00:00,k3s-w1,Ready
2026-06-29T09:37:10+00:00,k3s-w2,Ready
2026-06-29T09:37:11+00:00,k3s-s1,Ready
2026-06-29T09:37:11+00:00,k3s-s2,NotReady
2026-06-29T09:37:11+00:00,k3s-s3,Ready
2026-06-29T09:37:11+00:00,k3s-w1,Ready
2026-06-29T09:37:11+00:00,k3s-w2,Ready
2026-06-29T09:37:12+00:00,k3s-s1,Ready
2026-06-29T09:37:12+00:00,k3s-s2,NotReady
2026-06-29T09:37:12+00:00,k3s-s3,Ready
2026-06-29T09:37:12+00:00,k3s-w1,Ready
2026-06-29T09:37:12+00:00,k3s-w2,Ready
2026-06-29T09:37:13+00:00,k3s-s1,Ready
2026-06-29T09:37:13+00:00,k3s-s2,NotReady
2026-06-29T09:37:13+00:00,k3s-s3,Ready
2026-06-29T09:37:13+00:00,k3s-w1,Ready
2026-06-29T09:37:13+00:00,k3s-w2,Ready
2026-06-29T09:37:14+00:00,k3s-s1,Ready
2026-06-29T09:37:14+00:00,k3s-s2,NotReady
2026-06-29T09:37:14+00:00,k3s-s3,Ready
2026-06-29T09:37:14+00:00,k3s-w1,Ready
2026-06-29T09:37:14+00:00,k3s-w2,Ready
2026-06-29T09:37:15+00:00,k3s-s1,Ready
2026-06-29T09:37:15+00:00,k3s-s2,NotReady
2026-06-29T09:37:15+00:00,k3s-s3,Ready
2026-06-29T09:37:15+00:00,k3s-w1,Ready
2026-06-29T09:37:15+00:00,k3s-w2,Ready
2026-06-29T09:37:16+00:00,k3s-s1,Ready
2026-06-29T09:37:16+00:00,k3s-s2,NotReady
2026-06-29T09:37:16+00:00,k3s-s3,Ready
2026-06-29T09:37:16+00:00,k3s-w1,Ready
2026-06-29T09:37:16+00:00,k3s-w2,Ready
2026-06-29T09:37:17+00:00,k3s-s1,Ready
2026-06-29T09:37:17+00:00,k3s-s2,NotReady
2026-06-29T09:37:17+00:00,k3s-s3,Ready
2026-06-29T09:37:17+00:00,k3s-w1,Ready
2026-06-29T09:37:17+00:00,k3s-w2,Ready
2026-06-29T09:37:18+00:00,k3s-s1,Ready
2026-06-29T09:37:18+00:00,k3s-s2,NotReady
2026-06-29T09:37:18+00:00,k3s-s3,Ready
2026-06-29T09:37:18+00:00,k3s-w1,Ready
2026-06-29T09:37:18+00:00,k3s-w2,Ready
2026-06-29T09:37:19+00:00,k3s-s1,Ready
2026-06-29T09:37:19+00:00,k3s-s2,NotReady
2026-06-29T09:37:19+00:00,k3s-s3,Ready
2026-06-29T09:37:19+00:00,k3s-w1,Ready
2026-06-29T09:37:19+00:00,k3s-w2,Ready
2026-06-29T09:37:20+00:00,k3s-s1,Ready
2026-06-29T09:37:20+00:00,k3s-s2,NotReady
2026-06-29T09:37:20+00:00,k3s-s3,Ready
2026-06-29T09:37:20+00:00,k3s-w1,Ready
2026-06-29T09:37:20+00:00,k3s-w2,Ready
2026-06-29T09:37:21+00:00,k3s-s1,Ready
2026-06-29T09:37:21+00:00,k3s-s2,NotReady
2026-06-29T09:37:21+00:00,k3s-s3,Ready
2026-06-29T09:37:21+00:00,k3s-w1,Ready
2026-06-29T09:37:21+00:00,k3s-w2,Ready
2026-06-29T09:37:22+00:00,k3s-s1,Ready
2026-06-29T09:37:22+00:00,k3s-s2,NotReady
2026-06-29T09:37:22+00:00,k3s-s3,Ready
2026-06-29T09:37:22+00:00,k3s-w1,Ready
2026-06-29T09:37:22+00:00,k3s-w2,Ready
2026-06-29T09:37:23+00:00,k3s-s1,Ready
2026-06-29T09:37:23+00:00,k3s-s2,NotReady
2026-06-29T09:37:23+00:00,k3s-s3,Ready
2026-06-29T09:37:23+00:00,k3s-w1,Ready
2026-06-29T09:37:23+00:00,k3s-w2,Ready
2026-06-29T09:37:25+00:00,k3s-s1,Ready
2026-06-29T09:37:25+00:00,k3s-s2,NotReady
2026-06-29T09:37:25+00:00,k3s-s3,Ready
2026-06-29T09:37:25+00:00,k3s-w1,Ready
2026-06-29T09:37:25+00:00,k3s-w2,Ready
2026-06-29T09:37:26+00:00,k3s-s1,Ready
2026-06-29T09:37:26+00:00,k3s-s2,NotReady
2026-06-29T09:37:26+00:00,k3s-s3,Ready
2026-06-29T09:37:26+00:00,k3s-w1,Ready
2026-06-29T09:37:26+00:00,k3s-w2,Ready
2026-06-29T09:37:27+00:00,k3s-s1,Ready
2026-06-29T09:37:27+00:00,k3s-s2,NotReady
2026-06-29T09:37:27+00:00,k3s-s3,Ready
2026-06-29T09:37:27+00:00,k3s-w1,Ready
2026-06-29T09:37:27+00:00,k3s-w2,Ready
2026-06-29T09:37:28+00:00,k3s-s1,Ready
2026-06-29T09:37:28+00:00,k3s-s2,NotReady
2026-06-29T09:37:28+00:00,k3s-s3,Ready
2026-06-29T09:37:28+00:00,k3s-w1,Ready
2026-06-29T09:37:28+00:00,k3s-w2,Ready
2026-06-29T09:37:29+00:00,k3s-s1,Ready
2026-06-29T09:37:29+00:00,k3s-s2,NotReady
2026-06-29T09:37:29+00:00,k3s-s3,Ready
2026-06-29T09:37:29+00:00,k3s-w1,Ready
2026-06-29T09:37:29+00:00,k3s-w2,Ready
2026-06-29T09:37:30+00:00,k3s-s1,Ready
2026-06-29T09:37:30+00:00,k3s-s2,NotReady
2026-06-29T09:37:30+00:00,k3s-s3,Ready
2026-06-29T09:37:30+00:00,k3s-w1,Ready
2026-06-29T09:37:30+00:00,k3s-w2,Ready
2026-06-29T09:37:31+00:00,k3s-s1,Ready
2026-06-29T09:37:31+00:00,k3s-s2,NotReady
2026-06-29T09:37:31+00:00,k3s-s3,Ready
2026-06-29T09:37:31+00:00,k3s-w1,Ready
2026-06-29T09:37:31+00:00,k3s-w2,Ready
2026-06-29T09:37:32+00:00,k3s-s1,Ready
2026-06-29T09:37:32+00:00,k3s-s2,NotReady
2026-06-29T09:37:32+00:00,k3s-s3,Ready
2026-06-29T09:37:32+00:00,k3s-w1,Ready
2026-06-29T09:37:32+00:00,k3s-w2,Ready
2026-06-29T09:37:33+00:00,k3s-s1,Ready
2026-06-29T09:37:33+00:00,k3s-s2,NotReady
2026-06-29T09:37:33+00:00,k3s-s3,Ready
2026-06-29T09:37:33+00:00,k3s-w1,Ready
2026-06-29T09:37:33+00:00,k3s-w2,Ready
2026-06-29T09:37:34+00:00,k3s-s1,Ready
2026-06-29T09:37:34+00:00,k3s-s2,NotReady
2026-06-29T09:37:34+00:00,k3s-s3,Ready
2026-06-29T09:37:34+00:00,k3s-w1,Ready
2026-06-29T09:37:34+00:00,k3s-w2,Ready
2026-06-29T09:37:35+00:00,k3s-s1,Ready
2026-06-29T09:37:35+00:00,k3s-s2,NotReady
2026-06-29T09:37:35+00:00,k3s-s3,Ready
2026-06-29T09:37:35+00:00,k3s-w1,Ready
2026-06-29T09:37:35+00:00,k3s-w2,Ready
2026-06-29T09:37:36+00:00,k3s-s1,Ready
2026-06-29T09:37:36+00:00,k3s-s2,NotReady
2026-06-29T09:37:36+00:00,k3s-s3,Ready
2026-06-29T09:37:36+00:00,k3s-w1,Ready
2026-06-29T09:37:36+00:00,k3s-w2,Ready
2026-06-29T09:37:37+00:00,k3s-s1,Ready
2026-06-29T09:37:37+00:00,k3s-s2,NotReady
2026-06-29T09:37:37+00:00,k3s-s3,Ready
2026-06-29T09:37:37+00:00,k3s-w1,Ready
2026-06-29T09:37:37+00:00,k3s-w2,Ready
2026-06-29T09:37:38+00:00,k3s-s1,Ready
2026-06-29T09:37:38+00:00,k3s-s2,NotReady
2026-06-29T09:37:38+00:00,k3s-s3,Ready
2026-06-29T09:37:38+00:00,k3s-w1,Ready
2026-06-29T09:37:38+00:00,k3s-w2,Ready
2026-06-29T09:37:39+00:00,k3s-s1,Ready
2026-06-29T09:37:39+00:00,k3s-s2,NotReady
2026-06-29T09:37:39+00:00,k3s-s3,Ready
2026-06-29T09:37:39+00:00,k3s-w1,Ready
2026-06-29T09:37:39+00:00,k3s-w2,Ready
2026-06-29T09:37:40+00:00,k3s-s1,Ready
2026-06-29T09:37:40+00:00,k3s-s2,NotReady
2026-06-29T09:37:40+00:00,k3s-s3,Ready
2026-06-29T09:37:40+00:00,k3s-w1,Ready
2026-06-29T09:37:40+00:00,k3s-w2,Ready
2026-06-29T09:37:41+00:00,k3s-s1,Ready
2026-06-29T09:37:41+00:00,k3s-s2,NotReady
2026-06-29T09:37:41+00:00,k3s-s3,Ready
2026-06-29T09:37:41+00:00,k3s-w1,Ready
2026-06-29T09:37:41+00:00,k3s-w2,Ready
2026-06-29T09:37:42+00:00,k3s-s1,Ready
2026-06-29T09:37:42+00:00,k3s-s2,NotReady
2026-06-29T09:37:42+00:00,k3s-s3,Ready
2026-06-29T09:37:42+00:00,k3s-w1,Ready
2026-06-29T09:37:42+00:00,k3s-w2,Ready
2026-06-29T09:37:43+00:00,k3s-s1,Ready
2026-06-29T09:37:43+00:00,k3s-s2,NotReady
2026-06-29T09:37:43+00:00,k3s-s3,Ready
2026-06-29T09:37:43+00:00,k3s-w1,Ready
2026-06-29T09:37:43+00:00,k3s-w2,Ready
2026-06-29T09:37:45+00:00,k3s-s1,Ready
2026-06-29T09:37:45+00:00,k3s-s2,NotReady
2026-06-29T09:37:45+00:00,k3s-s3,Ready
2026-06-29T09:37:45+00:00,k3s-w1,Ready
2026-06-29T09:37:45+00:00,k3s-w2,Ready
2026-06-29T09:37:46+00:00,k3s-s1,Ready
2026-06-29T09:37:46+00:00,k3s-s2,NotReady
2026-06-29T09:37:46+00:00,k3s-s3,Ready
2026-06-29T09:37:46+00:00,k3s-w1,Ready
2026-06-29T09:37:46+00:00,k3s-w2,Ready
2026-06-29T09:37:47+00:00,k3s-s1,Ready
2026-06-29T09:37:47+00:00,k3s-s2,NotReady
2026-06-29T09:37:47+00:00,k3s-s3,Ready
2026-06-29T09:37:47+00:00,k3s-w1,Ready
2026-06-29T09:37:47+00:00,k3s-w2,Ready
2026-06-29T09:37:48+00:00,k3s-s1,Ready
2026-06-29T09:37:48+00:00,k3s-s2,NotReady
2026-06-29T09:37:48+00:00,k3s-s3,Ready
2026-06-29T09:37:48+00:00,k3s-w1,Ready
2026-06-29T09:37:48+00:00,k3s-w2,Ready
2026-06-29T09:37:49+00:00,k3s-s1,Ready
2026-06-29T09:37:49+00:00,k3s-s2,NotReady
2026-06-29T09:37:49+00:00,k3s-s3,Ready
2026-06-29T09:37:49+00:00,k3s-w1,Ready
2026-06-29T09:37:49+00:00,k3s-w2,Ready
2026-06-29T09:37:50+00:00,k3s-s1,Ready
2026-06-29T09:37:50+00:00,k3s-s2,NotReady
2026-06-29T09:37:50+00:00,k3s-s3,Ready
2026-06-29T09:37:50+00:00,k3s-w1,Ready
2026-06-29T09:37:50+00:00,k3s-w2,Ready
2026-06-29T09:37:51+00:00,k3s-s1,Ready
2026-06-29T09:37:51+00:00,k3s-s2,NotReady
2026-06-29T09:37:51+00:00,k3s-s3,Ready
2026-06-29T09:37:51+00:00,k3s-w1,Ready
2026-06-29T09:37:51+00:00,k3s-w2,Ready
2026-06-29T09:37:52+00:00,k3s-s1,Ready
2026-06-29T09:37:52+00:00,k3s-s2,NotReady
2026-06-29T09:37:52+00:00,k3s-s3,Ready
2026-06-29T09:37:52+00:00,k3s-w1,Ready
2026-06-29T09:37:52+00:00,k3s-w2,Ready
2026-06-29T09:37:53+00:00,k3s-s1,Ready
2026-06-29T09:37:53+00:00,k3s-s2,NotReady
2026-06-29T09:37:53+00:00,k3s-s3,Ready
2026-06-29T09:37:53+00:00,k3s-w1,Ready
2026-06-29T09:37:53+00:00,k3s-w2,Ready
2026-06-29T09:37:54+00:00,k3s-s1,Ready
2026-06-29T09:37:54+00:00,k3s-s2,NotReady
2026-06-29T09:37:54+00:00,k3s-s3,Ready
2026-06-29T09:37:54+00:00,k3s-w1,Ready
2026-06-29T09:37:54+00:00,k3s-w2,Ready
2026-06-29T09:37:55+00:00,k3s-s1,Ready
2026-06-29T09:37:55+00:00,k3s-s2,NotReady
2026-06-29T09:37:55+00:00,k3s-s3,Ready
2026-06-29T09:37:55+00:00,k3s-w1,Ready
2026-06-29T09:37:55+00:00,k3s-w2,Ready
2026-06-29T09:37:56+00:00,k3s-s1,Ready
2026-06-29T09:37:56+00:00,k3s-s2,NotReady
2026-06-29T09:37:56+00:00,k3s-s3,Ready
2026-06-29T09:37:56+00:00,k3s-w1,Ready
2026-06-29T09:37:56+00:00,k3s-w2,Ready
2026-06-29T09:37:57+00:00,k3s-s1,Ready
2026-06-29T09:37:57+00:00,k3s-s2,NotReady
2026-06-29T09:37:57+00:00,k3s-s3,Ready
2026-06-29T09:37:57+00:00,k3s-w1,Ready
2026-06-29T09:37:57+00:00,k3s-w2,Ready
2026-06-29T09:37:58+00:00,k3s-s1,Ready
2026-06-29T09:37:58+00:00,k3s-s2,NotReady
2026-06-29T09:37:58+00:00,k3s-s3,Ready
2026-06-29T09:37:58+00:00,k3s-w1,Ready
2026-06-29T09:37:58+00:00,k3s-w2,Ready
2026-06-29T09:37:59+00:00,k3s-s1,Ready
2026-06-29T09:37:59+00:00,k3s-s2,NotReady
2026-06-29T09:37:59+00:00,k3s-s3,Ready
2026-06-29T09:37:59+00:00,k3s-w1,Ready
2026-06-29T09:37:59+00:00,k3s-w2,Ready
2026-06-29T09:38:00+00:00,k3s-s1,Ready
2026-06-29T09:38:00+00:00,k3s-s2,NotReady
2026-06-29T09:38:00+00:00,k3s-s3,Ready
2026-06-29T09:38:00+00:00,k3s-w1,Ready
2026-06-29T09:38:00+00:00,k3s-w2,Ready
2026-06-29T09:38:01+00:00,k3s-s1,Ready
2026-06-29T09:38:01+00:00,k3s-s2,NotReady
2026-06-29T09:38:01+00:00,k3s-s3,Ready
2026-06-29T09:38:01+00:00,k3s-w1,Ready
2026-06-29T09:38:01+00:00,k3s-w2,Ready
2026-06-29T09:38:02+00:00,k3s-s1,Ready
2026-06-29T09:38:02+00:00,k3s-s2,NotReady
2026-06-29T09:38:02+00:00,k3s-s3,Ready
2026-06-29T09:38:02+00:00,k3s-w1,Ready
2026-06-29T09:38:02+00:00,k3s-w2,Ready
2026-06-29T09:38:03+00:00,k3s-s1,Ready
2026-06-29T09:38:03+00:00,k3s-s2,NotReady
2026-06-29T09:38:03+00:00,k3s-s3,Ready
2026-06-29T09:38:03+00:00,k3s-w1,Ready
2026-06-29T09:38:03+00:00,k3s-w2,Ready
2026-06-29T09:38:05+00:00,k3s-s1,Ready
2026-06-29T09:38:05+00:00,k3s-s2,NotReady
2026-06-29T09:38:05+00:00,k3s-s3,Ready
2026-06-29T09:38:05+00:00,k3s-w1,Ready
2026-06-29T09:38:05+00:00,k3s-w2,Ready
2026-06-29T09:38:06+00:00,k3s-s1,Ready
2026-06-29T09:38:06+00:00,k3s-s2,NotReady
2026-06-29T09:38:06+00:00,k3s-s3,Ready
2026-06-29T09:38:06+00:00,k3s-w1,Ready
2026-06-29T09:38:06+00:00,k3s-w2,Ready
2026-06-29T09:38:07+00:00,k3s-s1,Ready
2026-06-29T09:38:07+00:00,k3s-s2,NotReady
2026-06-29T09:38:07+00:00,k3s-s3,Ready
2026-06-29T09:38:07+00:00,k3s-w1,Ready
2026-06-29T09:38:07+00:00,k3s-w2,Ready
2026-06-29T09:38:08+00:00,k3s-s1,Ready
2026-06-29T09:38:08+00:00,k3s-s2,NotReady
2026-06-29T09:38:08+00:00,k3s-s3,Ready
2026-06-29T09:38:08+00:00,k3s-w1,Ready
2026-06-29T09:38:08+00:00,k3s-w2,Ready
2026-06-29T09:38:09+00:00,k3s-s1,Ready
2026-06-29T09:38:09+00:00,k3s-s2,NotReady
2026-06-29T09:38:09+00:00,k3s-s3,Ready
2026-06-29T09:38:09+00:00,k3s-w1,Ready
2026-06-29T09:38:09+00:00,k3s-w2,Ready
2026-06-29T09:38:10+00:00,k3s-s1,Ready
2026-06-29T09:38:10+00:00,k3s-s2,NotReady
2026-06-29T09:38:10+00:00,k3s-s3,Ready
2026-06-29T09:38:10+00:00,k3s-w1,Ready
2026-06-29T09:38:10+00:00,k3s-w2,Ready
2026-06-29T09:38:11+00:00,k3s-s1,Ready
2026-06-29T09:38:11+00:00,k3s-s2,NotReady
2026-06-29T09:38:11+00:00,k3s-s3,Ready
2026-06-29T09:38:11+00:00,k3s-w1,Ready
2026-06-29T09:38:11+00:00,k3s-w2,Ready
2026-06-29T09:38:12+00:00,k3s-s1,Ready
2026-06-29T09:38:12+00:00,k3s-s2,NotReady
2026-06-29T09:38:12+00:00,k3s-s3,Ready
2026-06-29T09:38:12+00:00,k3s-w1,Ready
2026-06-29T09:38:12+00:00,k3s-w2,Ready
2026-06-29T09:38:13+00:00,k3s-s1,Ready
2026-06-29T09:38:13+00:00,k3s-s2,NotReady
2026-06-29T09:38:13+00:00,k3s-s3,Ready
2026-06-29T09:38:13+00:00,k3s-w1,Ready
2026-06-29T09:38:13+00:00,k3s-w2,Ready
2026-06-29T09:38:14+00:00,k3s-s1,Ready
2026-06-29T09:38:14+00:00,k3s-s2,NotReady
2026-06-29T09:38:14+00:00,k3s-s3,Ready
2026-06-29T09:38:14+00:00,k3s-w1,Ready
2026-06-29T09:38:14+00:00,k3s-w2,Ready
2026-06-29T09:38:15+00:00,k3s-s1,Ready
2026-06-29T09:38:15+00:00,k3s-s2,NotReady
2026-06-29T09:38:15+00:00,k3s-s3,Ready
2026-06-29T09:38:15+00:00,k3s-w1,Ready
2026-06-29T09:38:15+00:00,k3s-w2,Ready
2026-06-29T09:38:16+00:00,k3s-s1,Ready
2026-06-29T09:38:16+00:00,k3s-s2,NotReady
2026-06-29T09:38:16+00:00,k3s-s3,Ready
2026-06-29T09:38:16+00:00,k3s-w1,Ready
2026-06-29T09:38:16+00:00,k3s-w2,Ready
2026-06-29T09:38:17+00:00,k3s-s1,Ready
2026-06-29T09:38:17+00:00,k3s-s2,NotReady
2026-06-29T09:38:17+00:00,k3s-s3,Ready
2026-06-29T09:38:17+00:00,k3s-w1,Ready
2026-06-29T09:38:17+00:00,k3s-w2,Ready
2026-06-29T09:38:18+00:00,k3s-s1,Ready
2026-06-29T09:38:18+00:00,k3s-s2,NotReady
2026-06-29T09:38:18+00:00,k3s-s3,Ready
2026-06-29T09:38:18+00:00,k3s-w1,Ready
2026-06-29T09:38:18+00:00,k3s-w2,Ready
2026-06-29T09:38:19+00:00,k3s-s1,Ready
2026-06-29T09:38:19+00:00,k3s-s2,NotReady
2026-06-29T09:38:19+00:00,k3s-s3,Ready
2026-06-29T09:38:19+00:00,k3s-w1,Ready
2026-06-29T09:38:19+00:00,k3s-w2,Ready
2026-06-29T09:38:20+00:00,k3s-s1,Ready
2026-06-29T09:38:20+00:00,k3s-s2,NotReady
2026-06-29T09:38:20+00:00,k3s-s3,Ready
2026-06-29T09:38:20+00:00,k3s-w1,Ready
2026-06-29T09:38:20+00:00,k3s-w2,Ready
2026-06-29T09:38:21+00:00,k3s-s1,Ready
2026-06-29T09:38:21+00:00,k3s-s2,NotReady
2026-06-29T09:38:21+00:00,k3s-s3,Ready
2026-06-29T09:38:21+00:00,k3s-w1,Ready
2026-06-29T09:38:21+00:00,k3s-w2,Ready
2026-06-29T09:38:22+00:00,k3s-s1,Ready
2026-06-29T09:38:22+00:00,k3s-s2,NotReady
2026-06-29T09:38:22+00:00,k3s-s3,Ready
2026-06-29T09:38:22+00:00,k3s-w1,Ready
2026-06-29T09:38:22+00:00,k3s-w2,Ready
2026-06-29T09:38:23+00:00,k3s-s1,Ready
2026-06-29T09:38:23+00:00,k3s-s2,NotReady
2026-06-29T09:38:23+00:00,k3s-s3,Ready
2026-06-29T09:38:23+00:00,k3s-w1,Ready
2026-06-29T09:38:23+00:00,k3s-w2,Ready
2026-06-29T09:38:25+00:00,k3s-s1,Ready
2026-06-29T09:38:25+00:00,k3s-s2,NotReady
2026-06-29T09:38:25+00:00,k3s-s3,Ready
2026-06-29T09:38:25+00:00,k3s-w1,Ready
2026-06-29T09:38:25+00:00,k3s-w2,Ready
2026-06-29T09:38:26+00:00,k3s-s1,Ready
2026-06-29T09:38:26+00:00,k3s-s2,NotReady
2026-06-29T09:38:26+00:00,k3s-s3,Ready
2026-06-29T09:38:26+00:00,k3s-w1,Ready
2026-06-29T09:38:26+00:00,k3s-w2,Ready
2026-06-29T09:38:27+00:00,k3s-s1,Ready
2026-06-29T09:38:27+00:00,k3s-s2,NotReady
2026-06-29T09:38:27+00:00,k3s-s3,Ready
2026-06-29T09:38:27+00:00,k3s-w1,Ready
2026-06-29T09:38:27+00:00,k3s-w2,Ready
2026-06-29T09:38:28+00:00,k3s-s1,Ready
2026-06-29T09:38:28+00:00,k3s-s2,NotReady
2026-06-29T09:38:28+00:00,k3s-s3,Ready
2026-06-29T09:38:28+00:00,k3s-w1,Ready
2026-06-29T09:38:28+00:00,k3s-w2,Ready
2026-06-29T09:38:29+00:00,k3s-s1,Ready
2026-06-29T09:38:29+00:00,k3s-s2,NotReady
2026-06-29T09:38:29+00:00,k3s-s3,Ready
2026-06-29T09:38:29+00:00,k3s-w1,Ready
2026-06-29T09:38:29+00:00,k3s-w2,Ready
2026-06-29T09:38:30+00:00,k3s-s1,Ready
2026-06-29T09:38:30+00:00,k3s-s2,NotReady
2026-06-29T09:38:30+00:00,k3s-s3,Ready
2026-06-29T09:38:30+00:00,k3s-w1,Ready
2026-06-29T09:38:30+00:00,k3s-w2,Ready
2026-06-29T09:38:31+00:00,k3s-s1,Ready
2026-06-29T09:38:31+00:00,k3s-s2,NotReady
2026-06-29T09:38:31+00:00,k3s-s3,Ready
2026-06-29T09:38:31+00:00,k3s-w1,Ready
2026-06-29T09:38:31+00:00,k3s-w2,Ready
2026-06-29T09:38:32+00:00,k3s-s1,Ready
2026-06-29T09:38:32+00:00,k3s-s2,NotReady
2026-06-29T09:38:32+00:00,k3s-s3,Ready
2026-06-29T09:38:32+00:00,k3s-w1,Ready
2026-06-29T09:38:32+00:00,k3s-w2,Ready
2026-06-29T09:38:33+00:00,k3s-s1,Ready
2026-06-29T09:38:33+00:00,k3s-s2,NotReady
2026-06-29T09:38:33+00:00,k3s-s3,Ready
2026-06-29T09:38:33+00:00,k3s-w1,Ready
2026-06-29T09:38:33+00:00,k3s-w2,Ready
2026-06-29T09:38:34+00:00,k3s-s1,Ready
2026-06-29T09:38:34+00:00,k3s-s2,NotReady
2026-06-29T09:38:34+00:00,k3s-s3,Ready
2026-06-29T09:38:34+00:00,k3s-w1,Ready
2026-06-29T09:38:34+00:00,k3s-w2,Ready
2026-06-29T09:38:35+00:00,k3s-s1,Ready
2026-06-29T09:38:35+00:00,k3s-s2,NotReady
2026-06-29T09:38:35+00:00,k3s-s3,Ready
2026-06-29T09:38:35+00:00,k3s-w1,Ready
2026-06-29T09:38:35+00:00,k3s-w2,Ready
2026-06-29T09:38:36+00:00,k3s-s1,Ready
2026-06-29T09:38:36+00:00,k3s-s2,NotReady
2026-06-29T09:38:36+00:00,k3s-s3,Ready
2026-06-29T09:38:36+00:00,k3s-w1,Ready
2026-06-29T09:38:36+00:00,k3s-w2,Ready
2026-06-29T09:38:37+00:00,k3s-s1,Ready
2026-06-29T09:38:37+00:00,k3s-s2,NotReady
2026-06-29T09:38:37+00:00,k3s-s3,Ready
2026-06-29T09:38:37+00:00,k3s-w1,Ready
2026-06-29T09:38:37+00:00,k3s-w2,Ready
2026-06-29T09:38:38+00:00,k3s-s1,Ready
2026-06-29T09:38:38+00:00,k3s-s2,NotReady
2026-06-29T09:38:38+00:00,k3s-s3,Ready
2026-06-29T09:38:38+00:00,k3s-w1,Ready
2026-06-29T09:38:38+00:00,k3s-w2,Ready
2026-06-29T09:38:39+00:00,k3s-s1,Ready
2026-06-29T09:38:39+00:00,k3s-s2,NotReady
2026-06-29T09:38:39+00:00,k3s-s3,Ready
2026-06-29T09:38:39+00:00,k3s-w1,Ready
2026-06-29T09:38:39+00:00,k3s-w2,Ready
2026-06-29T09:38:40+00:00,k3s-s1,Ready
2026-06-29T09:38:40+00:00,k3s-s2,NotReady
2026-06-29T09:38:40+00:00,k3s-s3,Ready
2026-06-29T09:38:40+00:00,k3s-w1,Ready
2026-06-29T09:38:40+00:00,k3s-w2,Ready
2026-06-29T09:38:41+00:00,k3s-s1,Ready
2026-06-29T09:38:41+00:00,k3s-s2,NotReady
2026-06-29T09:38:41+00:00,k3s-s3,Ready
2026-06-29T09:38:41+00:00,k3s-w1,Ready
2026-06-29T09:38:41+00:00,k3s-w2,Ready
2026-06-29T09:38:42+00:00,k3s-s1,Ready
2026-06-29T09:38:42+00:00,k3s-s2,NotReady
2026-06-29T09:38:42+00:00,k3s-s3,Ready
2026-06-29T09:38:42+00:00,k3s-w1,Ready
2026-06-29T09:38:42+00:00,k3s-w2,Ready
2026-06-29T09:38:43+00:00,k3s-s1,Ready
2026-06-29T09:38:43+00:00,k3s-s2,NotReady
2026-06-29T09:38:43+00:00,k3s-s3,Ready
2026-06-29T09:38:43+00:00,k3s-w1,Ready
2026-06-29T09:38:43+00:00,k3s-w2,Ready
2026-06-29T09:38:45+00:00,k3s-s1,Ready
2026-06-29T09:38:45+00:00,k3s-s2,NotReady
2026-06-29T09:38:45+00:00,k3s-s3,Ready
2026-06-29T09:38:45+00:00,k3s-w1,Ready
2026-06-29T09:38:45+00:00,k3s-w2,Ready
2026-06-29T09:38:46+00:00,k3s-s1,Ready
2026-06-29T09:38:46+00:00,k3s-s2,NotReady
2026-06-29T09:38:46+00:00,k3s-s3,Ready
2026-06-29T09:38:46+00:00,k3s-w1,Ready
2026-06-29T09:38:46+00:00,k3s-w2,Ready
2026-06-29T09:38:47+00:00,k3s-s1,Ready
2026-06-29T09:38:47+00:00,k3s-s2,NotReady
2026-06-29T09:38:47+00:00,k3s-s3,Ready
2026-06-29T09:38:47+00:00,k3s-w1,Ready
2026-06-29T09:38:47+00:00,k3s-w2,Ready
2026-06-29T09:38:48+00:00,k3s-s1,Ready
2026-06-29T09:38:48+00:00,k3s-s2,NotReady
2026-06-29T09:38:48+00:00,k3s-s3,Ready
2026-06-29T09:38:48+00:00,k3s-w1,Ready
2026-06-29T09:38:48+00:00,k3s-w2,Ready
2026-06-29T09:38:49+00:00,k3s-s1,Ready
2026-06-29T09:38:49+00:00,k3s-s2,NotReady
2026-06-29T09:38:49+00:00,k3s-s3,Ready
2026-06-29T09:38:49+00:00,k3s-w1,Ready
2026-06-29T09:38:49+00:00,k3s-w2,Ready
2026-06-29T09:38:50+00:00,k3s-s1,Ready
2026-06-29T09:38:50+00:00,k3s-s2,NotReady
2026-06-29T09:38:50+00:00,k3s-s3,Ready
2026-06-29T09:38:50+00:00,k3s-w1,Ready
2026-06-29T09:38:50+00:00,k3s-w2,Ready
2026-06-29T09:38:51+00:00,k3s-s1,Ready
2026-06-29T09:38:51+00:00,k3s-s2,NotReady
2026-06-29T09:38:51+00:00,k3s-s3,Ready
2026-06-29T09:38:51+00:00,k3s-w1,Ready
2026-06-29T09:38:51+00:00,k3s-w2,Ready
2026-06-29T09:38:52+00:00,k3s-s1,Ready
2026-06-29T09:38:52+00:00,k3s-s2,NotReady
2026-06-29T09:38:52+00:00,k3s-s3,Ready
2026-06-29T09:38:52+00:00,k3s-w1,Ready
2026-06-29T09:38:52+00:00,k3s-w2,Ready
2026-06-29T09:38:53+00:00,k3s-s1,Ready
2026-06-29T09:38:53+00:00,k3s-s2,NotReady
2026-06-29T09:38:53+00:00,k3s-s3,Ready
2026-06-29T09:38:53+00:00,k3s-w1,Ready
2026-06-29T09:38:53+00:00,k3s-w2,Ready
2026-06-29T09:38:54+00:00,k3s-s1,Ready
2026-06-29T09:38:54+00:00,k3s-s2,NotReady
2026-06-29T09:38:54+00:00,k3s-s3,Ready
2026-06-29T09:38:54+00:00,k3s-w1,Ready
2026-06-29T09:38:54+00:00,k3s-w2,Ready
2026-06-29T09:38:55+00:00,k3s-s1,Ready
2026-06-29T09:38:55+00:00,k3s-s2,NotReady
2026-06-29T09:38:55+00:00,k3s-s3,Ready
2026-06-29T09:38:55+00:00,k3s-w1,Ready
2026-06-29T09:38:55+00:00,k3s-w2,Ready
2026-06-29T09:38:56+00:00,k3s-s1,Ready
2026-06-29T09:38:56+00:00,k3s-s2,NotReady
2026-06-29T09:38:56+00:00,k3s-s3,Ready
2026-06-29T09:38:56+00:00,k3s-w1,Ready
2026-06-29T09:38:56+00:00,k3s-w2,Ready
2026-06-29T09:38:57+00:00,k3s-s1,Ready
2026-06-29T09:38:57+00:00,k3s-s2,NotReady
2026-06-29T09:38:57+00:00,k3s-s3,Ready
2026-06-29T09:38:57+00:00,k3s-w1,Ready
2026-06-29T09:38:57+00:00,k3s-w2,Ready
2026-06-29T09:38:58+00:00,k3s-s1,Ready
2026-06-29T09:38:58+00:00,k3s-s2,NotReady
2026-06-29T09:38:58+00:00,k3s-s3,Ready
2026-06-29T09:38:58+00:00,k3s-w1,Ready
2026-06-29T09:38:58+00:00,k3s-w2,Ready
2026-06-29T09:38:59+00:00,k3s-s1,Ready
2026-06-29T09:38:59+00:00,k3s-s2,NotReady
2026-06-29T09:38:59+00:00,k3s-s3,Ready
2026-06-29T09:38:59+00:00,k3s-w1,Ready
2026-06-29T09:38:59+00:00,k3s-w2,Ready
2026-06-29T09:39:00+00:00,k3s-s1,Ready
2026-06-29T09:39:00+00:00,k3s-s2,NotReady
2026-06-29T09:39:00+00:00,k3s-s3,Ready
2026-06-29T09:39:00+00:00,k3s-w1,Ready
2026-06-29T09:39:00+00:00,k3s-w2,Ready
2026-06-29T09:39:01+00:00,k3s-s1,Ready
2026-06-29T09:39:01+00:00,k3s-s2,NotReady
2026-06-29T09:39:01+00:00,k3s-s3,Ready
2026-06-29T09:39:01+00:00,k3s-w1,Ready
2026-06-29T09:39:01+00:00,k3s-w2,Ready
2026-06-29T09:39:02+00:00,k3s-s1,Ready
2026-06-29T09:39:02+00:00,k3s-s2,NotReady
2026-06-29T09:39:02+00:00,k3s-s3,Ready
2026-06-29T09:39:02+00:00,k3s-w1,Ready
2026-06-29T09:39:02+00:00,k3s-w2,Ready
2026-06-29T09:39:03+00:00,k3s-s1,Ready
2026-06-29T09:39:03+00:00,k3s-s2,NotReady
2026-06-29T09:39:03+00:00,k3s-s3,Ready
2026-06-29T09:39:03+00:00,k3s-w1,Ready
2026-06-29T09:39:03+00:00,k3s-w2,Ready
2026-06-29T09:39:05+00:00,k3s-s1,Ready
2026-06-29T09:39:05+00:00,k3s-s2,NotReady
2026-06-29T09:39:05+00:00,k3s-s3,Ready
2026-06-29T09:39:05+00:00,k3s-w1,Ready
2026-06-29T09:39:05+00:00,k3s-w2,Ready
2026-06-29T09:39:06+00:00,k3s-s1,Ready
2026-06-29T09:39:06+00:00,k3s-s2,NotReady
2026-06-29T09:39:06+00:00,k3s-s3,Ready
2026-06-29T09:39:06+00:00,k3s-w1,Ready
2026-06-29T09:39:06+00:00,k3s-w2,Ready
2026-06-29T09:39:07+00:00,k3s-s1,Ready
2026-06-29T09:39:07+00:00,k3s-s2,NotReady
2026-06-29T09:39:07+00:00,k3s-s3,Ready
2026-06-29T09:39:07+00:00,k3s-w1,Ready
2026-06-29T09:39:07+00:00,k3s-w2,Ready
2026-06-29T09:39:08+00:00,k3s-s1,Ready
2026-06-29T09:39:08+00:00,k3s-s2,NotReady
2026-06-29T09:39:08+00:00,k3s-s3,Ready
2026-06-29T09:39:08+00:00,k3s-w1,Ready
2026-06-29T09:39:08+00:00,k3s-w2,Ready
2026-06-29T09:39:09+00:00,k3s-s1,Ready
2026-06-29T09:39:09+00:00,k3s-s2,NotReady
2026-06-29T09:39:09+00:00,k3s-s3,Ready
2026-06-29T09:39:09+00:00,k3s-w1,Ready
2026-06-29T09:39:09+00:00,k3s-w2,Ready
2026-06-29T09:39:10+00:00,k3s-s1,Ready
2026-06-29T09:39:10+00:00,k3s-s2,NotReady
2026-06-29T09:39:10+00:00,k3s-s3,Ready
2026-06-29T09:39:10+00:00,k3s-w1,Ready
2026-06-29T09:39:10+00:00,k3s-w2,Ready
2026-06-29T09:39:11+00:00,k3s-s1,Ready
2026-06-29T09:39:11+00:00,k3s-s2,NotReady
2026-06-29T09:39:11+00:00,k3s-s3,Ready
2026-06-29T09:39:11+00:00,k3s-w1,Ready
2026-06-29T09:39:11+00:00,k3s-w2,Ready
2026-06-29T09:39:12+00:00,k3s-s1,Ready
2026-06-29T09:39:12+00:00,k3s-s2,NotReady
2026-06-29T09:39:12+00:00,k3s-s3,Ready
2026-06-29T09:39:12+00:00,k3s-w1,Ready
2026-06-29T09:39:12+00:00,k3s-w2,Ready
2026-06-29T09:39:13+00:00,k3s-s1,Ready
2026-06-29T09:39:13+00:00,k3s-s2,NotReady
2026-06-29T09:39:13+00:00,k3s-s3,Ready
2026-06-29T09:39:13+00:00,k3s-w1,Ready
2026-06-29T09:39:13+00:00,k3s-w2,Ready
2026-06-29T09:39:14+00:00,k3s-s1,Ready
2026-06-29T09:39:14+00:00,k3s-s2,NotReady
2026-06-29T09:39:14+00:00,k3s-s3,Ready
2026-06-29T09:39:14+00:00,k3s-w1,Ready
2026-06-29T09:39:14+00:00,k3s-w2,Ready
2026-06-29T09:39:15+00:00,k3s-s1,Ready
2026-06-29T09:39:15+00:00,k3s-s2,NotReady
2026-06-29T09:39:15+00:00,k3s-s3,Ready
2026-06-29T09:39:15+00:00,k3s-w1,Ready
2026-06-29T09:39:15+00:00,k3s-w2,Ready
2026-06-29T09:39:16+00:00,k3s-s1,Ready
2026-06-29T09:39:16+00:00,k3s-s2,NotReady
2026-06-29T09:39:16+00:00,k3s-s3,Ready
2026-06-29T09:39:16+00:00,k3s-w1,Ready
2026-06-29T09:39:16+00:00,k3s-w2,Ready
2026-06-29T09:39:17+00:00,k3s-s1,Ready
2026-06-29T09:39:17+00:00,k3s-s2,NotReady
2026-06-29T09:39:17+00:00,k3s-s3,Ready
2026-06-29T09:39:17+00:00,k3s-w1,Ready
2026-06-29T09:39:17+00:00,k3s-w2,Ready
2026-06-29T09:39:18+00:00,k3s-s1,Ready
2026-06-29T09:39:18+00:00,k3s-s2,NotReady
2026-06-29T09:39:18+00:00,k3s-s3,Ready
2026-06-29T09:39:18+00:00,k3s-w1,Ready
2026-06-29T09:39:18+00:00,k3s-w2,Ready
2026-06-29T09:39:19+00:00,k3s-s1,Ready
2026-06-29T09:39:19+00:00,k3s-s2,NotReady
2026-06-29T09:39:19+00:00,k3s-s3,Ready
2026-06-29T09:39:19+00:00,k3s-w1,Ready
2026-06-29T09:39:19+00:00,k3s-w2,Ready
2026-06-29T09:39:20+00:00,k3s-s1,Ready
2026-06-29T09:39:20+00:00,k3s-s2,NotReady
2026-06-29T09:39:20+00:00,k3s-s3,Ready
2026-06-29T09:39:20+00:00,k3s-w1,Ready
2026-06-29T09:39:20+00:00,k3s-w2,Ready
2026-06-29T09:39:21+00:00,k3s-s1,Ready
2026-06-29T09:39:21+00:00,k3s-s2,NotReady
2026-06-29T09:39:21+00:00,k3s-s3,Ready
2026-06-29T09:39:21+00:00,k3s-w1,Ready
2026-06-29T09:39:21+00:00,k3s-w2,Ready
2026-06-29T09:39:22+00:00,k3s-s1,Ready
2026-06-29T09:39:22+00:00,k3s-s2,NotReady
2026-06-29T09:39:22+00:00,k3s-s3,Ready
2026-06-29T09:39:22+00:00,k3s-w1,Ready
2026-06-29T09:39:22+00:00,k3s-w2,Ready
2026-06-29T09:39:23+00:00,k3s-s1,Ready
2026-06-29T09:39:23+00:00,k3s-s2,NotReady
2026-06-29T09:39:23+00:00,k3s-s3,Ready
2026-06-29T09:39:23+00:00,k3s-w1,Ready
2026-06-29T09:39:23+00:00,k3s-w2,Ready
2026-06-29T09:39:25+00:00,k3s-s1,Ready
2026-06-29T09:39:25+00:00,k3s-s2,NotReady
2026-06-29T09:39:25+00:00,k3s-s3,Ready
2026-06-29T09:39:25+00:00,k3s-w1,Ready
2026-06-29T09:39:25+00:00,k3s-w2,Ready
2026-06-29T09:39:26+00:00,k3s-s1,Ready
2026-06-29T09:39:26+00:00,k3s-s2,NotReady
2026-06-29T09:39:26+00:00,k3s-s3,Ready
2026-06-29T09:39:26+00:00,k3s-w1,Ready
2026-06-29T09:39:26+00:00,k3s-w2,Ready
2026-06-29T09:39:27+00:00,k3s-s1,Ready
2026-06-29T09:39:27+00:00,k3s-s2,NotReady
2026-06-29T09:39:27+00:00,k3s-s3,Ready
2026-06-29T09:39:27+00:00,k3s-w1,Ready
2026-06-29T09:39:27+00:00,k3s-w2,Ready
2026-06-29T09:39:28+00:00,k3s-s1,Ready
2026-06-29T09:39:28+00:00,k3s-s2,NotReady
2026-06-29T09:39:28+00:00,k3s-s3,Ready
2026-06-29T09:39:28+00:00,k3s-w1,Ready
2026-06-29T09:39:28+00:00,k3s-w2,Ready
2026-06-29T09:39:29+00:00,k3s-s1,Ready
2026-06-29T09:39:29+00:00,k3s-s2,NotReady
2026-06-29T09:39:29+00:00,k3s-s3,Ready
2026-06-29T09:39:29+00:00,k3s-w1,Ready
2026-06-29T09:39:29+00:00,k3s-w2,Ready
2026-06-29T09:39:30+00:00,k3s-s1,Ready
2026-06-29T09:39:30+00:00,k3s-s2,NotReady
2026-06-29T09:39:30+00:00,k3s-s3,Ready
2026-06-29T09:39:30+00:00,k3s-w1,Ready
2026-06-29T09:39:30+00:00,k3s-w2,Ready
2026-06-29T09:39:31+00:00,k3s-s1,Ready
2026-06-29T09:39:31+00:00,k3s-s2,NotReady
2026-06-29T09:39:31+00:00,k3s-s3,Ready
2026-06-29T09:39:31+00:00,k3s-w1,Ready
2026-06-29T09:39:31+00:00,k3s-w2,Ready
2026-06-29T09:39:32+00:00,k3s-s1,Ready
2026-06-29T09:39:32+00:00,k3s-s2,NotReady
2026-06-29T09:39:32+00:00,k3s-s3,Ready
2026-06-29T09:39:32+00:00,k3s-w1,Ready
2026-06-29T09:39:32+00:00,k3s-w2,Ready
2026-06-29T09:39:33+00:00,k3s-s1,Ready
2026-06-29T09:39:33+00:00,k3s-s2,NotReady
2026-06-29T09:39:33+00:00,k3s-s3,Ready
2026-06-29T09:39:33+00:00,k3s-w1,Ready
2026-06-29T09:39:33+00:00,k3s-w2,Ready
2026-06-29T09:39:34+00:00,k3s-s1,Ready
2026-06-29T09:39:34+00:00,k3s-s2,NotReady
2026-06-29T09:39:34+00:00,k3s-s3,Ready
2026-06-29T09:39:34+00:00,k3s-w1,Ready
2026-06-29T09:39:34+00:00,k3s-w2,Ready
2026-06-29T09:39:35+00:00,k3s-s1,Ready
2026-06-29T09:39:35+00:00,k3s-s2,NotReady
2026-06-29T09:39:35+00:00,k3s-s3,Ready
2026-06-29T09:39:35+00:00,k3s-w1,Ready
2026-06-29T09:39:35+00:00,k3s-w2,Ready
2026-06-29T09:39:36+00:00,k3s-s1,Ready
2026-06-29T09:39:36+00:00,k3s-s2,NotReady
2026-06-29T09:39:36+00:00,k3s-s3,Ready
2026-06-29T09:39:36+00:00,k3s-w1,Ready
2026-06-29T09:39:36+00:00,k3s-w2,Ready
2026-06-29T09:39:37+00:00,k3s-s1,Ready
2026-06-29T09:39:37+00:00,k3s-s2,NotReady
2026-06-29T09:39:37+00:00,k3s-s3,Ready
2026-06-29T09:39:37+00:00,k3s-w1,Ready
2026-06-29T09:39:37+00:00,k3s-w2,Ready
2026-06-29T09:39:38+00:00,k3s-s1,Ready
2026-06-29T09:39:38+00:00,k3s-s2,NotReady
2026-06-29T09:39:38+00:00,k3s-s3,Ready
2026-06-29T09:39:38+00:00,k3s-w1,Ready
2026-06-29T09:39:38+00:00,k3s-w2,Ready
2026-06-29T09:39:39+00:00,k3s-s1,Ready
2026-06-29T09:39:39+00:00,k3s-s2,NotReady
2026-06-29T09:39:39+00:00,k3s-s3,Ready
2026-06-29T09:39:39+00:00,k3s-w1,Ready
2026-06-29T09:39:39+00:00,k3s-w2,Ready
2026-06-29T09:39:40+00:00,k3s-s1,Ready
2026-06-29T09:39:40+00:00,k3s-s2,NotReady
2026-06-29T09:39:40+00:00,k3s-s3,Ready
2026-06-29T09:39:40+00:00,k3s-w1,Ready
2026-06-29T09:39:40+00:00,k3s-w2,Ready
2026-06-29T09:39:41+00:00,k3s-s1,Ready
2026-06-29T09:39:41+00:00,k3s-s2,NotReady
2026-06-29T09:39:41+00:00,k3s-s3,Ready
2026-06-29T09:39:41+00:00,k3s-w1,Ready
2026-06-29T09:39:41+00:00,k3s-w2,Ready
2026-06-29T09:39:42+00:00,k3s-s1,Ready
2026-06-29T09:39:42+00:00,k3s-s2,NotReady
2026-06-29T09:39:42+00:00,k3s-s3,Ready
2026-06-29T09:39:42+00:00,k3s-w1,Ready
2026-06-29T09:39:42+00:00,k3s-w2,Ready
2026-06-29T09:39:43+00:00,k3s-s1,Ready
2026-06-29T09:39:43+00:00,k3s-s2,NotReady
2026-06-29T09:39:43+00:00,k3s-s3,Ready
2026-06-29T09:39:43+00:00,k3s-w1,Ready
2026-06-29T09:39:43+00:00,k3s-w2,Ready
2026-06-29T09:39:45+00:00,k3s-s1,Ready
2026-06-29T09:39:45+00:00,k3s-s2,NotReady
2026-06-29T09:39:45+00:00,k3s-s3,Ready
2026-06-29T09:39:45+00:00,k3s-w1,Ready
2026-06-29T09:39:45+00:00,k3s-w2,Ready
2026-06-29T09:39:46+00:00,k3s-s1,Ready
2026-06-29T09:39:46+00:00,k3s-s2,NotReady
2026-06-29T09:39:46+00:00,k3s-s3,Ready
2026-06-29T09:39:46+00:00,k3s-w1,Ready
2026-06-29T09:39:46+00:00,k3s-w2,Ready
2026-06-29T09:39:47+00:00,k3s-s1,Ready
2026-06-29T09:39:47+00:00,k3s-s2,NotReady
2026-06-29T09:39:47+00:00,k3s-s3,Ready
2026-06-29T09:39:47+00:00,k3s-w1,Ready
2026-06-29T09:39:47+00:00,k3s-w2,Ready
2026-06-29T09:39:48+00:00,k3s-s1,Ready
2026-06-29T09:39:48+00:00,k3s-s2,NotReady
2026-06-29T09:39:48+00:00,k3s-s3,Ready
2026-06-29T09:39:48+00:00,k3s-w1,Ready
2026-06-29T09:39:48+00:00,k3s-w2,Ready
2026-06-29T09:39:49+00:00,k3s-s1,Ready
2026-06-29T09:39:49+00:00,k3s-s2,NotReady
2026-06-29T09:39:49+00:00,k3s-s3,Ready
2026-06-29T09:39:49+00:00,k3s-w1,Ready
2026-06-29T09:39:49+00:00,k3s-w2,Ready
2026-06-29T09:39:50+00:00,k3s-s1,Ready
2026-06-29T09:39:50+00:00,k3s-s2,NotReady
2026-06-29T09:39:50+00:00,k3s-s3,Ready
2026-06-29T09:39:50+00:00,k3s-w1,Ready
2026-06-29T09:39:50+00:00,k3s-w2,Ready
2026-06-29T09:39:51+00:00,k3s-s1,Ready
2026-06-29T09:39:51+00:00,k3s-s2,NotReady
2026-06-29T09:39:51+00:00,k3s-s3,Ready
2026-06-29T09:39:51+00:00,k3s-w1,Ready
2026-06-29T09:39:51+00:00,k3s-w2,Ready
2026-06-29T09:39:52+00:00,k3s-s1,Ready
2026-06-29T09:39:52+00:00,k3s-s2,NotReady
2026-06-29T09:39:52+00:00,k3s-s3,Ready
2026-06-29T09:39:52+00:00,k3s-w1,Ready
2026-06-29T09:39:52+00:00,k3s-w2,Ready
2026-06-29T09:39:53+00:00,k3s-s1,Ready
2026-06-29T09:39:53+00:00,k3s-s2,NotReady
2026-06-29T09:39:53+00:00,k3s-s3,Ready
2026-06-29T09:39:53+00:00,k3s-w1,Ready
2026-06-29T09:39:53+00:00,k3s-w2,Ready
2026-06-29T09:39:54+00:00,k3s-s1,Ready
2026-06-29T09:39:54+00:00,k3s-s2,NotReady
2026-06-29T09:39:54+00:00,k3s-s3,Ready
2026-06-29T09:39:54+00:00,k3s-w1,Ready
2026-06-29T09:39:54+00:00,k3s-w2,Ready
2026-06-29T09:39:55+00:00,k3s-s1,Ready
2026-06-29T09:39:55+00:00,k3s-s2,NotReady
2026-06-29T09:39:55+00:00,k3s-s3,Ready
2026-06-29T09:39:55+00:00,k3s-w1,Ready
2026-06-29T09:39:55+00:00,k3s-w2,Ready
2026-06-29T09:39:56+00:00,k3s-s1,Ready
2026-06-29T09:39:56+00:00,k3s-s2,NotReady
2026-06-29T09:39:56+00:00,k3s-s3,Ready
2026-06-29T09:39:56+00:00,k3s-w1,Ready
2026-06-29T09:39:56+00:00,k3s-w2,Ready
2026-06-29T09:39:57+00:00,k3s-s1,Ready
2026-06-29T09:39:57+00:00,k3s-s2,NotReady
2026-06-29T09:39:57+00:00,k3s-s3,Ready
2026-06-29T09:39:57+00:00,k3s-w1,Ready
2026-06-29T09:39:57+00:00,k3s-w2,Ready
2026-06-29T09:39:58+00:00,k3s-s1,Ready
2026-06-29T09:39:58+00:00,k3s-s2,NotReady
2026-06-29T09:39:58+00:00,k3s-s3,Ready
2026-06-29T09:39:58+00:00,k3s-w1,Ready
2026-06-29T09:39:58+00:00,k3s-w2,Ready
2026-06-29T09:39:59+00:00,k3s-s1,Ready
2026-06-29T09:39:59+00:00,k3s-s2,NotReady
2026-06-29T09:39:59+00:00,k3s-s3,Ready
2026-06-29T09:39:59+00:00,k3s-w1,Ready
2026-06-29T09:39:59+00:00,k3s-w2,Ready
2026-06-29T09:40:00+00:00,k3s-s1,Ready
2026-06-29T09:40:00+00:00,k3s-s2,NotReady
2026-06-29T09:40:00+00:00,k3s-s3,Ready
2026-06-29T09:40:00+00:00,k3s-w1,Ready
2026-06-29T09:40:00+00:00,k3s-w2,Ready
2026-06-29T09:40:01+00:00,k3s-s1,Ready
2026-06-29T09:40:01+00:00,k3s-s2,NotReady
2026-06-29T09:40:01+00:00,k3s-s3,Ready
2026-06-29T09:40:01+00:00,k3s-w1,Ready
2026-06-29T09:40:01+00:00,k3s-w2,Ready
2026-06-29T09:40:02+00:00,k3s-s1,Ready
2026-06-29T09:40:02+00:00,k3s-s2,NotReady
2026-06-29T09:40:02+00:00,k3s-s3,Ready
2026-06-29T09:40:02+00:00,k3s-w1,Ready
2026-06-29T09:40:02+00:00,k3s-w2,Ready
2026-06-29T09:40:03+00:00,k3s-s1,Ready
2026-06-29T09:40:03+00:00,k3s-s2,NotReady
2026-06-29T09:40:03+00:00,k3s-s3,Ready
2026-06-29T09:40:03+00:00,k3s-w1,Ready
2026-06-29T09:40:03+00:00,k3s-w2,Ready
2026-06-29T09:40:05+00:00,k3s-s1,Ready
2026-06-29T09:40:05+00:00,k3s-s2,NotReady
2026-06-29T09:40:05+00:00,k3s-s3,Ready
2026-06-29T09:40:05+00:00,k3s-w1,Ready
2026-06-29T09:40:05+00:00,k3s-w2,Ready
2026-06-29T09:40:06+00:00,k3s-s1,Ready
2026-06-29T09:40:06+00:00,k3s-s2,NotReady
2026-06-29T09:40:06+00:00,k3s-s3,Ready
2026-06-29T09:40:06+00:00,k3s-w1,Ready
2026-06-29T09:40:06+00:00,k3s-w2,Ready
2026-06-29T09:40:07+00:00,k3s-s1,Ready
2026-06-29T09:40:07+00:00,k3s-s2,NotReady
2026-06-29T09:40:07+00:00,k3s-s3,Ready
2026-06-29T09:40:07+00:00,k3s-w1,Ready
2026-06-29T09:40:07+00:00,k3s-w2,Ready
2026-06-29T09:40:08+00:00,k3s-s1,Ready
2026-06-29T09:40:08+00:00,k3s-s2,NotReady
2026-06-29T09:40:08+00:00,k3s-s3,Ready
2026-06-29T09:40:08+00:00,k3s-w1,Ready
2026-06-29T09:40:08+00:00,k3s-w2,Ready
2026-06-29T09:40:09+00:00,k3s-s1,Ready
2026-06-29T09:40:09+00:00,k3s-s2,NotReady
2026-06-29T09:40:09+00:00,k3s-s3,Ready
2026-06-29T09:40:09+00:00,k3s-w1,Ready
2026-06-29T09:40:09+00:00,k3s-w2,Ready
2026-06-29T09:40:10+00:00,k3s-s1,Ready
2026-06-29T09:40:10+00:00,k3s-s2,NotReady
2026-06-29T09:40:10+00:00,k3s-s3,Ready
2026-06-29T09:40:10+00:00,k3s-w1,Ready
2026-06-29T09:40:10+00:00,k3s-w2,Ready
2026-06-29T09:40:11+00:00,k3s-s1,Ready
2026-06-29T09:40:11+00:00,k3s-s2,NotReady
2026-06-29T09:40:11+00:00,k3s-s3,Ready
2026-06-29T09:40:11+00:00,k3s-w1,Ready
2026-06-29T09:40:11+00:00,k3s-w2,Ready
2026-06-29T09:40:12+00:00,k3s-s1,Ready
2026-06-29T09:40:12+00:00,k3s-s2,NotReady
2026-06-29T09:40:12+00:00,k3s-s3,Ready
2026-06-29T09:40:12+00:00,k3s-w1,Ready
2026-06-29T09:40:12+00:00,k3s-w2,Ready
2026-06-29T09:40:13+00:00,k3s-s1,Ready
2026-06-29T09:40:13+00:00,k3s-s2,NotReady
2026-06-29T09:40:13+00:00,k3s-s3,Ready
2026-06-29T09:40:13+00:00,k3s-w1,Ready
2026-06-29T09:40:13+00:00,k3s-w2,Ready
2026-06-29T09:40:14+00:00,k3s-s1,Ready
2026-06-29T09:40:14+00:00,k3s-s2,NotReady
2026-06-29T09:40:14+00:00,k3s-s3,Ready
2026-06-29T09:40:14+00:00,k3s-w1,Ready
2026-06-29T09:40:14+00:00,k3s-w2,Ready
2026-06-29T09:40:15+00:00,k3s-s1,Ready
2026-06-29T09:40:15+00:00,k3s-s2,NotReady
2026-06-29T09:40:15+00:00,k3s-s3,Ready
2026-06-29T09:40:15+00:00,k3s-w1,Ready
2026-06-29T09:40:15+00:00,k3s-w2,Ready
2026-06-29T09:40:16+00:00,k3s-s1,Ready
2026-06-29T09:40:16+00:00,k3s-s2,NotReady
2026-06-29T09:40:16+00:00,k3s-s3,Ready
2026-06-29T09:40:16+00:00,k3s-w1,Ready
2026-06-29T09:40:16+00:00,k3s-w2,Ready
2026-06-29T09:40:17+00:00,k3s-s1,Ready
2026-06-29T09:40:17+00:00,k3s-s2,NotReady
2026-06-29T09:40:17+00:00,k3s-s3,Ready
2026-06-29T09:40:17+00:00,k3s-w1,Ready
2026-06-29T09:40:17+00:00,k3s-w2,Ready
2026-06-29T09:40:18+00:00,k3s-s1,Ready
2026-06-29T09:40:18+00:00,k3s-s2,NotReady
2026-06-29T09:40:18+00:00,k3s-s3,Ready
2026-06-29T09:40:18+00:00,k3s-w1,Ready
2026-06-29T09:40:18+00:00,k3s-w2,Ready
2026-06-29T09:40:19+00:00,k3s-s1,Ready
2026-06-29T09:40:19+00:00,k3s-s2,NotReady
2026-06-29T09:40:19+00:00,k3s-s3,Ready
2026-06-29T09:40:19+00:00,k3s-w1,Ready
2026-06-29T09:40:19+00:00,k3s-w2,Ready
2026-06-29T09:40:20+00:00,k3s-s1,Ready
2026-06-29T09:40:20+00:00,k3s-s2,NotReady
2026-06-29T09:40:20+00:00,k3s-s3,Ready
2026-06-29T09:40:20+00:00,k3s-w1,Ready
2026-06-29T09:40:20+00:00,k3s-w2,Ready
2026-06-29T09:40:21+00:00,k3s-s1,Ready
2026-06-29T09:40:21+00:00,k3s-s2,NotReady
2026-06-29T09:40:21+00:00,k3s-s3,Ready
2026-06-29T09:40:21+00:00,k3s-w1,Ready
2026-06-29T09:40:21+00:00,k3s-w2,Ready
2026-06-29T09:40:22+00:00,k3s-s1,Ready
2026-06-29T09:40:22+00:00,k3s-s2,NotReady
2026-06-29T09:40:22+00:00,k3s-s3,Ready
2026-06-29T09:40:22+00:00,k3s-w1,Ready
2026-06-29T09:40:22+00:00,k3s-w2,Ready
2026-06-29T09:40:24+00:00,k3s-s1,Ready
2026-06-29T09:40:24+00:00,k3s-s2,NotReady
2026-06-29T09:40:24+00:00,k3s-s3,Ready
2026-06-29T09:40:24+00:00,k3s-w1,Ready
2026-06-29T09:40:24+00:00,k3s-w2,Ready
2026-06-29T09:40:25+00:00,k3s-s1,Ready
2026-06-29T09:40:25+00:00,k3s-s2,NotReady
2026-06-29T09:40:25+00:00,k3s-s3,Ready
2026-06-29T09:40:25+00:00,k3s-w1,Ready
2026-06-29T09:40:25+00:00,k3s-w2,Ready
2026-06-29T09:40:26+00:00,k3s-s1,Ready
2026-06-29T09:40:26+00:00,k3s-s2,NotReady
2026-06-29T09:40:26+00:00,k3s-s3,Ready
2026-06-29T09:40:26+00:00,k3s-w1,Ready
2026-06-29T09:40:26+00:00,k3s-w2,Ready
2026-06-29T09:40:27+00:00,k3s-s1,Ready
2026-06-29T09:40:27+00:00,k3s-s2,Ready
2026-06-29T09:40:27+00:00,k3s-s3,Ready
2026-06-29T09:40:27+00:00,k3s-w1,Ready
2026-06-29T09:40:27+00:00,k3s-w2,Ready
2026-06-29T09:40:28+00:00,k3s-s1,Ready
2026-06-29T09:40:28+00:00,k3s-s2,Ready
2026-06-29T09:40:28+00:00,k3s-s3,Ready
2026-06-29T09:40:28+00:00,k3s-w1,Ready
2026-06-29T09:40:28+00:00,k3s-w2,Ready
2026-06-29T09:40:29+00:00,k3s-s1,Ready
2026-06-29T09:40:29+00:00,k3s-s2,Ready
2026-06-29T09:40:29+00:00,k3s-s3,Ready
2026-06-29T09:40:29+00:00,k3s-w1,Ready
2026-06-29T09:40:29+00:00,k3s-w2,Ready
2026-06-29T09:40:30+00:00,k3s-s1,Ready
2026-06-29T09:40:30+00:00,k3s-s2,Ready
2026-06-29T09:40:30+00:00,k3s-s3,Ready
2026-06-29T09:40:30+00:00,k3s-w1,Ready
2026-06-29T09:40:30+00:00,k3s-w2,Ready
2026-06-29T09:40:31+00:00,k3s-s1,Ready
2026-06-29T09:40:31+00:00,k3s-s2,Ready
2026-06-29T09:40:31+00:00,k3s-s3,Ready
2026-06-29T09:40:31+00:00,k3s-w1,Ready
2026-06-29T09:40:31+00:00,k3s-w2,Ready
2026-06-29T09:40:32+00:00,k3s-s1,Ready
2026-06-29T09:40:32+00:00,k3s-s2,Ready
2026-06-29T09:40:32+00:00,k3s-s3,Ready
2026-06-29T09:40:32+00:00,k3s-w1,Ready
2026-06-29T09:40:32+00:00,k3s-w2,Ready
2026-06-29T09:40:33+00:00,k3s-s1,Ready
2026-06-29T09:40:33+00:00,k3s-s2,Ready
2026-06-29T09:40:33+00:00,k3s-s3,Ready
2026-06-29T09:40:33+00:00,k3s-w1,Ready
2026-06-29T09:40:33+00:00,k3s-w2,Ready
2026-06-29T09:40:34+00:00,k3s-s1,Ready
2026-06-29T09:40:34+00:00,k3s-s2,Ready
2026-06-29T09:40:34+00:00,k3s-s3,Ready
2026-06-29T09:40:34+00:00,k3s-w1,Ready
2026-06-29T09:40:34+00:00,k3s-w2,Ready
2026-06-29T09:40:35+00:00,k3s-s1,Ready
2026-06-29T09:40:35+00:00,k3s-s2,Ready
2026-06-29T09:40:35+00:00,k3s-s3,Ready
2026-06-29T09:40:35+00:00,k3s-w1,Ready
2026-06-29T09:40:35+00:00,k3s-w2,Ready
2026-06-29T09:40:36+00:00,k3s-s1,Ready
2026-06-29T09:40:36+00:00,k3s-s2,Ready
2026-06-29T09:40:36+00:00,k3s-s3,Ready
2026-06-29T09:40:36+00:00,k3s-w1,Ready
2026-06-29T09:40:36+00:00,k3s-w2,Ready
2026-06-29T09:40:37+00:00,k3s-s1,Ready
2026-06-29T09:40:37+00:00,k3s-s2,Ready
2026-06-29T09:40:37+00:00,k3s-s3,Ready
2026-06-29T09:40:37+00:00,k3s-w1,Ready
2026-06-29T09:40:37+00:00,k3s-w2,Ready
2026-06-29T09:40:38+00:00,k3s-s1,Ready
2026-06-29T09:40:38+00:00,k3s-s2,Ready
2026-06-29T09:40:38+00:00,k3s-s3,Ready
2026-06-29T09:40:38+00:00,k3s-w1,Ready
2026-06-29T09:40:38+00:00,k3s-w2,Ready
2026-06-29T09:40:39+00:00,k3s-s1,Ready
2026-06-29T09:40:39+00:00,k3s-s2,Ready
2026-06-29T09:40:39+00:00,k3s-s3,Ready
2026-06-29T09:40:39+00:00,k3s-w1,Ready
2026-06-29T09:40:39+00:00,k3s-w2,Ready
2026-06-29T09:40:41+00:00,k3s-s1,Ready
2026-06-29T09:40:41+00:00,k3s-s2,Ready
2026-06-29T09:40:41+00:00,k3s-s3,Ready
2026-06-29T09:40:41+00:00,k3s-w1,Ready
2026-06-29T09:40:41+00:00,k3s-w2,Ready
2026-06-29T09:40:42+00:00,k3s-s1,Ready
2026-06-29T09:40:42+00:00,k3s-s2,Ready
2026-06-29T09:40:42+00:00,k3s-s3,Ready
2026-06-29T09:40:42+00:00,k3s-w1,Ready
2026-06-29T09:40:42+00:00,k3s-w2,Ready
2026-06-29T09:40:43+00:00,k3s-s1,Ready
2026-06-29T09:40:43+00:00,k3s-s2,Ready
2026-06-29T09:40:43+00:00,k3s-s3,Ready
2026-06-29T09:40:43+00:00,k3s-w1,Ready
2026-06-29T09:40:43+00:00,k3s-w2,Ready
2026-06-29T09:40:44+00:00,k3s-s1,Ready
2026-06-29T09:40:44+00:00,k3s-s2,Ready
2026-06-29T09:40:44+00:00,k3s-s3,Ready
2026-06-29T09:40:44+00:00,k3s-w1,Ready
2026-06-29T09:40:44+00:00,k3s-w2,Ready
2026-06-29T09:40:45+00:00,k3s-s1,Ready
2026-06-29T09:40:45+00:00,k3s-s2,Ready
2026-06-29T09:40:45+00:00,k3s-s3,Ready
2026-06-29T09:40:45+00:00,k3s-w1,Ready
2026-06-29T09:40:45+00:00,k3s-w2,Ready
2026-06-29T09:40:46+00:00,k3s-s1,Ready
2026-06-29T09:40:46+00:00,k3s-s2,Ready
2026-06-29T09:40:46+00:00,k3s-s3,Ready
2026-06-29T09:40:46+00:00,k3s-w1,Ready
2026-06-29T09:40:46+00:00,k3s-w2,Ready
2026-06-29T09:40:47+00:00,k3s-s1,Ready
2026-06-29T09:40:47+00:00,k3s-s2,Ready
2026-06-29T09:40:47+00:00,k3s-s3,Ready
2026-06-29T09:40:47+00:00,k3s-w1,Ready
2026-06-29T09:40:47+00:00,k3s-w2,Ready
2026-06-29T09:40:48+00:00,k3s-s1,Ready
2026-06-29T09:40:48+00:00,k3s-s2,Ready
2026-06-29T09:40:48+00:00,k3s-s3,Ready
2026-06-29T09:40:48+00:00,k3s-w1,Ready
2026-06-29T09:40:48+00:00,k3s-w2,Ready
2026-06-29T09:40:49+00:00,k3s-s1,Ready
2026-06-29T09:40:49+00:00,k3s-s2,Ready
2026-06-29T09:40:49+00:00,k3s-s3,Ready
2026-06-29T09:40:49+00:00,k3s-w1,Ready
2026-06-29T09:40:49+00:00,k3s-w2,Ready
2026-06-29T09:40:50+00:00,k3s-s1,Ready
2026-06-29T09:40:50+00:00,k3s-s2,Ready
2026-06-29T09:40:50+00:00,k3s-s3,Ready
2026-06-29T09:40:50+00:00,k3s-w1,Ready
2026-06-29T09:40:50+00:00,k3s-w2,Ready
2026-06-29T09:40:51+00:00,k3s-s1,Ready
2026-06-29T09:40:51+00:00,k3s-s2,Ready
2026-06-29T09:40:51+00:00,k3s-s3,Ready
2026-06-29T09:40:51+00:00,k3s-w1,Ready
2026-06-29T09:40:51+00:00,k3s-w2,Ready
2026-06-29T09:40:52+00:00,k3s-s1,Ready
2026-06-29T09:40:52+00:00,k3s-s2,Ready
2026-06-29T09:40:52+00:00,k3s-s3,Ready
2026-06-29T09:40:52+00:00,k3s-w1,Ready
2026-06-29T09:40:52+00:00,k3s-w2,Ready
2026-06-29T09:40:53+00:00,k3s-s1,Ready
2026-06-29T09:40:53+00:00,k3s-s2,Ready
2026-06-29T09:40:53+00:00,k3s-s3,Ready
2026-06-29T09:40:53+00:00,k3s-w1,Ready
2026-06-29T09:40:53+00:00,k3s-w2,Ready
2026-06-29T09:40:55+00:00,k3s-s1,Ready
2026-06-29T09:40:55+00:00,k3s-s2,Ready
2026-06-29T09:40:55+00:00,k3s-s3,Ready
2026-06-29T09:40:55+00:00,k3s-w1,Ready
2026-06-29T09:40:55+00:00,k3s-w2,Ready
2026-06-29T09:40:56+00:00,k3s-s1,Ready
2026-06-29T09:40:56+00:00,k3s-s2,Ready
2026-06-29T09:40:56+00:00,k3s-s3,Ready
2026-06-29T09:40:56+00:00,k3s-w1,Ready
2026-06-29T09:40:56+00:00,k3s-w2,Ready
2026-06-29T09:40:57+00:00,k3s-s1,Ready
2026-06-29T09:40:57+00:00,k3s-s2,Ready
2026-06-29T09:40:57+00:00,k3s-s3,Ready
2026-06-29T09:40:57+00:00,k3s-w1,Ready
2026-06-29T09:40:57+00:00,k3s-w2,Ready
2026-06-29T09:40:58+00:00,k3s-s1,Ready
2026-06-29T09:40:58+00:00,k3s-s2,Ready
2026-06-29T09:40:58+00:00,k3s-s3,Ready
2026-06-29T09:40:58+00:00,k3s-w1,Ready
2026-06-29T09:40:58+00:00,k3s-w2,Ready
2026-06-29T09:40:59+00:00,k3s-s1,Ready
2026-06-29T09:40:59+00:00,k3s-s2,Ready
2026-06-29T09:40:59+00:00,k3s-s3,Ready
2026-06-29T09:40:59+00:00,k3s-w1,Ready
2026-06-29T09:40:59+00:00,k3s-w2,Ready
2026-06-29T09:41:00+00:00,k3s-s1,Ready
2026-06-29T09:41:00+00:00,k3s-s2,Ready
2026-06-29T09:41:00+00:00,k3s-s3,Ready
2026-06-29T09:41:00+00:00,k3s-w1,Ready
2026-06-29T09:41:00+00:00,k3s-w2,Ready
2026-06-29T09:41:01+00:00,k3s-s1,Ready
2026-06-29T09:41:01+00:00,k3s-s2,Ready
2026-06-29T09:41:01+00:00,k3s-s3,Ready
2026-06-29T09:41:01+00:00,k3s-w1,Ready
2026-06-29T09:41:01+00:00,k3s-w2,Ready
2026-06-29T09:41:02+00:00,k3s-s1,Ready
2026-06-29T09:41:02+00:00,k3s-s2,Ready
2026-06-29T09:41:02+00:00,k3s-s3,Ready
2026-06-29T09:41:02+00:00,k3s-w1,Ready
2026-06-29T09:41:02+00:00,k3s-w2,Ready
2026-06-29T09:41:03+00:00,k3s-s1,Ready
2026-06-29T09:41:03+00:00,k3s-s2,Ready
2026-06-29T09:41:03+00:00,k3s-s3,Ready
2026-06-29T09:41:03+00:00,k3s-w1,Ready
2026-06-29T09:41:03+00:00,k3s-w2,Ready
2026-06-29T09:41:04+00:00,k3s-s1,Ready
2026-06-29T09:41:04+00:00,k3s-s2,Ready
2026-06-29T09:41:04+00:00,k3s-s3,Ready
2026-06-29T09:41:04+00:00,k3s-w1,Ready
2026-06-29T09:41:04+00:00,k3s-w2,Ready
2026-06-29T09:41:05+00:00,k3s-s1,Ready
2026-06-29T09:41:05+00:00,k3s-s2,Ready
2026-06-29T09:41:05+00:00,k3s-s3,Ready
2026-06-29T09:41:05+00:00,k3s-w1,Ready
2026-06-29T09:41:05+00:00,k3s-w2,Ready
2026-06-29T09:41:06+00:00,k3s-s1,Ready
2026-06-29T09:41:06+00:00,k3s-s2,Ready
2026-06-29T09:41:06+00:00,k3s-s3,Ready
2026-06-29T09:41:06+00:00,k3s-w1,Ready
2026-06-29T09:41:06+00:00,k3s-w2,Ready
2026-06-29T09:41:07+00:00,k3s-s1,Ready
2026-06-29T09:41:07+00:00,k3s-s2,Ready
2026-06-29T09:41:07+00:00,k3s-s3,Ready
2026-06-29T09:41:07+00:00,k3s-w1,Ready
2026-06-29T09:41:07+00:00,k3s-w2,Ready
2026-06-29T09:41:08+00:00,k3s-s1,Ready
2026-06-29T09:41:08+00:00,k3s-s2,Ready
2026-06-29T09:41:08+00:00,k3s-s3,Ready
2026-06-29T09:41:08+00:00,k3s-w1,Ready
2026-06-29T09:41:08+00:00,k3s-w2,Ready
2026-06-29T09:41:10+00:00,k3s-s1,Ready
2026-06-29T09:41:10+00:00,k3s-s2,Ready
2026-06-29T09:41:10+00:00,k3s-s3,Ready
2026-06-29T09:41:10+00:00,k3s-w1,Ready
2026-06-29T09:41:10+00:00,k3s-w2,Ready
2026-06-29T09:41:11+00:00,k3s-s1,Ready
2026-06-29T09:41:11+00:00,k3s-s2,Ready
2026-06-29T09:41:11+00:00,k3s-s3,Ready
2026-06-29T09:41:11+00:00,k3s-w1,Ready
2026-06-29T09:41:11+00:00,k3s-w2,Ready
2026-06-29T09:41:12+00:00,k3s-s1,Ready
2026-06-29T09:41:12+00:00,k3s-s2,Ready
2026-06-29T09:41:12+00:00,k3s-s3,Ready
2026-06-29T09:41:12+00:00,k3s-w1,Ready
2026-06-29T09:41:12+00:00,k3s-w2,Ready
2026-06-29T09:41:13+00:00,k3s-s1,Ready
2026-06-29T09:41:13+00:00,k3s-s2,Ready
2026-06-29T09:41:13+00:00,k3s-s3,Ready
2026-06-29T09:41:13+00:00,k3s-w1,Ready
2026-06-29T09:41:13+00:00,k3s-w2,Ready
2026-06-29T09:41:14+00:00,k3s-s1,Ready
2026-06-29T09:41:14+00:00,k3s-s2,Ready
2026-06-29T09:41:14+00:00,k3s-s3,Ready
2026-06-29T09:41:14+00:00,k3s-w1,Ready
2026-06-29T09:41:14+00:00,k3s-w2,Ready
2026-06-29T09:41:15+00:00,k3s-s1,Ready
2026-06-29T09:41:15+00:00,k3s-s2,Ready
2026-06-29T09:41:15+00:00,k3s-s3,Ready
2026-06-29T09:41:15+00:00,k3s-w1,Ready
2026-06-29T09:41:15+00:00,k3s-w2,Ready
2026-06-29T09:41:16+00:00,k3s-s1,Ready
2026-06-29T09:41:16+00:00,k3s-s2,Ready
2026-06-29T09:41:16+00:00,k3s-s3,Ready
2026-06-29T09:41:16+00:00,k3s-w1,Ready
2026-06-29T09:41:16+00:00,k3s-w2,Ready
2026-06-29T09:41:17+00:00,k3s-s1,Ready
2026-06-29T09:41:17+00:00,k3s-s2,Ready
2026-06-29T09:41:17+00:00,k3s-s3,Ready
2026-06-29T09:41:17+00:00,k3s-w1,Ready
2026-06-29T09:41:17+00:00,k3s-w2,Ready
2026-06-29T09:41:18+00:00,k3s-s1,Ready
2026-06-29T09:41:18+00:00,k3s-s2,Ready
2026-06-29T09:41:18+00:00,k3s-s3,Ready
2026-06-29T09:41:18+00:00,k3s-w1,Ready
2026-06-29T09:41:18+00:00,k3s-w2,Ready
2026-06-29T09:41:19+00:00,k3s-s1,Ready
2026-06-29T09:41:19+00:00,k3s-s2,Ready
2026-06-29T09:41:19+00:00,k3s-s3,Ready
2026-06-29T09:41:19+00:00,k3s-w1,Ready
2026-06-29T09:41:19+00:00,k3s-w2,Ready
2026-06-29T09:41:20+00:00,k3s-s1,Ready
2026-06-29T09:41:20+00:00,k3s-s2,Ready
2026-06-29T09:41:20+00:00,k3s-s3,Ready
2026-06-29T09:41:20+00:00,k3s-w1,Ready
2026-06-29T09:41:20+00:00,k3s-w2,Ready
2026-06-29T09:41:21+00:00,k3s-s1,Ready
2026-06-29T09:41:21+00:00,k3s-s2,Ready
2026-06-29T09:41:21+00:00,k3s-s3,Ready
2026-06-29T09:41:21+00:00,k3s-w1,Ready
2026-06-29T09:41:21+00:00,k3s-w2,Ready
2026-06-29T09:41:22+00:00,k3s-s1,Ready
2026-06-29T09:41:22+00:00,k3s-s2,Ready
2026-06-29T09:41:22+00:00,k3s-s3,Ready
2026-06-29T09:41:22+00:00,k3s-w1,Ready
2026-06-29T09:41:22+00:00,k3s-w2,Ready
2026-06-29T09:41:23+00:00,k3s-s1,Ready
2026-06-29T09:41:23+00:00,k3s-s2,Ready
2026-06-29T09:41:23+00:00,k3s-s3,Ready
2026-06-29T09:41:23+00:00,k3s-w1,Ready
2026-06-29T09:41:23+00:00,k3s-w2,Ready
2026-06-29T09:41:25+00:00,k3s-s1,Ready
2026-06-29T09:41:25+00:00,k3s-s2,Ready
2026-06-29T09:41:25+00:00,k3s-s3,Ready
2026-06-29T09:41:25+00:00,k3s-w1,Ready
2026-06-29T09:41:25+00:00,k3s-w2,Ready
2026-06-29T09:41:26+00:00,k3s-s1,Ready
2026-06-29T09:41:26+00:00,k3s-s2,Ready
2026-06-29T09:41:26+00:00,k3s-s3,Ready
2026-06-29T09:41:26+00:00,k3s-w1,Ready
2026-06-29T09:41:26+00:00,k3s-w2,Ready
2026-06-29T09:41:27+00:00,k3s-s1,Ready
2026-06-29T09:41:27+00:00,k3s-s2,Ready
2026-06-29T09:41:27+00:00,k3s-s3,Ready
2026-06-29T09:41:27+00:00,k3s-w1,Ready
2026-06-29T09:41:27+00:00,k3s-w2,Ready
2026-06-29T09:41:28+00:00,k3s-s1,Ready
2026-06-29T09:41:28+00:00,k3s-s2,Ready
2026-06-29T09:41:28+00:00,k3s-s3,Ready
2026-06-29T09:41:28+00:00,k3s-w1,Ready
2026-06-29T09:41:28+00:00,k3s-w2,Ready
2026-06-29T09:41:29+00:00,k3s-s1,Ready
2026-06-29T09:41:29+00:00,k3s-s2,Ready
2026-06-29T09:41:29+00:00,k3s-s3,Ready
2026-06-29T09:41:29+00:00,k3s-w1,Ready
2026-06-29T09:41:29+00:00,k3s-w2,Ready
2026-06-29T09:41:30+00:00,k3s-s1,Ready
2026-06-29T09:41:30+00:00,k3s-s2,Ready
2026-06-29T09:41:30+00:00,k3s-s3,Ready
2026-06-29T09:41:30+00:00,k3s-w1,Ready
2026-06-29T09:41:30+00:00,k3s-w2,Ready
2026-06-29T09:41:31+00:00,k3s-s1,Ready
2026-06-29T09:41:31+00:00,k3s-s2,Ready
2026-06-29T09:41:31+00:00,k3s-s3,Ready
2026-06-29T09:41:31+00:00,k3s-w1,Ready
2026-06-29T09:41:31+00:00,k3s-w2,Ready
2026-06-29T09:41:32+00:00,k3s-s1,Ready
2026-06-29T09:41:32+00:00,k3s-s2,Ready
2026-06-29T09:41:32+00:00,k3s-s3,Ready
2026-06-29T09:41:32+00:00,k3s-w1,Ready
2026-06-29T09:41:32+00:00,k3s-w2,Ready
2026-06-29T09:41:33+00:00,k3s-s1,Ready
2026-06-29T09:41:33+00:00,k3s-s2,Ready
2026-06-29T09:41:33+00:00,k3s-s3,Ready
2026-06-29T09:41:33+00:00,k3s-w1,Ready
2026-06-29T09:41:33+00:00,k3s-w2,Ready
2026-06-29T09:41:34+00:00,k3s-s1,Ready
2026-06-29T09:41:34+00:00,k3s-s2,Ready
2026-06-29T09:41:34+00:00,k3s-s3,Ready
2026-06-29T09:41:34+00:00,k3s-w1,Ready
2026-06-29T09:41:34+00:00,k3s-w2,Ready
2026-06-29T09:41:35+00:00,k3s-s1,Ready
2026-06-29T09:41:35+00:00,k3s-s2,Ready
2026-06-29T09:41:35+00:00,k3s-s3,Ready
2026-06-29T09:41:35+00:00,k3s-w1,Ready
2026-06-29T09:41:35+00:00,k3s-w2,Ready
