timestamp,status_code,response_time_ms,success,error
2026-05-25T13:41:26.325957+00:00,200,2.56,True,
2026-05-25T13:41:27.328769+00:00,200,3.36,True,
2026-05-25T13:41:28.332461+00:00,200,2.91,True,
2026-05-25T13:41:29.335639+00:00,200,3.72,True,
2026-05-25T13:41:30.339614+00:00,200,3.3,True,
2026-05-25T13:41:31.343161+00:00,200,1.42,True,
2026-05-25T13:41:32.344746+00:00,200,2.7,True,
2026-05-25T13:41:33.347819+00:00,200,5.46,True,
2026-05-25T13:41:34.353688+00:00,200,3.19,True,
2026-05-25T13:41:35.357123+00:00,200,2.22,True,
2026-05-25T13:41:36.359542+00:00,200,1.55,True,
2026-05-25T13:41:37.361302+00:00,200,2.54,True,
2026-05-25T13:41:38.364264+00:00,200,3.76,True,
2026-05-25T13:41:39.368301+00:00,200,3.74,True,
2026-05-25T13:41:40.372347+00:00,200,4.58,True,
2026-05-25T13:41:41.377445+00:00,200,3.05,True,
2026-05-25T13:41:42.381250+00:00,200,2.18,True,
2026-05-25T13:41:43.383717+00:00,200,3.15,True,
2026-05-25T13:41:44.387145+00:00,200,2.44,True,
2026-05-25T13:41:45.390627+00:00,200,5.01,True,
2026-05-25T13:41:46.396167+00:00,200,2.4,True,
2026-05-25T13:41:47.398882+00:00,200,1.75,True,
2026-05-25T13:41:48.400864+00:00,200,3.17,True,
2026-05-25T13:41:49.404275+00:00,200,1.8,True,
2026-05-25T13:41:50.406282+00:00,200,2.96,True,
2026-05-25T13:41:51.409557+00:00,200,3.25,True,
2026-05-25T13:41:52.413062+00:00,200,0.88,True,
2026-05-25T13:41:53.414338+00:00,200,5.09,True,
2026-05-25T13:41:54.419746+00:00,200,3.22,True,
2026-05-25T13:41:55.423371+00:00,200,3.62,True,
2026-05-25T13:41:56.427457+00:00,200,3.19,True,
2026-05-25T13:41:57.431014+00:00,200,2.58,True,
2026-05-25T13:41:58.434167+00:00,200,5.19,True,
2026-05-25T13:41:59.439703+00:00,200,1.57,True,
2026-05-25T13:42:00.441453+00:00,200,2.58,True,
2026-05-25T13:42:01.444350+00:00,200,1.6,True,
2026-05-25T13:42:02.446202+00:00,200,2.36,True,
2026-05-25T13:42:03.449479+00:00,200,5.06,True,
2026-05-25T13:42:04.455231+00:00,200,2.92,True,
2026-05-25T13:42:05.458448+00:00,200,2.97,True,
2026-05-25T13:42:06.461640+00:00,200,1.55,True,
2026-05-25T13:42:07.463614+00:00,200,3.21,True,
2026-05-25T13:42:08.467075+00:00,200,1.58,True,
2026-05-25T13:42:09.468865+00:00,200,1.39,True,
2026-05-25T13:42:10.470451+00:00,200,2.66,True,
2026-05-25T13:42:11.473786+00:00,200,2.39,True,
2026-05-25T13:42:12.476437+00:00,200,1.98,True,
2026-05-25T13:42:13.478602+00:00,200,2.19,True,
2026-05-25T13:42:14.481571+00:00,200,2.44,True,
2026-05-25T13:42:15.484267+00:00,200,5.06,True,
2026-05-25T13:42:16.489687+00:00,200,1.79,True,
2026-05-25T13:42:17.491842+00:00,200,1.97,True,
2026-05-25T13:42:18.494187+00:00,200,3.32,True,
2026-05-25T13:42:19.497867+00:00,200,1.33,True,
2026-05-25T13:42:20.499488+00:00,,2004.19,False,ConnectTimeout
2026-05-25T13:42:23.504152+00:00,200,9.07,True,
2026-05-25T13:42:24.513613+00:00,,2004.09,False,ConnectTimeout
2026-05-25T13:42:27.518181+00:00,200,2.63,True,
2026-05-25T13:42:28.521187+00:00,200,4.86,True,
2026-05-25T13:42:29.526445+00:00,200,1.45,True,
2026-05-25T13:42:30.528435+00:00,200,3.85,True,
2026-05-25T13:42:31.532657+00:00,200,2.23,True,
2026-05-25T13:42:32.535931+00:00,200,3.67,True,
2026-05-25T13:42:33.539912+00:00,200,3.16,True,
2026-05-25T13:42:34.543412+00:00,200,4.7,True,
2026-05-25T13:42:35.548496+00:00,200,5.02,True,
2026-05-25T13:42:36.553851+00:00,200,4.67,True,
2026-05-25T13:42:37.558786+00:00,200,2.14,True,
2026-05-25T13:42:38.561237+00:00,200,3.99,True,
2026-05-25T13:42:39.565554+00:00,200,5.06,True,
2026-05-25T13:42:40.571126+00:00,,2004.58,False,ConnectTimeout
2026-05-25T13:42:43.576152+00:00,,2004.41,False,ConnectTimeout
2026-05-25T13:42:46.580906+00:00,,2004.24,False,ConnectTimeout
2026-05-25T13:42:49.585451+00:00,200,3.14,True,
2026-05-25T13:42:50.589005+00:00,200,3.69,True,
2026-05-25T13:42:51.593678+00:00,200,3.89,True,
2026-05-25T13:42:52.598548+00:00,200,5.58,True,
2026-05-25T13:42:53.604489+00:00,200,2.82,True,
2026-05-25T13:42:54.607707+00:00,,2005.3,False,ConnectTimeout
2026-05-25T13:42:57.613358+00:00,,2003.25,False,ConnectTimeout
2026-05-25T13:43:00.616909+00:00,200,5.22,True,
2026-05-25T13:43:01.623075+00:00,200,6.47,True,
2026-05-25T13:43:02.629981+00:00,200,3.79,True,
2026-05-25T13:43:03.634091+00:00,200,3.44,True,
2026-05-25T13:43:04.637830+00:00,200,1.97,True,
2026-05-25T13:43:05.640067+00:00,,2004.07,False,ConnectTimeout
2026-05-25T13:43:08.644491+00:00,200,5.34,True,
2026-05-25T13:43:09.650159+00:00,200,4.99,True,
2026-05-25T13:43:10.655480+00:00,200,2.96,True,
2026-05-25T13:43:11.658895+00:00,200,4.24,True,
2026-05-25T13:43:12.663557+00:00,200,3.54,True,
2026-05-25T13:43:13.667446+00:00,200,5.55,True,
2026-05-25T13:43:14.673634+00:00,200,2.03,True,
2026-05-25T13:43:15.676220+00:00,200,6.37,True,
2026-05-25T13:43:16.682983+00:00,200,4.79,True,
2026-05-25T13:43:17.688307+00:00,200,1.62,True,
2026-05-25T13:43:18.690165+00:00,200,2.97,True,
2026-05-25T13:43:19.694405+00:00,200,3.37,True,
2026-05-25T13:43:20.698315+00:00,200,2.17,True,
2026-05-25T13:43:21.700728+00:00,200,2.6,True,
2026-05-25T13:43:22.703571+00:00,200,5.05,True,
2026-05-25T13:43:23.708918+00:00,200,5.95,True,
2026-05-25T13:43:24.715241+00:00,200,7.08,True,
2026-05-25T13:43:25.723128+00:00,200,5.15,True,
2026-05-25T13:43:26.728666+00:00,200,4.47,True,
2026-05-25T13:43:27.733472+00:00,200,2.69,True,
2026-05-25T13:43:28.736561+00:00,200,5.34,True,
2026-05-25T13:43:29.742250+00:00,200,3.55,True,
2026-05-25T13:43:30.746098+00:00,200,3.21,True,
2026-05-25T13:43:31.749695+00:00,200,3.18,True,
2026-05-25T13:43:32.753269+00:00,200,2.88,True,
2026-05-25T13:43:33.756380+00:00,200,3.71,True,
2026-05-25T13:43:34.760372+00:00,200,3.32,True,
2026-05-25T13:43:35.764011+00:00,200,6.28,True,
2026-05-25T13:43:36.770595+00:00,200,4.03,True,
2026-05-25T13:43:37.774969+00:00,200,3.16,True,
2026-05-25T13:43:38.778953+00:00,200,2.73,True,
2026-05-25T13:43:39.782327+00:00,200,2.72,True,
2026-05-25T13:43:40.785560+00:00,200,2.83,True,
2026-05-25T13:43:41.788715+00:00,200,3.94,True,
2026-05-25T13:43:42.792939+00:00,200,2.88,True,
2026-05-25T13:43:43.796084+00:00,200,5.66,True,
2026-05-25T13:43:44.802013+00:00,200,3.06,True,
2026-05-25T13:43:45.805356+00:00,200,2.71,True,
2026-05-25T13:43:46.808713+00:00,200,2.96,True,
2026-05-25T13:43:47.812475+00:00,200,3.02,True,
2026-05-25T13:43:48.815773+00:00,200,2.15,True,
2026-05-25T13:43:49.818110+00:00,200,1.54,True,
2026-05-25T13:43:50.820129+00:00,200,2.81,True,
2026-05-25T13:43:51.823468+00:00,200,1.43,True,
2026-05-25T13:43:52.825195+00:00,200,1.62,True,
2026-05-25T13:43:53.827008+00:00,200,1.38,True,
2026-05-25T13:43:54.828550+00:00,200,0.85,True,
2026-05-25T13:43:55.829568+00:00,200,1.16,True,
2026-05-25T13:43:56.830873+00:00,200,0.81,True,
2026-05-25T13:43:57.831841+00:00,200,1.7,True,
2026-05-25T13:43:58.833661+00:00,200,1.33,True,
2026-05-25T13:43:59.835116+00:00,200,0.89,True,
2026-05-25T13:44:00.836126+00:00,200,1.18,True,
2026-05-25T13:44:01.837551+00:00,200,1.54,True,
2026-05-25T13:44:02.839260+00:00,200,1.08,True,
2026-05-25T13:44:03.840482+00:00,200,3.14,True,
2026-05-25T13:44:04.843925+00:00,200,1.92,True,
2026-05-25T13:44:05.846073+00:00,200,1.13,True,
2026-05-25T13:44:06.847559+00:00,200,0.8,True,
2026-05-25T13:44:07.848590+00:00,200,0.92,True,
2026-05-25T13:44:08.849646+00:00,200,0.76,True,
2026-05-25T13:44:09.850628+00:00,200,1.52,True,
2026-05-25T13:44:10.852326+00:00,200,1.32,True,
2026-05-25T13:44:11.853765+00:00,200,0.88,True,
2026-05-25T13:44:12.854825+00:00,200,1.32,True,
2026-05-25T13:44:13.856357+00:00,200,1.73,True,
2026-05-25T13:44:14.858278+00:00,200,1.65,True,
2026-05-25T13:44:15.860085+00:00,200,1.44,True,
2026-05-25T13:44:16.861667+00:00,200,1.28,True,
2026-05-25T13:44:17.863088+00:00,200,1.28,True,
2026-05-25T13:44:18.864542+00:00,200,0.76,True,
2026-05-25T13:44:19.865824+00:00,200,0.75,True,
2026-05-25T13:44:20.866726+00:00,200,0.74,True,
2026-05-25T13:44:21.867727+00:00,200,1.36,True,
2026-05-25T13:44:22.869376+00:00,200,0.8,True,
2026-05-25T13:44:23.870370+00:00,200,0.75,True,
2026-05-25T13:44:24.871280+00:00,200,1.18,True,
2026-05-25T13:44:25.873192+00:00,200,0.79,True,
2026-05-25T13:44:26.874296+00:00,200,0.77,True,
2026-05-25T13:44:27.875306+00:00,200,0.78,True,
2026-05-25T13:44:28.876266+00:00,200,0.85,True,
2026-05-25T13:44:29.877288+00:00,200,0.88,True,
2026-05-25T13:44:30.878366+00:00,200,1.3,True,
2026-05-25T13:44:31.880498+00:00,200,1.73,True,
2026-05-25T13:44:32.882600+00:00,200,1.36,True,
2026-05-25T13:44:33.884154+00:00,200,0.8,True,
2026-05-25T13:44:34.885084+00:00,200,1.43,True,
2026-05-25T13:44:35.886792+00:00,200,1.47,True,
2026-05-25T13:44:36.888477+00:00,200,1.38,True,
2026-05-25T13:44:37.889998+00:00,200,1.74,True,
2026-05-25T13:44:38.891929+00:00,200,1.39,True,
2026-05-25T13:44:39.893552+00:00,200,1.01,True,
2026-05-25T13:44:40.894688+00:00,200,1.21,True,
2026-05-25T13:44:41.896031+00:00,200,1.17,True,
2026-05-25T13:44:42.897390+00:00,200,1.35,True,
2026-05-25T13:44:43.898871+00:00,200,0.77,True,
2026-05-25T13:44:44.899783+00:00,200,0.76,True,
2026-05-25T13:44:45.900642+00:00,200,1.37,True,
2026-05-25T13:44:46.902423+00:00,200,1.23,True,
2026-05-25T13:44:47.903781+00:00,200,0.9,True,
2026-05-25T13:44:48.904826+00:00,200,0.88,True,
2026-05-25T13:44:49.905950+00:00,200,1.78,True,
2026-05-25T13:44:50.908055+00:00,200,0.93,True,
2026-05-25T13:44:51.909570+00:00,200,2.16,True,
2026-05-25T13:44:52.911894+00:00,200,2.03,True,
2026-05-25T13:44:53.914360+00:00,200,2.03,True,
2026-05-25T13:44:54.916604+00:00,200,1.37,True,
2026-05-25T13:44:55.918141+00:00,200,0.85,True,
2026-05-25T13:44:56.919118+00:00,200,0.85,True,
2026-05-25T13:44:57.920153+00:00,200,1.53,True,
2026-05-25T13:44:58.921839+00:00,200,0.76,True,
2026-05-25T13:44:59.922733+00:00,200,1.21,True,
2026-05-25T13:45:00.924100+00:00,200,1.3,True,
2026-05-25T13:45:01.925634+00:00,200,1.33,True,
2026-05-25T13:45:02.927153+00:00,200,1.33,True,
2026-05-25T13:45:03.928856+00:00,200,1.35,True,
2026-05-25T13:45:04.930349+00:00,200,0.78,True,
2026-05-25T13:45:05.931587+00:00,200,0.84,True,
2026-05-25T13:45:06.933280+00:00,200,0.76,True,
2026-05-25T13:45:07.934226+00:00,200,0.93,True,
2026-05-25T13:45:08.935294+00:00,200,0.97,True,
2026-05-25T13:45:09.936411+00:00,200,0.89,True,
2026-05-25T13:45:10.937616+00:00,200,0.87,True,
2026-05-25T13:45:11.938581+00:00,200,1.36,True,
2026-05-25T13:45:12.940148+00:00,200,0.73,True,
2026-05-25T13:45:13.941541+00:00,200,1.24,True,
2026-05-25T13:45:14.943061+00:00,200,1.29,True,
2026-05-25T13:45:15.944530+00:00,200,1.16,True,
2026-05-25T13:45:16.945851+00:00,200,0.86,True,
2026-05-25T13:45:17.947487+00:00,200,0.81,True,
2026-05-25T13:45:18.949162+00:00,200,0.76,True,
2026-05-25T13:45:19.950281+00:00,200,0.87,True,
2026-05-25T13:45:20.951352+00:00,200,0.9,True,
2026-05-25T13:45:21.952373+00:00,200,0.81,True,
2026-05-25T13:45:22.953381+00:00,200,1.25,True,
2026-05-25T13:45:23.955021+00:00,200,1.19,True,
2026-05-25T13:45:24.956658+00:00,200,1.18,True,
2026-05-25T13:45:25.958017+00:00,200,0.82,True,
2026-05-25T13:45:26.958923+00:00,200,0.82,True,
2026-05-25T13:45:27.959876+00:00,200,1.18,True,
2026-05-25T13:45:28.961375+00:00,200,0.72,True,
2026-05-25T13:45:29.962282+00:00,200,0.78,True,
2026-05-25T13:45:30.963631+00:00,200,0.71,True,
2026-05-25T13:45:31.964475+00:00,200,1.27,True,
2026-05-25T13:45:32.966258+00:00,200,0.8,True,
2026-05-25T13:45:33.967315+00:00,200,0.76,True,
2026-05-25T13:45:34.968621+00:00,200,0.72,True,
2026-05-25T13:45:35.969474+00:00,200,1.19,True,
2026-05-25T13:45:36.971305+00:00,200,1.31,True,
2026-05-25T13:45:37.972786+00:00,200,0.93,True,
2026-05-25T13:45:38.974347+00:00,200,0.75,True,
2026-05-25T13:45:39.975658+00:00,200,1.18,True,
2026-05-25T13:45:40.977003+00:00,200,1.18,True,
2026-05-25T13:45:41.978769+00:00,200,1.27,True,
2026-05-25T13:45:42.980170+00:00,200,0.81,True,
2026-05-25T13:45:43.981119+00:00,200,0.75,True,
2026-05-25T13:45:44.982124+00:00,200,1.05,True,
2026-05-25T13:45:45.983376+00:00,200,0.8,True,
2026-05-25T13:45:46.984317+00:00,200,0.72,True,
2026-05-25T13:45:47.985213+00:00,200,1.38,True,
2026-05-25T13:45:48.986861+00:00,200,1.2,True,
2026-05-25T13:45:49.988564+00:00,200,0.79,True,
2026-05-25T13:45:50.989576+00:00,200,0.71,True,
2026-05-25T13:45:51.990760+00:00,200,1.21,True,
2026-05-25T13:45:52.992529+00:00,200,1.51,True,
2026-05-25T13:45:53.994246+00:00,200,0.88,True,
2026-05-25T13:45:54.995332+00:00,200,1.18,True,
2026-05-25T13:45:55.996880+00:00,200,0.79,True,
2026-05-25T13:45:56.998044+00:00,200,0.83,True,
2026-05-25T13:45:57.999000+00:00,200,1.21,True,
2026-05-25T13:45:59.000429+00:00,200,1.35,True,
2026-05-25T13:46:00.002066+00:00,200,1.02,True,
2026-05-25T13:46:01.003386+00:00,200,1.23,True,
2026-05-25T13:46:02.004871+00:00,200,0.77,True,
2026-05-25T13:46:03.005783+00:00,200,0.76,True,
2026-05-25T13:46:04.006658+00:00,200,0.76,True,
2026-05-25T13:46:05.007622+00:00,200,1.17,True,
2026-05-25T13:46:06.009213+00:00,200,1.22,True,
2026-05-25T13:46:07.010537+00:00,200,0.82,True,
2026-05-25T13:46:08.011573+00:00,200,1.23,True,
2026-05-25T13:46:09.012936+00:00,200,0.75,True,
2026-05-25T13:46:10.013816+00:00,200,1.27,True,
2026-05-25T13:46:11.015235+00:00,200,0.73,True,
2026-05-25T13:46:12.016133+00:00,200,1.24,True,
2026-05-25T13:46:13.017609+00:00,200,1.23,True,
2026-05-25T13:46:14.019135+00:00,200,0.79,True,
2026-05-25T13:46:15.020099+00:00,200,0.76,True,
2026-05-25T13:46:16.021024+00:00,200,1.23,True,
2026-05-25T13:46:17.022442+00:00,200,1.3,True,
2026-05-25T13:46:18.024527+00:00,200,0.82,True,
2026-05-25T13:46:19.025691+00:00,200,0.74,True,
2026-05-25T13:46:20.026589+00:00,200,0.75,True,
2026-05-25T13:46:21.027909+00:00,200,1.27,True,
2026-05-25T13:46:22.029770+00:00,200,0.78,True,
2026-05-25T13:46:23.030819+00:00,200,1.27,True,
2026-05-25T13:46:24.032362+00:00,200,0.77,True,
2026-05-25T13:46:25.033251+00:00,200,1.21,True,
2026-05-25T13:46:26.034630+00:00,200,0.75,True,
2026-05-25T13:46:27.035647+00:00,200,1.2,True,
2026-05-25T13:46:28.036983+00:00,200,0.72,True,
2026-05-25T13:46:29.037828+00:00,200,0.74,True,
2026-05-25T13:46:30.038697+00:00,200,0.77,True,
2026-05-25T13:46:31.039628+00:00,200,0.76,True,
2026-05-25T13:46:32.040736+00:00,200,0.77,True,
2026-05-25T13:46:33.041629+00:00,200,1.18,True,
2026-05-25T13:46:34.042946+00:00,200,1.14,True,
2026-05-25T13:46:35.044410+00:00,200,1.21,True,
2026-05-25T13:46:36.045761+00:00,200,1.07,True,
2026-05-25T13:46:37.046989+00:00,200,0.8,True,
2026-05-25T13:46:38.047906+00:00,200,1.21,True,
2026-05-25T13:46:39.049282+00:00,200,1.55,True,
2026-05-25T13:46:40.050994+00:00,200,1.33,True,
2026-05-25T13:46:41.052475+00:00,200,1.18,True,
2026-05-25T13:46:42.053780+00:00,200,1.18,True,
2026-05-25T13:46:43.055223+00:00,200,1.13,True,
2026-05-25T13:46:44.056573+00:00,200,0.73,True,
2026-05-25T13:46:45.057427+00:00,200,1.44,True,
2026-05-25T13:46:46.059003+00:00,200,0.76,True,
2026-05-25T13:46:47.059919+00:00,200,0.79,True,
2026-05-25T13:46:48.060847+00:00,200,1.24,True,
2026-05-25T13:46:49.062238+00:00,200,1.34,True,
2026-05-25T13:46:50.063717+00:00,200,0.84,True,
2026-05-25T13:46:51.064686+00:00,200,0.75,True,
2026-05-25T13:46:52.065663+00:00,200,1.07,True,
2026-05-25T13:46:53.066903+00:00,200,0.77,True,
2026-05-25T13:46:54.067806+00:00,200,1.33,True,
2026-05-25T13:46:55.069520+00:00,200,0.74,True,
2026-05-25T13:46:56.070415+00:00,200,1.3,True,
2026-05-25T13:46:57.072111+00:00,200,1.16,True,
2026-05-25T13:46:58.073519+00:00,200,0.75,True,
2026-05-25T13:46:59.074552+00:00,200,1.3,True,
2026-05-25T13:47:00.076391+00:00,200,1.25,True,
2026-05-25T13:47:01.077894+00:00,200,0.72,True,
2026-05-25T13:47:02.078743+00:00,200,1.25,True,
2026-05-25T13:47:03.080636+00:00,200,1.16,True,
2026-05-25T13:47:04.081916+00:00,200,1.19,True,
2026-05-25T13:47:05.084038+00:00,200,0.81,True,
2026-05-25T13:47:06.085974+00:00,200,1.28,True,
2026-05-25T13:47:07.087423+00:00,200,0.84,True,
2026-05-25T13:47:08.088609+00:00,200,4.27,True,
2026-05-25T13:47:09.093249+00:00,200,1.05,True,
2026-05-25T13:47:10.094500+00:00,200,0.84,True,
2026-05-25T13:47:11.095703+00:00,200,2.4,True,
2026-05-25T13:47:12.098343+00:00,200,1.48,True,
2026-05-25T13:47:13.100142+00:00,200,1.21,True,
2026-05-25T13:47:14.101691+00:00,200,1.26,True,
2026-05-25T13:47:15.103149+00:00,200,0.96,True,
2026-05-25T13:47:16.104433+00:00,200,1.26,True,
2026-05-25T13:47:17.105846+00:00,200,1.16,True,
2026-05-25T13:47:18.107134+00:00,200,1.27,True,
2026-05-25T13:47:19.108541+00:00,200,1.29,True,
2026-05-25T13:47:20.109948+00:00,200,1.25,True,
2026-05-25T13:47:21.111409+00:00,200,0.84,True,
2026-05-25T13:47:22.112479+00:00,200,1.33,True,
2026-05-25T13:47:23.114301+00:00,200,0.8,True,
2026-05-25T13:47:24.115224+00:00,200,1.26,True,
2026-05-25T13:47:25.116615+00:00,200,0.77,True,
2026-05-25T13:47:26.117623+00:00,200,1.26,True,
2026-05-25T13:47:27.119036+00:00,200,0.79,True,
2026-05-25T13:47:28.120110+00:00,200,0.78,True,
2026-05-25T13:47:29.121030+00:00,200,0.71,True,
2026-05-25T13:47:30.121898+00:00,200,0.86,True,
2026-05-25T13:47:31.122912+00:00,200,1.24,True,
2026-05-25T13:47:32.124320+00:00,200,0.84,True,
2026-05-25T13:47:33.125735+00:00,200,1.15,True,
2026-05-25T13:47:34.127057+00:00,200,1.3,True,
2026-05-25T13:47:35.128545+00:00,200,1.21,True,
2026-05-25T13:47:36.129959+00:00,200,1.25,True,
2026-05-25T13:47:37.131526+00:00,200,0.79,True,
2026-05-25T13:47:38.132918+00:00,200,1.27,True,
2026-05-25T13:47:39.134521+00:00,200,0.75,True,
2026-05-25T13:47:40.135495+00:00,200,0.76,True,
2026-05-25T13:47:41.136435+00:00,200,0.74,True,
2026-05-25T13:47:42.137377+00:00,200,1.19,True,
2026-05-25T13:47:43.139335+00:00,200,1.17,True,
2026-05-25T13:47:44.140631+00:00,200,0.76,True,
2026-05-25T13:47:45.141583+00:00,200,1.23,True,
2026-05-25T13:47:46.143249+00:00,200,1.01,True,
2026-05-25T13:47:47.144437+00:00,200,1.27,True,
2026-05-25T13:47:48.145842+00:00,200,1.3,True,
2026-05-25T13:47:49.147348+00:00,200,0.74,True,
2026-05-25T13:47:50.148271+00:00,200,1.24,True,
2026-05-25T13:47:51.150019+00:00,200,0.75,True,
2026-05-25T13:47:52.150898+00:00,200,0.85,True,
2026-05-25T13:47:53.151887+00:00,200,0.81,True,
2026-05-25T13:47:54.152841+00:00,200,0.75,True,
2026-05-25T13:47:55.153722+00:00,200,0.74,True,
2026-05-25T13:47:56.154550+00:00,200,0.87,True,
2026-05-25T13:47:57.155604+00:00,200,1.22,True,
2026-05-25T13:47:58.156981+00:00,200,1.24,True,
2026-05-25T13:47:59.158434+00:00,200,1.25,True,
2026-05-25T13:48:00.160183+00:00,200,1.14,True,
2026-05-25T13:48:01.161477+00:00,200,0.75,True,
2026-05-25T13:48:02.162434+00:00,200,1.23,True,
2026-05-25T13:48:03.163938+00:00,200,1.19,True,
2026-05-25T13:48:04.165272+00:00,200,1.28,True,
2026-05-25T13:48:05.166683+00:00,200,0.75,True,
2026-05-25T13:48:06.167559+00:00,200,1.22,True,
2026-05-25T13:48:07.168919+00:00,200,1.19,True,
2026-05-25T13:48:08.170298+00:00,200,1.21,True,
2026-05-25T13:48:09.171775+00:00,200,1.21,True,
2026-05-25T13:48:10.173117+00:00,200,0.81,True,
2026-05-25T13:48:11.174044+00:00,200,1.22,True,
2026-05-25T13:48:12.175387+00:00,200,0.87,True,
2026-05-25T13:48:13.176468+00:00,200,1.27,True,
2026-05-25T13:48:14.178158+00:00,200,2.44,True,
2026-05-25T13:48:15.181111+00:00,200,1.32,True,
2026-05-25T13:48:16.182654+00:00,200,1.21,True,
2026-05-25T13:48:17.184150+00:00,200,1.21,True,
2026-05-25T13:48:18.186213+00:00,200,1.27,True,
2026-05-25T13:48:19.187553+00:00,200,0.8,True,
2026-05-25T13:48:20.188793+00:00,200,0.83,True,
2026-05-25T13:48:21.189769+00:00,200,1.23,True,
2026-05-25T13:48:22.191317+00:00,200,1.32,True,
2026-05-25T13:48:23.192792+00:00,200,1.14,True,
2026-05-25T13:48:24.194454+00:00,200,0.79,True,
2026-05-25T13:48:25.195384+00:00,200,0.82,True,
2026-05-25T13:48:26.196335+00:00,200,1.26,True,
2026-05-25T13:48:27.197680+00:00,200,0.83,True,
2026-05-25T13:48:28.198626+00:00,200,1.34,True,
2026-05-25T13:48:29.200273+00:00,200,0.72,True,
2026-05-25T13:48:30.201293+00:00,200,1.24,True,
2026-05-25T13:48:31.202652+00:00,200,0.72,True,
2026-05-25T13:48:32.203493+00:00,200,0.77,True,
2026-05-25T13:48:33.204451+00:00,200,1.23,True,
2026-05-25T13:48:34.205855+00:00,200,1.68,True,
2026-05-25T13:48:35.207698+00:00,200,1.37,True,
2026-05-25T13:48:36.209220+00:00,200,1.18,True,
2026-05-25T13:48:37.210766+00:00,200,1.32,True,
2026-05-25T13:48:38.212390+00:00,200,1.34,True,
2026-05-25T13:48:39.213904+00:00,200,1.13,True,
2026-05-25T13:48:40.215358+00:00,200,1.19,True,
2026-05-25T13:48:41.216636+00:00,200,0.88,True,
2026-05-25T13:48:42.217771+00:00,200,1.14,True,
2026-05-25T13:48:43.219527+00:00,200,1.39,True,
2026-05-25T13:48:44.221092+00:00,200,1.19,True,
2026-05-25T13:48:45.222433+00:00,200,1.15,True,
2026-05-25T13:48:46.223710+00:00,200,1.19,True,
2026-05-25T13:48:47.225081+00:00,200,1.21,True,
2026-05-25T13:48:48.226533+00:00,200,1.12,True,
2026-05-25T13:48:49.227797+00:00,200,0.73,True,
2026-05-25T13:48:50.228784+00:00,200,0.73,True,
2026-05-25T13:48:51.229709+00:00,200,1.18,True,
2026-05-25T13:48:52.231206+00:00,200,1.12,True,
2026-05-25T13:48:53.232902+00:00,200,0.76,True,
2026-05-25T13:48:54.233794+00:00,200,1.07,True,
2026-05-25T13:48:55.235163+00:00,200,1.17,True,
2026-05-25T13:48:56.236475+00:00,200,1.44,True,
2026-05-25T13:48:57.238127+00:00,200,1.23,True,
2026-05-25T13:48:58.239552+00:00,200,0.73,True,
2026-05-25T13:48:59.240454+00:00,200,0.78,True,
2026-05-25T13:49:00.241425+00:00,200,1.3,True,
2026-05-25T13:49:01.242868+00:00,200,1.17,True,
2026-05-25T13:49:02.244236+00:00,200,0.82,True,
2026-05-25T13:49:03.245531+00:00,200,1.14,True,
2026-05-25T13:49:04.247185+00:00,200,1.22,True,
2026-05-25T13:49:05.248777+00:00,200,0.81,True,
2026-05-25T13:49:06.249854+00:00,200,1.18,True,
2026-05-25T13:49:07.251217+00:00,200,1.17,True,
2026-05-25T13:49:08.253124+00:00,200,0.84,True,
2026-05-25T13:49:09.254142+00:00,200,1.14,True,
2026-05-25T13:49:10.255522+00:00,200,0.77,True,
2026-05-25T13:49:11.256443+00:00,200,0.73,True,
2026-05-25T13:49:12.257310+00:00,200,0.82,True,
2026-05-25T13:49:13.258321+00:00,200,0.73,True,
2026-05-25T13:49:14.259202+00:00,200,1.22,True,
2026-05-25T13:49:15.260654+00:00,200,1.24,True,
2026-05-25T13:49:16.262033+00:00,200,0.85,True,
2026-05-25T13:49:17.263065+00:00,200,1.1,True,
2026-05-25T13:49:18.264335+00:00,200,0.78,True,
2026-05-25T13:49:19.265284+00:00,200,1.17,True,
2026-05-25T13:49:20.266690+00:00,200,0.76,True,
2026-05-25T13:49:21.267596+00:00,200,0.82,True,
2026-05-25T13:49:22.268625+00:00,200,1.29,True,
2026-05-25T13:49:23.270095+00:00,200,0.84,True,
2026-05-25T13:49:24.271101+00:00,200,1.16,True,
2026-05-25T13:49:25.272476+00:00,200,0.91,True,
2026-05-25T13:49:26.273643+00:00,200,1.15,True,
2026-05-25T13:49:27.275085+00:00,200,0.76,True,
2026-05-25T13:49:28.276002+00:00,200,1.23,True,
2026-05-25T13:49:29.277438+00:00,200,0.75,True,
2026-05-25T13:49:30.278400+00:00,200,1.4,True,
2026-05-25T13:49:31.280098+00:00,200,0.75,True,
2026-05-25T13:49:32.280917+00:00,200,1.11,True,
2026-05-25T13:49:33.282350+00:00,200,1.2,True,
2026-05-25T13:49:34.283878+00:00,200,1.57,True,
2026-05-25T13:49:35.285696+00:00,200,1.49,True,
2026-05-25T13:49:36.287410+00:00,200,1.27,True,
2026-05-25T13:49:37.289089+00:00,200,1.23,True,
2026-05-25T13:49:38.290559+00:00,200,1.51,True,
2026-05-25T13:49:39.292244+00:00,200,1.23,True,
2026-05-25T13:49:40.293611+00:00,200,1.15,True,
2026-05-25T13:49:41.294961+00:00,200,1.21,True,
2026-05-25T13:49:42.296865+00:00,200,0.86,True,
2026-05-25T13:49:43.297876+00:00,200,0.77,True,
2026-05-25T13:49:44.298780+00:00,200,0.81,True,
2026-05-25T13:49:45.299725+00:00,200,0.86,True,
2026-05-25T13:49:46.300712+00:00,200,1.08,True,
2026-05-25T13:49:47.302078+00:00,200,0.76,True,
2026-05-25T13:49:48.303016+00:00,200,1.17,True,
2026-05-25T13:49:49.304318+00:00,200,0.74,True,
2026-05-25T13:49:50.305238+00:00,200,0.76,True,
2026-05-25T13:49:51.306113+00:00,200,1.33,True,
2026-05-25T13:49:52.307589+00:00,200,1.3,True,
2026-05-25T13:49:53.309350+00:00,200,1.18,True,
2026-05-25T13:49:54.310659+00:00,200,1.19,True,
2026-05-25T13:49:55.312014+00:00,200,1.12,True,
2026-05-25T13:49:56.313275+00:00,200,0.83,True,
2026-05-25T13:49:57.314244+00:00,200,1.25,True,
2026-05-25T13:49:58.315603+00:00,200,1.28,True,
2026-05-25T13:49:59.317070+00:00,200,0.77,True,
2026-05-25T13:50:00.317929+00:00,200,1.2,True,
2026-05-25T13:50:01.319449+00:00,200,0.99,True,
2026-05-25T13:50:02.320850+00:00,200,1.21,True,
2026-05-25T13:50:03.322249+00:00,200,1.54,True,
2026-05-25T13:50:04.323969+00:00,200,1.51,True,
2026-05-25T13:50:05.325568+00:00,200,1.44,True,
2026-05-25T13:50:06.327153+00:00,200,1.5,True,
2026-05-25T13:50:07.328803+00:00,200,1.51,True,
2026-05-25T13:50:08.330534+00:00,200,2.57,True,
2026-05-25T13:50:09.333551+00:00,200,5.42,True,
2026-05-25T13:50:10.339441+00:00,200,3.6,True,
2026-05-25T13:50:11.343315+00:00,200,2.42,True,
2026-05-25T13:50:12.345935+00:00,200,2.07,True,
2026-05-25T13:50:13.348357+00:00,200,2.43,True,
2026-05-25T13:50:14.351078+00:00,200,1.68,True,
2026-05-25T13:50:15.352963+00:00,200,2.01,True,
2026-05-25T13:50:16.355266+00:00,200,4.48,True,
2026-05-25T13:50:17.360086+00:00,200,2.9,True,
2026-05-25T13:50:18.363502+00:00,200,2.42,True,
2026-05-25T13:50:19.366296+00:00,200,0.85,True,
2026-05-25T13:50:20.367434+00:00,200,1.3,True,
2026-05-25T13:50:21.369359+00:00,200,1.41,True,
2026-05-25T13:50:22.370949+00:00,200,2.55,True,
2026-05-25T13:50:23.373740+00:00,200,2.94,True,
2026-05-25T13:50:24.376908+00:00,200,1.94,True,
2026-05-25T13:50:25.379105+00:00,200,4.35,True,
2026-05-25T13:50:26.383659+00:00,200,3.2,True,
2026-05-25T13:50:27.387085+00:00,200,3.42,True,
2026-05-25T13:50:28.391004+00:00,200,1.56,True,
2026-05-25T13:50:29.392710+00:00,200,1.86,True,
2026-05-25T13:50:30.395120+00:00,200,2.38,True,
2026-05-25T13:50:31.397714+00:00,200,0.99,True,
2026-05-25T13:50:32.399011+00:00,200,2.73,True,
2026-05-25T13:50:33.401985+00:00,200,7.89,True,
2026-05-25T13:50:34.410211+00:00,200,1.38,True,
2026-05-25T13:50:35.411926+00:00,200,6.53,True,
2026-05-25T13:50:36.418765+00:00,200,2.85,True,
2026-05-25T13:50:37.421874+00:00,200,3.5,True,
2026-05-25T13:50:38.425906+00:00,200,1.79,True,
2026-05-25T13:50:39.428471+00:00,200,1.95,True,
2026-05-25T13:50:40.430769+00:00,200,5.68,True,
2026-05-25T13:50:41.436889+00:00,200,2.21,True,
2026-05-25T13:50:42.439419+00:00,200,4.19,True,
2026-05-25T13:50:43.443990+00:00,200,2.09,True,
2026-05-25T13:50:44.446292+00:00,200,4.4,True,
2026-05-25T13:50:45.451023+00:00,200,2.93,True,
2026-05-25T13:50:46.454346+00:00,200,1.85,True,
2026-05-25T13:50:47.457681+00:00,200,3.59,True,
2026-05-25T13:50:48.461616+00:00,200,3.15,True,
2026-05-25T13:50:49.465017+00:00,200,2.5,True,
2026-05-25T13:50:50.468222+00:00,200,1.91,True,
2026-05-25T13:50:51.470368+00:00,200,3.63,True,
2026-05-25T13:50:52.474789+00:00,200,4.85,True,
2026-05-25T13:50:53.480291+00:00,200,1.16,True,
2026-05-25T13:50:54.481672+00:00,200,7.93,True,
2026-05-25T13:50:55.489964+00:00,200,2.61,True,
2026-05-25T13:50:56.492918+00:00,200,1.9,True,
2026-05-25T13:50:57.495349+00:00,200,3.5,True,
2026-05-25T13:50:58.499133+00:00,200,1.44,True,
2026-05-25T13:50:59.500739+00:00,200,1.75,True,
2026-05-25T13:51:00.502960+00:00,200,3.38,True,
2026-05-25T13:51:01.507004+00:00,200,1.42,True,
2026-05-25T13:51:02.509595+00:00,200,2.23,True,
2026-05-25T13:51:03.512096+00:00,200,7.54,True,
2026-05-25T13:51:04.520082+00:00,200,2.83,True,
2026-05-25T13:51:05.523259+00:00,200,3.16,True,
2026-05-25T13:51:06.526899+00:00,200,3.41,True,
2026-05-25T13:51:07.530757+00:00,200,1.94,True,
2026-05-25T13:51:08.532935+00:00,200,3.29,True,
2026-05-25T13:51:09.536464+00:00,200,1.72,True,
2026-05-25T13:51:10.538582+00:00,200,2.6,True,
2026-05-25T13:51:11.541382+00:00,200,2.89,True,
2026-05-25T13:51:12.544595+00:00,200,4.9,True,
2026-05-25T13:51:13.549748+00:00,200,2.52,True,
2026-05-25T13:51:14.552488+00:00,200,2.42,True,
2026-05-25T13:51:15.555148+00:00,200,2.51,True,
2026-05-25T13:51:16.557878+00:00,200,1.73,True,
2026-05-25T13:51:17.559811+00:00,200,2.93,True,
2026-05-25T13:51:18.562986+00:00,200,4.69,True,
2026-05-25T13:51:19.568563+00:00,200,3.45,True,
2026-05-25T13:51:20.572316+00:00,200,3.28,True,
2026-05-25T13:51:21.575804+00:00,200,1.36,True,
2026-05-25T13:51:22.577371+00:00,200,2.22,True,
2026-05-25T13:51:23.579802+00:00,200,3.34,True,
2026-05-25T13:51:24.583703+00:00,200,8.5,True,
2026-05-25T13:51:25.592699+00:00,200,1.84,True,
2026-05-25T13:51:26.595615+00:00,200,3.89,True,
2026-05-25T13:51:27.599960+00:00,200,2.04,True,
2026-05-25T13:51:28.602407+00:00,200,5.37,True,
2026-05-25T13:51:29.608067+00:00,200,1.56,True,
2026-05-25T13:51:30.610056+00:00,200,2.16,True,
2026-05-25T13:51:31.612537+00:00,200,2.76,True,
2026-05-25T13:51:32.615573+00:00,200,2.83,True,
2026-05-25T13:51:33.618845+00:00,200,3.39,True,
2026-05-25T13:51:34.622954+00:00,200,2.43,True,
2026-05-25T13:51:35.625637+00:00,200,3.01,True,
2026-05-25T13:51:36.628867+00:00,200,1.53,True,
2026-05-25T13:51:37.632918+00:00,200,4.0,True,
2026-05-25T13:51:38.637472+00:00,200,5.88,True,
2026-05-25T13:51:39.643717+00:00,200,1.7,True,
2026-05-25T13:51:40.645789+00:00,200,5.18,True,
2026-05-25T13:51:41.651797+00:00,200,4.25,True,
2026-05-25T13:51:42.656411+00:00,200,3.37,True,
2026-05-25T13:51:43.660150+00:00,200,3.29,True,
2026-05-25T13:51:44.664023+00:00,200,4.11,True,
2026-05-25T13:51:45.668368+00:00,200,1.83,True,
2026-05-25T13:51:46.670547+00:00,200,3.06,True,
2026-05-25T13:51:47.674029+00:00,200,7.06,True,
2026-05-25T13:51:48.681388+00:00,200,4.56,True,
2026-05-25T13:51:49.686324+00:00,200,2.1,True,
2026-05-25T13:51:50.688699+00:00,200,2.79,True,
2026-05-25T13:51:51.691706+00:00,200,2.46,True,
2026-05-25T13:51:52.694742+00:00,200,2.93,True,
2026-05-25T13:51:53.697855+00:00,200,2.09,True,
2026-05-25T13:51:54.700313+00:00,200,8.35,True,
2026-05-25T13:51:55.708902+00:00,200,2.89,True,
2026-05-25T13:51:56.711950+00:00,200,2.75,True,
2026-05-25T13:51:57.714965+00:00,200,2.12,True,
2026-05-25T13:51:58.717441+00:00,200,2.77,True,
2026-05-25T13:51:59.720566+00:00,200,1.36,True,
2026-05-25T13:52:00.722637+00:00,200,2.3,True,
2026-05-25T13:52:01.725155+00:00,200,1.79,True,
2026-05-25T13:52:02.727135+00:00,200,5.2,True,
2026-05-25T13:52:03.732623+00:00,200,1.46,True,
2026-05-25T13:52:04.734358+00:00,200,2.96,True,
2026-05-25T13:52:05.737649+00:00,200,2.37,True,
2026-05-25T13:52:06.740210+00:00,200,1.17,True,
2026-05-25T13:52:07.741661+00:00,200,4.0,True,
2026-05-25T13:52:08.746657+00:00,200,2.87,True,
2026-05-25T13:52:09.749771+00:00,200,2.21,True,
2026-05-25T13:52:10.752353+00:00,200,2.93,True,
2026-05-25T13:52:11.755658+00:00,200,0.85,True,
2026-05-25T13:52:12.756670+00:00,200,3.5,True,
2026-05-25T13:52:13.760491+00:00,200,3.85,True,
2026-05-25T13:52:14.764618+00:00,200,1.21,True,
2026-05-25T13:52:15.766049+00:00,200,4.47,True,
2026-05-25T13:52:16.770821+00:00,200,2.7,True,
2026-05-25T13:52:17.773717+00:00,200,1.56,True,
2026-05-25T13:52:18.775552+00:00,200,2.4,True,
2026-05-25T13:52:19.778317+00:00,200,2.02,True,
2026-05-25T13:52:20.780664+00:00,200,3.78,True,
2026-05-25T13:52:21.784747+00:00,200,2.57,True,
2026-05-25T13:52:22.787587+00:00,200,4.24,True,
2026-05-25T13:52:23.792279+00:00,200,2.87,True,
2026-05-25T13:52:24.795374+00:00,200,2.73,True,
2026-05-25T13:52:25.798368+00:00,200,2.61,True,
2026-05-25T13:52:26.801275+00:00,200,8.33,True,
2026-05-25T13:52:27.809894+00:00,200,0.85,True,
2026-05-25T13:52:28.810928+00:00,200,2.88,True,
2026-05-25T13:52:29.814081+00:00,200,2.7,True,
2026-05-25T13:52:30.817109+00:00,200,6.39,True,
2026-05-25T13:52:31.823749+00:00,200,1.55,True,
2026-05-25T13:52:32.825567+00:00,200,3.88,True,
2026-05-25T13:52:33.829680+00:00,200,2.94,True,
2026-05-25T13:52:34.832845+00:00,200,2.05,True,
2026-05-25T13:52:35.835149+00:00,200,3.0,True,
2026-05-25T13:52:36.838409+00:00,200,3.44,True,
2026-05-25T13:52:37.842045+00:00,200,0.85,True,
2026-05-25T13:52:38.843046+00:00,200,1.76,True,
2026-05-25T13:52:39.845013+00:00,200,1.02,True,
2026-05-25T13:52:40.846261+00:00,200,3.4,True,
2026-05-25T13:52:41.850127+00:00,200,1.95,True,
2026-05-25T13:52:42.852335+00:00,200,2.06,True,
2026-05-25T13:52:43.854606+00:00,200,0.82,True,
2026-05-25T13:52:44.855575+00:00,200,1.47,True,
2026-05-25T13:52:45.857208+00:00,200,1.74,True,
2026-05-25T13:52:46.859173+00:00,200,3.26,True,
2026-05-25T13:52:47.862896+00:00,200,1.44,True,
2026-05-25T13:52:48.864732+00:00,200,2.95,True,
2026-05-25T13:52:49.867876+00:00,200,0.89,True,
2026-05-25T13:52:50.869882+00:00,200,1.66,True,
2026-05-25T13:52:51.871725+00:00,200,4.93,True,
2026-05-25T13:52:52.877138+00:00,200,1.83,True,
2026-05-25T13:52:53.879253+00:00,200,2.65,True,
2026-05-25T13:52:54.882302+00:00,200,2.75,True,
2026-05-25T13:52:55.885257+00:00,200,3.34,True,
2026-05-25T13:52:56.888833+00:00,200,3.54,True,
2026-05-25T13:52:57.892738+00:00,200,1.64,True,
2026-05-25T13:52:58.894565+00:00,200,2.94,True,
2026-05-25T13:52:59.897770+00:00,200,2.27,True,
2026-05-25T13:53:00.900231+00:00,200,3.32,True,
2026-05-25T13:53:01.903760+00:00,200,0.78,True,
2026-05-25T13:53:02.904699+00:00,200,2.96,True,
2026-05-25T13:53:03.907851+00:00,200,2.43,True,
2026-05-25T13:53:04.910569+00:00,200,1.84,True,
2026-05-25T13:53:05.912752+00:00,200,5.85,True,
2026-05-25T13:53:06.918863+00:00,200,3.64,True,
2026-05-25T13:53:07.922713+00:00,200,3.31,True,
2026-05-25T13:53:08.926230+00:00,200,2.88,True,
2026-05-25T13:53:09.929916+00:00,200,1.8,True,
2026-05-25T13:53:10.931988+00:00,200,1.55,True,
2026-05-25T13:53:11.933825+00:00,200,1.22,True,
2026-05-25T13:53:12.935344+00:00,200,2.67,True,
2026-05-25T13:53:13.938241+00:00,200,4.01,True,
2026-05-25T13:53:14.942682+00:00,200,1.16,True,
2026-05-25T13:53:15.944578+00:00,200,5.68,True,
2026-05-25T13:53:16.950531+00:00,200,4.36,True,
2026-05-25T13:53:17.955091+00:00,200,1.88,True,
2026-05-25T13:53:18.957271+00:00,200,6.46,True,
2026-05-25T13:53:19.964119+00:00,200,1.65,True,
2026-05-25T13:53:20.966191+00:00,200,1.46,True,
2026-05-25T13:53:21.967944+00:00,200,1.19,True,
2026-05-25T13:53:22.969432+00:00,200,2.57,True,
2026-05-25T13:53:23.972330+00:00,200,3.06,True,
2026-05-25T13:53:24.975934+00:00,200,3.04,True,
2026-05-25T13:53:25.979245+00:00,200,6.87,True,
2026-05-25T13:53:26.986790+00:00,200,3.47,True,
2026-05-25T13:53:27.990582+00:00,200,1.84,True,
2026-05-25T13:53:28.992583+00:00,200,2.04,True,
2026-05-25T13:53:29.995798+00:00,200,3.15,True,
2026-05-25T13:53:30.999253+00:00,200,2.53,True,
2026-05-25T13:53:32.002019+00:00,200,2.91,True,
2026-05-25T13:53:33.005284+00:00,200,4.81,True,
2026-05-25T13:53:34.010443+00:00,200,2.32,True,
2026-05-25T13:53:35.013167+00:00,200,5.46,True,
2026-05-25T13:53:36.019180+00:00,200,2.68,True,
2026-05-25T13:53:37.022348+00:00,200,3.98,True,
2026-05-25T13:53:38.026691+00:00,200,1.79,True,
2026-05-25T13:53:39.028689+00:00,200,1.49,True,
2026-05-25T13:53:40.030618+00:00,200,4.51,True,
2026-05-25T13:53:41.036424+00:00,200,2.99,True,
2026-05-25T13:53:42.039919+00:00,200,1.71,True,
2026-05-25T13:53:43.041832+00:00,200,2.0,True,
2026-05-25T13:53:44.044923+00:00,200,3.0,True,
2026-05-25T13:53:45.048189+00:00,200,1.88,True,
2026-05-25T13:53:46.050310+00:00,200,10.43,True,
2026-05-25T13:53:47.061102+00:00,200,5.13,True,
2026-05-25T13:53:48.066611+00:00,200,2.86,True,
2026-05-25T13:53:49.070146+00:00,200,4.78,True,
2026-05-25T13:53:50.075311+00:00,200,3.62,True,
2026-05-25T13:53:51.079178+00:00,200,2.58,True,
2026-05-25T13:53:52.082054+00:00,200,4.03,True,
2026-05-25T13:53:53.086567+00:00,200,5.3,True,
2026-05-25T13:53:54.092230+00:00,200,6.63,True,
2026-05-25T13:53:55.099192+00:00,200,4.51,True,
2026-05-25T13:53:56.103957+00:00,200,3.85,True,
2026-05-25T13:53:57.108160+00:00,200,2.89,True,
2026-05-25T13:53:58.111821+00:00,200,3.69,True,
2026-05-25T13:53:59.115710+00:00,200,1.54,True,
2026-05-25T13:54:00.117496+00:00,200,4.89,True,
2026-05-25T13:54:01.122902+00:00,200,3.96,True,
2026-05-25T13:54:02.127231+00:00,200,5.0,True,
2026-05-25T13:54:03.132597+00:00,200,2.3,True,
2026-05-25T13:54:04.135116+00:00,200,1.65,True,
2026-05-25T13:54:05.138037+00:00,200,4.68,True,
2026-05-25T13:54:06.143147+00:00,200,1.73,True,
2026-05-25T13:54:07.145294+00:00,200,2.95,True,
2026-05-25T13:54:08.148727+00:00,200,1.78,True,
2026-05-25T13:54:09.150893+00:00,200,3.63,True,
2026-05-25T13:54:10.154772+00:00,200,3.57,True,
2026-05-25T13:54:11.158654+00:00,200,3.07,True,
2026-05-25T13:54:12.161971+00:00,200,2.43,True,
2026-05-25T13:54:13.164888+00:00,200,4.01,True,
2026-05-25T13:54:14.169330+00:00,200,3.26,True,
2026-05-25T13:54:15.173025+00:00,200,3.91,True,
2026-05-25T13:54:16.177317+00:00,200,5.16,True,
2026-05-25T13:54:17.182783+00:00,200,3.57,True,
2026-05-25T13:54:18.186564+00:00,200,1.89,True,
2026-05-25T13:54:19.188783+00:00,200,3.1,True,
2026-05-25T13:54:20.192156+00:00,200,1.79,True,
2026-05-25T13:54:21.194205+00:00,200,3.67,True,
2026-05-25T13:54:22.198282+00:00,200,2.19,True,
2026-05-25T13:54:23.200839+00:00,200,3.16,True,
2026-05-25T13:54:24.204295+00:00,200,3.21,True,
2026-05-25T13:54:25.207759+00:00,200,4.0,True,
2026-05-25T13:54:26.212033+00:00,200,2.24,True,
2026-05-25T13:54:27.214541+00:00,200,2.14,True,
2026-05-25T13:54:28.216876+00:00,200,1.48,True,
2026-05-25T13:54:29.218561+00:00,200,2.26,True,
2026-05-25T13:54:30.221041+00:00,200,3.76,True,
2026-05-25T13:54:31.225176+00:00,200,3.79,True,
2026-05-25T13:54:32.229166+00:00,200,1.43,True,
2026-05-25T13:54:33.231299+00:00,200,3.09,True,
2026-05-25T13:54:34.234645+00:00,200,2.53,True,
2026-05-25T13:54:35.237475+00:00,200,2.44,True,
2026-05-25T13:54:36.240156+00:00,200,2.94,True,
2026-05-25T13:54:37.243974+00:00,200,4.48,True,
2026-05-25T13:54:38.248739+00:00,200,1.56,True,
2026-05-25T13:54:39.250865+00:00,200,2.05,True,
2026-05-25T13:54:40.253170+00:00,200,2.64,True,
2026-05-25T13:54:41.256142+00:00,200,4.63,True,
2026-05-25T13:54:42.261016+00:00,200,1.9,True,
2026-05-25T13:54:43.263164+00:00,200,3.42,True,
2026-05-25T13:54:44.266888+00:00,200,3.2,True,
2026-05-25T13:54:45.270283+00:00,200,1.46,True,
2026-05-25T13:54:46.271993+00:00,200,2.19,True,
2026-05-25T13:54:47.274437+00:00,200,1.68,True,
2026-05-25T13:54:48.276396+00:00,200,2.55,True,
2026-05-25T13:54:49.279234+00:00,200,3.0,True,
2026-05-25T13:54:50.282480+00:00,200,1.2,True,
2026-05-25T13:54:51.284036+00:00,200,3.12,True,
2026-05-25T13:54:52.287476+00:00,200,2.21,True,
2026-05-25T13:54:53.290091+00:00,200,7.8,True,
2026-05-25T13:54:54.298335+00:00,200,1.51,True,
2026-05-25T13:54:55.300069+00:00,200,3.33,True,
2026-05-25T13:54:56.303625+00:00,200,2.34,True,
2026-05-25T13:54:57.306234+00:00,200,2.86,True,
2026-05-25T13:54:58.309383+00:00,200,2.68,True,
2026-05-25T13:54:59.312251+00:00,200,1.53,True,
2026-05-25T13:55:00.314016+00:00,200,3.18,True,
2026-05-25T13:55:01.317437+00:00,200,4.12,True,
2026-05-25T13:55:02.322173+00:00,200,1.69,True,
2026-05-25T13:55:03.324359+00:00,200,3.24,True,
2026-05-25T13:55:04.328073+00:00,200,3.53,True,
2026-05-25T13:55:05.331819+00:00,200,2.63,True,
2026-05-25T13:55:06.334707+00:00,200,3.01,True,
2026-05-25T13:55:07.337936+00:00,200,2.64,True,
2026-05-25T13:55:08.340786+00:00,200,2.71,True,
2026-05-25T13:55:09.343659+00:00,200,1.72,True,
2026-05-25T13:55:10.345768+00:00,200,3.34,True,
2026-05-25T13:55:11.349543+00:00,200,2.58,True,
2026-05-25T13:55:12.352342+00:00,200,2.18,True,
2026-05-25T13:55:13.354736+00:00,200,1.48,True,
2026-05-25T13:55:14.356458+00:00,200,3.17,True,
2026-05-25T13:55:15.359904+00:00,200,4.35,True,
2026-05-25T13:55:16.364494+00:00,200,5.15,True,
2026-05-25T13:55:17.370147+00:00,200,5.36,True,
2026-05-25T13:55:18.375756+00:00,200,1.57,True,
2026-05-25T13:55:19.378297+00:00,200,3.4,True,
2026-05-25T13:55:20.381949+00:00,200,2.76,True,
2026-05-25T13:55:21.385210+00:00,200,2.82,True,
2026-05-25T13:55:22.388856+00:00,200,2.78,True,
2026-05-25T13:55:23.392258+00:00,200,1.99,True,
2026-05-25T13:55:24.395171+00:00,200,6.05,True,
2026-05-25T13:55:25.401815+00:00,200,4.95,True,
2026-05-25T13:55:26.407026+00:00,200,1.58,True,
2026-05-25T13:55:27.409334+00:00,200,16.31,True,
2026-05-25T13:55:28.427539+00:00,200,1.0,True,
2026-05-25T13:55:29.428723+00:00,200,1.55,True,
2026-05-25T13:55:30.430914+00:00,200,5.29,True,
2026-05-25T13:55:31.436668+00:00,200,1.83,True,
2026-05-25T13:55:32.439320+00:00,200,3.13,True,
2026-05-25T13:55:33.443412+00:00,200,1.1,True,
2026-05-25T13:55:34.444672+00:00,200,2.91,True,
2026-05-25T13:55:35.447913+00:00,200,3.22,True,
2026-05-25T13:55:36.451397+00:00,200,3.18,True,
2026-05-25T13:55:37.455025+00:00,200,0.96,True,
2026-05-25T13:55:38.456310+00:00,200,1.47,True,
2026-05-25T13:55:39.457971+00:00,200,2.46,True,
2026-05-25T13:55:40.460653+00:00,200,1.73,True,
2026-05-25T13:55:41.462917+00:00,200,2.21,True,
2026-05-25T13:55:42.465936+00:00,200,2.14,True,
2026-05-25T13:55:43.469035+00:00,200,3.4,True,
2026-05-25T13:55:44.473074+00:00,200,2.52,True,
2026-05-25T13:55:45.475893+00:00,200,4.72,True,
2026-05-25T13:55:46.481001+00:00,200,2.31,True,
2026-05-25T13:55:47.483744+00:00,200,6.85,True,
2026-05-25T13:55:48.490916+00:00,200,2.01,True,
2026-05-25T13:55:49.493185+00:00,200,2.1,True,
2026-05-25T13:55:50.495599+00:00,200,1.53,True,
2026-05-25T13:55:51.497361+00:00,200,2.87,True,
2026-05-25T13:55:52.500564+00:00,200,1.83,True,
2026-05-25T13:55:53.502654+00:00,200,2.73,True,
2026-05-25T13:55:54.505785+00:00,200,4.15,True,
2026-05-25T13:55:55.510200+00:00,200,7.81,True,
2026-05-25T13:55:56.519054+00:00,200,2.82,True,
2026-05-25T13:55:57.522094+00:00,200,3.72,True,
2026-05-25T13:55:58.526064+00:00,200,2.54,True,
2026-05-25T13:55:59.528923+00:00,200,1.42,True,
2026-05-25T13:56:00.530575+00:00,200,1.84,True,
2026-05-25T13:56:01.532666+00:00,200,3.64,True,
2026-05-25T13:56:02.536562+00:00,200,3.58,True,
2026-05-25T13:56:03.540384+00:00,200,3.12,True,
2026-05-25T13:56:04.543822+00:00,200,5.54,True,
2026-05-25T13:56:05.549947+00:00,200,1.99,True,
2026-05-25T13:56:06.552148+00:00,200,1.3,True,
2026-05-25T13:56:07.553636+00:00,200,6.19,True,
2026-05-25T13:56:08.560191+00:00,200,2.6,True,
2026-05-25T13:56:09.563086+00:00,200,1.41,True,
2026-05-25T13:56:10.566037+00:00,200,3.39,True,
2026-05-25T13:56:11.569704+00:00,200,5.0,True,
2026-05-25T13:56:12.575086+00:00,200,2.15,True,
2026-05-25T13:56:13.577552+00:00,200,3.83,True,
2026-05-25T13:56:14.581593+00:00,200,1.72,True,
2026-05-25T13:56:15.583721+00:00,200,1.93,True,
2026-05-25T13:56:16.585863+00:00,200,2.09,True,
2026-05-25T13:56:17.588431+00:00,200,3.71,True,
2026-05-25T13:56:18.592645+00:00,200,1.79,True,
2026-05-25T13:56:19.594633+00:00,200,2.49,True,
2026-05-25T13:56:20.597363+00:00,200,2.0,True,
2026-05-25T13:56:21.599879+00:00,200,5.12,True,
2026-05-25T13:56:22.605476+00:00,200,2.61,True,
2026-05-25T13:56:23.608495+00:00,200,2.32,True,
2026-05-25T13:56:24.611063+00:00,200,1.28,True,
2026-05-25T13:56:25.612657+00:00,200,5.62,True,
2026-05-25T13:56:26.618572+00:00,200,1.35,True,
2026-05-25T13:56:27.620415+00:00,200,2.66,True,
2026-05-25T13:56:28.623785+00:00,200,2.82,True,
2026-05-25T13:56:29.626803+00:00,200,1.03,True,
2026-05-25T13:56:30.628134+00:00,200,1.22,True,
2026-05-25T13:56:31.629527+00:00,200,2.31,True,
2026-05-25T13:56:32.632086+00:00,200,2.6,True,
2026-05-25T13:56:33.634940+00:00,200,3.3,True,
2026-05-25T13:56:34.638678+00:00,200,1.97,True,
2026-05-25T13:56:35.640837+00:00,200,1.81,True,
2026-05-25T13:56:36.642849+00:00,200,1.25,True,
2026-05-25T13:56:37.644272+00:00,200,3.59,True,
2026-05-25T13:56:38.648150+00:00,200,2.84,True,
2026-05-25T13:56:39.651339+00:00,200,3.01,True,
2026-05-25T13:56:40.654580+00:00,200,3.65,True,
2026-05-25T13:56:41.658899+00:00,200,4.84,True,
2026-05-25T13:56:42.664294+00:00,200,2.81,True,
2026-05-25T13:56:43.667358+00:00,200,3.59,True,
2026-05-25T13:56:44.671415+00:00,200,2.81,True,
2026-05-25T13:56:45.674541+00:00,200,3.96,True,
2026-05-25T13:56:46.678855+00:00,200,2.16,True,
2026-05-25T13:56:47.681553+00:00,200,2.04,True,
2026-05-25T13:56:48.684333+00:00,200,2.56,True,
2026-05-25T13:56:49.687101+00:00,200,3.16,True,
2026-05-25T13:56:50.690536+00:00,200,1.39,True,
2026-05-25T13:56:51.692100+00:00,200,2.04,True,
2026-05-25T13:56:52.694344+00:00,200,2.31,True,
2026-05-25T13:56:53.696814+00:00,200,1.76,True,
2026-05-25T13:56:54.698845+00:00,200,3.35,True,
2026-05-25T13:56:55.702622+00:00,200,2.64,True,
2026-05-25T13:56:56.705685+00:00,200,2.97,True,
2026-05-25T13:56:57.709543+00:00,200,2.51,True,
2026-05-25T13:56:58.712310+00:00,200,1.81,True,
2026-05-25T13:56:59.714321+00:00,200,1.26,True,
2026-05-25T13:57:00.715675+00:00,200,2.98,True,
2026-05-25T13:57:01.719075+00:00,200,1.85,True,
2026-05-25T13:57:02.721172+00:00,200,4.78,True,
2026-05-25T13:57:03.726163+00:00,200,1.3,True,
2026-05-25T13:57:04.727599+00:00,200,1.79,True,
2026-05-25T13:57:05.729728+00:00,200,2.72,True,
2026-05-25T13:57:06.732936+00:00,200,2.41,True,
2026-05-25T13:57:07.735655+00:00,200,3.63,True,
2026-05-25T13:57:08.739553+00:00,200,6.53,True,
2026-05-25T13:57:09.746527+00:00,200,2.67,True,
2026-05-25T13:57:10.749479+00:00,200,11.36,True,
2026-05-25T13:57:11.761159+00:00,200,1.31,True,
2026-05-25T13:57:12.762579+00:00,200,1.54,True,
2026-05-25T13:57:13.764346+00:00,200,2.22,True,
2026-05-25T13:57:14.766963+00:00,200,5.19,True,
2026-05-25T13:57:15.772416+00:00,200,2.36,True,
2026-05-25T13:57:16.775047+00:00,200,4.31,True,
2026-05-25T13:57:17.779589+00:00,200,1.17,True,
2026-05-25T13:57:18.781123+00:00,200,2.48,True,
2026-05-25T13:57:19.784413+00:00,200,3.57,True,
2026-05-25T13:57:20.788617+00:00,200,4.51,True,
2026-05-25T13:57:21.794433+00:00,200,3.72,True,
2026-05-25T13:57:22.798437+00:00,200,4.77,True,
2026-05-25T13:57:23.803450+00:00,200,2.66,True,
2026-05-25T13:57:24.806429+00:00,200,2.59,True,
2026-05-25T13:57:25.809413+00:00,200,3.27,True,
2026-05-25T13:57:26.812923+00:00,200,2.63,True,
2026-05-25T13:57:27.815869+00:00,200,1.27,True,
2026-05-25T13:57:28.817327+00:00,200,4.27,True,
2026-05-25T13:57:29.821903+00:00,200,3.47,True,
2026-05-25T13:57:30.825746+00:00,200,4.54,True,
2026-05-25T13:57:31.830666+00:00,200,3.18,True,
2026-05-25T13:57:32.834147+00:00,200,4.18,True,
2026-05-25T13:57:33.838564+00:00,200,3.02,True,
2026-05-25T13:57:34.841813+00:00,200,2.32,True,
2026-05-25T13:57:35.844364+00:00,200,4.65,True,
2026-05-25T13:57:36.849349+00:00,200,4.87,True,
2026-05-25T13:57:37.854522+00:00,200,2.19,True,
2026-05-25T13:57:38.857105+00:00,200,3.47,True,
2026-05-25T13:57:39.860807+00:00,200,1.93,True,
2026-05-25T13:57:40.862922+00:00,200,3.67,True,
2026-05-25T13:57:41.868194+00:00,200,1.15,True,
2026-05-25T13:57:42.869497+00:00,200,5.42,True,
2026-05-25T13:57:43.875198+00:00,200,3.05,True,
2026-05-25T13:57:44.878499+00:00,200,3.18,True,
2026-05-25T13:57:45.881903+00:00,200,2.66,True,
2026-05-25T13:57:46.884806+00:00,200,3.89,True,
2026-05-25T13:57:47.889381+00:00,200,3.12,True,
2026-05-25T13:57:48.892922+00:00,200,1.95,True,
2026-05-25T13:57:49.895435+00:00,200,2.99,True,
2026-05-25T13:57:50.899888+00:00,200,2.51,True,
2026-05-25T13:57:51.902780+00:00,200,5.03,True,
2026-05-25T13:57:52.908080+00:00,200,2.18,True,
2026-05-25T13:57:53.910497+00:00,200,1.95,True,
2026-05-25T13:57:54.912712+00:00,200,1.22,True,
2026-05-25T13:57:55.914110+00:00,200,2.61,True,
2026-05-25T13:57:56.916910+00:00,200,2.07,True,
2026-05-25T13:57:57.919243+00:00,200,0.96,True,
2026-05-25T13:57:58.920569+00:00,200,2.35,True,
2026-05-25T13:57:59.923244+00:00,200,4.26,True,
2026-05-25T13:58:00.927813+00:00,200,1.8,True,
2026-05-25T13:58:01.930189+00:00,200,3.94,True,
2026-05-25T13:58:02.934559+00:00,200,6.34,True,
2026-05-25T13:58:03.941370+00:00,200,2.61,True,
2026-05-25T13:58:04.944198+00:00,200,1.85,True,
2026-05-25T13:58:05.946252+00:00,200,2.71,True,
2026-05-25T13:58:06.950345+00:00,200,3.23,True,
2026-05-25T13:58:07.953813+00:00,200,3.54,True,
2026-05-25T13:58:08.957826+00:00,200,2.09,True,
2026-05-25T13:58:09.960139+00:00,200,2.11,True,
2026-05-25T13:58:10.962788+00:00,200,3.49,True,
2026-05-25T13:58:11.966651+00:00,200,3.07,True,
2026-05-25T13:58:12.971391+00:00,200,4.67,True,
2026-05-25T13:58:13.976391+00:00,200,1.99,True,
2026-05-25T13:58:14.978582+00:00,200,2.72,True,
2026-05-25T13:58:15.982050+00:00,200,5.39,True,
2026-05-25T13:58:16.987737+00:00,200,3.01,True,
2026-05-25T13:58:17.991212+00:00,200,1.12,True,
2026-05-25T13:58:18.994591+00:00,200,5.05,True,
2026-05-25T13:58:19.999983+00:00,200,8.18,True,
2026-05-25T13:58:21.008523+00:00,200,4.63,True,
2026-05-25T13:58:22.013349+00:00,200,1.61,True,
2026-05-25T13:58:23.015164+00:00,200,6.73,True,
2026-05-25T13:58:24.022256+00:00,200,2.48,True,
2026-05-25T13:58:25.025011+00:00,200,3.28,True,
2026-05-25T13:58:26.028587+00:00,200,2.9,True,
2026-05-25T13:58:27.031868+00:00,200,5.37,True,
2026-05-25T13:58:28.037602+00:00,200,1.33,True,
2026-05-25T13:58:29.039169+00:00,200,1.51,True,
2026-05-25T13:58:30.041136+00:00,200,4.51,True,
2026-05-25T13:58:31.045990+00:00,200,4.25,True,
2026-05-25T13:58:32.050911+00:00,200,5.79,True,
2026-05-25T13:58:33.057817+00:00,200,3.03,True,
2026-05-25T13:58:34.061350+00:00,200,1.42,True,
2026-05-25T13:58:35.062957+00:00,200,1.71,True,
2026-05-25T13:58:36.064862+00:00,200,3.47,True,
2026-05-25T13:58:37.068622+00:00,200,6.13,True,
2026-05-25T13:58:38.075026+00:00,200,4.16,True,
2026-05-25T13:58:39.080087+00:00,200,9.76,True,
2026-05-25T13:58:40.090225+00:00,200,3.39,True,
2026-05-25T13:58:41.093911+00:00,200,2.9,True,
2026-05-25T13:58:42.097064+00:00,200,2.55,True,
2026-05-25T13:58:43.099953+00:00,200,5.06,True,
2026-05-25T13:58:44.105326+00:00,200,2.21,True,
2026-05-25T13:58:45.107765+00:00,200,2.36,True,
2026-05-25T13:58:46.110658+00:00,200,2.28,True,
2026-05-25T13:58:47.113249+00:00,200,5.49,True,
2026-05-25T13:58:48.119287+00:00,200,3.11,True,
2026-05-25T13:58:49.122789+00:00,200,3.38,True,
2026-05-25T13:58:50.126382+00:00,200,1.83,True,
2026-05-25T13:58:51.128679+00:00,200,2.83,True,
2026-05-25T13:58:52.131919+00:00,200,1.84,True,
2026-05-25T13:58:53.133996+00:00,200,7.36,True,
2026-05-25T13:58:54.141625+00:00,200,3.57,True,
2026-05-25T13:58:55.145650+00:00,200,6.43,True,
2026-05-25T13:58:56.152572+00:00,200,5.0,True,
2026-05-25T13:58:57.157848+00:00,200,1.86,True,
2026-05-25T13:58:58.159907+00:00,200,2.27,True,
2026-05-25T13:58:59.162417+00:00,200,0.91,True,
2026-05-25T13:59:00.163606+00:00,200,3.01,True,
2026-05-25T13:59:01.166867+00:00,200,2.54,True,
2026-05-25T13:59:02.169580+00:00,200,2.72,True,
2026-05-25T13:59:03.172593+00:00,200,1.21,True,
2026-05-25T13:59:04.173970+00:00,200,1.4,True,
2026-05-25T13:59:05.175670+00:00,200,4.12,True,
2026-05-25T13:59:06.179949+00:00,200,2.29,True,
2026-05-25T13:59:07.182585+00:00,200,10.58,True,
2026-05-25T13:59:08.193456+00:00,200,2.82,True,
2026-05-25T13:59:09.196540+00:00,200,1.53,True,
2026-05-25T13:59:10.199185+00:00,200,2.34,True,
2026-05-25T13:59:11.202172+00:00,200,2.83,True,
2026-05-25T13:59:12.205311+00:00,200,3.69,True,
2026-05-25T13:59:13.209329+00:00,200,3.16,True,
2026-05-25T13:59:14.212714+00:00,200,3.19,True,
2026-05-25T13:59:15.216163+00:00,200,1.95,True,
2026-05-25T13:59:16.218392+00:00,200,3.55,True,
2026-05-25T13:59:17.222763+00:00,200,2.64,True,
2026-05-25T13:59:18.225734+00:00,200,2.77,True,
2026-05-25T13:59:19.228809+00:00,200,3.41,True,
2026-05-25T13:59:20.232781+00:00,200,1.43,True,
2026-05-25T13:59:21.234612+00:00,200,6.57,True,
2026-05-25T13:59:22.241570+00:00,200,1.27,True,
2026-05-25T13:59:23.243021+00:00,200,0.99,True,
2026-05-25T13:59:24.244194+00:00,200,2.7,True,
2026-05-25T13:59:25.247306+00:00,200,1.51,True,
2026-05-25T13:59:26.249265+00:00,200,1.65,True,
2026-05-25T13:59:27.251154+00:00,200,2.04,True,
2026-05-25T13:59:28.253464+00:00,200,2.79,True,
2026-05-25T13:59:29.257121+00:00,200,2.94,True,
2026-05-25T13:59:30.260331+00:00,200,1.21,True,
2026-05-25T13:59:31.261713+00:00,200,3.13,True,
2026-05-25T13:59:32.265059+00:00,200,2.97,True,
2026-05-25T13:59:33.268184+00:00,200,2.22,True,
2026-05-25T13:59:34.270564+00:00,200,1.14,True,
2026-05-25T13:59:35.271896+00:00,200,2.47,True,
2026-05-25T13:59:36.274649+00:00,200,3.08,True,
2026-05-25T13:59:37.277968+00:00,200,2.66,True,
2026-05-25T13:59:38.280941+00:00,200,1.45,True,
2026-05-25T13:59:39.282625+00:00,200,2.19,True,
2026-05-25T13:59:40.285037+00:00,200,1.64,True,
2026-05-25T13:59:41.286872+00:00,200,2.66,True,
2026-05-25T13:59:42.290150+00:00,200,2.79,True,
2026-05-25T13:59:43.293237+00:00,200,2.95,True,
2026-05-25T13:59:44.296397+00:00,200,8.41,True,
2026-05-25T13:59:45.305112+00:00,200,3.6,True,
2026-05-25T13:59:46.308954+00:00,200,3.2,True,
2026-05-25T13:59:47.312399+00:00,200,2.33,True,
2026-05-25T13:59:48.315076+00:00,200,1.78,True,
2026-05-25T13:59:49.317078+00:00,200,2.38,True,
2026-05-25T13:59:50.319903+00:00,200,2.01,True,
2026-05-25T13:59:51.322170+00:00,200,1.22,True,
2026-05-25T13:59:52.323908+00:00,200,1.28,True,
2026-05-25T13:59:53.325885+00:00,200,2.67,True,
2026-05-25T13:59:54.328744+00:00,200,4.53,True,
2026-05-25T13:59:55.333550+00:00,200,4.16,True,
2026-05-25T13:59:56.338093+00:00,200,2.6,True,
2026-05-25T13:59:57.341034+00:00,200,5.34,True,
2026-05-25T13:59:58.346867+00:00,200,5.93,True,
2026-05-25T13:59:59.353033+00:00,200,1.37,True,
2026-05-25T14:00:00.354630+00:00,200,3.16,True,
2026-05-25T14:00:01.357993+00:00,200,0.97,True,
2026-05-25T14:00:02.359158+00:00,200,1.92,True,
2026-05-25T14:00:03.361227+00:00,200,5.85,True,
2026-05-25T14:00:04.367541+00:00,200,1.61,True,
2026-05-25T14:00:05.369369+00:00,200,3.8,True,
2026-05-25T14:00:06.373538+00:00,200,3.49,True,
2026-05-25T14:00:07.377719+00:00,200,2.65,True,
2026-05-25T14:00:08.380573+00:00,200,2.22,True,
2026-05-25T14:00:09.383087+00:00,200,3.98,True,
2026-05-25T14:00:10.387662+00:00,200,3.29,True,
2026-05-25T14:00:11.391189+00:00,200,1.24,True,
2026-05-25T14:00:12.392635+00:00,200,2.47,True,
2026-05-25T14:00:13.395746+00:00,200,4.13,True,
2026-05-25T14:00:14.400713+00:00,200,3.24,True,
2026-05-25T14:00:15.404308+00:00,200,4.06,True,
2026-05-25T14:00:16.408642+00:00,200,1.19,True,
2026-05-25T14:00:17.410450+00:00,200,2.52,True,
2026-05-25T14:00:18.413327+00:00,200,2.52,True,
2026-05-25T14:00:19.416199+00:00,200,2.81,True,
2026-05-25T14:00:20.419449+00:00,200,2.6,True,
2026-05-25T14:00:21.422629+00:00,200,2.59,True,
2026-05-25T14:00:22.425759+00:00,200,2.53,True,
2026-05-25T14:00:23.428537+00:00,200,3.08,True,
2026-05-25T14:00:24.432854+00:00,200,15.08,True,
2026-05-25T14:00:25.448218+00:00,200,4.1,True,
2026-05-25T14:00:26.452635+00:00,200,3.27,True,
2026-05-25T14:00:27.456244+00:00,200,7.47,True,
2026-05-25T14:00:28.464302+00:00,200,1.47,True,
2026-05-25T14:00:29.465975+00:00,200,1.62,True,
2026-05-25T14:00:30.468505+00:00,200,4.36,True,
2026-05-25T14:00:31.473601+00:00,200,2.34,True,
2026-05-25T14:00:32.476194+00:00,200,4.36,True,
2026-05-25T14:00:33.480821+00:00,200,5.09,True,
2026-05-25T14:00:34.486252+00:00,200,3.1,True,
2026-05-25T14:00:35.489604+00:00,200,2.85,True,
2026-05-25T14:00:36.492729+00:00,200,2.92,True,
2026-05-25T14:00:37.496405+00:00,200,2.91,True,
2026-05-25T14:00:38.499717+00:00,200,2.86,True,
2026-05-25T14:00:39.502823+00:00,200,1.86,True,
2026-05-25T14:00:40.504969+00:00,200,3.67,True,
2026-05-25T14:00:41.509024+00:00,200,2.8,True,
2026-05-25T14:00:42.512077+00:00,200,4.66,True,
2026-05-25T14:00:43.517020+00:00,200,2.5,True,
2026-05-25T14:00:44.519732+00:00,200,2.65,True,
2026-05-25T14:00:45.522702+00:00,200,2.0,True,
2026-05-25T14:00:46.524894+00:00,200,2.49,True,
2026-05-25T14:00:47.527635+00:00,200,2.02,True,
2026-05-25T14:00:48.530005+00:00,200,2.18,True,
2026-05-25T14:00:49.532436+00:00,200,2.5,True,
2026-05-25T14:00:50.535379+00:00,200,2.19,True,
2026-05-25T14:00:51.537992+00:00,200,5.26,True,
2026-05-25T14:00:52.543598+00:00,200,2.01,True,
2026-05-25T14:00:53.545981+00:00,200,3.16,True,
2026-05-25T14:00:54.549397+00:00,200,7.94,True,
2026-05-25T14:00:55.557854+00:00,200,2.53,True,
2026-05-25T14:00:56.560626+00:00,200,1.22,True,
2026-05-25T14:00:57.562204+00:00,200,5.32,True,
2026-05-25T14:00:58.568088+00:00,200,5.61,True,
2026-05-25T14:00:59.574101+00:00,200,1.87,True,
2026-05-25T14:01:00.576220+00:00,200,5.32,True,
2026-05-25T14:01:01.581956+00:00,200,1.59,True,
2026-05-25T14:01:02.583759+00:00,200,5.08,True,
2026-05-25T14:01:03.589296+00:00,200,4.22,True,
2026-05-25T14:01:04.593838+00:00,200,6.32,True,
2026-05-25T14:01:05.600664+00:00,200,1.88,True,
2026-05-25T14:01:06.602794+00:00,200,2.72,True,
2026-05-25T14:01:07.605754+00:00,200,3.18,True,
2026-05-25T14:01:08.609382+00:00,200,3.21,True,
2026-05-25T14:01:09.613028+00:00,200,3.11,True,
2026-05-25T14:01:10.616421+00:00,200,3.24,True,
2026-05-25T14:01:11.620192+00:00,200,6.61,True,
2026-05-25T14:01:12.627542+00:00,200,2.13,True,
2026-05-25T14:01:13.629985+00:00,200,5.08,True,
2026-05-25T14:01:14.635424+00:00,200,2.96,True,
2026-05-25T14:01:15.638673+00:00,200,3.07,True,
2026-05-25T14:01:16.642643+00:00,200,1.67,True,
2026-05-25T14:01:17.644757+00:00,200,7.82,True,
2026-05-25T14:01:18.652901+00:00,200,4.09,True,
2026-05-25T14:01:19.657360+00:00,200,4.35,True,
2026-05-25T14:01:20.662010+00:00,200,3.82,True,
2026-05-25T14:01:21.666453+00:00,200,2.49,True,
2026-05-25T14:01:22.669365+00:00,200,3.27,True,
2026-05-25T14:01:23.673191+00:00,200,2.76,True,
2026-05-25T14:01:24.676233+00:00,200,5.42,True,
2026-05-25T14:01:25.682206+00:00,200,1.86,True,
2026-05-25T14:01:26.684301+00:00,200,2.69,True,
2026-05-25T14:01:27.687257+00:00,200,1.46,True,
2026-05-25T14:01:28.688958+00:00,200,3.78,True,
2026-05-25T14:01:29.693269+00:00,200,2.13,True,
2026-05-25T14:01:30.696115+00:00,200,3.05,True,
2026-05-25T14:01:31.699443+00:00,200,2.19,True,
2026-05-25T14:01:32.702029+00:00,200,3.09,True,
2026-05-25T14:01:33.705535+00:00,200,2.15,True,
2026-05-25T14:01:34.707913+00:00,200,3.14,True,
2026-05-25T14:01:35.711532+00:00,200,2.92,True,
2026-05-25T14:01:36.714814+00:00,200,1.2,True,
2026-05-25T14:01:37.716237+00:00,200,2.0,True,
2026-05-25T14:01:38.718578+00:00,200,5.34,True,
2026-05-25T14:01:39.724488+00:00,200,3.93,True,
2026-05-25T14:01:40.728878+00:00,200,6.85,True,
2026-05-25T14:01:41.736061+00:00,200,0.96,True,
2026-05-25T14:01:42.737255+00:00,200,3.06,True,
2026-05-25T14:01:43.740636+00:00,200,3.1,True,
2026-05-25T14:01:44.744221+00:00,200,2.23,True,
2026-05-25T14:01:45.746682+00:00,200,2.08,True,
2026-05-25T14:01:46.748957+00:00,200,1.93,True,
2026-05-25T14:01:47.751150+00:00,200,4.11,True,
2026-05-25T14:01:48.755584+00:00,200,3.57,True,
2026-05-25T14:01:49.759559+00:00,200,3.23,True,
2026-05-25T14:01:50.763080+00:00,200,2.17,True,
2026-05-25T14:01:51.765572+00:00,200,2.14,True,
2026-05-25T14:01:52.768054+00:00,200,2.34,True,
2026-05-25T14:01:53.770761+00:00,200,5.3,True,
2026-05-25T14:01:54.776469+00:00,200,1.84,True,
2026-05-25T14:01:55.778789+00:00,200,4.46,True,
2026-05-25T14:01:56.783767+00:00,200,3.51,True,
2026-05-25T14:01:57.787618+00:00,200,1.58,True,
2026-05-25T14:01:58.790043+00:00,200,2.52,True,
2026-05-25T14:01:59.792959+00:00,200,2.69,True,
2026-05-25T14:02:00.795904+00:00,200,3.78,True,
2026-05-25T14:02:01.800027+00:00,200,2.47,True,
2026-05-25T14:02:02.803248+00:00,200,3.39,True,
2026-05-25T14:02:03.806874+00:00,200,2.0,True,
2026-05-25T14:02:04.809083+00:00,200,3.24,True,
2026-05-25T14:02:05.812613+00:00,200,3.32,True,
2026-05-25T14:02:06.816180+00:00,200,1.79,True,
2026-05-25T14:02:07.818275+00:00,200,3.66,True,
2026-05-25T14:02:08.822631+00:00,200,1.07,True,
2026-05-25T14:02:09.824047+00:00,200,2.73,True,
2026-05-25T14:02:10.827021+00:00,200,2.61,True,
2026-05-25T14:02:11.829877+00:00,200,2.09,True,
2026-05-25T14:02:12.832175+00:00,200,2.18,True,
2026-05-25T14:02:13.834608+00:00,200,2.02,True,
2026-05-25T14:02:14.836795+00:00,200,1.97,True,
2026-05-25T14:02:15.838967+00:00,200,3.2,True,
2026-05-25T14:02:16.842408+00:00,200,1.89,True,
2026-05-25T14:02:17.844590+00:00,200,1.77,True,
2026-05-25T14:02:18.846631+00:00,200,2.43,True,
2026-05-25T14:02:19.849348+00:00,200,4.24,True,
2026-05-25T14:02:20.853859+00:00,200,3.04,True,
2026-05-25T14:02:21.857121+00:00,200,2.43,True,
2026-05-25T14:02:22.859777+00:00,200,2.68,True,
2026-05-25T14:02:23.862760+00:00,200,3.37,True,
2026-05-25T14:02:24.866575+00:00,200,1.92,True,
2026-05-25T14:02:25.868896+00:00,200,2.37,True,
2026-05-25T14:02:26.871797+00:00,200,2.03,True,
2026-05-25T14:02:27.874044+00:00,200,1.34,True,
2026-05-25T14:02:28.875606+00:00,200,1.9,True,
2026-05-25T14:02:29.877783+00:00,200,9.77,True,
2026-05-25T14:02:30.888269+00:00,200,2.02,True,
2026-05-25T14:02:31.891021+00:00,200,2.08,True,
2026-05-25T14:02:32.893406+00:00,200,2.52,True,
2026-05-25T14:02:33.896148+00:00,200,2.58,True,
2026-05-25T14:02:34.899003+00:00,200,3.99,True,
2026-05-25T14:02:35.903472+00:00,200,1.78,True,
2026-05-25T14:02:36.905493+00:00,200,2.56,True,
2026-05-25T14:02:37.908638+00:00,200,4.14,True,
2026-05-25T14:02:38.913557+00:00,200,2.37,True,
2026-05-25T14:02:39.916178+00:00,200,3.87,True,
2026-05-25T14:02:40.920362+00:00,200,2.1,True,
2026-05-25T14:02:41.922630+00:00,200,1.61,True,
2026-05-25T14:02:42.925080+00:00,200,7.43,True,
2026-05-25T14:02:43.933156+00:00,200,3.06,True,
2026-05-25T14:02:44.936541+00:00,200,1.18,True,
2026-05-25T14:02:45.937910+00:00,200,6.14,True,
2026-05-25T14:02:46.944373+00:00,200,5.76,True,
2026-05-25T14:02:47.950843+00:00,200,1.66,True,
2026-05-25T14:02:48.952690+00:00,200,2.87,True,
2026-05-25T14:02:49.955849+00:00,200,2.92,True,
2026-05-25T14:02:50.959005+00:00,200,2.54,True,
2026-05-25T14:02:51.961977+00:00,200,3.14,True,
2026-05-25T14:02:52.965477+00:00,200,3.68,True,
2026-05-25T14:02:53.969481+00:00,200,4.69,True,
2026-05-25T14:02:54.974643+00:00,200,2.62,True,
2026-05-25T14:02:55.977826+00:00,200,3.5,True,
2026-05-25T14:02:56.982006+00:00,200,2.41,True,
2026-05-25T14:02:57.984626+00:00,200,1.98,True,
2026-05-25T14:02:58.986809+00:00,200,2.74,True,
2026-05-25T14:02:59.989883+00:00,200,3.99,True,
2026-05-25T14:03:00.994935+00:00,200,2.06,True,
2026-05-25T14:03:01.997272+00:00,200,3.26,True,
2026-05-25T14:03:03.000826+00:00,200,2.15,True,
2026-05-25T14:03:04.003349+00:00,200,1.73,True,
2026-05-25T14:03:05.005739+00:00,200,3.21,True,
2026-05-25T14:03:06.009265+00:00,200,2.11,True,
2026-05-25T14:03:07.011727+00:00,200,4.63,True,
2026-05-25T14:03:08.016718+00:00,200,3.79,True,
2026-05-25T14:03:09.020847+00:00,200,3.91,True,
2026-05-25T14:03:10.025109+00:00,200,2.28,True,
2026-05-25T14:03:11.027779+00:00,200,3.41,True,
2026-05-25T14:03:12.031555+00:00,200,2.86,True,
2026-05-25T14:03:13.035052+00:00,200,3.03,True,
2026-05-25T14:03:14.038916+00:00,200,2.2,True,
2026-05-25T14:03:15.041324+00:00,200,2.34,True,
2026-05-25T14:03:16.043889+00:00,200,3.2,True,
2026-05-25T14:03:17.047891+00:00,200,10.09,True,
2026-05-25T14:03:18.058702+00:00,200,2.53,True,
2026-05-25T14:03:19.061681+00:00,200,6.34,True,
2026-05-25T14:03:20.068341+00:00,200,5.39,True,
2026-05-25T14:03:21.074437+00:00,200,3.21,True,
2026-05-25T14:03:22.077994+00:00,200,1.04,True,
2026-05-25T14:03:23.079231+00:00,200,3.32,True,
2026-05-25T14:03:24.082808+00:00,200,5.38,True,
2026-05-25T14:03:25.089091+00:00,200,11.31,True,
2026-05-25T14:03:26.100941+00:00,200,2.73,True,
2026-05-25T14:03:27.103911+00:00,200,2.88,True,
2026-05-25T14:03:28.106970+00:00,200,1.97,True,
2026-05-25T14:03:29.109431+00:00,200,1.17,True,
2026-05-25T14:03:30.111116+00:00,200,6.53,True,
2026-05-25T14:03:31.118086+00:00,200,3.6,True,
2026-05-25T14:03:32.122016+00:00,200,12.32,True,
2026-05-25T14:03:33.134747+00:00,200,1.83,True,
2026-05-25T14:03:34.136763+00:00,200,1.33,True,
2026-05-25T14:03:35.138375+00:00,200,3.25,True,
2026-05-25T14:03:36.142335+00:00,200,4.62,True,
2026-05-25T14:03:37.148015+00:00,200,2.2,True,
2026-05-25T14:03:38.150395+00:00,200,1.84,True,
2026-05-25T14:03:39.152484+00:00,200,2.91,True,
2026-05-25T14:03:40.155682+00:00,200,6.03,True,
2026-05-25T14:03:41.162034+00:00,200,3.67,True,
2026-05-25T14:03:42.166087+00:00,200,3.94,True,
2026-05-25T14:03:43.170206+00:00,200,1.73,True,
2026-05-25T14:03:44.172187+00:00,200,1.67,True,
2026-05-25T14:03:45.174587+00:00,200,2.71,True,
2026-05-25T14:03:46.177605+00:00,200,2.69,True,
2026-05-25T14:03:47.180793+00:00,200,7.23,True,
2026-05-25T14:03:48.188449+00:00,200,2.56,True,
2026-05-25T14:03:49.191230+00:00,200,2.69,True,
2026-05-25T14:03:50.194142+00:00,200,0.95,True,
2026-05-25T14:03:51.195540+00:00,200,2.78,True,
2026-05-25T14:03:52.198652+00:00,200,1.27,True,
2026-05-25T14:03:53.201192+00:00,200,3.97,True,
2026-05-25T14:03:54.205564+00:00,200,2.26,True,
2026-05-25T14:03:55.208083+00:00,200,3.27,True,
2026-05-25T14:03:56.211797+00:00,200,3.01,True,
2026-05-25T14:03:57.215071+00:00,200,1.91,True,
2026-05-25T14:03:58.217203+00:00,200,5.09,True,
2026-05-25T14:03:59.222613+00:00,200,1.28,True,
2026-05-25T14:04:00.224085+00:00,200,3.74,True,
2026-05-25T14:04:01.228129+00:00,200,4.95,True,
2026-05-25T14:04:02.233410+00:00,200,3.3,True,
2026-05-25T14:04:03.236931+00:00,200,2.28,True,
2026-05-25T14:04:04.239543+00:00,200,3.28,True,
2026-05-25T14:04:05.243035+00:00,200,2.74,True,
2026-05-25T14:04:06.246094+00:00,200,4.17,True,
2026-05-25T14:04:07.250610+00:00,200,2.61,True,
2026-05-25T14:04:08.253556+00:00,200,3.62,True,
2026-05-25T14:04:09.257618+00:00,200,2.15,True,
2026-05-25T14:04:10.260050+00:00,200,5.66,True,
2026-05-25T14:04:11.266187+00:00,200,4.78,True,
2026-05-25T14:04:12.271316+00:00,200,3.05,True,
2026-05-25T14:04:13.274701+00:00,200,2.25,True,
2026-05-25T14:04:14.277201+00:00,200,3.05,True,
2026-05-25T14:04:15.280671+00:00,200,9.39,True,
2026-05-25T14:04:16.290524+00:00,200,2.45,True,
2026-05-25T14:04:17.293316+00:00,200,2.54,True,
2026-05-25T14:04:18.296421+00:00,200,5.61,True,
2026-05-25T14:04:19.302331+00:00,200,4.26,True,
2026-05-25T14:04:20.306851+00:00,200,1.62,True,
2026-05-25T14:04:21.308633+00:00,200,2.03,True,
2026-05-25T14:04:22.310877+00:00,200,2.22,True,
2026-05-25T14:04:23.313317+00:00,200,2.69,True,
2026-05-25T14:04:24.316356+00:00,200,4.73,True,
2026-05-25T14:04:25.321763+00:00,200,2.95,True,
2026-05-25T14:04:26.325102+00:00,200,2.77,True,
2026-05-25T14:04:27.328152+00:00,200,2.96,True,
2026-05-25T14:04:28.331389+00:00,200,2.38,True,
2026-05-25T14:04:29.333936+00:00,200,1.02,True,
2026-05-25T14:04:30.335195+00:00,200,3.35,True,
2026-05-25T14:04:31.338758+00:00,200,1.53,True,
2026-05-25T14:04:32.341856+00:00,200,2.51,True,
2026-05-25T14:04:33.344660+00:00,200,2.32,True,
2026-05-25T14:04:34.347199+00:00,200,1.7,True,
2026-05-25T14:04:35.349080+00:00,200,3.2,True,
2026-05-25T14:04:36.352623+00:00,200,2.22,True,
2026-05-25T14:04:37.355114+00:00,200,2.9,True,
2026-05-25T14:04:38.358293+00:00,200,2.62,True,
2026-05-25T14:04:39.361133+00:00,200,2.4,True,
2026-05-25T14:04:40.363758+00:00,200,3.31,True,
2026-05-25T14:04:41.367617+00:00,200,1.65,True,
2026-05-25T14:04:42.369470+00:00,200,5.82,True,
2026-05-25T14:04:43.375674+00:00,200,2.01,True,
2026-05-25T14:04:44.378586+00:00,200,3.41,True,
2026-05-25T14:04:45.382320+00:00,200,4.1,True,
2026-05-25T14:04:46.386739+00:00,200,2.32,True,
2026-05-25T14:04:47.389562+00:00,200,2.3,True,
2026-05-25T14:04:48.392066+00:00,200,2.76,True,
2026-05-25T14:04:49.395076+00:00,200,2.57,True,
2026-05-25T14:04:50.397859+00:00,200,1.88,True,
2026-05-25T14:04:51.399936+00:00,200,2.78,True,
2026-05-25T14:04:52.402952+00:00,200,2.37,True,
2026-05-25T14:04:53.405571+00:00,200,1.53,True,
2026-05-25T14:04:54.407342+00:00,200,7.34,True,
2026-05-25T14:04:55.414960+00:00,200,2.32,True,
2026-05-25T14:04:56.417494+00:00,200,2.47,True,
2026-05-25T14:04:57.420236+00:00,200,6.19,True,
2026-05-25T14:04:58.426793+00:00,200,1.76,True,
2026-05-25T14:04:59.429074+00:00,200,1.43,True,
2026-05-25T14:05:00.431089+00:00,200,2.9,True,
2026-05-25T14:05:01.434534+00:00,200,2.46,True,
2026-05-25T14:05:02.437151+00:00,200,1.22,True,
2026-05-25T14:05:03.438802+00:00,200,4.1,True,
2026-05-25T14:05:04.443579+00:00,200,1.38,True,
2026-05-25T14:05:05.445360+00:00,200,3.27,True,
2026-05-25T14:05:06.449002+00:00,200,5.04,True,
2026-05-25T14:05:07.454481+00:00,200,3.42,True,
2026-05-25T14:05:08.458294+00:00,200,2.79,True,
2026-05-25T14:05:09.461432+00:00,200,2.09,True,
2026-05-25T14:05:10.463922+00:00,200,1.51,True,
2026-05-25T14:05:11.465646+00:00,200,2.57,True,
2026-05-25T14:05:12.468588+00:00,200,1.17,True,
2026-05-25T14:05:13.470070+00:00,200,3.98,True,
2026-05-25T14:05:14.474695+00:00,200,5.12,True,
2026-05-25T14:05:15.480464+00:00,200,1.76,True,
2026-05-25T14:05:16.482482+00:00,200,1.72,True,
2026-05-25T14:05:17.485218+00:00,200,5.01,True,
2026-05-25T14:05:18.490556+00:00,200,2.52,True,
2026-05-25T14:05:19.493280+00:00,200,1.72,True,
2026-05-25T14:05:20.495305+00:00,200,2.31,True,
2026-05-25T14:05:21.498010+00:00,200,3.91,True,
2026-05-25T14:05:22.502165+00:00,200,7.43,True,
2026-05-25T14:05:23.509908+00:00,200,2.08,True,
2026-05-25T14:05:24.512226+00:00,200,8.95,True,
2026-05-25T14:05:25.521477+00:00,200,2.37,True,
2026-05-25T14:05:26.525576+00:00,200,3.95,True,
2026-05-25T14:05:27.529901+00:00,200,2.21,True,
2026-05-25T14:05:28.532369+00:00,200,4.42,True,
2026-05-25T14:05:29.537375+00:00,200,1.25,True,
2026-05-25T14:05:30.538778+00:00,200,2.8,True,
2026-05-25T14:05:31.541736+00:00,200,2.01,True,
2026-05-25T14:05:32.543961+00:00,200,3.67,True,
2026-05-25T14:05:33.547860+00:00,200,2.22,True,
2026-05-25T14:05:34.550393+00:00,200,8.14,True,
2026-05-25T14:05:35.558865+00:00,200,2.03,True,
2026-05-25T14:05:36.561143+00:00,200,2.75,True,
2026-05-25T14:05:37.564148+00:00,200,4.07,True,
2026-05-25T14:05:38.568661+00:00,200,4.4,True,
2026-05-25T14:05:39.573549+00:00,200,2.55,True,
2026-05-25T14:05:40.576486+00:00,200,3.34,True,
2026-05-25T14:05:41.580141+00:00,200,3.22,True,
2026-05-25T14:05:42.583653+00:00,200,4.97,True,
2026-05-25T14:05:43.589187+00:00,200,5.58,True,
2026-05-25T14:05:44.595666+00:00,200,2.85,True,
2026-05-25T14:05:45.599000+00:00,200,2.68,True,
2026-05-25T14:05:46.602041+00:00,200,2.64,True,
2026-05-25T14:05:47.604868+00:00,200,2.07,True,
2026-05-25T14:05:48.607188+00:00,200,4.14,True,
2026-05-25T14:05:49.611703+00:00,200,1.1,True,
2026-05-25T14:05:50.613056+00:00,200,2.92,True,
2026-05-25T14:05:51.616296+00:00,200,3.82,True,
2026-05-25T14:05:52.620697+00:00,200,3.36,True,
2026-05-25T14:05:53.624941+00:00,200,2.14,True,
2026-05-25T14:05:54.628006+00:00,200,2.04,True,
2026-05-25T14:05:55.630758+00:00,200,4.19,True,
2026-05-25T14:05:56.636284+00:00,200,5.96,True,
2026-05-25T14:05:57.642695+00:00,200,1.88,True,
2026-05-25T14:05:58.644896+00:00,200,2.92,True,
2026-05-25T14:05:59.648209+00:00,200,1.46,True,
2026-05-25T14:06:00.650405+00:00,200,3.45,True,
2026-05-25T14:06:01.654116+00:00,200,1.55,True,
2026-05-25T14:06:02.655868+00:00,200,1.73,True,
2026-05-25T14:06:03.657979+00:00,200,4.45,True,
2026-05-25T14:06:04.662658+00:00,200,7.18,True,
2026-05-25T14:06:05.670227+00:00,200,2.8,True,
2026-05-25T14:06:06.673321+00:00,200,3.26,True,
2026-05-25T14:06:07.677010+00:00,200,3.46,True,
2026-05-25T14:06:08.680910+00:00,200,3.4,True,
2026-05-25T14:06:09.684818+00:00,200,2.92,True,
2026-05-25T14:06:10.688377+00:00,200,2.67,True,
2026-05-25T14:06:11.691345+00:00,200,2.53,True,
2026-05-25T14:06:12.694300+00:00,200,6.23,True,
2026-05-25T14:06:13.700880+00:00,200,3.18,True,
2026-05-25T14:06:14.704385+00:00,200,5.98,True,
2026-05-25T14:06:15.710821+00:00,200,3.55,True,
2026-05-25T14:06:16.714708+00:00,200,2.96,True,
2026-05-25T14:06:17.717980+00:00,200,3.59,True,
2026-05-25T14:06:18.721802+00:00,200,3.48,True,
2026-05-25T14:06:19.725681+00:00,200,2.02,True,
2026-05-25T14:06:20.727887+00:00,200,3.06,True,
2026-05-25T14:06:21.731181+00:00,200,0.93,True,
2026-05-25T14:06:22.732421+00:00,200,3.51,True,
2026-05-25T14:06:23.736150+00:00,200,2.86,True,
2026-05-25T14:06:24.739821+00:00,200,2.7,True,
2026-05-25T14:06:25.742709+00:00,200,2.22,True,
2026-05-25T14:06:26.745876+00:00,200,4.59,True,
2026-05-25T14:06:27.750941+00:00,200,1.5,True,
2026-05-25T14:06:28.752942+00:00,200,2.0,True,
2026-05-25T14:06:29.755313+00:00,200,2.31,True,
2026-05-25T14:06:30.758134+00:00,200,3.14,True,
2026-05-25T14:06:31.761487+00:00,200,1.83,True,
2026-05-25T14:06:32.763701+00:00,200,5.95,True,
2026-05-25T14:06:33.769949+00:00,200,1.86,True,
2026-05-25T14:06:34.771991+00:00,200,3.63,True,
2026-05-25T14:06:35.775941+00:00,200,4.49,True,
2026-05-25T14:06:36.780754+00:00,200,3.11,True,
2026-05-25T14:06:37.784453+00:00,200,3.63,True,
2026-05-25T14:06:38.788741+00:00,200,3.78,True,
2026-05-25T14:06:39.793157+00:00,200,3.48,True,
2026-05-25T14:06:40.796890+00:00,200,4.03,True,
2026-05-25T14:06:41.801166+00:00,200,1.13,True,
2026-05-25T14:06:42.802663+00:00,200,2.5,True,
2026-05-25T14:06:43.805734+00:00,200,9.49,True,
2026-05-25T14:06:44.815702+00:00,200,2.34,True,
2026-05-25T14:06:45.818352+00:00,200,6.65,True,
2026-05-25T14:06:46.825736+00:00,200,3.12,True,
2026-05-25T14:06:47.829108+00:00,200,1.9,True,
2026-05-25T14:06:48.831228+00:00,200,2.68,True,
2026-05-25T14:06:49.834127+00:00,200,2.89,True,
2026-05-25T14:06:50.837404+00:00,200,3.93,True,
2026-05-25T14:06:51.841722+00:00,200,3.36,True,
2026-05-25T14:06:52.845332+00:00,200,3.37,True,
2026-05-25T14:06:53.849043+00:00,200,2.0,True,
2026-05-25T14:06:54.851213+00:00,200,1.65,True,
2026-05-25T14:06:55.853062+00:00,200,3.32,True,
2026-05-25T14:06:56.856674+00:00,200,3.73,True,
2026-05-25T14:06:57.860629+00:00,200,1.55,True,
2026-05-25T14:06:58.862434+00:00,200,2.76,True,
2026-05-25T14:06:59.865487+00:00,200,3.24,True,
2026-05-25T14:07:00.869281+00:00,200,4.39,True,
2026-05-25T14:07:01.873978+00:00,200,2.82,True,
2026-05-25T14:07:02.877965+00:00,200,7.4,True,
2026-05-25T14:07:03.885887+00:00,200,2.19,True,
2026-05-25T14:07:04.888329+00:00,200,3.08,True,
2026-05-25T14:07:05.891658+00:00,200,2.74,True,
2026-05-25T14:07:06.894792+00:00,200,3.34,True,
2026-05-25T14:07:07.898598+00:00,200,6.1,True,
2026-05-25T14:07:08.904977+00:00,200,2.23,True,
2026-05-25T14:07:09.907489+00:00,200,3.9,True,
2026-05-25T14:07:10.911993+00:00,200,3.43,True,
2026-05-25T14:07:11.915680+00:00,200,1.44,True,
2026-05-25T14:07:12.917374+00:00,200,3.06,True,
2026-05-25T14:07:13.920908+00:00,200,2.16,True,
2026-05-25T14:07:14.923530+00:00,200,1.79,True,
2026-05-25T14:07:15.925539+00:00,200,3.17,True,
2026-05-25T14:07:16.928964+00:00,200,4.26,True,
2026-05-25T14:07:17.933640+00:00,200,1.45,True,
2026-05-25T14:07:18.935353+00:00,200,3.92,True,
2026-05-25T14:07:19.939599+00:00,200,3.02,True,
2026-05-25T14:07:20.942990+00:00,200,4.02,True,
2026-05-25T14:07:21.947809+00:00,200,3.29,True,
2026-05-25T14:07:22.951370+00:00,200,3.14,True,
2026-05-25T14:07:23.954719+00:00,200,1.9,True,
2026-05-25T14:07:24.956805+00:00,200,2.17,True,
2026-05-25T14:07:25.959216+00:00,200,2.72,True,
2026-05-25T14:07:26.962177+00:00,200,2.86,True,
2026-05-25T14:07:27.965320+00:00,200,1.14,True,
2026-05-25T14:07:28.967489+00:00,200,5.32,True,
2026-05-25T14:07:29.973463+00:00,200,4.64,True,
2026-05-25T14:07:30.978817+00:00,200,2.31,True,
2026-05-25T14:07:31.981342+00:00,200,2.52,True,
2026-05-25T14:07:32.984738+00:00,200,6.52,True,
2026-05-25T14:07:33.991793+00:00,200,1.73,True,
2026-05-25T14:07:34.993851+00:00,200,4.76,True,
2026-05-25T14:07:35.998962+00:00,200,9.39,True,
2026-05-25T14:07:37.008843+00:00,200,5.34,True,
2026-05-25T14:07:38.015307+00:00,200,6.16,True,
2026-05-25T14:07:39.022160+00:00,200,2.11,True,
2026-05-25T14:07:40.024707+00:00,200,5.93,True,
2026-05-25T14:07:41.030990+00:00,200,2.23,True,
2026-05-25T14:07:42.033550+00:00,200,2.45,True,
2026-05-25T14:07:43.036429+00:00,200,2.32,True,
2026-05-25T14:07:44.038994+00:00,200,2.62,True,
2026-05-25T14:07:45.041812+00:00,200,2.15,True,
2026-05-25T14:07:46.044213+00:00,200,3.07,True,
2026-05-25T14:07:47.047831+00:00,200,5.04,True,
2026-05-25T14:07:48.053349+00:00,200,2.18,True,
2026-05-25T14:07:49.055964+00:00,200,2.82,True,
2026-05-25T14:07:50.059354+00:00,200,4.5,True,
2026-05-25T14:07:51.064191+00:00,200,1.92,True,
2026-05-25T14:07:52.066359+00:00,200,3.5,True,
2026-05-25T14:07:53.070385+00:00,200,2.68,True,
2026-05-25T14:07:54.073302+00:00,200,1.97,True,
2026-05-25T14:07:55.075505+00:00,200,3.2,True,
2026-05-25T14:07:56.078994+00:00,200,3.03,True,
2026-05-25T14:07:57.082238+00:00,200,1.89,True,
2026-05-25T14:07:58.084423+00:00,200,2.6,True,
2026-05-25T14:07:59.087934+00:00,200,1.08,True,
2026-05-25T14:08:00.089202+00:00,200,4.33,True,
2026-05-25T14:08:01.093856+00:00,200,3.72,True,
2026-05-25T14:08:02.097864+00:00,200,1.96,True,
2026-05-25T14:08:03.100290+00:00,200,2.27,True,
2026-05-25T14:08:04.102774+00:00,200,1.65,True,
2026-05-25T14:08:05.104732+00:00,200,5.67,True,
2026-05-25T14:08:06.110835+00:00,200,2.78,True,
2026-05-25T14:08:07.114533+00:00,200,3.12,True,
2026-05-25T14:08:08.117963+00:00,200,2.8,True,
2026-05-25T14:08:09.121443+00:00,200,3.0,True,
2026-05-25T14:08:10.124795+00:00,200,7.77,True,
2026-05-25T14:08:11.132940+00:00,200,3.06,True,
2026-05-25T14:08:12.136327+00:00,200,3.18,True,
2026-05-25T14:08:13.139959+00:00,200,6.14,True,
2026-05-25T14:08:14.146623+00:00,200,2.46,True,
2026-05-25T14:08:15.149764+00:00,200,2.06,True,
2026-05-25T14:08:16.152067+00:00,200,2.94,True,
2026-05-25T14:08:17.155230+00:00,200,2.95,True,
2026-05-25T14:08:18.158486+00:00,200,1.83,True,
2026-05-25T14:08:19.160647+00:00,200,3.15,True,
2026-05-25T14:08:20.164382+00:00,200,2.52,True,
2026-05-25T14:08:21.167211+00:00,200,3.56,True,
2026-05-25T14:08:22.171054+00:00,200,1.98,True,
2026-05-25T14:08:23.173347+00:00,200,4.45,True,
2026-05-25T14:08:24.179199+00:00,200,5.36,True,
2026-05-25T14:08:25.184897+00:00,200,4.79,True,
2026-05-25T14:08:26.189976+00:00,200,2.94,True,
2026-05-25T14:08:27.193197+00:00,200,3.56,True,
2026-05-25T14:08:28.197925+00:00,200,4.89,True,
2026-05-25T14:08:29.204143+00:00,200,1.48,True,
2026-05-25T14:08:30.205988+00:00,200,4.38,True,
2026-05-25T14:08:31.210905+00:00,200,3.54,True,
2026-05-25T14:08:32.214686+00:00,200,2.7,True,
2026-05-25T14:08:33.217587+00:00,200,4.19,True,
2026-05-25T14:08:34.223477+00:00,200,1.92,True,
2026-05-25T14:08:35.225839+00:00,200,4.82,True,
2026-05-25T14:08:36.231362+00:00,200,3.05,True,
2026-05-25T14:08:37.234772+00:00,200,4.18,True,
2026-05-25T14:08:38.239483+00:00,200,3.62,True,
2026-05-25T14:08:39.244548+00:00,200,2.69,True,
2026-05-25T14:08:40.247623+00:00,200,2.24,True,
2026-05-25T14:08:41.250389+00:00,200,5.32,True,
2026-05-25T14:08:42.256418+00:00,200,2.71,True,
2026-05-25T14:08:43.259287+00:00,200,2.52,True,
2026-05-25T14:08:44.262030+00:00,200,1.59,True,
2026-05-25T14:08:45.263954+00:00,200,2.3,True,
2026-05-25T14:08:46.266459+00:00,200,2.36,True,
2026-05-25T14:08:47.269031+00:00,200,3.01,True,
2026-05-25T14:08:48.272325+00:00,200,1.94,True,
2026-05-25T14:08:49.274554+00:00,200,3.12,True,
2026-05-25T14:08:50.277920+00:00,200,1.37,True,
2026-05-25T14:08:51.279501+00:00,200,2.22,True,
2026-05-25T14:08:52.282226+00:00,200,3.04,True,
2026-05-25T14:08:53.285771+00:00,200,2.26,True,
2026-05-25T14:08:54.288453+00:00,200,1.42,True,
2026-05-25T14:08:55.290196+00:00,200,4.77,True,
2026-05-25T14:08:56.295651+00:00,200,1.86,True,
2026-05-25T14:08:57.297743+00:00,200,2.01,True,
2026-05-25T14:08:58.299981+00:00,200,2.0,True,
2026-05-25T14:08:59.302162+00:00,200,2.54,True,
2026-05-25T14:09:00.304917+00:00,200,2.44,True,
2026-05-25T14:09:01.307568+00:00,200,6.73,True,
2026-05-25T14:09:02.314786+00:00,200,2.47,True,
2026-05-25T14:09:03.317625+00:00,200,5.62,True,
2026-05-25T14:09:04.323890+00:00,200,3.27,True,
2026-05-25T14:09:05.327588+00:00,200,5.94,True,
2026-05-25T14:09:06.333954+00:00,200,10.39,True,
2026-05-25T14:09:07.345239+00:00,200,3.09,True,
2026-05-25T14:09:08.348676+00:00,200,5.16,True,
2026-05-25T14:09:09.354135+00:00,200,3.11,True,
2026-05-25T14:09:10.357568+00:00,200,3.36,True,
2026-05-25T14:09:11.361182+00:00,200,2.01,True,
2026-05-25T14:09:12.363358+00:00,200,3.72,True,
2026-05-25T14:09:13.368264+00:00,200,4.61,True,
2026-05-25T14:09:14.373217+00:00,200,2.47,True,
2026-05-25T14:09:15.376121+00:00,200,2.79,True,
2026-05-25T14:09:16.379306+00:00,200,1.82,True,
2026-05-25T14:09:17.381387+00:00,200,3.23,True,
2026-05-25T14:09:18.385036+00:00,200,2.03,True,
2026-05-25T14:09:19.387286+00:00,200,2.84,True,
2026-05-25T14:09:20.390373+00:00,200,1.34,True,
2026-05-25T14:09:21.391898+00:00,200,2.14,True,
2026-05-25T14:09:22.394259+00:00,200,2.36,True,
2026-05-25T14:09:23.396837+00:00,200,1.73,True,
2026-05-25T14:09:24.399022+00:00,200,3.95,True,
2026-05-25T14:09:25.403636+00:00,200,4.33,True,
2026-05-25T14:09:26.408289+00:00,200,2.78,True,
2026-05-25T14:09:27.411457+00:00,200,4.43,True,
2026-05-25T14:09:28.416161+00:00,200,1.33,True,
2026-05-25T14:09:29.417644+00:00,200,2.04,True,
2026-05-25T14:09:30.420643+00:00,200,3.43,True,
2026-05-25T14:09:31.424293+00:00,200,1.68,True,
2026-05-25T14:09:32.426252+00:00,200,2.48,True,
2026-05-25T14:09:33.428942+00:00,200,1.65,True,
2026-05-25T14:09:34.431171+00:00,200,2.38,True,
2026-05-25T14:09:35.433778+00:00,200,3.61,True,
2026-05-25T14:09:36.437602+00:00,200,1.63,True,
2026-05-25T14:09:37.439676+00:00,200,3.17,True,
2026-05-25T14:09:38.443105+00:00,200,1.82,True,
2026-05-25T14:09:39.445393+00:00,200,1.81,True,
2026-05-25T14:09:40.447598+00:00,200,1.51,True,
2026-05-25T14:09:41.449333+00:00,200,2.62,True,
2026-05-25T14:09:42.452230+00:00,200,2.58,True,
2026-05-25T14:09:43.455221+00:00,200,3.02,True,
2026-05-25T14:09:44.458486+00:00,200,2.26,True,
2026-05-25T14:09:45.461159+00:00,200,3.25,True,
2026-05-25T14:09:46.464975+00:00,200,2.0,True,
2026-05-25T14:09:47.467321+00:00,200,3.16,True,
2026-05-25T14:09:48.470709+00:00,200,2.66,True,
2026-05-25T14:09:49.473618+00:00,200,1.82,True,
2026-05-25T14:09:50.475863+00:00,200,1.76,True,
2026-05-25T14:09:51.477827+00:00,200,2.17,True,
2026-05-25T14:09:52.480265+00:00,200,2.39,True,
2026-05-25T14:09:53.482850+00:00,200,2.14,True,
2026-05-25T14:09:54.485295+00:00,200,5.32,True,
2026-05-25T14:09:55.490913+00:00,200,5.05,True,
2026-05-25T14:09:56.496631+00:00,200,5.14,True,
2026-05-25T14:09:57.502188+00:00,200,5.49,True,
2026-05-25T14:09:58.508145+00:00,200,3.12,True,
2026-05-25T14:09:59.511549+00:00,200,1.14,True,
2026-05-25T14:10:00.512958+00:00,200,1.72,True,
2026-05-25T14:10:01.514864+00:00,200,1.28,True,
2026-05-25T14:10:02.516350+00:00,200,4.34,True,
2026-05-25T14:10:03.521197+00:00,200,4.53,True,
2026-05-25T14:10:04.526006+00:00,200,2.09,True,
2026-05-25T14:10:05.528340+00:00,200,1.6,True,
2026-05-25T14:10:06.530657+00:00,200,5.68,True,
2026-05-25T14:10:07.537195+00:00,200,7.68,True,
2026-05-25T14:10:08.545360+00:00,200,5.12,True,
2026-05-25T14:10:09.550944+00:00,200,1.46,True,
2026-05-25T14:10:10.552674+00:00,200,2.78,True,
2026-05-25T14:10:11.555826+00:00,200,2.66,True,
2026-05-25T14:10:12.558717+00:00,200,5.85,True,
2026-05-25T14:10:13.564945+00:00,200,2.99,True,
2026-05-25T14:10:14.568255+00:00,200,2.02,True,
2026-05-25T14:10:15.570595+00:00,200,3.26,True,
2026-05-25T14:10:16.574212+00:00,200,1.36,True,
2026-05-25T14:10:17.576035+00:00,200,4.05,True,
2026-05-25T14:10:18.580614+00:00,200,3.14,True,
2026-05-25T14:10:19.584020+00:00,200,1.84,True,
2026-05-25T14:10:20.586714+00:00,200,1.71,True,
2026-05-25T14:10:21.588862+00:00,200,4.38,True,
2026-05-25T14:10:22.593697+00:00,200,2.55,True,
2026-05-25T14:10:23.596551+00:00,200,2.34,True,
2026-05-25T14:10:24.599250+00:00,200,3.15,True,
2026-05-25T14:10:25.602643+00:00,200,3.03,True,
2026-05-25T14:10:26.605841+00:00,200,2.07,True,
2026-05-25T14:10:27.608129+00:00,200,2.96,True,
2026-05-25T14:10:28.612589+00:00,200,6.52,True,
2026-05-25T14:10:29.619404+00:00,200,1.81,True,
2026-05-25T14:10:30.621574+00:00,200,2.77,True,
2026-05-25T14:10:31.624773+00:00,200,2.56,True,
2026-05-25T14:10:32.627621+00:00,200,2.03,True,
2026-05-25T14:10:33.630188+00:00,200,2.72,True,
2026-05-25T14:10:34.633177+00:00,200,1.93,True,
2026-05-25T14:10:35.636270+00:00,200,2.92,True,
2026-05-25T14:10:36.639502+00:00,200,2.22,True,
2026-05-25T14:10:37.642137+00:00,200,3.26,True,
2026-05-25T14:10:38.645842+00:00,200,2.03,True,
2026-05-25T14:10:39.648414+00:00,200,1.89,True,
2026-05-25T14:10:40.651184+00:00,200,4.42,True,
2026-05-25T14:10:41.656041+00:00,200,6.06,True,
2026-05-25T14:10:42.663032+00:00,200,2.77,True,
2026-05-25T14:10:43.666114+00:00,200,5.14,True,
2026-05-25T14:10:44.671717+00:00,200,2.23,True,
2026-05-25T14:10:45.674238+00:00,200,3.89,True,
2026-05-25T14:10:46.678354+00:00,200,2.56,True,
2026-05-25T14:10:47.681607+00:00,200,2.63,True,
2026-05-25T14:10:48.684922+00:00,200,5.83,True,
2026-05-25T14:10:49.691035+00:00,200,2.92,True,
2026-05-25T14:10:50.694284+00:00,200,4.21,True,
2026-05-25T14:10:51.698865+00:00,200,3.84,True,
2026-05-25T14:10:52.703462+00:00,200,2.92,True,
2026-05-25T14:10:53.706671+00:00,200,2.08,True,
2026-05-25T14:10:54.708992+00:00,200,6.79,True,
2026-05-25T14:10:55.716037+00:00,200,10.0,True,
2026-05-25T14:10:56.726378+00:00,200,3.41,True,
2026-05-25T14:10:57.730423+00:00,200,1.09,True,
2026-05-25T14:10:58.731701+00:00,200,2.83,True,
2026-05-25T14:10:59.734881+00:00,200,2.67,True,
2026-05-25T14:11:00.738087+00:00,200,4.33,True,
2026-05-25T14:11:01.743258+00:00,200,4.6,True,
2026-05-25T14:11:02.749296+00:00,200,5.22,True,
2026-05-25T14:11:03.754916+00:00,200,3.46,True,
2026-05-25T14:11:04.758621+00:00,200,2.82,True,
2026-05-25T14:11:05.761656+00:00,200,2.77,True,
2026-05-25T14:11:06.764692+00:00,200,2.33,True,
2026-05-25T14:11:07.767271+00:00,200,7.54,True,
2026-05-25T14:11:08.775093+00:00,200,2.61,True,
2026-05-25T14:11:09.777996+00:00,200,3.7,True,
2026-05-25T14:11:10.782470+00:00,200,5.61,True,
2026-05-25T14:11:11.788978+00:00,200,1.69,True,
2026-05-25T14:11:12.790845+00:00,200,3.26,True,
2026-05-25T14:11:13.794371+00:00,200,2.81,True,
2026-05-25T14:11:14.797471+00:00,200,3.89,True,
2026-05-25T14:11:15.802381+00:00,200,4.89,True,
2026-05-25T14:11:16.807590+00:00,200,2.49,True,
2026-05-25T14:11:17.810380+00:00,200,1.61,True,
2026-05-25T14:11:18.812290+00:00,200,3.69,True,
2026-05-25T14:11:19.816641+00:00,200,4.66,True,
2026-05-25T14:11:20.821660+00:00,200,2.81,True,
2026-05-25T14:11:21.825561+00:00,200,2.46,True,
2026-05-25T14:11:22.828223+00:00,200,1.15,True,
2026-05-25T14:11:23.829562+00:00,200,1.55,True,
2026-05-25T14:11:24.831320+00:00,200,2.02,True,
2026-05-25T14:11:25.833713+00:00,200,2.04,True,
2026-05-25T14:11:26.835982+00:00,200,2.08,True,
2026-05-25T14:11:27.838353+00:00,200,2.21,True,
2026-05-25T14:11:28.840760+00:00,200,4.49,True,
2026-05-25T14:11:29.845602+00:00,200,2.78,True,
2026-05-25T14:11:30.848766+00:00,200,3.28,True,
2026-05-25T14:11:31.852377+00:00,200,3.62,True,
2026-05-25T14:11:32.856235+00:00,200,2.81,True,
2026-05-25T14:11:33.859700+00:00,200,1.76,True,
2026-05-25T14:11:34.861774+00:00,200,3.24,True,
2026-05-25T14:11:35.865745+00:00,200,8.44,True,
2026-05-25T14:11:36.874394+00:00,200,1.96,True,
2026-05-25T14:11:37.876570+00:00,200,5.74,True,
2026-05-25T14:11:38.882667+00:00,200,2.95,True,
2026-05-25T14:11:39.885816+00:00,200,4.17,True,
2026-05-25T14:11:40.890338+00:00,200,3.22,True,
2026-05-25T14:11:41.893868+00:00,200,2.8,True,
2026-05-25T14:11:42.896955+00:00,200,4.15,True,
2026-05-25T14:11:43.901479+00:00,200,2.56,True,
2026-05-25T14:11:44.904279+00:00,200,2.66,True,
2026-05-25T14:11:45.907150+00:00,200,3.6,True,
2026-05-25T14:11:46.911017+00:00,200,3.07,True,
2026-05-25T14:11:47.914382+00:00,200,4.43,True,
2026-05-25T14:11:48.919085+00:00,200,3.87,True,
2026-05-25T14:11:49.923310+00:00,200,2.98,True,
2026-05-25T14:11:50.926698+00:00,200,4.47,True,
2026-05-25T14:11:51.931490+00:00,200,2.34,True,
2026-05-25T14:11:52.934096+00:00,200,3.18,True,
2026-05-25T14:11:53.937619+00:00,200,3.56,True,
2026-05-25T14:11:54.941612+00:00,200,2.8,True,
2026-05-25T14:11:55.945059+00:00,200,7.68,True,
2026-05-25T14:11:56.953025+00:00,200,3.97,True,
2026-05-25T14:11:57.957659+00:00,200,2.05,True,
2026-05-25T14:11:58.959954+00:00,200,5.88,True,
2026-05-25T14:11:59.966412+00:00,200,1.38,True,
2026-05-25T14:12:00.968320+00:00,200,1.98,True,
2026-05-25T14:12:01.970474+00:00,200,3.15,True,
2026-05-25T14:12:02.973964+00:00,200,5.43,True,
2026-05-25T14:12:03.979710+00:00,200,1.99,True,
2026-05-25T14:12:04.981922+00:00,200,6.1,True,
2026-05-25T14:12:05.988343+00:00,200,2.64,True,
2026-05-25T14:12:06.991357+00:00,200,4.47,True,
2026-05-25T14:12:07.996309+00:00,200,2.32,True,
2026-05-25T14:12:08.999019+00:00,200,4.8,True,
2026-05-25T14:12:10.004176+00:00,200,2.66,True,
2026-05-25T14:12:11.007112+00:00,200,3.16,True,
2026-05-25T14:12:12.010920+00:00,200,1.95,True,
2026-05-25T14:12:13.013105+00:00,200,2.31,True,
2026-05-25T14:12:14.015908+00:00,200,2.71,True,
2026-05-25T14:12:15.018855+00:00,200,1.53,True,
2026-05-25T14:12:16.020598+00:00,200,2.58,True,
2026-05-25T14:12:17.023642+00:00,200,5.7,True,
2026-05-25T14:12:18.029775+00:00,200,1.08,True,
2026-05-25T14:12:19.031145+00:00,200,5.27,True,
2026-05-25T14:12:20.036704+00:00,200,1.59,True,
2026-05-25T14:12:21.038635+00:00,200,1.53,True,
2026-05-25T14:12:22.040364+00:00,200,3.58,True,
2026-05-25T14:12:23.044262+00:00,200,3.74,True,
2026-05-25T14:12:24.048249+00:00,200,2.47,True,
2026-05-25T14:12:25.051050+00:00,200,3.02,True,
2026-05-25T14:12:26.054457+00:00,200,3.01,True,
2026-05-25T14:12:27.058360+00:00,200,7.37,True,
2026-05-25T14:12:28.066050+00:00,200,1.67,True,
2026-05-25T14:12:29.067887+00:00,200,1.43,True,
2026-05-25T14:12:30.069730+00:00,200,2.65,True,
2026-05-25T14:12:31.072901+00:00,200,2.93,True,
2026-05-25T14:12:32.076478+00:00,200,2.77,True,
2026-05-25T14:12:33.079860+00:00,200,2.79,True,
2026-05-25T14:12:34.082852+00:00,200,1.38,True,
2026-05-25T14:12:35.084657+00:00,200,2.1,True,
2026-05-25T14:12:36.086993+00:00,200,4.2,True,
2026-05-25T14:12:37.091520+00:00,200,2.31,True,
2026-05-25T14:12:38.094194+00:00,200,8.04,True,
2026-05-25T14:12:39.102591+00:00,200,4.47,True,
2026-05-25T14:12:40.107302+00:00,200,2.58,True,
2026-05-25T14:12:41.110407+00:00,200,7.24,True,
2026-05-25T14:12:42.118556+00:00,200,3.14,True,
2026-05-25T14:12:43.122592+00:00,200,4.53,True,
2026-05-25T14:12:44.127714+00:00,200,5.42,True,
2026-05-25T14:12:45.133826+00:00,200,4.2,True,
2026-05-25T14:12:46.138895+00:00,200,10.83,True,
2026-05-25T14:12:47.150378+00:00,200,3.24,True,
2026-05-25T14:12:48.154181+00:00,200,3.88,True,
2026-05-25T14:12:49.158421+00:00,200,2.39,True,
2026-05-25T14:12:50.162527+00:00,200,2.14,True,
2026-05-25T14:12:51.165259+00:00,200,2.8,True,
2026-05-25T14:12:52.168280+00:00,200,2.03,True,
2026-05-25T14:12:53.170641+00:00,200,3.56,True,
2026-05-25T14:12:54.175047+00:00,200,2.09,True,
2026-05-25T14:12:55.177460+00:00,200,4.83,True,
2026-05-25T14:12:56.182883+00:00,200,1.02,True,
2026-05-25T14:12:57.184135+00:00,200,2.14,True,
2026-05-25T14:12:58.186478+00:00,200,1.53,True,
2026-05-25T14:12:59.188180+00:00,200,1.39,True,
2026-05-25T14:13:00.189748+00:00,200,1.93,True,
2026-05-25T14:13:01.192023+00:00,200,1.98,True,
2026-05-25T14:13:02.194174+00:00,200,2.1,True,
2026-05-25T14:13:03.196757+00:00,200,2.64,True,
2026-05-25T14:13:04.199619+00:00,200,1.07,True,
2026-05-25T14:13:05.201134+00:00,200,2.01,True,
2026-05-25T14:13:06.203362+00:00,200,1.11,True,
2026-05-25T14:13:07.204631+00:00,200,2.9,True,
2026-05-25T14:13:08.207883+00:00,200,3.87,True,
2026-05-25T14:13:09.212145+00:00,200,2.83,True,
2026-05-25T14:13:10.215256+00:00,200,1.3,True,
2026-05-25T14:13:11.216741+00:00,200,3.09,True,
2026-05-25T14:13:12.220090+00:00,200,2.77,True,
2026-05-25T14:13:13.223250+00:00,200,2.05,True,
2026-05-25T14:13:14.225820+00:00,200,2.76,True,
2026-05-25T14:13:15.228816+00:00,200,2.29,True,
2026-05-25T14:13:16.231483+00:00,200,3.76,True,
2026-05-25T14:13:17.235596+00:00,200,1.92,True,
2026-05-25T14:13:18.237701+00:00,200,1.7,True,
2026-05-25T14:13:19.239709+00:00,200,3.04,True,
2026-05-25T14:13:20.242953+00:00,200,1.41,True,
2026-05-25T14:13:21.244647+00:00,200,3.69,True,
2026-05-25T14:13:22.248604+00:00,200,2.89,True,
2026-05-25T14:13:23.251692+00:00,200,2.86,True,
2026-05-25T14:13:24.255314+00:00,200,4.78,True,
2026-05-25T14:13:25.260578+00:00,200,3.01,True,
2026-05-25T14:13:26.263859+00:00,200,2.6,True,
2026-05-25T14:13:27.266754+00:00,200,1.76,True,
2026-05-25T14:13:28.268822+00:00,200,3.55,True,
2026-05-25T14:13:29.272625+00:00,200,1.63,True,
2026-05-25T14:13:30.274465+00:00,200,4.8,True,
2026-05-25T14:13:31.279546+00:00,200,2.79,True,
2026-05-25T14:13:32.282727+00:00,200,2.16,True,
2026-05-25T14:13:33.285148+00:00,200,1.74,True,
2026-05-25T14:13:34.287238+00:00,200,1.99,True,
2026-05-25T14:13:35.289634+00:00,200,3.52,True,
2026-05-25T14:13:36.293796+00:00,200,4.45,True,
2026-05-25T14:13:37.298682+00:00,200,5.48,True,
2026-05-25T14:13:38.304491+00:00,200,4.86,True,
2026-05-25T14:13:39.309943+00:00,200,3.16,True,
2026-05-25T14:13:40.313302+00:00,200,2.57,True,
2026-05-25T14:13:41.316166+00:00,200,2.55,True,
2026-05-25T14:13:42.319104+00:00,200,9.82,True,
2026-05-25T14:13:43.329150+00:00,200,1.1,True,
2026-05-25T14:13:44.331221+00:00,200,1.84,True,
2026-05-25T14:13:45.333282+00:00,200,3.15,True,
2026-05-25T14:13:46.336782+00:00,200,2.65,True,
2026-05-25T14:13:47.339687+00:00,200,1.53,True,
2026-05-25T14:13:48.341422+00:00,200,5.01,True,
2026-05-25T14:13:49.346702+00:00,200,4.68,True,
2026-05-25T14:13:50.351669+00:00,200,1.45,True,
2026-05-25T14:13:51.353388+00:00,200,1.25,True,
2026-05-25T14:13:52.354802+00:00,200,1.23,True,
2026-05-25T14:13:53.356273+00:00,200,3.11,True,
2026-05-25T14:13:54.359603+00:00,200,1.75,True,
2026-05-25T14:13:55.361561+00:00,200,2.56,True,
2026-05-25T14:13:56.364409+00:00,200,2.28,True,
2026-05-25T14:13:57.367528+00:00,200,2.04,True,
2026-05-25T14:13:58.369738+00:00,200,1.01,True,
2026-05-25T14:13:59.370888+00:00,200,0.93,True,
2026-05-25T14:14:00.372187+00:00,200,5.04,True,
2026-05-25T14:14:01.377533+00:00,200,1.37,True,
2026-05-25T14:14:02.379283+00:00,200,6.09,True,
2026-05-25T14:14:03.385771+00:00,200,2.78,True,
2026-05-25T14:14:04.388752+00:00,200,1.56,True,
2026-05-25T14:14:05.390636+00:00,200,3.2,True,
2026-05-25T14:14:06.394073+00:00,200,2.12,True,
2026-05-25T14:14:07.396731+00:00,200,2.11,True,
2026-05-25T14:14:08.399035+00:00,200,1.81,True,
2026-05-25T14:14:09.401451+00:00,200,3.53,True,
2026-05-25T14:14:10.405294+00:00,200,1.84,True,
2026-05-25T14:14:11.407547+00:00,200,2.5,True,
2026-05-25T14:14:12.410217+00:00,200,2.66,True,
2026-05-25T14:14:13.413151+00:00,200,3.28,True,
2026-05-25T14:14:14.416658+00:00,200,1.73,True,
2026-05-25T14:14:15.418671+00:00,200,4.76,True,
2026-05-25T14:14:16.423726+00:00,200,1.34,True,
2026-05-25T14:14:17.425442+00:00,200,2.94,True,
2026-05-25T14:14:18.428776+00:00,200,2.75,True,
2026-05-25T14:14:19.431999+00:00,200,2.62,True,
2026-05-25T14:14:20.434849+00:00,200,1.84,True,
2026-05-25T14:14:21.436887+00:00,200,1.84,True,
2026-05-25T14:14:22.439335+00:00,200,1.86,True,
2026-05-25T14:14:23.441570+00:00,200,1.61,True,
2026-05-25T14:14:24.444186+00:00,200,7.15,True,
2026-05-25T14:14:25.451706+00:00,200,3.39,True,
2026-05-25T14:14:26.455559+00:00,200,5.29,True,
2026-05-25T14:14:27.461243+00:00,200,3.6,True,
2026-05-25T14:14:28.465273+00:00,200,1.89,True,
2026-05-25T14:14:29.467454+00:00,200,1.35,True,
2026-05-25T14:14:30.469078+00:00,200,5.29,True,
2026-05-25T14:14:31.474753+00:00,200,1.64,True,
2026-05-25T14:14:32.476622+00:00,200,5.38,True,
2026-05-25T14:14:33.482423+00:00,200,4.14,True,
2026-05-25T14:14:34.487286+00:00,200,8.48,True,
2026-05-25T14:14:35.496314+00:00,200,2.2,True,
2026-05-25T14:14:36.498737+00:00,200,1.99,True,
2026-05-25T14:14:37.500960+00:00,200,2.75,True,
2026-05-25T14:14:38.504124+00:00,200,2.68,True,
2026-05-25T14:14:39.507044+00:00,200,1.16,True,
2026-05-25T14:14:40.508402+00:00,200,3.46,True,
2026-05-25T14:14:41.512255+00:00,200,2.39,True,
2026-05-25T14:14:42.514978+00:00,200,4.71,True,
2026-05-25T14:14:43.520056+00:00,200,2.97,True,
2026-05-25T14:14:44.523272+00:00,200,3.75,True,
2026-05-25T14:14:45.527331+00:00,200,3.02,True,
2026-05-25T14:14:46.530612+00:00,200,2.21,True,
2026-05-25T14:14:47.533132+00:00,200,2.85,True,
2026-05-25T14:14:48.536338+00:00,200,3.55,True,
2026-05-25T14:14:49.540128+00:00,200,2.2,True,
2026-05-25T14:14:50.543423+00:00,200,6.53,True,
2026-05-25T14:14:51.550320+00:00,200,5.57,True,
2026-05-25T14:14:52.556333+00:00,200,3.52,True,
2026-05-25T14:14:53.560274+00:00,200,2.34,True,
2026-05-25T14:14:54.562875+00:00,200,2.16,True,
2026-05-25T14:14:55.565485+00:00,200,5.76,True,
2026-05-25T14:14:56.571580+00:00,200,2.61,True,
2026-05-25T14:14:57.575214+00:00,200,6.77,True,
2026-05-25T14:14:58.582480+00:00,200,1.68,True,
2026-05-25T14:14:59.584623+00:00,200,1.97,True,
2026-05-25T14:15:00.586823+00:00,200,3.71,True,
2026-05-25T14:15:01.590972+00:00,200,2.82,True,
2026-05-25T14:15:02.594570+00:00,200,5.87,True,
2026-05-25T14:15:03.600912+00:00,200,3.38,True,
2026-05-25T14:15:04.604729+00:00,200,3.34,True,
2026-05-25T14:15:05.608370+00:00,200,3.24,True,
2026-05-25T14:15:06.612663+00:00,200,3.43,True,
2026-05-25T14:15:07.616332+00:00,200,2.1,True,
2026-05-25T14:15:08.618703+00:00,200,4.43,True,
2026-05-25T14:15:09.623475+00:00,200,1.83,True,
2026-05-25T14:15:10.625620+00:00,200,1.5,True,
2026-05-25T14:15:11.627407+00:00,200,2.34,True,
2026-05-25T14:15:12.630177+00:00,200,10.41,True,
2026-05-25T14:15:13.640928+00:00,200,6.25,True,
2026-05-25T14:15:14.647990+00:00,200,9.83,True,
2026-05-25T14:15:15.658423+00:00,200,2.49,True,
2026-05-25T14:15:16.661902+00:00,200,2.36,True,
2026-05-25T14:15:17.664544+00:00,200,4.38,True,
2026-05-25T14:15:18.669268+00:00,200,3.17,True,
2026-05-25T14:15:19.672689+00:00,200,3.86,True,
2026-05-25T14:15:20.677585+00:00,200,6.55,True,
2026-05-25T14:15:21.684563+00:00,200,4.79,True,
2026-05-25T14:15:22.690085+00:00,200,4.6,True,
2026-05-25T14:15:23.695139+00:00,200,3.88,True,
2026-05-25T14:15:24.699347+00:00,200,11.07,True,
2026-05-25T14:15:25.711059+00:00,200,3.85,True,
2026-05-25T14:15:26.715218+00:00,200,2.92,True,
2026-05-25T14:15:27.718343+00:00,200,1.59,True,
2026-05-25T14:15:28.720439+00:00,200,3.13,True,
2026-05-25T14:15:29.723794+00:00,200,1.22,True,
2026-05-25T14:15:30.725609+00:00,200,11.68,True,
2026-05-25T14:15:31.738307+00:00,200,1.75,True,
2026-05-25T14:15:32.740281+00:00,200,5.96,True,
2026-05-25T14:15:33.747328+00:00,200,1.02,True,
2026-05-25T14:15:34.748573+00:00,200,3.36,True,
2026-05-25T14:15:35.752224+00:00,200,3.32,True,
2026-05-25T14:15:36.755770+00:00,200,3.86,True,
2026-05-25T14:15:37.759830+00:00,200,1.74,True,
2026-05-25T14:15:38.761779+00:00,200,3.42,True,
2026-05-25T14:15:39.765771+00:00,200,2.36,True,
2026-05-25T14:15:40.768977+00:00,200,4.2,True,
2026-05-25T14:15:41.773545+00:00,200,1.68,True,
2026-05-25T14:15:42.775465+00:00,200,6.62,True,
2026-05-25T14:15:43.782635+00:00,200,2.63,True,
2026-05-25T14:15:44.786224+00:00,200,1.92,True,
2026-05-25T14:15:45.788356+00:00,200,1.62,True,
2026-05-25T14:15:46.790577+00:00,200,1.72,True,
2026-05-25T14:15:47.792577+00:00,200,0.79,True,
2026-05-25T14:15:48.793666+00:00,200,2.24,True,
2026-05-25T14:15:49.796101+00:00,200,2.88,True,
2026-05-25T14:15:50.799315+00:00,200,4.84,True,
2026-05-25T14:15:51.804444+00:00,200,3.33,True,
2026-05-25T14:15:52.808022+00:00,200,3.1,True,
2026-05-25T14:15:53.811333+00:00,200,3.22,True,
2026-05-25T14:15:54.814884+00:00,200,1.9,True,
2026-05-25T14:15:55.816902+00:00,200,2.54,True,
2026-05-25T14:15:56.819653+00:00,200,1.31,True,
2026-05-25T14:15:57.821656+00:00,200,2.2,True,
2026-05-25T14:15:58.824433+00:00,200,2.92,True,
2026-05-25T14:15:59.827698+00:00,200,2.57,True,
2026-05-25T14:16:00.830562+00:00,200,2.32,True,
2026-05-25T14:16:01.833381+00:00,200,2.97,True,
2026-05-25T14:16:02.836638+00:00,200,1.29,True,
2026-05-25T14:16:03.838257+00:00,200,3.07,True,
2026-05-25T14:16:04.841679+00:00,200,4.39,True,
2026-05-25T14:16:05.846358+00:00,200,2.89,True,
2026-05-25T14:16:06.849501+00:00,200,2.62,True,
2026-05-25T14:16:07.852495+00:00,200,3.23,True,
2026-05-25T14:16:08.856042+00:00,200,1.47,True,
2026-05-25T14:16:09.857631+00:00,200,3.1,True,
2026-05-25T14:16:10.860923+00:00,200,3.01,True,
2026-05-25T14:16:11.864397+00:00,200,0.99,True,
2026-05-25T14:16:12.865802+00:00,200,1.67,True,
2026-05-25T14:16:13.868259+00:00,200,2.9,True,
2026-05-25T14:16:14.872220+00:00,200,2.75,True,
2026-05-25T14:16:15.875983+00:00,200,4.03,True,
2026-05-25T14:16:16.880352+00:00,200,4.09,True,
2026-05-25T14:16:17.884800+00:00,200,2.92,True,
2026-05-25T14:16:18.888040+00:00,200,4.67,True,
2026-05-25T14:16:19.892984+00:00,200,1.92,True,
2026-05-25T14:16:20.895128+00:00,200,1.89,True,
2026-05-25T14:16:21.897197+00:00,200,3.22,True,
2026-05-25T14:16:22.900668+00:00,200,2.07,True,
2026-05-25T14:16:23.903051+00:00,200,2.36,True,
2026-05-25T14:16:24.905590+00:00,200,1.58,True,
2026-05-25T14:16:25.907416+00:00,200,3.26,True,
2026-05-25T14:16:26.911425+00:00,200,3.32,True,
2026-05-25T14:16:27.914965+00:00,200,1.51,True,
2026-05-25T14:16:28.916650+00:00,200,2.5,True,
2026-05-25T14:16:29.919451+00:00,200,3.69,True,
2026-05-25T14:16:30.923736+00:00,200,2.19,True,
2026-05-25T14:16:31.926158+00:00,200,4.17,True,
2026-05-25T14:16:32.930561+00:00,200,2.77,True,
2026-05-25T14:16:33.933525+00:00,200,1.38,True,
2026-05-25T14:16:34.936119+00:00,200,2.2,True,
2026-05-25T14:16:35.938773+00:00,200,3.38,True,
2026-05-25T14:16:36.942430+00:00,200,3.31,True,
2026-05-25T14:16:37.946043+00:00,200,2.64,True,
2026-05-25T14:16:38.949017+00:00,200,3.07,True,
2026-05-25T14:16:39.952911+00:00,200,2.78,True,
2026-05-25T14:16:40.956155+00:00,200,1.47,True,
2026-05-25T14:16:41.957796+00:00,200,1.89,True,
2026-05-25T14:16:42.959909+00:00,200,4.14,True,
2026-05-25T14:16:43.964346+00:00,200,2.74,True,
2026-05-25T14:16:44.967563+00:00,200,1.31,True,
2026-05-25T14:16:45.969046+00:00,200,1.95,True,
2026-05-25T14:16:46.971378+00:00,200,3.4,True,
2026-05-25T14:16:47.975037+00:00,200,2.6,True,
2026-05-25T14:16:48.978022+00:00,200,3.82,True,
2026-05-25T14:16:49.983069+00:00,200,2.01,True,
2026-05-25T14:16:50.986232+00:00,200,2.67,True,
2026-05-25T14:16:51.989734+00:00,200,2.71,True,
2026-05-25T14:16:52.992873+00:00,200,4.48,True,
2026-05-25T14:16:53.997650+00:00,200,3.21,True,
2026-05-25T14:16:55.001340+00:00,200,5.56,True,
2026-05-25T14:16:56.007297+00:00,200,4.58,True,
2026-05-25T14:16:57.012304+00:00,200,6.06,True,
2026-05-25T14:16:58.018967+00:00,200,1.75,True,
2026-05-25T14:16:59.020931+00:00,200,2.46,True,
2026-05-25T14:17:00.024495+00:00,200,2.89,True,
2026-05-25T14:17:01.027638+00:00,200,4.0,True,
2026-05-25T14:17:02.031992+00:00,200,1.78,True,
2026-05-25T14:17:03.033989+00:00,200,2.42,True,
2026-05-25T14:17:04.036714+00:00,200,1.58,True,
2026-05-25T14:17:05.038478+00:00,200,4.61,True,
2026-05-25T14:17:06.043451+00:00,200,2.57,True,
2026-05-25T14:17:07.046205+00:00,200,1.53,True,
2026-05-25T14:17:08.047921+00:00,200,1.27,True,
2026-05-25T14:17:09.049751+00:00,200,5.99,True,
2026-05-25T14:17:10.056472+00:00,200,2.91,True,
2026-05-25T14:17:11.059739+00:00,200,3.52,True,
2026-05-25T14:17:12.063658+00:00,200,1.9,True,
2026-05-25T14:17:13.065747+00:00,200,2.17,True,
2026-05-25T14:17:14.068123+00:00,200,2.21,True,
2026-05-25T14:17:15.070871+00:00,200,1.46,True,
2026-05-25T14:17:16.072527+00:00,200,1.85,True,
2026-05-25T14:17:17.075384+00:00,200,3.7,True,
2026-05-25T14:17:18.079536+00:00,200,1.71,True,
2026-05-25T14:17:19.081546+00:00,200,2.98,True,
2026-05-25T14:17:20.085132+00:00,200,2.57,True,
2026-05-25T14:17:21.088029+00:00,200,2.27,True,
2026-05-25T14:17:22.090699+00:00,200,3.19,True,
2026-05-25T14:17:23.094209+00:00,200,6.9,True,
2026-05-25T14:17:24.101539+00:00,200,3.24,True,
2026-05-25T14:17:25.105174+00:00,200,2.62,True,
2026-05-25T14:17:26.108177+00:00,200,2.65,True,
2026-05-25T14:17:27.111074+00:00,200,1.8,True,
2026-05-25T14:17:28.113614+00:00,200,2.05,True,
2026-05-25T14:17:29.115939+00:00,200,2.55,True,
2026-05-25T14:17:30.119063+00:00,200,5.32,True,
2026-05-25T14:17:31.124912+00:00,200,3.07,True,
2026-05-25T14:17:32.128361+00:00,200,4.66,True,
2026-05-25T14:17:33.133548+00:00,200,2.21,True,
2026-05-25T14:17:34.135991+00:00,200,2.04,True,
2026-05-25T14:17:35.138296+00:00,200,3.21,True,
2026-05-25T14:17:36.141762+00:00,200,9.71,True,
2026-05-25T14:17:37.151801+00:00,200,4.16,True,
2026-05-25T14:17:38.156245+00:00,200,1.9,True,
2026-05-25T14:17:39.158432+00:00,200,2.95,True,
2026-05-25T14:17:40.161661+00:00,200,3.06,True,
2026-05-25T14:17:41.165095+00:00,200,6.96,True,
2026-05-25T14:17:42.172435+00:00,200,3.15,True,
2026-05-25T14:17:43.175988+00:00,200,4.16,True,
2026-05-25T14:17:44.180492+00:00,200,1.77,True,
2026-05-25T14:17:45.183085+00:00,200,2.25,True,
2026-05-25T14:17:46.185554+00:00,200,3.57,True,
2026-05-25T14:17:47.189391+00:00,200,3.3,True,
2026-05-25T14:17:48.192948+00:00,200,2.97,True,
2026-05-25T14:17:49.196165+00:00,200,3.93,True,
2026-05-25T14:17:50.200333+00:00,200,1.48,True,
2026-05-25T14:17:51.202055+00:00,200,2.1,True,
2026-05-25T14:17:52.204438+00:00,200,2.74,True,
2026-05-25T14:17:53.207432+00:00,200,4.78,True,
2026-05-25T14:17:54.212844+00:00,200,2.72,True,
2026-05-25T14:17:55.215918+00:00,200,2.03,True,
2026-05-25T14:17:56.218149+00:00,200,2.26,True,
2026-05-25T14:17:57.220584+00:00,200,1.73,True,
2026-05-25T14:17:58.222624+00:00,200,3.16,True,
2026-05-25T14:17:59.226162+00:00,200,2.17,True,
2026-05-25T14:18:00.228578+00:00,200,2.07,True,
2026-05-25T14:18:01.230984+00:00,200,5.66,True,
2026-05-25T14:18:02.237547+00:00,200,3.5,True,
2026-05-25T14:18:03.241488+00:00,200,1.92,True,
2026-05-25T14:18:04.243641+00:00,200,1.15,True,
2026-05-25T14:18:05.245031+00:00,200,3.29,True,
2026-05-25T14:18:06.248802+00:00,200,2.59,True,
2026-05-25T14:18:07.251727+00:00,200,1.66,True,
2026-05-25T14:18:08.253746+00:00,200,1.67,True,
2026-05-25T14:18:09.255677+00:00,200,1.29,True,
2026-05-25T14:18:10.257579+00:00,200,1.82,True,
2026-05-25T14:18:11.259668+00:00,200,3.1,True,
2026-05-25T14:18:12.263071+00:00,200,2.28,True,
2026-05-25T14:18:13.265635+00:00,200,3.09,True,
2026-05-25T14:18:14.268921+00:00,200,5.37,True,
2026-05-25T14:18:15.274541+00:00,200,2.4,True,
2026-05-25T14:18:16.277233+00:00,200,2.67,True,
2026-05-25T14:18:17.280130+00:00,200,2.1,True,
2026-05-25T14:18:18.282753+00:00,200,2.08,True,
2026-05-25T14:18:19.285084+00:00,200,2.57,True,
2026-05-25T14:18:20.287959+00:00,200,0.77,True,
2026-05-25T14:18:21.289065+00:00,200,4.28,True,
2026-05-25T14:18:22.293602+00:00,200,2.33,True,
2026-05-25T14:18:23.296204+00:00,200,5.72,True,
2026-05-25T14:18:24.302270+00:00,200,2.04,True,
2026-05-25T14:18:25.304629+00:00,200,6.12,True,
2026-05-25T14:18:26.311032+00:00,200,2.56,True,
2026-05-25T14:18:27.313779+00:00,200,1.68,True,
2026-05-25T14:18:28.315828+00:00,200,3.07,True,
2026-05-25T14:18:29.319277+00:00,200,1.96,True,
2026-05-25T14:18:30.321449+00:00,200,1.58,True,
2026-05-25T14:18:31.323303+00:00,200,2.17,True,
2026-05-25T14:18:32.326097+00:00,200,3.87,True,
2026-05-25T14:18:33.330492+00:00,200,2.51,True,
2026-05-25T14:18:34.333286+00:00,200,1.74,True,
2026-05-25T14:18:35.335300+00:00,200,3.8,True,
2026-05-25T14:18:36.339406+00:00,200,3.75,True,
2026-05-25T14:18:37.343422+00:00,200,1.63,True,
2026-05-25T14:18:38.345237+00:00,200,1.39,True,
2026-05-25T14:18:39.346833+00:00,200,2.74,True,
2026-05-25T14:18:40.350092+00:00,200,2.82,True,
2026-05-25T14:18:41.353260+00:00,200,1.36,True,
2026-05-25T14:18:42.354798+00:00,200,1.89,True,
2026-05-25T14:18:43.357532+00:00,200,1.68,True,
2026-05-25T14:18:44.359465+00:00,200,2.54,True,
2026-05-25T14:18:45.362358+00:00,200,5.54,True,
2026-05-25T14:18:46.368259+00:00,200,2.47,True,
2026-05-25T14:18:47.370968+00:00,200,2.97,True,
2026-05-25T14:18:48.374326+00:00,200,2.27,True,
2026-05-25T14:18:49.376921+00:00,200,3.78,True,
2026-05-25T14:18:50.380985+00:00,200,1.79,True,
2026-05-25T14:18:51.382999+00:00,200,2.63,True,
2026-05-25T14:18:52.386014+00:00,200,2.49,True,
2026-05-25T14:18:53.388660+00:00,200,2.98,True,
2026-05-25T14:18:54.392282+00:00,200,2.25,True,
2026-05-25T14:18:55.394692+00:00,200,7.86,True,
2026-05-25T14:18:56.403438+00:00,200,1.75,True,
2026-05-25T14:18:57.405497+00:00,200,4.56,True,
2026-05-25T14:18:58.410711+00:00,200,1.82,True,
2026-05-25T14:18:59.412693+00:00,200,1.77,True,
2026-05-25T14:19:00.414701+00:00,200,2.59,True,
2026-05-25T14:19:01.417522+00:00,200,1.72,True,
2026-05-25T14:19:02.419425+00:00,200,4.25,True,
2026-05-25T14:19:03.423910+00:00,200,1.84,True,
2026-05-25T14:19:04.425888+00:00,200,2.13,True,
2026-05-25T14:19:05.428256+00:00,200,4.99,True,
2026-05-25T14:19:06.433984+00:00,200,1.89,True,
2026-05-25T14:19:07.436345+00:00,200,1.21,True,
2026-05-25T14:19:08.438005+00:00,200,2.67,True,
2026-05-25T14:19:09.440912+00:00,200,1.69,True,
2026-05-25T14:19:10.442945+00:00,200,1.68,True,
2026-05-25T14:19:11.444829+00:00,200,2.98,True,
2026-05-25T14:19:12.448108+00:00,200,4.02,True,
2026-05-25T14:19:13.452435+00:00,200,2.95,True,
2026-05-25T14:19:14.455657+00:00,200,2.58,True,
2026-05-25T14:19:15.458500+00:00,200,2.67,True,
2026-05-25T14:19:16.461543+00:00,200,1.22,True,
2026-05-25T14:19:17.463243+00:00,200,6.2,True,
2026-05-25T14:19:18.469911+00:00,200,2.65,True,
2026-05-25T14:19:19.472896+00:00,200,2.77,True,
2026-05-25T14:19:20.475906+00:00,200,1.78,True,
2026-05-25T14:19:21.478933+00:00,200,3.75,True,
2026-05-25T14:19:22.483025+00:00,200,2.11,True,
2026-05-25T14:19:23.485397+00:00,200,1.67,True,
2026-05-25T14:19:24.487974+00:00,200,3.07,True,
2026-05-25T14:19:25.491310+00:00,200,2.95,True,
2026-05-25T14:19:26.494775+00:00,200,3.58,True,
2026-05-25T14:19:27.498759+00:00,200,3.56,True,
2026-05-25T14:19:28.502930+00:00,200,2.75,True,
2026-05-25T14:19:29.506129+00:00,200,1.47,True,
2026-05-25T14:19:30.508141+00:00,200,2.99,True,
2026-05-25T14:19:31.511668+00:00,200,2.72,True,
2026-05-25T14:19:32.514783+00:00,200,6.4,True,
2026-05-25T14:19:33.521884+00:00,200,6.04,True,
2026-05-25T14:19:34.528302+00:00,200,3.32,True,
2026-05-25T14:19:35.531912+00:00,200,2.15,True,
2026-05-25T14:19:36.534354+00:00,200,1.97,True,
2026-05-25T14:19:37.536670+00:00,200,3.47,True,
2026-05-25T14:19:38.540445+00:00,200,1.64,True,
