timestamp,node,status
2026-06-29T12:34:43+00:00,k3s-s1,Ready
2026-06-29T12:34:43+00:00,k3s-s2,Ready
2026-06-29T12:34:43+00:00,k3s-s3,Ready
2026-06-29T12:34:43+00:00,k3s-w1,Ready
2026-06-29T12:34:43+00:00,k3s-w2,Ready
2026-06-29T12:34:44+00:00,k3s-s1,Ready
2026-06-29T12:34:44+00:00,k3s-s2,Ready
2026-06-29T12:34:44+00:00,k3s-s3,Ready
2026-06-29T12:34:44+00:00,k3s-w1,Ready
2026-06-29T12:34:44+00:00,k3s-w2,Ready
2026-06-29T12:34:45+00:00,k3s-s1,Ready
2026-06-29T12:34:45+00:00,k3s-s2,Ready
2026-06-29T12:34:45+00:00,k3s-s3,Ready
2026-06-29T12:34:45+00:00,k3s-w1,Ready
2026-06-29T12:34:45+00:00,k3s-w2,Ready
2026-06-29T12:34:46+00:00,k3s-s1,Ready
2026-06-29T12:34:46+00:00,k3s-s2,Ready
2026-06-29T12:34:46+00:00,k3s-s3,Ready
2026-06-29T12:34:46+00:00,k3s-w1,Ready
2026-06-29T12:34:46+00:00,k3s-w2,Ready
2026-06-29T12:34:48+00:00,k3s-s1,Ready
2026-06-29T12:34:48+00:00,k3s-s2,Ready
2026-06-29T12:34:48+00:00,k3s-s3,Ready
2026-06-29T12:34:48+00:00,k3s-w1,Ready
2026-06-29T12:34:48+00:00,k3s-w2,Ready
2026-06-29T12:34:49+00:00,k3s-s1,Ready
2026-06-29T12:34:49+00:00,k3s-s2,Ready
2026-06-29T12:34:49+00:00,k3s-s3,Ready
2026-06-29T12:34:49+00:00,k3s-w1,Ready
2026-06-29T12:34:49+00:00,k3s-w2,Ready
2026-06-29T12:34:50+00:00,k3s-s1,Ready
2026-06-29T12:34:50+00:00,k3s-s2,Ready
2026-06-29T12:34:50+00:00,k3s-s3,Ready
2026-06-29T12:34:50+00:00,k3s-w1,Ready
2026-06-29T12:34:50+00:00,k3s-w2,Ready
2026-06-29T12:34:51+00:00,k3s-s1,Ready
2026-06-29T12:34:51+00:00,k3s-s2,Ready
2026-06-29T12:34:51+00:00,k3s-s3,Ready
2026-06-29T12:34:51+00:00,k3s-w1,Ready
2026-06-29T12:34:51+00:00,k3s-w2,Ready
2026-06-29T12:34:52+00:00,k3s-s1,Ready
2026-06-29T12:34:52+00:00,k3s-s2,Ready
2026-06-29T12:34:52+00:00,k3s-s3,Ready
2026-06-29T12:34:52+00:00,k3s-w1,Ready
2026-06-29T12:34:52+00:00,k3s-w2,Ready
2026-06-29T12:34:53+00:00,k3s-s1,Ready
2026-06-29T12:34:53+00:00,k3s-s2,Ready
2026-06-29T12:34:53+00:00,k3s-s3,Ready
2026-06-29T12:34:53+00:00,k3s-w1,Ready
2026-06-29T12:34:53+00:00,k3s-w2,Ready
2026-06-29T12:34:54+00:00,k3s-s1,Ready
2026-06-29T12:34:54+00:00,k3s-s2,Ready
2026-06-29T12:34:54+00:00,k3s-s3,Ready
2026-06-29T12:34:54+00:00,k3s-w1,Ready
2026-06-29T12:34:54+00:00,k3s-w2,Ready
2026-06-29T12:34:55+00:00,k3s-s1,Ready
2026-06-29T12:34:55+00:00,k3s-s2,Ready
2026-06-29T12:34:55+00:00,k3s-s3,Ready
2026-06-29T12:34:55+00:00,k3s-w1,Ready
2026-06-29T12:34:55+00:00,k3s-w2,Ready
2026-06-29T12:34:56+00:00,k3s-s1,Ready
2026-06-29T12:34:56+00:00,k3s-s2,Ready
2026-06-29T12:34:56+00:00,k3s-s3,Ready
2026-06-29T12:34:56+00:00,k3s-w1,Ready
2026-06-29T12:34:56+00:00,k3s-w2,Ready
2026-06-29T12:34:57+00:00,k3s-s1,Ready
2026-06-29T12:34:57+00:00,k3s-s2,Ready
2026-06-29T12:34:57+00:00,k3s-s3,Ready
2026-06-29T12:34:57+00:00,k3s-w1,Ready
2026-06-29T12:34:57+00:00,k3s-w2,Ready
2026-06-29T12:34:58+00:00,k3s-s1,Ready
2026-06-29T12:34:58+00:00,k3s-s2,Ready
2026-06-29T12:34:58+00:00,k3s-s3,Ready
2026-06-29T12:34:58+00:00,k3s-w1,Ready
2026-06-29T12:34:58+00:00,k3s-w2,Ready
2026-06-29T12:34:59+00:00,k3s-s1,Ready
2026-06-29T12:34:59+00:00,k3s-s2,Ready
2026-06-29T12:34:59+00:00,k3s-s3,Ready
2026-06-29T12:34:59+00:00,k3s-w1,Ready
2026-06-29T12:34:59+00:00,k3s-w2,Ready
2026-06-29T12:35:00+00:00,k3s-s1,Ready
2026-06-29T12:35:00+00:00,k3s-s2,Ready
2026-06-29T12:35:00+00:00,k3s-s3,Ready
2026-06-29T12:35:00+00:00,k3s-w1,Ready
2026-06-29T12:35:00+00:00,k3s-w2,Ready
2026-06-29T12:35:02+00:00,k3s-s1,Ready
2026-06-29T12:35:02+00:00,k3s-s2,Ready
2026-06-29T12:35:02+00:00,k3s-s3,Ready
2026-06-29T12:35:02+00:00,k3s-w1,Ready
2026-06-29T12:35:02+00:00,k3s-w2,Ready
2026-06-29T12:35:03+00:00,k3s-s1,Ready
2026-06-29T12:35:03+00:00,k3s-s2,Ready
2026-06-29T12:35:03+00:00,k3s-s3,Ready
2026-06-29T12:35:03+00:00,k3s-w1,Ready
2026-06-29T12:35:03+00:00,k3s-w2,Ready
2026-06-29T12:35:04+00:00,k3s-s1,Ready
2026-06-29T12:35:04+00:00,k3s-s2,Ready
2026-06-29T12:35:04+00:00,k3s-s3,Ready
2026-06-29T12:35:04+00:00,k3s-w1,Ready
2026-06-29T12:35:04+00:00,k3s-w2,Ready
2026-06-29T12:35:05+00:00,k3s-s1,Ready
2026-06-29T12:35:05+00:00,k3s-s2,Ready
2026-06-29T12:35:05+00:00,k3s-s3,Ready
2026-06-29T12:35:05+00:00,k3s-w1,Ready
2026-06-29T12:35:05+00:00,k3s-w2,Ready
2026-06-29T12:35:06+00:00,k3s-s1,Ready
2026-06-29T12:35:06+00:00,k3s-s2,Ready
2026-06-29T12:35:06+00:00,k3s-s3,Ready
2026-06-29T12:35:06+00:00,k3s-w1,Ready
2026-06-29T12:35:06+00:00,k3s-w2,Ready
2026-06-29T12:35:07+00:00,k3s-s1,Ready
2026-06-29T12:35:07+00:00,k3s-s2,Ready
2026-06-29T12:35:07+00:00,k3s-s3,Ready
2026-06-29T12:35:07+00:00,k3s-w1,Ready
2026-06-29T12:35:07+00:00,k3s-w2,Ready
2026-06-29T12:35:08+00:00,k3s-s1,Ready
2026-06-29T12:35:08+00:00,k3s-s2,Ready
2026-06-29T12:35:08+00:00,k3s-s3,Ready
2026-06-29T12:35:08+00:00,k3s-w1,Ready
2026-06-29T12:35:08+00:00,k3s-w2,Ready
2026-06-29T12:35:09+00:00,k3s-s1,Ready
2026-06-29T12:35:09+00:00,k3s-s2,Ready
2026-06-29T12:35:09+00:00,k3s-s3,Ready
2026-06-29T12:35:09+00:00,k3s-w1,Ready
2026-06-29T12:35:09+00:00,k3s-w2,Ready
2026-06-29T12:35:10+00:00,k3s-s1,Ready
2026-06-29T12:35:10+00:00,k3s-s2,Ready
2026-06-29T12:35:10+00:00,k3s-s3,Ready
2026-06-29T12:35:10+00:00,k3s-w1,Ready
2026-06-29T12:35:10+00:00,k3s-w2,Ready
2026-06-29T12:35:11+00:00,k3s-s1,Ready
2026-06-29T12:35:11+00:00,k3s-s2,Ready
2026-06-29T12:35:11+00:00,k3s-s3,Ready
2026-06-29T12:35:11+00:00,k3s-w1,Ready
2026-06-29T12:35:11+00:00,k3s-w2,Ready
2026-06-29T12:35:12+00:00,k3s-s1,Ready
2026-06-29T12:35:12+00:00,k3s-s2,Ready
2026-06-29T12:35:12+00:00,k3s-s3,Ready
2026-06-29T12:35:12+00:00,k3s-w1,Ready
2026-06-29T12:35:12+00:00,k3s-w2,Ready
2026-06-29T12:35:13+00:00,k3s-s1,Ready
2026-06-29T12:35:13+00:00,k3s-s2,Ready
2026-06-29T12:35:13+00:00,k3s-s3,Ready
2026-06-29T12:35:13+00:00,k3s-w1,Ready
2026-06-29T12:35:13+00:00,k3s-w2,Ready
2026-06-29T12:35:14+00:00,k3s-s1,Ready
2026-06-29T12:35:14+00:00,k3s-s2,Ready
2026-06-29T12:35:14+00:00,k3s-s3,Ready
2026-06-29T12:35:14+00:00,k3s-w1,Ready
2026-06-29T12:35:14+00:00,k3s-w2,Ready
2026-06-29T12:35:16+00:00,k3s-s1,Ready
2026-06-29T12:35:16+00:00,k3s-s2,Ready
2026-06-29T12:35:16+00:00,k3s-s3,Ready
2026-06-29T12:35:16+00:00,k3s-w1,Ready
2026-06-29T12:35:16+00:00,k3s-w2,Ready
2026-06-29T12:35:17+00:00,k3s-s1,Ready
2026-06-29T12:35:17+00:00,k3s-s2,Ready
2026-06-29T12:35:17+00:00,k3s-s3,Ready
2026-06-29T12:35:17+00:00,k3s-w1,Ready
2026-06-29T12:35:17+00:00,k3s-w2,Ready
2026-06-29T12:35:18+00:00,k3s-s1,Ready
2026-06-29T12:35:18+00:00,k3s-s2,Ready
2026-06-29T12:35:18+00:00,k3s-s3,Ready
2026-06-29T12:35:18+00:00,k3s-w1,Ready
2026-06-29T12:35:18+00:00,k3s-w2,Ready
2026-06-29T12:35:19+00:00,k3s-s1,Ready
2026-06-29T12:35:19+00:00,k3s-s2,Ready
2026-06-29T12:35:19+00:00,k3s-s3,Ready
2026-06-29T12:35:19+00:00,k3s-w1,Ready
2026-06-29T12:35:19+00:00,k3s-w2,Ready
2026-06-29T12:35:20+00:00,k3s-s1,Ready
2026-06-29T12:35:20+00:00,k3s-s2,Ready
2026-06-29T12:35:20+00:00,k3s-s3,Ready
2026-06-29T12:35:20+00:00,k3s-w1,Ready
2026-06-29T12:35:20+00:00,k3s-w2,Ready
2026-06-29T12:35:21+00:00,k3s-s1,Ready
2026-06-29T12:35:21+00:00,k3s-s2,Ready
2026-06-29T12:35:21+00:00,k3s-s3,Ready
2026-06-29T12:35:21+00:00,k3s-w1,Ready
2026-06-29T12:35:21+00:00,k3s-w2,Ready
2026-06-29T12:35:22+00:00,k3s-s1,Ready
2026-06-29T12:35:22+00:00,k3s-s2,Ready
2026-06-29T12:35:22+00:00,k3s-s3,Ready
2026-06-29T12:35:22+00:00,k3s-w1,Ready
2026-06-29T12:35:22+00:00,k3s-w2,Ready
2026-06-29T12:35:23+00:00,k3s-s1,Ready
2026-06-29T12:35:23+00:00,k3s-s2,Ready
2026-06-29T12:35:23+00:00,k3s-s3,Ready
2026-06-29T12:35:23+00:00,k3s-w1,Ready
2026-06-29T12:35:23+00:00,k3s-w2,Ready
2026-06-29T12:35:24+00:00,k3s-s1,Ready
2026-06-29T12:35:24+00:00,k3s-s2,Ready
2026-06-29T12:35:24+00:00,k3s-s3,Ready
2026-06-29T12:35:24+00:00,k3s-w1,Ready
2026-06-29T12:35:24+00:00,k3s-w2,Ready
2026-06-29T12:35:25+00:00,k3s-s1,Ready
2026-06-29T12:35:25+00:00,k3s-s2,Ready
2026-06-29T12:35:25+00:00,k3s-s3,Ready
2026-06-29T12:35:25+00:00,k3s-w1,Ready
2026-06-29T12:35:25+00:00,k3s-w2,Ready
2026-06-29T12:35:26+00:00,k3s-s1,Ready
2026-06-29T12:35:26+00:00,k3s-s2,Ready
2026-06-29T12:35:26+00:00,k3s-s3,Ready
2026-06-29T12:35:26+00:00,k3s-w1,Ready
2026-06-29T12:35:26+00:00,k3s-w2,Ready
2026-06-29T12:35:27+00:00,k3s-s1,Ready
2026-06-29T12:35:27+00:00,k3s-s2,Ready
2026-06-29T12:35:27+00:00,k3s-s3,Ready
2026-06-29T12:35:27+00:00,k3s-w1,Ready
2026-06-29T12:35:27+00:00,k3s-w2,Ready
2026-06-29T12:35:28+00:00,k3s-s1,Ready
2026-06-29T12:35:28+00:00,k3s-s2,Ready
2026-06-29T12:35:28+00:00,k3s-s3,Ready
2026-06-29T12:35:28+00:00,k3s-w1,Ready
2026-06-29T12:35:28+00:00,k3s-w2,Ready
2026-06-29T12:35:29+00:00,k3s-s1,Ready
2026-06-29T12:35:29+00:00,k3s-s2,Ready
2026-06-29T12:35:29+00:00,k3s-s3,Ready
2026-06-29T12:35:29+00:00,k3s-w1,Ready
2026-06-29T12:35:29+00:00,k3s-w2,Ready
2026-06-29T12:35:31+00:00,k3s-s1,Ready
2026-06-29T12:35:31+00:00,k3s-s2,Ready
2026-06-29T12:35:31+00:00,k3s-s3,Ready
2026-06-29T12:35:31+00:00,k3s-w1,Ready
2026-06-29T12:35:31+00:00,k3s-w2,Ready
2026-06-29T12:35:32+00:00,k3s-s1,Ready
2026-06-29T12:35:32+00:00,k3s-s2,Ready
2026-06-29T12:35:32+00:00,k3s-s3,Ready
2026-06-29T12:35:32+00:00,k3s-w1,Ready
2026-06-29T12:35:32+00:00,k3s-w2,Ready
2026-06-29T12:35:33+00:00,k3s-s1,Ready
2026-06-29T12:35:33+00:00,k3s-s2,Ready
2026-06-29T12:35:33+00:00,k3s-s3,Ready
2026-06-29T12:35:33+00:00,k3s-w1,Ready
2026-06-29T12:35:33+00:00,k3s-w2,Ready
2026-06-29T12:35:34+00:00,k3s-s1,Ready
2026-06-29T12:35:34+00:00,k3s-s2,Ready
2026-06-29T12:35:34+00:00,k3s-s3,Ready
2026-06-29T12:35:34+00:00,k3s-w1,Ready
2026-06-29T12:35:34+00:00,k3s-w2,Ready
2026-06-29T12:35:35+00:00,k3s-s1,Ready
2026-06-29T12:35:35+00:00,k3s-s2,Ready
2026-06-29T12:35:35+00:00,k3s-s3,Ready
2026-06-29T12:35:35+00:00,k3s-w1,Ready
2026-06-29T12:35:35+00:00,k3s-w2,Ready
2026-06-29T12:35:36+00:00,k3s-s1,Ready
2026-06-29T12:35:36+00:00,k3s-s2,Ready
2026-06-29T12:35:36+00:00,k3s-s3,Ready
2026-06-29T12:35:36+00:00,k3s-w1,Ready
2026-06-29T12:35:36+00:00,k3s-w2,Ready
2026-06-29T12:35:37+00:00,k3s-s1,Ready
2026-06-29T12:35:37+00:00,k3s-s2,Ready
2026-06-29T12:35:37+00:00,k3s-s3,Ready
2026-06-29T12:35:37+00:00,k3s-w1,Ready
2026-06-29T12:35:37+00:00,k3s-w2,Ready
2026-06-29T12:35:38+00:00,k3s-s1,Ready
2026-06-29T12:35:38+00:00,k3s-s2,Ready
2026-06-29T12:35:38+00:00,k3s-s3,Ready
2026-06-29T12:35:38+00:00,k3s-w1,Ready
2026-06-29T12:35:38+00:00,k3s-w2,Ready
2026-06-29T12:35:39+00:00,k3s-s1,Ready
2026-06-29T12:35:39+00:00,k3s-s2,Ready
2026-06-29T12:35:39+00:00,k3s-s3,Ready
2026-06-29T12:35:39+00:00,k3s-w1,Ready
2026-06-29T12:35:39+00:00,k3s-w2,Ready
2026-06-29T12:35:40+00:00,k3s-s1,Ready
2026-06-29T12:35:40+00:00,k3s-s2,Ready
2026-06-29T12:35:40+00:00,k3s-s3,Ready
2026-06-29T12:35:40+00:00,k3s-w1,Ready
2026-06-29T12:35:40+00:00,k3s-w2,Ready
2026-06-29T12:35:41+00:00,k3s-s1,Ready
2026-06-29T12:35:41+00:00,k3s-s2,Ready
2026-06-29T12:35:41+00:00,k3s-s3,Ready
2026-06-29T12:35:41+00:00,k3s-w1,Ready
2026-06-29T12:35:41+00:00,k3s-w2,Ready
2026-06-29T12:35:42+00:00,k3s-s1,Ready
2026-06-29T12:35:42+00:00,k3s-s2,Ready
2026-06-29T12:35:42+00:00,k3s-s3,Ready
2026-06-29T12:35:42+00:00,k3s-w1,Ready
2026-06-29T12:35:42+00:00,k3s-w2,Ready
2026-06-29T12:35:43+00:00,k3s-s1,Ready
2026-06-29T12:35:43+00:00,k3s-s2,Ready
2026-06-29T12:35:43+00:00,k3s-s3,Ready
2026-06-29T12:35:43+00:00,k3s-w1,Ready
2026-06-29T12:35:43+00:00,k3s-w2,Ready
2026-06-29T12:35:45+00:00,k3s-s1,Ready
2026-06-29T12:35:45+00:00,k3s-s2,Ready
2026-06-29T12:35:45+00:00,k3s-s3,Ready
2026-06-29T12:35:45+00:00,k3s-w1,Ready
2026-06-29T12:35:45+00:00,k3s-w2,Ready
2026-06-29T12:35:46+00:00,k3s-s1,Ready
2026-06-29T12:35:46+00:00,k3s-s2,Ready
2026-06-29T12:35:46+00:00,k3s-s3,Ready
2026-06-29T12:35:46+00:00,k3s-w1,Ready
2026-06-29T12:35:46+00:00,k3s-w2,Ready
2026-06-29T12:35:47+00:00,k3s-s1,Ready
2026-06-29T12:35:47+00:00,k3s-s2,Ready
2026-06-29T12:35:47+00:00,k3s-s3,Ready
2026-06-29T12:35:47+00:00,k3s-w1,Ready
2026-06-29T12:35:47+00:00,k3s-w2,Ready
2026-06-29T12:35:48+00:00,k3s-s1,Ready
2026-06-29T12:35:48+00:00,k3s-s2,Ready
2026-06-29T12:35:48+00:00,k3s-s3,Ready
2026-06-29T12:35:48+00:00,k3s-w1,Ready
2026-06-29T12:35:48+00:00,k3s-w2,Ready
2026-06-29T12:35:49+00:00,k3s-s1,Ready
2026-06-29T12:35:49+00:00,k3s-s2,Ready
2026-06-29T12:35:49+00:00,k3s-s3,Ready
2026-06-29T12:35:49+00:00,k3s-w1,Ready
2026-06-29T12:35:49+00:00,k3s-w2,Ready
2026-06-29T12:35:50+00:00,k3s-s1,Ready
2026-06-29T12:35:50+00:00,k3s-s2,Ready
2026-06-29T12:35:50+00:00,k3s-s3,Ready
2026-06-29T12:35:50+00:00,k3s-w1,Ready
2026-06-29T12:35:50+00:00,k3s-w2,Ready
2026-06-29T12:35:51+00:00,k3s-s1,Ready
2026-06-29T12:35:51+00:00,k3s-s2,Ready
2026-06-29T12:35:51+00:00,k3s-s3,Ready
2026-06-29T12:35:51+00:00,k3s-w1,Ready
2026-06-29T12:35:51+00:00,k3s-w2,Ready
2026-06-29T12:35:52+00:00,k3s-s1,Ready
2026-06-29T12:35:52+00:00,k3s-s2,Ready
2026-06-29T12:35:52+00:00,k3s-s3,Ready
2026-06-29T12:35:52+00:00,k3s-w1,Ready
2026-06-29T12:35:52+00:00,k3s-w2,Ready
2026-06-29T12:35:53+00:00,k3s-s1,Ready
2026-06-29T12:35:53+00:00,k3s-s2,Ready
2026-06-29T12:35:53+00:00,k3s-s3,Ready
2026-06-29T12:35:53+00:00,k3s-w1,Ready
2026-06-29T12:35:53+00:00,k3s-w2,Ready
2026-06-29T12:35:54+00:00,k3s-s1,Ready
2026-06-29T12:35:54+00:00,k3s-s2,Ready
2026-06-29T12:35:54+00:00,k3s-s3,Ready
2026-06-29T12:35:54+00:00,k3s-w1,Ready
2026-06-29T12:35:54+00:00,k3s-w2,Ready
2026-06-29T12:35:55+00:00,k3s-s1,Ready
2026-06-29T12:35:55+00:00,k3s-s2,Ready
2026-06-29T12:35:55+00:00,k3s-s3,Ready
2026-06-29T12:35:55+00:00,k3s-w1,Ready
2026-06-29T12:35:55+00:00,k3s-w2,Ready
2026-06-29T12:35:56+00:00,k3s-s1,Ready
2026-06-29T12:35:56+00:00,k3s-s2,Ready
2026-06-29T12:35:56+00:00,k3s-s3,Ready
2026-06-29T12:35:56+00:00,k3s-w1,Ready
2026-06-29T12:35:56+00:00,k3s-w2,Ready
2026-06-29T12:35:57+00:00,k3s-s1,Ready
2026-06-29T12:35:57+00:00,k3s-s2,Ready
2026-06-29T12:35:57+00:00,k3s-s3,Ready
2026-06-29T12:35:57+00:00,k3s-w1,Ready
2026-06-29T12:35:57+00:00,k3s-w2,Ready
2026-06-29T12:35:58+00:00,k3s-s1,Ready
2026-06-29T12:35:58+00:00,k3s-s2,Ready
2026-06-29T12:35:58+00:00,k3s-s3,Ready
2026-06-29T12:35:58+00:00,k3s-w1,Ready
2026-06-29T12:35:58+00:00,k3s-w2,Ready
2026-06-29T12:36:00+00:00,k3s-s1,Ready
2026-06-29T12:36:00+00:00,k3s-s2,Ready
2026-06-29T12:36:00+00:00,k3s-s3,Ready
2026-06-29T12:36:00+00:00,k3s-w1,Ready
2026-06-29T12:36:00+00:00,k3s-w2,Ready
2026-06-29T12:36:01+00:00,k3s-s1,Ready
2026-06-29T12:36:01+00:00,k3s-s2,Ready
2026-06-29T12:36:01+00:00,k3s-s3,Ready
2026-06-29T12:36:01+00:00,k3s-w1,Ready
2026-06-29T12:36:01+00:00,k3s-w2,Ready
2026-06-29T12:36:02+00:00,k3s-s1,Ready
2026-06-29T12:36:02+00:00,k3s-s2,Ready
2026-06-29T12:36:02+00:00,k3s-s3,Ready
2026-06-29T12:36:02+00:00,k3s-w1,Ready
2026-06-29T12:36:02+00:00,k3s-w2,Ready
2026-06-29T12:36:03+00:00,k3s-s1,Ready
2026-06-29T12:36:03+00:00,k3s-s2,Ready
2026-06-29T12:36:03+00:00,k3s-s3,Ready
2026-06-29T12:36:03+00:00,k3s-w1,Ready
2026-06-29T12:36:03+00:00,k3s-w2,Ready
2026-06-29T12:36:04+00:00,k3s-s1,Ready
2026-06-29T12:36:04+00:00,k3s-s2,Ready
2026-06-29T12:36:04+00:00,k3s-s3,Ready
2026-06-29T12:36:04+00:00,k3s-w1,Ready
2026-06-29T12:36:04+00:00,k3s-w2,Ready
2026-06-29T12:36:05+00:00,k3s-s1,Ready
2026-06-29T12:36:05+00:00,k3s-s2,Ready
2026-06-29T12:36:05+00:00,k3s-s3,Ready
2026-06-29T12:36:05+00:00,k3s-w1,Ready
2026-06-29T12:36:05+00:00,k3s-w2,Ready
2026-06-29T12:36:06+00:00,k3s-s1,Ready
2026-06-29T12:36:06+00:00,k3s-s2,Ready
2026-06-29T12:36:06+00:00,k3s-s3,Ready
2026-06-29T12:36:06+00:00,k3s-w1,Ready
2026-06-29T12:36:06+00:00,k3s-w2,Ready
2026-06-29T12:36:07+00:00,k3s-s1,Ready
2026-06-29T12:36:07+00:00,k3s-s2,Ready
2026-06-29T12:36:07+00:00,k3s-s3,Ready
2026-06-29T12:36:07+00:00,k3s-w1,Ready
2026-06-29T12:36:07+00:00,k3s-w2,Ready
2026-06-29T12:36:08+00:00,k3s-s1,Ready
2026-06-29T12:36:08+00:00,k3s-s2,Ready
2026-06-29T12:36:08+00:00,k3s-s3,Ready
2026-06-29T12:36:08+00:00,k3s-w1,Ready
2026-06-29T12:36:08+00:00,k3s-w2,Ready
2026-06-29T12:36:09+00:00,k3s-s1,Ready
2026-06-29T12:36:09+00:00,k3s-s2,Ready
2026-06-29T12:36:09+00:00,k3s-s3,Ready
2026-06-29T12:36:09+00:00,k3s-w1,Ready
2026-06-29T12:36:09+00:00,k3s-w2,Ready
2026-06-29T12:36:10+00:00,k3s-s1,Ready
2026-06-29T12:36:10+00:00,k3s-s2,Ready
2026-06-29T12:36:10+00:00,k3s-s3,Ready
2026-06-29T12:36:10+00:00,k3s-w1,Ready
2026-06-29T12:36:10+00:00,k3s-w2,Ready
2026-06-29T12:36:11+00:00,k3s-s1,Ready
2026-06-29T12:36:11+00:00,k3s-s2,Ready
2026-06-29T12:36:11+00:00,k3s-s3,Ready
2026-06-29T12:36:11+00:00,k3s-w1,Ready
2026-06-29T12:36:11+00:00,k3s-w2,Ready
2026-06-29T12:36:12+00:00,k3s-s1,Ready
2026-06-29T12:36:12+00:00,k3s-s2,Ready
2026-06-29T12:36:12+00:00,k3s-s3,Ready
2026-06-29T12:36:12+00:00,k3s-w1,Ready
2026-06-29T12:36:12+00:00,k3s-w2,Ready
2026-06-29T12:36:14+00:00,k3s-s1,Ready
2026-06-29T12:36:14+00:00,k3s-s2,Ready
2026-06-29T12:36:14+00:00,k3s-s3,Ready
2026-06-29T12:36:14+00:00,k3s-w1,Ready
2026-06-29T12:36:14+00:00,k3s-w2,Ready
2026-06-29T12:36:15+00:00,k3s-s1,Ready
2026-06-29T12:36:15+00:00,k3s-s2,Ready
2026-06-29T12:36:15+00:00,k3s-s3,Ready
2026-06-29T12:36:15+00:00,k3s-w1,Ready
2026-06-29T12:36:15+00:00,k3s-w2,Ready
2026-06-29T12:36:16+00:00,k3s-s1,Ready
2026-06-29T12:36:16+00:00,k3s-s2,Ready
2026-06-29T12:36:16+00:00,k3s-s3,Ready
2026-06-29T12:36:16+00:00,k3s-w1,Ready
2026-06-29T12:36:16+00:00,k3s-w2,Ready
2026-06-29T12:36:17+00:00,k3s-s1,Ready
2026-06-29T12:36:17+00:00,k3s-s2,Ready
2026-06-29T12:36:17+00:00,k3s-s3,Ready
2026-06-29T12:36:17+00:00,k3s-w1,Ready
2026-06-29T12:36:17+00:00,k3s-w2,Ready
2026-06-29T12:36:18+00:00,k3s-s1,Ready
2026-06-29T12:36:18+00:00,k3s-s2,Ready
2026-06-29T12:36:18+00:00,k3s-s3,Ready
2026-06-29T12:36:18+00:00,k3s-w1,Ready
2026-06-29T12:36:18+00:00,k3s-w2,Ready
2026-06-29T12:36:19+00:00,k3s-s1,Ready
2026-06-29T12:36:19+00:00,k3s-s2,Ready
2026-06-29T12:36:19+00:00,k3s-s3,Ready
2026-06-29T12:36:19+00:00,k3s-w1,Ready
2026-06-29T12:36:19+00:00,k3s-w2,Ready
2026-06-29T12:36:20+00:00,k3s-s1,Ready
2026-06-29T12:36:20+00:00,k3s-s2,Ready
2026-06-29T12:36:20+00:00,k3s-s3,Ready
2026-06-29T12:36:20+00:00,k3s-w1,Ready
2026-06-29T12:36:20+00:00,k3s-w2,Ready
2026-06-29T12:36:21+00:00,k3s-s1,Ready
2026-06-29T12:36:21+00:00,k3s-s2,Ready
2026-06-29T12:36:21+00:00,k3s-s3,Ready
2026-06-29T12:36:21+00:00,k3s-w1,Ready
2026-06-29T12:36:21+00:00,k3s-w2,Ready
2026-06-29T12:36:22+00:00,k3s-s1,Ready
2026-06-29T12:36:22+00:00,k3s-s2,Ready
2026-06-29T12:36:22+00:00,k3s-s3,Ready
2026-06-29T12:36:22+00:00,k3s-w1,Ready
2026-06-29T12:36:22+00:00,k3s-w2,Ready
2026-06-29T12:36:23+00:00,k3s-s1,Ready
2026-06-29T12:36:23+00:00,k3s-s2,Ready
2026-06-29T12:36:23+00:00,k3s-s3,Ready
2026-06-29T12:36:23+00:00,k3s-w1,Ready
2026-06-29T12:36:23+00:00,k3s-w2,Ready
2026-06-29T12:36:24+00:00,k3s-s1,Ready
2026-06-29T12:36:24+00:00,k3s-s2,Ready
2026-06-29T12:36:24+00:00,k3s-s3,Ready
2026-06-29T12:36:24+00:00,k3s-w1,Ready
2026-06-29T12:36:24+00:00,k3s-w2,Ready
2026-06-29T12:36:25+00:00,k3s-s1,Ready
2026-06-29T12:36:25+00:00,k3s-s2,Ready
2026-06-29T12:36:25+00:00,k3s-s3,Ready
2026-06-29T12:36:25+00:00,k3s-w1,Ready
2026-06-29T12:36:25+00:00,k3s-w2,Ready
2026-06-29T12:36:26+00:00,k3s-s1,Ready
2026-06-29T12:36:26+00:00,k3s-s2,Ready
2026-06-29T12:36:26+00:00,k3s-s3,Ready
2026-06-29T12:36:26+00:00,k3s-w1,Ready
2026-06-29T12:36:26+00:00,k3s-w2,Ready
2026-06-29T12:36:27+00:00,k3s-s1,Ready
2026-06-29T12:36:27+00:00,k3s-s2,Ready
2026-06-29T12:36:27+00:00,k3s-s3,Ready
2026-06-29T12:36:27+00:00,k3s-w1,Ready
2026-06-29T12:36:27+00:00,k3s-w2,Ready
2026-06-29T12:36:29+00:00,k3s-s1,Ready
2026-06-29T12:36:29+00:00,k3s-s2,Ready
2026-06-29T12:36:29+00:00,k3s-s3,Ready
2026-06-29T12:36:29+00:00,k3s-w1,Ready
2026-06-29T12:36:29+00:00,k3s-w2,Ready
2026-06-29T12:36:30+00:00,k3s-s1,Ready
2026-06-29T12:36:30+00:00,k3s-s2,Ready
2026-06-29T12:36:30+00:00,k3s-s3,Ready
2026-06-29T12:36:30+00:00,k3s-w1,Ready
2026-06-29T12:36:30+00:00,k3s-w2,Ready
2026-06-29T12:36:31+00:00,k3s-s1,Ready
2026-06-29T12:36:31+00:00,k3s-s2,Ready
2026-06-29T12:36:31+00:00,k3s-s3,Ready
2026-06-29T12:36:31+00:00,k3s-w1,Ready
2026-06-29T12:36:31+00:00,k3s-w2,Ready
2026-06-29T12:36:32+00:00,k3s-s1,Ready
2026-06-29T12:36:32+00:00,k3s-s2,Ready
2026-06-29T12:36:32+00:00,k3s-s3,Ready
2026-06-29T12:36:32+00:00,k3s-w1,Ready
2026-06-29T12:36:32+00:00,k3s-w2,Ready
2026-06-29T12:36:33+00:00,k3s-s1,Ready
2026-06-29T12:36:33+00:00,k3s-s2,Ready
2026-06-29T12:36:33+00:00,k3s-s3,Ready
2026-06-29T12:36:33+00:00,k3s-w1,Ready
2026-06-29T12:36:33+00:00,k3s-w2,Ready
2026-06-29T12:36:34+00:00,k3s-s1,Ready
2026-06-29T12:36:34+00:00,k3s-s2,Ready
2026-06-29T12:36:34+00:00,k3s-s3,Ready
2026-06-29T12:36:34+00:00,k3s-w1,Ready
2026-06-29T12:36:34+00:00,k3s-w2,Ready
2026-06-29T12:36:35+00:00,k3s-s1,Ready
2026-06-29T12:36:35+00:00,k3s-s2,Ready
2026-06-29T12:36:35+00:00,k3s-s3,Ready
2026-06-29T12:36:35+00:00,k3s-w1,Ready
2026-06-29T12:36:35+00:00,k3s-w2,Ready
2026-06-29T12:36:36+00:00,k3s-s1,Ready
2026-06-29T12:36:36+00:00,k3s-s2,Ready
2026-06-29T12:36:36+00:00,k3s-s3,Ready
2026-06-29T12:36:36+00:00,k3s-w1,Ready
2026-06-29T12:36:36+00:00,k3s-w2,Ready
2026-06-29T12:36:37+00:00,k3s-s1,Ready
2026-06-29T12:36:37+00:00,k3s-s2,Ready
2026-06-29T12:36:37+00:00,k3s-s3,Ready
2026-06-29T12:36:37+00:00,k3s-w1,Ready
2026-06-29T12:36:37+00:00,k3s-w2,Ready
2026-06-29T12:36:38+00:00,k3s-s1,Ready
2026-06-29T12:36:38+00:00,k3s-s2,Ready
2026-06-29T12:36:38+00:00,k3s-s3,Ready
2026-06-29T12:36:38+00:00,k3s-w1,Ready
2026-06-29T12:36:38+00:00,k3s-w2,Ready
2026-06-29T12:36:39+00:00,k3s-s1,Ready
2026-06-29T12:36:39+00:00,k3s-s2,Ready
2026-06-29T12:36:39+00:00,k3s-s3,Ready
2026-06-29T12:36:39+00:00,k3s-w1,Ready
2026-06-29T12:36:39+00:00,k3s-w2,Ready
2026-06-29T12:36:40+00:00,k3s-s1,Ready
2026-06-29T12:36:40+00:00,k3s-s2,Ready
2026-06-29T12:36:40+00:00,k3s-s3,Ready
2026-06-29T12:36:40+00:00,k3s-w1,Ready
2026-06-29T12:36:40+00:00,k3s-w2,Ready
2026-06-29T12:36:41+00:00,k3s-s1,Ready
2026-06-29T12:36:41+00:00,k3s-s2,Ready
2026-06-29T12:36:41+00:00,k3s-s3,Ready
2026-06-29T12:36:41+00:00,k3s-w1,Ready
2026-06-29T12:36:41+00:00,k3s-w2,Ready
2026-06-29T12:36:43+00:00,k3s-s1,Ready
2026-06-29T12:36:43+00:00,k3s-s2,Ready
2026-06-29T12:36:43+00:00,k3s-s3,Ready
2026-06-29T12:36:43+00:00,k3s-w1,Ready
2026-06-29T12:36:43+00:00,k3s-w2,Ready
2026-06-29T12:36:44+00:00,k3s-s1,Ready
2026-06-29T12:36:44+00:00,k3s-s2,Ready
2026-06-29T12:36:44+00:00,k3s-s3,Ready
2026-06-29T12:36:44+00:00,k3s-w1,Ready
2026-06-29T12:36:44+00:00,k3s-w2,Ready
2026-06-29T12:36:45+00:00,k3s-s1,Ready
2026-06-29T12:36:45+00:00,k3s-s2,Ready
2026-06-29T12:36:45+00:00,k3s-s3,Ready
2026-06-29T12:36:45+00:00,k3s-w1,Ready
2026-06-29T12:36:45+00:00,k3s-w2,Ready
2026-06-29T12:36:46+00:00,k3s-s1,Ready
2026-06-29T12:36:46+00:00,k3s-s2,Ready
2026-06-29T12:36:46+00:00,k3s-s3,Ready
2026-06-29T12:36:46+00:00,k3s-w1,Ready
2026-06-29T12:36:46+00:00,k3s-w2,Ready
2026-06-29T12:36:47+00:00,k3s-s1,Ready
2026-06-29T12:36:47+00:00,k3s-s2,Ready
2026-06-29T12:36:47+00:00,k3s-s3,Ready
2026-06-29T12:36:47+00:00,k3s-w1,Ready
2026-06-29T12:36:47+00:00,k3s-w2,Ready
2026-06-29T12:36:48+00:00,k3s-s1,Ready
2026-06-29T12:36:48+00:00,k3s-s2,Ready
2026-06-29T12:36:48+00:00,k3s-s3,Ready
2026-06-29T12:36:48+00:00,k3s-w1,Ready
2026-06-29T12:36:48+00:00,k3s-w2,Ready
2026-06-29T12:36:49+00:00,k3s-s1,Ready
2026-06-29T12:36:49+00:00,k3s-s2,Ready
2026-06-29T12:36:49+00:00,k3s-s3,Ready
2026-06-29T12:36:49+00:00,k3s-w1,Ready
2026-06-29T12:36:49+00:00,k3s-w2,Ready
2026-06-29T12:36:50+00:00,k3s-s1,Ready
2026-06-29T12:36:50+00:00,k3s-s2,Ready
2026-06-29T12:36:50+00:00,k3s-s3,Ready
2026-06-29T12:36:50+00:00,k3s-w1,Ready
2026-06-29T12:36:50+00:00,k3s-w2,Ready
2026-06-29T12:36:51+00:00,k3s-s1,Ready
2026-06-29T12:36:51+00:00,k3s-s2,Ready
2026-06-29T12:36:51+00:00,k3s-s3,Ready
2026-06-29T12:36:51+00:00,k3s-w1,Ready
2026-06-29T12:36:51+00:00,k3s-w2,Ready
2026-06-29T12:36:52+00:00,k3s-s1,Ready
2026-06-29T12:36:52+00:00,k3s-s2,Ready
2026-06-29T12:36:52+00:00,k3s-s3,Ready
2026-06-29T12:36:52+00:00,k3s-w1,Ready
2026-06-29T12:36:52+00:00,k3s-w2,Ready
2026-06-29T12:36:53+00:00,k3s-s1,Ready
2026-06-29T12:36:53+00:00,k3s-s2,Ready
2026-06-29T12:36:53+00:00,k3s-s3,Ready
2026-06-29T12:36:53+00:00,k3s-w1,Ready
2026-06-29T12:36:53+00:00,k3s-w2,Ready
2026-06-29T12:36:54+00:00,k3s-s1,Ready
2026-06-29T12:36:54+00:00,k3s-s2,Ready
2026-06-29T12:36:54+00:00,k3s-s3,Ready
2026-06-29T12:36:54+00:00,k3s-w1,Ready
2026-06-29T12:36:54+00:00,k3s-w2,Ready
2026-06-29T12:36:55+00:00,k3s-s1,Ready
2026-06-29T12:36:55+00:00,k3s-s2,Ready
2026-06-29T12:36:55+00:00,k3s-s3,Ready
2026-06-29T12:36:55+00:00,k3s-w1,Ready
2026-06-29T12:36:55+00:00,k3s-w2,Ready
2026-06-29T12:36:57+00:00,k3s-s1,Ready
2026-06-29T12:36:57+00:00,k3s-s2,Ready
2026-06-29T12:36:57+00:00,k3s-s3,Ready
2026-06-29T12:36:57+00:00,k3s-w1,Ready
2026-06-29T12:36:57+00:00,k3s-w2,Ready
2026-06-29T12:36:58+00:00,k3s-s1,Ready
2026-06-29T12:36:58+00:00,k3s-s2,Ready
2026-06-29T12:36:58+00:00,k3s-s3,Ready
2026-06-29T12:36:58+00:00,k3s-w1,Ready
2026-06-29T12:36:58+00:00,k3s-w2,Ready
2026-06-29T12:36:59+00:00,k3s-s1,Ready
2026-06-29T12:36:59+00:00,k3s-s2,Ready
2026-06-29T12:36:59+00:00,k3s-s3,Ready
2026-06-29T12:36:59+00:00,k3s-w1,Ready
2026-06-29T12:36:59+00:00,k3s-w2,Ready
2026-06-29T12:37:00+00:00,k3s-s1,Ready
2026-06-29T12:37:00+00:00,k3s-s2,Ready
2026-06-29T12:37:00+00:00,k3s-s3,Ready
2026-06-29T12:37:00+00:00,k3s-w1,Ready
2026-06-29T12:37:00+00:00,k3s-w2,Ready
2026-06-29T12:37:01+00:00,k3s-s1,Ready
2026-06-29T12:37:01+00:00,k3s-s2,Ready
2026-06-29T12:37:01+00:00,k3s-s3,Ready
2026-06-29T12:37:01+00:00,k3s-w1,Ready
2026-06-29T12:37:01+00:00,k3s-w2,Ready
2026-06-29T12:37:02+00:00,k3s-s1,Ready
2026-06-29T12:37:02+00:00,k3s-s2,Ready
2026-06-29T12:37:02+00:00,k3s-s3,Ready
2026-06-29T12:37:02+00:00,k3s-w1,Ready
2026-06-29T12:37:02+00:00,k3s-w2,Ready
2026-06-29T12:37:03+00:00,k3s-s1,Ready
2026-06-29T12:37:03+00:00,k3s-s2,Ready
2026-06-29T12:37:03+00:00,k3s-s3,Ready
2026-06-29T12:37:03+00:00,k3s-w1,Ready
2026-06-29T12:37:03+00:00,k3s-w2,Ready
2026-06-29T12:37:04+00:00,k3s-s1,Ready
2026-06-29T12:37:04+00:00,k3s-s2,Ready
2026-06-29T12:37:04+00:00,k3s-s3,Ready
2026-06-29T12:37:04+00:00,k3s-w1,Ready
2026-06-29T12:37:04+00:00,k3s-w2,Ready
2026-06-29T12:37:05+00:00,k3s-s1,Ready
2026-06-29T12:37:05+00:00,k3s-s2,Ready
2026-06-29T12:37:05+00:00,k3s-s3,Ready
2026-06-29T12:37:05+00:00,k3s-w1,Ready
2026-06-29T12:37:05+00:00,k3s-w2,Ready
2026-06-29T12:37:06+00:00,k3s-s1,Ready
2026-06-29T12:37:06+00:00,k3s-s2,Ready
2026-06-29T12:37:06+00:00,k3s-s3,Ready
2026-06-29T12:37:06+00:00,k3s-w1,Ready
2026-06-29T12:37:06+00:00,k3s-w2,Ready
2026-06-29T12:37:07+00:00,k3s-s1,Ready
2026-06-29T12:37:07+00:00,k3s-s2,Ready
2026-06-29T12:37:07+00:00,k3s-s3,Ready
2026-06-29T12:37:07+00:00,k3s-w1,Ready
2026-06-29T12:37:07+00:00,k3s-w2,Ready
2026-06-29T12:37:08+00:00,k3s-s1,Ready
2026-06-29T12:37:08+00:00,k3s-s2,Ready
2026-06-29T12:37:08+00:00,k3s-s3,Ready
2026-06-29T12:37:08+00:00,k3s-w1,Ready
2026-06-29T12:37:08+00:00,k3s-w2,Ready
2026-06-29T12:37:09+00:00,k3s-s1,Ready
2026-06-29T12:37:09+00:00,k3s-s2,Ready
2026-06-29T12:37:09+00:00,k3s-s3,Ready
2026-06-29T12:37:09+00:00,k3s-w1,Ready
2026-06-29T12:37:09+00:00,k3s-w2,Ready
2026-06-29T12:37:11+00:00,k3s-s1,Ready
2026-06-29T12:37:11+00:00,k3s-s2,Ready
2026-06-29T12:37:11+00:00,k3s-s3,Ready
2026-06-29T12:37:11+00:00,k3s-w1,Ready
2026-06-29T12:37:11+00:00,k3s-w2,Ready
2026-06-29T12:37:12+00:00,k3s-s1,Ready
2026-06-29T12:37:12+00:00,k3s-s2,Ready
2026-06-29T12:37:12+00:00,k3s-s3,Ready
2026-06-29T12:37:12+00:00,k3s-w1,Ready
2026-06-29T12:37:12+00:00,k3s-w2,Ready
2026-06-29T12:37:13+00:00,k3s-s1,Ready
2026-06-29T12:37:13+00:00,k3s-s2,Ready
2026-06-29T12:37:13+00:00,k3s-s3,Ready
2026-06-29T12:37:13+00:00,k3s-w1,Ready
2026-06-29T12:37:13+00:00,k3s-w2,Ready
2026-06-29T12:37:14+00:00,k3s-s1,Ready
2026-06-29T12:37:14+00:00,k3s-s2,Ready
2026-06-29T12:37:14+00:00,k3s-s3,Ready
2026-06-29T12:37:14+00:00,k3s-w1,Ready
2026-06-29T12:37:14+00:00,k3s-w2,Ready
2026-06-29T12:37:15+00:00,k3s-s1,Ready
2026-06-29T12:37:15+00:00,k3s-s2,Ready
2026-06-29T12:37:15+00:00,k3s-s3,Ready
2026-06-29T12:37:15+00:00,k3s-w1,Ready
2026-06-29T12:37:15+00:00,k3s-w2,Ready
2026-06-29T12:37:16+00:00,k3s-s1,Ready
2026-06-29T12:37:16+00:00,k3s-s2,Ready
2026-06-29T12:37:16+00:00,k3s-s3,Ready
2026-06-29T12:37:16+00:00,k3s-w1,Ready
2026-06-29T12:37:16+00:00,k3s-w2,Ready
2026-06-29T12:37:17+00:00,k3s-s1,Ready
2026-06-29T12:37:17+00:00,k3s-s2,Ready
2026-06-29T12:37:17+00:00,k3s-s3,Ready
2026-06-29T12:37:17+00:00,k3s-w1,Ready
2026-06-29T12:37:17+00:00,k3s-w2,Ready
2026-06-29T12:37:18+00:00,k3s-s1,Ready
2026-06-29T12:37:18+00:00,k3s-s2,Ready
2026-06-29T12:37:18+00:00,k3s-s3,Ready
2026-06-29T12:37:18+00:00,k3s-w1,Ready
2026-06-29T12:37:18+00:00,k3s-w2,Ready
2026-06-29T12:37:19+00:00,k3s-s1,Ready
2026-06-29T12:37:19+00:00,k3s-s2,Ready
2026-06-29T12:37:19+00:00,k3s-s3,Ready
2026-06-29T12:37:19+00:00,k3s-w1,Ready
2026-06-29T12:37:19+00:00,k3s-w2,Ready
2026-06-29T12:37:20+00:00,k3s-s1,Ready
2026-06-29T12:37:20+00:00,k3s-s2,Ready
2026-06-29T12:37:20+00:00,k3s-s3,Ready
2026-06-29T12:37:20+00:00,k3s-w1,Ready
2026-06-29T12:37:20+00:00,k3s-w2,Ready
2026-06-29T12:37:21+00:00,k3s-s1,Ready
2026-06-29T12:37:21+00:00,k3s-s2,Ready
2026-06-29T12:37:21+00:00,k3s-s3,Ready
2026-06-29T12:37:21+00:00,k3s-w1,Ready
2026-06-29T12:37:21+00:00,k3s-w2,Ready
2026-06-29T12:37:22+00:00,k3s-s1,Ready
2026-06-29T12:37:22+00:00,k3s-s2,Ready
2026-06-29T12:37:22+00:00,k3s-s3,Ready
2026-06-29T12:37:22+00:00,k3s-w1,Ready
2026-06-29T12:37:22+00:00,k3s-w2,Ready
2026-06-29T12:37:23+00:00,k3s-s1,Ready
2026-06-29T12:37:23+00:00,k3s-s2,Ready
2026-06-29T12:37:23+00:00,k3s-s3,Ready
2026-06-29T12:37:23+00:00,k3s-w1,Ready
2026-06-29T12:37:23+00:00,k3s-w2,Ready
2026-06-29T12:37:24+00:00,k3s-s1,Ready
2026-06-29T12:37:24+00:00,k3s-s2,Ready
2026-06-29T12:37:24+00:00,k3s-s3,Ready
2026-06-29T12:37:24+00:00,k3s-w1,Ready
2026-06-29T12:37:24+00:00,k3s-w2,Ready
2026-06-29T12:37:26+00:00,k3s-s1,Ready
2026-06-29T12:37:26+00:00,k3s-s2,Ready
2026-06-29T12:37:26+00:00,k3s-s3,Ready
2026-06-29T12:37:26+00:00,k3s-w1,Ready
2026-06-29T12:37:26+00:00,k3s-w2,Ready
2026-06-29T12:37:27+00:00,k3s-s1,Ready
2026-06-29T12:37:27+00:00,k3s-s2,Ready
2026-06-29T12:37:27+00:00,k3s-s3,Ready
2026-06-29T12:37:27+00:00,k3s-w1,Ready
2026-06-29T12:37:27+00:00,k3s-w2,Ready
2026-06-29T12:37:28+00:00,k3s-s1,Ready
2026-06-29T12:37:28+00:00,k3s-s2,Ready
2026-06-29T12:37:28+00:00,k3s-s3,Ready
2026-06-29T12:37:28+00:00,k3s-w1,Ready
2026-06-29T12:37:28+00:00,k3s-w2,Ready
2026-06-29T12:37:29+00:00,k3s-s1,Ready
2026-06-29T12:37:29+00:00,k3s-s2,Ready
2026-06-29T12:37:29+00:00,k3s-s3,Ready
2026-06-29T12:37:29+00:00,k3s-w1,Ready
2026-06-29T12:37:29+00:00,k3s-w2,Ready
2026-06-29T12:37:30+00:00,k3s-s1,Ready
2026-06-29T12:37:30+00:00,k3s-s2,Ready
2026-06-29T12:37:30+00:00,k3s-s3,Ready
2026-06-29T12:37:30+00:00,k3s-w1,Ready
2026-06-29T12:37:30+00:00,k3s-w2,Ready
2026-06-29T12:37:31+00:00,k3s-s1,Ready
2026-06-29T12:37:31+00:00,k3s-s2,Ready
2026-06-29T12:37:31+00:00,k3s-s3,Ready
2026-06-29T12:37:31+00:00,k3s-w1,Ready
2026-06-29T12:37:31+00:00,k3s-w2,Ready
2026-06-29T12:37:32+00:00,k3s-s1,Ready
2026-06-29T12:37:32+00:00,k3s-s2,Ready
2026-06-29T12:37:32+00:00,k3s-s3,Ready
2026-06-29T12:37:32+00:00,k3s-w1,Ready
2026-06-29T12:37:32+00:00,k3s-w2,Ready
2026-06-29T12:37:33+00:00,k3s-s1,Ready
2026-06-29T12:37:33+00:00,k3s-s2,Ready
2026-06-29T12:37:33+00:00,k3s-s3,Ready
2026-06-29T12:37:33+00:00,k3s-w1,Ready
2026-06-29T12:37:33+00:00,k3s-w2,Ready
2026-06-29T12:37:34+00:00,k3s-s1,Ready
2026-06-29T12:37:34+00:00,k3s-s2,Ready
2026-06-29T12:37:34+00:00,k3s-s3,Ready
2026-06-29T12:37:34+00:00,k3s-w1,Ready
2026-06-29T12:37:34+00:00,k3s-w2,Ready
2026-06-29T12:37:35+00:00,k3s-s1,Ready
2026-06-29T12:37:35+00:00,k3s-s2,Ready
2026-06-29T12:37:35+00:00,k3s-s3,Ready
2026-06-29T12:37:35+00:00,k3s-w1,Ready
2026-06-29T12:37:35+00:00,k3s-w2,Ready
2026-06-29T12:37:36+00:00,k3s-s1,Ready
2026-06-29T12:37:36+00:00,k3s-s2,Ready
2026-06-29T12:37:36+00:00,k3s-s3,Ready
2026-06-29T12:37:36+00:00,k3s-w1,Ready
2026-06-29T12:37:36+00:00,k3s-w2,Ready
2026-06-29T12:37:37+00:00,k3s-s1,Ready
2026-06-29T12:37:37+00:00,k3s-s2,Ready
2026-06-29T12:37:37+00:00,k3s-s3,Ready
2026-06-29T12:37:37+00:00,k3s-w1,Ready
2026-06-29T12:37:37+00:00,k3s-w2,Ready
2026-06-29T12:37:38+00:00,k3s-s1,Ready
2026-06-29T12:37:38+00:00,k3s-s2,Ready
2026-06-29T12:37:38+00:00,k3s-s3,Ready
2026-06-29T12:37:38+00:00,k3s-w1,Ready
2026-06-29T12:37:38+00:00,k3s-w2,Ready
2026-06-29T12:37:40+00:00,k3s-s1,Ready
2026-06-29T12:37:40+00:00,k3s-s2,Ready
2026-06-29T12:37:40+00:00,k3s-s3,Ready
2026-06-29T12:37:40+00:00,k3s-w1,Ready
2026-06-29T12:37:40+00:00,k3s-w2,Ready
2026-06-29T12:37:41+00:00,k3s-s1,Ready
2026-06-29T12:37:41+00:00,k3s-s2,Ready
2026-06-29T12:37:41+00:00,k3s-s3,Ready
2026-06-29T12:37:41+00:00,k3s-w1,Ready
2026-06-29T12:37:41+00:00,k3s-w2,Ready
2026-06-29T12:37:42+00:00,k3s-s1,Ready
2026-06-29T12:37:42+00:00,k3s-s2,Ready
2026-06-29T12:37:42+00:00,k3s-s3,Ready
2026-06-29T12:37:42+00:00,k3s-w1,Ready
2026-06-29T12:37:42+00:00,k3s-w2,Ready
2026-06-29T12:37:43+00:00,k3s-s1,Ready
2026-06-29T12:37:43+00:00,k3s-s2,Ready
2026-06-29T12:37:43+00:00,k3s-s3,Ready
2026-06-29T12:37:43+00:00,k3s-w1,Ready
2026-06-29T12:37:43+00:00,k3s-w2,Ready
2026-06-29T12:37:44+00:00,k3s-s1,Ready
2026-06-29T12:37:44+00:00,k3s-s2,Ready
2026-06-29T12:37:44+00:00,k3s-s3,Ready
2026-06-29T12:37:44+00:00,k3s-w1,Ready
2026-06-29T12:37:44+00:00,k3s-w2,Ready
2026-06-29T12:37:45+00:00,k3s-s1,Ready
2026-06-29T12:37:45+00:00,k3s-s2,Ready
2026-06-29T12:37:45+00:00,k3s-s3,Ready
2026-06-29T12:37:45+00:00,k3s-w1,Ready
2026-06-29T12:37:45+00:00,k3s-w2,Ready
2026-06-29T12:37:46+00:00,k3s-s1,Ready
2026-06-29T12:37:46+00:00,k3s-s2,Ready
2026-06-29T12:37:46+00:00,k3s-s3,Ready
2026-06-29T12:37:46+00:00,k3s-w1,Ready
2026-06-29T12:37:46+00:00,k3s-w2,Ready
2026-06-29T12:37:47+00:00,k3s-s1,Ready
2026-06-29T12:37:47+00:00,k3s-s2,Ready
2026-06-29T12:37:47+00:00,k3s-s3,Ready
2026-06-29T12:37:47+00:00,k3s-w1,Ready
2026-06-29T12:37:47+00:00,k3s-w2,Ready
2026-06-29T12:37:48+00:00,k3s-s1,Ready
2026-06-29T12:37:48+00:00,k3s-s2,Ready
2026-06-29T12:37:48+00:00,k3s-s3,Ready
2026-06-29T12:37:48+00:00,k3s-w1,Ready
2026-06-29T12:37:48+00:00,k3s-w2,Ready
2026-06-29T12:37:49+00:00,k3s-s1,Ready
2026-06-29T12:37:49+00:00,k3s-s2,Ready
2026-06-29T12:37:49+00:00,k3s-s3,Ready
2026-06-29T12:37:49+00:00,k3s-w1,Ready
2026-06-29T12:37:49+00:00,k3s-w2,Ready
2026-06-29T12:37:50+00:00,k3s-s1,Ready
2026-06-29T12:37:50+00:00,k3s-s2,Ready
2026-06-29T12:37:50+00:00,k3s-s3,Ready
2026-06-29T12:37:50+00:00,k3s-w1,Ready
2026-06-29T12:37:50+00:00,k3s-w2,Ready
2026-06-29T12:37:51+00:00,k3s-s1,Ready
2026-06-29T12:37:51+00:00,k3s-s2,Ready
2026-06-29T12:37:51+00:00,k3s-s3,Ready
2026-06-29T12:37:51+00:00,k3s-w1,Ready
2026-06-29T12:37:51+00:00,k3s-w2,Ready
2026-06-29T12:37:52+00:00,k3s-s1,Ready
2026-06-29T12:37:52+00:00,k3s-s2,Ready
2026-06-29T12:37:52+00:00,k3s-s3,Ready
2026-06-29T12:37:52+00:00,k3s-w1,Ready
2026-06-29T12:37:52+00:00,k3s-w2,Ready
2026-06-29T12:37:53+00:00,k3s-s1,Ready
2026-06-29T12:37:53+00:00,k3s-s2,Ready
2026-06-29T12:37:53+00:00,k3s-s3,Ready
2026-06-29T12:37:53+00:00,k3s-w1,Ready
2026-06-29T12:37:53+00:00,k3s-w2,Ready
2026-06-29T12:37:55+00:00,k3s-s1,Ready
2026-06-29T12:37:55+00:00,k3s-s2,Ready
2026-06-29T12:37:55+00:00,k3s-s3,Ready
2026-06-29T12:37:55+00:00,k3s-w1,Ready
2026-06-29T12:37:55+00:00,k3s-w2,Ready
2026-06-29T12:37:56+00:00,k3s-s1,Ready
2026-06-29T12:37:56+00:00,k3s-s2,Ready
2026-06-29T12:37:56+00:00,k3s-s3,Ready
2026-06-29T12:37:56+00:00,k3s-w1,Ready
2026-06-29T12:37:56+00:00,k3s-w2,Ready
2026-06-29T12:37:57+00:00,k3s-s1,Ready
2026-06-29T12:37:57+00:00,k3s-s2,Ready
2026-06-29T12:37:57+00:00,k3s-s3,Ready
2026-06-29T12:37:57+00:00,k3s-w1,Ready
2026-06-29T12:37:57+00:00,k3s-w2,Ready
2026-06-29T12:37:58+00:00,k3s-s1,Ready
2026-06-29T12:37:58+00:00,k3s-s2,Ready
2026-06-29T12:37:58+00:00,k3s-s3,Ready
2026-06-29T12:37:58+00:00,k3s-w1,Ready
2026-06-29T12:37:58+00:00,k3s-w2,Ready
2026-06-29T12:37:59+00:00,k3s-s1,Ready
2026-06-29T12:37:59+00:00,k3s-s2,Ready
2026-06-29T12:37:59+00:00,k3s-s3,Ready
2026-06-29T12:37:59+00:00,k3s-w1,Ready
2026-06-29T12:37:59+00:00,k3s-w2,Ready
2026-06-29T12:38:00+00:00,k3s-s1,Ready
2026-06-29T12:38:00+00:00,k3s-s2,Ready
2026-06-29T12:38:00+00:00,k3s-s3,Ready
2026-06-29T12:38:00+00:00,k3s-w1,Ready
2026-06-29T12:38:00+00:00,k3s-w2,Ready
2026-06-29T12:38:01+00:00,k3s-s1,Ready
2026-06-29T12:38:01+00:00,k3s-s2,Ready
2026-06-29T12:38:01+00:00,k3s-s3,Ready
2026-06-29T12:38:01+00:00,k3s-w1,Ready
2026-06-29T12:38:01+00:00,k3s-w2,Ready
2026-06-29T12:38:02+00:00,k3s-s1,Ready
2026-06-29T12:38:02+00:00,k3s-s2,Ready
2026-06-29T12:38:02+00:00,k3s-s3,Ready
2026-06-29T12:38:02+00:00,k3s-w1,Ready
2026-06-29T12:38:02+00:00,k3s-w2,Ready
2026-06-29T12:38:03+00:00,k3s-s1,Ready
2026-06-29T12:38:03+00:00,k3s-s2,Ready
2026-06-29T12:38:03+00:00,k3s-s3,Ready
2026-06-29T12:38:03+00:00,k3s-w1,Ready
2026-06-29T12:38:03+00:00,k3s-w2,Ready
2026-06-29T12:38:04+00:00,k3s-s1,Ready
2026-06-29T12:38:04+00:00,k3s-s2,Ready
2026-06-29T12:38:04+00:00,k3s-s3,Ready
2026-06-29T12:38:04+00:00,k3s-w1,Ready
2026-06-29T12:38:04+00:00,k3s-w2,Ready
2026-06-29T12:38:05+00:00,k3s-s1,Ready
2026-06-29T12:38:05+00:00,k3s-s2,Ready
2026-06-29T12:38:05+00:00,k3s-s3,Ready
2026-06-29T12:38:05+00:00,k3s-w1,Ready
2026-06-29T12:38:05+00:00,k3s-w2,Ready
2026-06-29T12:38:06+00:00,k3s-s1,Ready
2026-06-29T12:38:06+00:00,k3s-s2,Ready
2026-06-29T12:38:06+00:00,k3s-s3,Ready
2026-06-29T12:38:06+00:00,k3s-w1,Ready
2026-06-29T12:38:06+00:00,k3s-w2,Ready
2026-06-29T12:38:07+00:00,k3s-s1,Ready
2026-06-29T12:38:07+00:00,k3s-s2,Ready
2026-06-29T12:38:07+00:00,k3s-s3,Ready
2026-06-29T12:38:07+00:00,k3s-w1,Ready
2026-06-29T12:38:07+00:00,k3s-w2,Ready
2026-06-29T12:38:08+00:00,k3s-s1,Ready
2026-06-29T12:38:08+00:00,k3s-s2,Ready
2026-06-29T12:38:08+00:00,k3s-s3,Ready
2026-06-29T12:38:08+00:00,k3s-w1,Ready
2026-06-29T12:38:08+00:00,k3s-w2,Ready
2026-06-29T12:38:10+00:00,k3s-s1,Ready
2026-06-29T12:38:10+00:00,k3s-s2,Ready
2026-06-29T12:38:10+00:00,k3s-s3,Ready
2026-06-29T12:38:10+00:00,k3s-w1,Ready
2026-06-29T12:38:10+00:00,k3s-w2,Ready
2026-06-29T12:38:11+00:00,k3s-s1,Ready
2026-06-29T12:38:11+00:00,k3s-s2,Ready
2026-06-29T12:38:11+00:00,k3s-s3,Ready
2026-06-29T12:38:11+00:00,k3s-w1,Ready
2026-06-29T12:38:11+00:00,k3s-w2,Ready
2026-06-29T12:38:12+00:00,k3s-s1,Ready
2026-06-29T12:38:12+00:00,k3s-s2,Ready
2026-06-29T12:38:12+00:00,k3s-s3,Ready
2026-06-29T12:38:12+00:00,k3s-w1,Ready
2026-06-29T12:38:12+00:00,k3s-w2,Ready
2026-06-29T12:38:13+00:00,k3s-s1,Ready
2026-06-29T12:38:13+00:00,k3s-s2,Ready
2026-06-29T12:38:13+00:00,k3s-s3,Ready
2026-06-29T12:38:13+00:00,k3s-w1,Ready
2026-06-29T12:38:13+00:00,k3s-w2,Ready
2026-06-29T12:38:14+00:00,k3s-s1,Ready
2026-06-29T12:38:14+00:00,k3s-s2,Ready
2026-06-29T12:38:14+00:00,k3s-s3,Ready
2026-06-29T12:38:14+00:00,k3s-w1,Ready
2026-06-29T12:38:14+00:00,k3s-w2,Ready
2026-06-29T12:38:15+00:00,k3s-s1,Ready
2026-06-29T12:38:15+00:00,k3s-s2,Ready
2026-06-29T12:38:15+00:00,k3s-s3,Ready
2026-06-29T12:38:15+00:00,k3s-w1,Ready
2026-06-29T12:38:15+00:00,k3s-w2,Ready
2026-06-29T12:38:16+00:00,k3s-s1,Ready
2026-06-29T12:38:16+00:00,k3s-s2,Ready
2026-06-29T12:38:16+00:00,k3s-s3,Ready
2026-06-29T12:38:16+00:00,k3s-w1,Ready
2026-06-29T12:38:16+00:00,k3s-w2,Ready
2026-06-29T12:38:17+00:00,k3s-s1,Ready
2026-06-29T12:38:17+00:00,k3s-s2,Ready
2026-06-29T12:38:17+00:00,k3s-s3,Ready
2026-06-29T12:38:17+00:00,k3s-w1,Ready
2026-06-29T12:38:17+00:00,k3s-w2,Ready
2026-06-29T12:38:18+00:00,k3s-s1,Ready
2026-06-29T12:38:18+00:00,k3s-s2,Ready
2026-06-29T12:38:18+00:00,k3s-s3,Ready
2026-06-29T12:38:18+00:00,k3s-w1,Ready
2026-06-29T12:38:18+00:00,k3s-w2,Ready
2026-06-29T12:38:19+00:00,k3s-s1,Ready
2026-06-29T12:38:19+00:00,k3s-s2,Ready
2026-06-29T12:38:19+00:00,k3s-s3,Ready
2026-06-29T12:38:19+00:00,k3s-w1,Ready
2026-06-29T12:38:19+00:00,k3s-w2,Ready
2026-06-29T12:38:20+00:00,k3s-s1,Ready
2026-06-29T12:38:20+00:00,k3s-s2,Ready
2026-06-29T12:38:20+00:00,k3s-s3,Ready
2026-06-29T12:38:20+00:00,k3s-w1,Ready
2026-06-29T12:38:20+00:00,k3s-w2,Ready
2026-06-29T12:38:21+00:00,k3s-s1,Ready
2026-06-29T12:38:21+00:00,k3s-s2,Ready
2026-06-29T12:38:21+00:00,k3s-s3,Ready
2026-06-29T12:38:21+00:00,k3s-w1,Ready
2026-06-29T12:38:21+00:00,k3s-w2,Ready
2026-06-29T12:38:22+00:00,k3s-s1,Ready
2026-06-29T12:38:22+00:00,k3s-s2,Ready
2026-06-29T12:38:22+00:00,k3s-s3,Ready
2026-06-29T12:38:22+00:00,k3s-w1,Ready
2026-06-29T12:38:22+00:00,k3s-w2,Ready
2026-06-29T12:38:24+00:00,k3s-s1,Ready
2026-06-29T12:38:24+00:00,k3s-s2,Ready
2026-06-29T12:38:24+00:00,k3s-s3,Ready
2026-06-29T12:38:24+00:00,k3s-w1,Ready
2026-06-29T12:38:24+00:00,k3s-w2,Ready
2026-06-29T12:38:25+00:00,k3s-s1,Ready
2026-06-29T12:38:25+00:00,k3s-s2,Ready
2026-06-29T12:38:25+00:00,k3s-s3,Ready
2026-06-29T12:38:25+00:00,k3s-w1,Ready
2026-06-29T12:38:25+00:00,k3s-w2,Ready
2026-06-29T12:38:26+00:00,k3s-s1,Ready
2026-06-29T12:38:26+00:00,k3s-s2,Ready
2026-06-29T12:38:26+00:00,k3s-s3,Ready
2026-06-29T12:38:26+00:00,k3s-w1,Ready
2026-06-29T12:38:26+00:00,k3s-w2,Ready
2026-06-29T12:38:27+00:00,k3s-s1,Ready
2026-06-29T12:38:27+00:00,k3s-s2,Ready
2026-06-29T12:38:27+00:00,k3s-s3,Ready
2026-06-29T12:38:27+00:00,k3s-w1,Ready
2026-06-29T12:38:27+00:00,k3s-w2,Ready
2026-06-29T12:38:28+00:00,k3s-s1,Ready
2026-06-29T12:38:28+00:00,k3s-s2,Ready
2026-06-29T12:38:28+00:00,k3s-s3,Ready
2026-06-29T12:38:28+00:00,k3s-w1,Ready
2026-06-29T12:38:28+00:00,k3s-w2,Ready
2026-06-29T12:38:29+00:00,k3s-s1,Ready
2026-06-29T12:38:29+00:00,k3s-s2,Ready
2026-06-29T12:38:29+00:00,k3s-s3,Ready
2026-06-29T12:38:29+00:00,k3s-w1,Ready
2026-06-29T12:38:29+00:00,k3s-w2,Ready
2026-06-29T12:38:30+00:00,k3s-s1,Ready
2026-06-29T12:38:30+00:00,k3s-s2,Ready
2026-06-29T12:38:30+00:00,k3s-s3,Ready
2026-06-29T12:38:30+00:00,k3s-w1,Ready
2026-06-29T12:38:30+00:00,k3s-w2,Ready
2026-06-29T12:38:31+00:00,k3s-s1,Ready
2026-06-29T12:38:31+00:00,k3s-s2,Ready
2026-06-29T12:38:31+00:00,k3s-s3,Ready
2026-06-29T12:38:31+00:00,k3s-w1,Ready
2026-06-29T12:38:31+00:00,k3s-w2,Ready
2026-06-29T12:38:32+00:00,k3s-s1,Ready
2026-06-29T12:38:32+00:00,k3s-s2,Ready
2026-06-29T12:38:32+00:00,k3s-s3,Ready
2026-06-29T12:38:32+00:00,k3s-w1,Ready
2026-06-29T12:38:32+00:00,k3s-w2,Ready
2026-06-29T12:38:33+00:00,k3s-s1,Ready
2026-06-29T12:38:33+00:00,k3s-s2,Ready
2026-06-29T12:38:33+00:00,k3s-s3,Ready
2026-06-29T12:38:33+00:00,k3s-w1,Ready
2026-06-29T12:38:33+00:00,k3s-w2,Ready
2026-06-29T12:38:34+00:00,k3s-s1,Ready
2026-06-29T12:38:34+00:00,k3s-s2,Ready
2026-06-29T12:38:34+00:00,k3s-s3,Ready
2026-06-29T12:38:34+00:00,k3s-w1,Ready
2026-06-29T12:38:34+00:00,k3s-w2,Ready
2026-06-29T12:38:35+00:00,k3s-s1,Ready
2026-06-29T12:38:35+00:00,k3s-s2,Ready
2026-06-29T12:38:35+00:00,k3s-s3,Ready
2026-06-29T12:38:35+00:00,k3s-w1,Ready
2026-06-29T12:38:35+00:00,k3s-w2,Ready
2026-06-29T12:38:36+00:00,k3s-s1,Ready
2026-06-29T12:38:36+00:00,k3s-s2,Ready
2026-06-29T12:38:36+00:00,k3s-s3,Ready
2026-06-29T12:38:36+00:00,k3s-w1,Ready
2026-06-29T12:38:36+00:00,k3s-w2,Ready
2026-06-29T12:38:37+00:00,k3s-s1,Ready
2026-06-29T12:38:37+00:00,k3s-s2,Ready
2026-06-29T12:38:37+00:00,k3s-s3,Ready
2026-06-29T12:38:37+00:00,k3s-w1,Ready
2026-06-29T12:38:37+00:00,k3s-w2,Ready
2026-06-29T12:38:39+00:00,k3s-s1,Ready
2026-06-29T12:38:39+00:00,k3s-s2,NotReady
2026-06-29T12:38:39+00:00,k3s-s3,Ready
2026-06-29T12:38:39+00:00,k3s-w1,Ready
2026-06-29T12:38:39+00:00,k3s-w2,Ready
2026-06-29T12:38:40+00:00,k3s-s1,Ready
2026-06-29T12:38:40+00:00,k3s-s2,NotReady
2026-06-29T12:38:40+00:00,k3s-s3,Ready
2026-06-29T12:38:40+00:00,k3s-w1,Ready
2026-06-29T12:38:40+00:00,k3s-w2,Ready
2026-06-29T12:38:41+00:00,k3s-s1,Ready
2026-06-29T12:38:41+00:00,k3s-s2,NotReady
2026-06-29T12:38:41+00:00,k3s-s3,Ready
2026-06-29T12:38:41+00:00,k3s-w1,Ready
2026-06-29T12:38:41+00:00,k3s-w2,Ready
2026-06-29T12:38:42+00:00,k3s-s1,Ready
2026-06-29T12:38:42+00:00,k3s-s2,NotReady
2026-06-29T12:38:42+00:00,k3s-s3,Ready
2026-06-29T12:38:42+00:00,k3s-w1,Ready
2026-06-29T12:38:42+00:00,k3s-w2,Ready
2026-06-29T12:38:43+00:00,k3s-s1,Ready
2026-06-29T12:38:43+00:00,k3s-s2,NotReady
2026-06-29T12:38:43+00:00,k3s-s3,Ready
2026-06-29T12:38:43+00:00,k3s-w1,Ready
2026-06-29T12:38:43+00:00,k3s-w2,Ready
2026-06-29T12:38:44+00:00,k3s-s1,Ready
2026-06-29T12:38:44+00:00,k3s-s2,NotReady
2026-06-29T12:38:44+00:00,k3s-s3,Ready
2026-06-29T12:38:44+00:00,k3s-w1,Ready
2026-06-29T12:38:44+00:00,k3s-w2,Ready
2026-06-29T12:38:45+00:00,k3s-s1,Ready
2026-06-29T12:38:45+00:00,k3s-s2,NotReady
2026-06-29T12:38:45+00:00,k3s-s3,Ready
2026-06-29T12:38:45+00:00,k3s-w1,Ready
2026-06-29T12:38:45+00:00,k3s-w2,Ready
2026-06-29T12:38:46+00:00,k3s-s1,Ready
2026-06-29T12:38:46+00:00,k3s-s2,NotReady
2026-06-29T12:38:46+00:00,k3s-s3,Ready
2026-06-29T12:38:46+00:00,k3s-w1,Ready
2026-06-29T12:38:46+00:00,k3s-w2,Ready
2026-06-29T12:38:47+00:00,k3s-s1,Ready
2026-06-29T12:38:47+00:00,k3s-s2,NotReady
2026-06-29T12:38:47+00:00,k3s-s3,Ready
2026-06-29T12:38:47+00:00,k3s-w1,Ready
2026-06-29T12:38:47+00:00,k3s-w2,Ready
2026-06-29T12:38:48+00:00,k3s-s1,Ready
2026-06-29T12:38:48+00:00,k3s-s2,NotReady
2026-06-29T12:38:48+00:00,k3s-s3,Ready
2026-06-29T12:38:48+00:00,k3s-w1,Ready
2026-06-29T12:38:48+00:00,k3s-w2,Ready
2026-06-29T12:38:49+00:00,k3s-s1,Ready
2026-06-29T12:38:49+00:00,k3s-s2,NotReady
2026-06-29T12:38:49+00:00,k3s-s3,Ready
2026-06-29T12:38:49+00:00,k3s-w1,Ready
2026-06-29T12:38:49+00:00,k3s-w2,Ready
2026-06-29T12:38:50+00:00,k3s-s1,Ready
2026-06-29T12:38:50+00:00,k3s-s2,NotReady
2026-06-29T12:38:50+00:00,k3s-s3,Ready
2026-06-29T12:38:50+00:00,k3s-w1,Ready
2026-06-29T12:38:50+00:00,k3s-w2,Ready
2026-06-29T12:38:51+00:00,k3s-s1,Ready
2026-06-29T12:38:51+00:00,k3s-s2,NotReady
2026-06-29T12:38:51+00:00,k3s-s3,Ready
2026-06-29T12:38:51+00:00,k3s-w1,Ready
2026-06-29T12:38:51+00:00,k3s-w2,Ready
2026-06-29T12:38:53+00:00,k3s-s1,Ready
2026-06-29T12:38:53+00:00,k3s-s2,NotReady
2026-06-29T12:38:53+00:00,k3s-s3,Ready
2026-06-29T12:38:53+00:00,k3s-w1,Ready
2026-06-29T12:38:53+00:00,k3s-w2,Ready
2026-06-29T12:38:54+00:00,k3s-s1,Ready
2026-06-29T12:38:54+00:00,k3s-s2,NotReady
2026-06-29T12:38:54+00:00,k3s-s3,Ready
2026-06-29T12:38:54+00:00,k3s-w1,Ready
2026-06-29T12:38:54+00:00,k3s-w2,Ready
2026-06-29T12:38:55+00:00,k3s-s1,Ready
2026-06-29T12:38:55+00:00,k3s-s2,NotReady
2026-06-29T12:38:55+00:00,k3s-s3,Ready
2026-06-29T12:38:55+00:00,k3s-w1,Ready
2026-06-29T12:38:55+00:00,k3s-w2,Ready
2026-06-29T12:38:56+00:00,k3s-s1,Ready
2026-06-29T12:38:56+00:00,k3s-s2,NotReady
2026-06-29T12:38:56+00:00,k3s-s3,Ready
2026-06-29T12:38:56+00:00,k3s-w1,Ready
2026-06-29T12:38:56+00:00,k3s-w2,Ready
2026-06-29T12:38:57+00:00,k3s-s1,Ready
2026-06-29T12:38:57+00:00,k3s-s2,NotReady
2026-06-29T12:38:57+00:00,k3s-s3,Ready
2026-06-29T12:38:57+00:00,k3s-w1,Ready
2026-06-29T12:38:57+00:00,k3s-w2,Ready
2026-06-29T12:38:58+00:00,k3s-s1,Ready
2026-06-29T12:38:58+00:00,k3s-s2,NotReady
2026-06-29T12:38:58+00:00,k3s-s3,Ready
2026-06-29T12:38:58+00:00,k3s-w1,Ready
2026-06-29T12:38:58+00:00,k3s-w2,Ready
2026-06-29T12:38:59+00:00,k3s-s1,Ready
2026-06-29T12:38:59+00:00,k3s-s2,NotReady
2026-06-29T12:38:59+00:00,k3s-s3,Ready
2026-06-29T12:38:59+00:00,k3s-w1,Ready
2026-06-29T12:38:59+00:00,k3s-w2,Ready
2026-06-29T12:39:00+00:00,k3s-s1,Ready
2026-06-29T12:39:00+00:00,k3s-s2,NotReady
2026-06-29T12:39:00+00:00,k3s-s3,Ready
2026-06-29T12:39:00+00:00,k3s-w1,Ready
2026-06-29T12:39:00+00:00,k3s-w2,Ready
2026-06-29T12:39:01+00:00,k3s-s1,Ready
2026-06-29T12:39:01+00:00,k3s-s2,NotReady
2026-06-29T12:39:01+00:00,k3s-s3,Ready
2026-06-29T12:39:01+00:00,k3s-w1,Ready
2026-06-29T12:39:01+00:00,k3s-w2,Ready
2026-06-29T12:39:02+00:00,k3s-s1,Ready
2026-06-29T12:39:02+00:00,k3s-s2,NotReady
2026-06-29T12:39:02+00:00,k3s-s3,Ready
2026-06-29T12:39:02+00:00,k3s-w1,Ready
2026-06-29T12:39:02+00:00,k3s-w2,Ready
2026-06-29T12:39:03+00:00,k3s-s1,Ready
2026-06-29T12:39:03+00:00,k3s-s2,NotReady
2026-06-29T12:39:03+00:00,k3s-s3,Ready
2026-06-29T12:39:03+00:00,k3s-w1,Ready
2026-06-29T12:39:03+00:00,k3s-w2,Ready
2026-06-29T12:39:04+00:00,k3s-s1,Ready
2026-06-29T12:39:04+00:00,k3s-s2,NotReady
2026-06-29T12:39:04+00:00,k3s-s3,Ready
2026-06-29T12:39:04+00:00,k3s-w1,Ready
2026-06-29T12:39:04+00:00,k3s-w2,Ready
2026-06-29T12:39:05+00:00,k3s-s1,Ready
2026-06-29T12:39:05+00:00,k3s-s2,NotReady
2026-06-29T12:39:05+00:00,k3s-s3,Ready
2026-06-29T12:39:05+00:00,k3s-w1,Ready
2026-06-29T12:39:05+00:00,k3s-w2,Ready
2026-06-29T12:39:07+00:00,k3s-s1,Ready
2026-06-29T12:39:07+00:00,k3s-s2,NotReady
2026-06-29T12:39:07+00:00,k3s-s3,Ready
2026-06-29T12:39:07+00:00,k3s-w1,Ready
2026-06-29T12:39:07+00:00,k3s-w2,Ready
2026-06-29T12:39:08+00:00,k3s-s1,Ready
2026-06-29T12:39:08+00:00,k3s-s2,NotReady
2026-06-29T12:39:08+00:00,k3s-s3,Ready
2026-06-29T12:39:08+00:00,k3s-w1,Ready
2026-06-29T12:39:08+00:00,k3s-w2,Ready
2026-06-29T12:39:09+00:00,k3s-s1,Ready
2026-06-29T12:39:09+00:00,k3s-s2,NotReady
2026-06-29T12:39:09+00:00,k3s-s3,Ready
2026-06-29T12:39:09+00:00,k3s-w1,Ready
2026-06-29T12:39:09+00:00,k3s-w2,Ready
2026-06-29T12:39:10+00:00,k3s-s1,Ready
2026-06-29T12:39:10+00:00,k3s-s2,NotReady
2026-06-29T12:39:10+00:00,k3s-s3,Ready
2026-06-29T12:39:10+00:00,k3s-w1,Ready
2026-06-29T12:39:10+00:00,k3s-w2,Ready
2026-06-29T12:39:11+00:00,k3s-s1,Ready
2026-06-29T12:39:11+00:00,k3s-s2,NotReady
2026-06-29T12:39:11+00:00,k3s-s3,Ready
2026-06-29T12:39:11+00:00,k3s-w1,Ready
2026-06-29T12:39:11+00:00,k3s-w2,Ready
2026-06-29T12:39:12+00:00,k3s-s1,Ready
2026-06-29T12:39:12+00:00,k3s-s2,NotReady
2026-06-29T12:39:12+00:00,k3s-s3,Ready
2026-06-29T12:39:12+00:00,k3s-w1,Ready
2026-06-29T12:39:12+00:00,k3s-w2,Ready
2026-06-29T12:39:13+00:00,k3s-s1,Ready
2026-06-29T12:39:13+00:00,k3s-s2,NotReady
2026-06-29T12:39:13+00:00,k3s-s3,Ready
2026-06-29T12:39:13+00:00,k3s-w1,Ready
2026-06-29T12:39:13+00:00,k3s-w2,Ready
2026-06-29T12:39:14+00:00,k3s-s1,Ready
2026-06-29T12:39:14+00:00,k3s-s2,NotReady
2026-06-29T12:39:14+00:00,k3s-s3,Ready
2026-06-29T12:39:14+00:00,k3s-w1,Ready
2026-06-29T12:39:14+00:00,k3s-w2,Ready
2026-06-29T12:39:15+00:00,k3s-s1,Ready
2026-06-29T12:39:15+00:00,k3s-s2,NotReady
2026-06-29T12:39:15+00:00,k3s-s3,Ready
2026-06-29T12:39:15+00:00,k3s-w1,Ready
2026-06-29T12:39:15+00:00,k3s-w2,Ready
2026-06-29T12:39:16+00:00,k3s-s1,Ready
2026-06-29T12:39:16+00:00,k3s-s2,NotReady
2026-06-29T12:39:16+00:00,k3s-s3,Ready
2026-06-29T12:39:16+00:00,k3s-w1,Ready
2026-06-29T12:39:16+00:00,k3s-w2,Ready
2026-06-29T12:39:17+00:00,k3s-s1,Ready
2026-06-29T12:39:17+00:00,k3s-s2,NotReady
2026-06-29T12:39:17+00:00,k3s-s3,Ready
2026-06-29T12:39:17+00:00,k3s-w1,Ready
2026-06-29T12:39:17+00:00,k3s-w2,Ready
2026-06-29T12:39:18+00:00,k3s-s1,Ready
2026-06-29T12:39:18+00:00,k3s-s2,NotReady
2026-06-29T12:39:18+00:00,k3s-s3,Ready
2026-06-29T12:39:18+00:00,k3s-w1,Ready
2026-06-29T12:39:18+00:00,k3s-w2,Ready
2026-06-29T12:39:19+00:00,k3s-s1,Ready
2026-06-29T12:39:19+00:00,k3s-s2,NotReady
2026-06-29T12:39:19+00:00,k3s-s3,Ready
2026-06-29T12:39:19+00:00,k3s-w1,Ready
2026-06-29T12:39:19+00:00,k3s-w2,Ready
2026-06-29T12:39:21+00:00,k3s-s1,Ready
2026-06-29T12:39:21+00:00,k3s-s2,NotReady
2026-06-29T12:39:21+00:00,k3s-s3,Ready
2026-06-29T12:39:21+00:00,k3s-w1,Ready
2026-06-29T12:39:21+00:00,k3s-w2,Ready
2026-06-29T12:39:22+00:00,k3s-s1,Ready
2026-06-29T12:39:22+00:00,k3s-s2,NotReady
2026-06-29T12:39:22+00:00,k3s-s3,Ready
2026-06-29T12:39:22+00:00,k3s-w1,Ready
2026-06-29T12:39:22+00:00,k3s-w2,Ready
2026-06-29T12:39:23+00:00,k3s-s1,Ready
2026-06-29T12:39:23+00:00,k3s-s2,NotReady
2026-06-29T12:39:23+00:00,k3s-s3,Ready
2026-06-29T12:39:23+00:00,k3s-w1,Ready
2026-06-29T12:39:23+00:00,k3s-w2,Ready
2026-06-29T12:39:24+00:00,k3s-s1,Ready
2026-06-29T12:39:24+00:00,k3s-s2,NotReady
2026-06-29T12:39:24+00:00,k3s-s3,Ready
2026-06-29T12:39:24+00:00,k3s-w1,Ready
2026-06-29T12:39:24+00:00,k3s-w2,Ready
2026-06-29T12:39:25+00:00,k3s-s1,Ready
2026-06-29T12:39:25+00:00,k3s-s2,NotReady
2026-06-29T12:39:25+00:00,k3s-s3,Ready
2026-06-29T12:39:25+00:00,k3s-w1,Ready
2026-06-29T12:39:25+00:00,k3s-w2,Ready
2026-06-29T12:39:26+00:00,k3s-s1,Ready
2026-06-29T12:39:26+00:00,k3s-s2,NotReady
2026-06-29T12:39:26+00:00,k3s-s3,Ready
2026-06-29T12:39:26+00:00,k3s-w1,Ready
2026-06-29T12:39:26+00:00,k3s-w2,Ready
2026-06-29T12:39:27+00:00,k3s-s1,Ready
2026-06-29T12:39:27+00:00,k3s-s2,NotReady
2026-06-29T12:39:27+00:00,k3s-s3,Ready
2026-06-29T12:39:27+00:00,k3s-w1,Ready
2026-06-29T12:39:27+00:00,k3s-w2,Ready
2026-06-29T12:39:28+00:00,k3s-s1,Ready
2026-06-29T12:39:28+00:00,k3s-s2,NotReady
2026-06-29T12:39:28+00:00,k3s-s3,Ready
2026-06-29T12:39:28+00:00,k3s-w1,Ready
2026-06-29T12:39:28+00:00,k3s-w2,Ready
2026-06-29T12:39:29+00:00,k3s-s1,Ready
2026-06-29T12:39:29+00:00,k3s-s2,NotReady
2026-06-29T12:39:29+00:00,k3s-s3,Ready
2026-06-29T12:39:29+00:00,k3s-w1,Ready
2026-06-29T12:39:29+00:00,k3s-w2,Ready
2026-06-29T12:39:30+00:00,k3s-s1,Ready
2026-06-29T12:39:30+00:00,k3s-s2,NotReady
2026-06-29T12:39:30+00:00,k3s-s3,Ready
2026-06-29T12:39:30+00:00,k3s-w1,Ready
2026-06-29T12:39:30+00:00,k3s-w2,Ready
2026-06-29T12:39:31+00:00,k3s-s1,Ready
2026-06-29T12:39:31+00:00,k3s-s2,NotReady
2026-06-29T12:39:31+00:00,k3s-s3,Ready
2026-06-29T12:39:31+00:00,k3s-w1,Ready
2026-06-29T12:39:31+00:00,k3s-w2,Ready
2026-06-29T12:39:32+00:00,k3s-s1,Ready
2026-06-29T12:39:32+00:00,k3s-s2,NotReady
2026-06-29T12:39:32+00:00,k3s-s3,Ready
2026-06-29T12:39:32+00:00,k3s-w1,Ready
2026-06-29T12:39:32+00:00,k3s-w2,Ready
2026-06-29T12:39:34+00:00,k3s-s1,Ready
2026-06-29T12:39:34+00:00,k3s-s2,NotReady
2026-06-29T12:39:34+00:00,k3s-s3,Ready
2026-06-29T12:39:34+00:00,k3s-w1,Ready
2026-06-29T12:39:34+00:00,k3s-w2,Ready
2026-06-29T12:39:35+00:00,k3s-s1,Ready
2026-06-29T12:39:35+00:00,k3s-s2,NotReady
2026-06-29T12:39:35+00:00,k3s-s3,Ready
2026-06-29T12:39:35+00:00,k3s-w1,Ready
2026-06-29T12:39:35+00:00,k3s-w2,Ready
2026-06-29T12:39:36+00:00,k3s-s1,Ready
2026-06-29T12:39:36+00:00,k3s-s2,NotReady
2026-06-29T12:39:36+00:00,k3s-s3,Ready
2026-06-29T12:39:36+00:00,k3s-w1,Ready
2026-06-29T12:39:36+00:00,k3s-w2,Ready
2026-06-29T12:39:37+00:00,k3s-s1,Ready
2026-06-29T12:39:37+00:00,k3s-s2,NotReady
2026-06-29T12:39:37+00:00,k3s-s3,Ready
2026-06-29T12:39:37+00:00,k3s-w1,Ready
2026-06-29T12:39:37+00:00,k3s-w2,Ready
2026-06-29T12:39:38+00:00,k3s-s1,Ready
2026-06-29T12:39:38+00:00,k3s-s2,NotReady
2026-06-29T12:39:38+00:00,k3s-s3,Ready
2026-06-29T12:39:38+00:00,k3s-w1,Ready
2026-06-29T12:39:38+00:00,k3s-w2,Ready
2026-06-29T12:39:39+00:00,k3s-s1,Ready
2026-06-29T12:39:39+00:00,k3s-s2,NotReady
2026-06-29T12:39:39+00:00,k3s-s3,Ready
2026-06-29T12:39:39+00:00,k3s-w1,Ready
2026-06-29T12:39:39+00:00,k3s-w2,Ready
2026-06-29T12:39:40+00:00,k3s-s1,Ready
2026-06-29T12:39:40+00:00,k3s-s2,NotReady
2026-06-29T12:39:40+00:00,k3s-s3,Ready
2026-06-29T12:39:40+00:00,k3s-w1,Ready
2026-06-29T12:39:40+00:00,k3s-w2,Ready
2026-06-29T12:39:41+00:00,k3s-s1,Ready
2026-06-29T12:39:41+00:00,k3s-s2,NotReady
2026-06-29T12:39:41+00:00,k3s-s3,Ready
2026-06-29T12:39:41+00:00,k3s-w1,Ready
2026-06-29T12:39:41+00:00,k3s-w2,Ready
2026-06-29T12:39:42+00:00,k3s-s1,Ready
2026-06-29T12:39:42+00:00,k3s-s2,NotReady
2026-06-29T12:39:42+00:00,k3s-s3,Ready
2026-06-29T12:39:42+00:00,k3s-w1,Ready
2026-06-29T12:39:42+00:00,k3s-w2,Ready
2026-06-29T12:39:43+00:00,k3s-s1,Ready
2026-06-29T12:39:43+00:00,k3s-s2,NotReady
2026-06-29T12:39:43+00:00,k3s-s3,Ready
2026-06-29T12:39:43+00:00,k3s-w1,Ready
2026-06-29T12:39:43+00:00,k3s-w2,Ready
2026-06-29T12:39:44+00:00,k3s-s1,Ready
2026-06-29T12:39:44+00:00,k3s-s2,NotReady
2026-06-29T12:39:44+00:00,k3s-s3,Ready
2026-06-29T12:39:44+00:00,k3s-w1,Ready
2026-06-29T12:39:44+00:00,k3s-w2,Ready
2026-06-29T12:39:45+00:00,k3s-s1,Ready
2026-06-29T12:39:45+00:00,k3s-s2,NotReady
2026-06-29T12:39:45+00:00,k3s-s3,Ready
2026-06-29T12:39:45+00:00,k3s-w1,Ready
2026-06-29T12:39:45+00:00,k3s-w2,Ready
2026-06-29T12:39:46+00:00,k3s-s1,Ready
2026-06-29T12:39:46+00:00,k3s-s2,NotReady
2026-06-29T12:39:46+00:00,k3s-s3,Ready
2026-06-29T12:39:46+00:00,k3s-w1,Ready
2026-06-29T12:39:46+00:00,k3s-w2,Ready
2026-06-29T12:39:48+00:00,k3s-s1,Ready
2026-06-29T12:39:48+00:00,k3s-s2,NotReady
2026-06-29T12:39:48+00:00,k3s-s3,Ready
2026-06-29T12:39:48+00:00,k3s-w1,Ready
2026-06-29T12:39:48+00:00,k3s-w2,Ready
2026-06-29T12:39:49+00:00,k3s-s1,Ready
2026-06-29T12:39:49+00:00,k3s-s2,NotReady
2026-06-29T12:39:49+00:00,k3s-s3,Ready
2026-06-29T12:39:49+00:00,k3s-w1,Ready
2026-06-29T12:39:49+00:00,k3s-w2,Ready
2026-06-29T12:39:50+00:00,k3s-s1,Ready
2026-06-29T12:39:50+00:00,k3s-s2,NotReady
2026-06-29T12:39:50+00:00,k3s-s3,Ready
2026-06-29T12:39:50+00:00,k3s-w1,Ready
2026-06-29T12:39:50+00:00,k3s-w2,Ready
2026-06-29T12:39:51+00:00,k3s-s1,Ready
2026-06-29T12:39:51+00:00,k3s-s2,NotReady
2026-06-29T12:39:51+00:00,k3s-s3,Ready
2026-06-29T12:39:51+00:00,k3s-w1,Ready
2026-06-29T12:39:51+00:00,k3s-w2,Ready
2026-06-29T12:39:52+00:00,k3s-s1,Ready
2026-06-29T12:39:52+00:00,k3s-s2,NotReady
2026-06-29T12:39:52+00:00,k3s-s3,Ready
2026-06-29T12:39:52+00:00,k3s-w1,Ready
2026-06-29T12:39:52+00:00,k3s-w2,Ready
2026-06-29T12:39:53+00:00,k3s-s1,Ready
2026-06-29T12:39:53+00:00,k3s-s2,NotReady
2026-06-29T12:39:53+00:00,k3s-s3,Ready
2026-06-29T12:39:53+00:00,k3s-w1,Ready
2026-06-29T12:39:53+00:00,k3s-w2,Ready
2026-06-29T12:39:54+00:00,k3s-s1,Ready
2026-06-29T12:39:54+00:00,k3s-s2,NotReady
2026-06-29T12:39:54+00:00,k3s-s3,Ready
2026-06-29T12:39:54+00:00,k3s-w1,Ready
2026-06-29T12:39:54+00:00,k3s-w2,Ready
2026-06-29T12:39:55+00:00,k3s-s1,Ready
2026-06-29T12:39:55+00:00,k3s-s2,NotReady
2026-06-29T12:39:55+00:00,k3s-s3,Ready
2026-06-29T12:39:55+00:00,k3s-w1,Ready
2026-06-29T12:39:55+00:00,k3s-w2,Ready
2026-06-29T12:39:56+00:00,k3s-s1,Ready
2026-06-29T12:39:56+00:00,k3s-s2,NotReady
2026-06-29T12:39:56+00:00,k3s-s3,Ready
2026-06-29T12:39:56+00:00,k3s-w1,Ready
2026-06-29T12:39:56+00:00,k3s-w2,Ready
2026-06-29T12:39:57+00:00,k3s-s1,Ready
2026-06-29T12:39:57+00:00,k3s-s2,NotReady
2026-06-29T12:39:57+00:00,k3s-s3,Ready
2026-06-29T12:39:57+00:00,k3s-w1,Ready
2026-06-29T12:39:57+00:00,k3s-w2,Ready
2026-06-29T12:39:58+00:00,k3s-s1,Ready
2026-06-29T12:39:58+00:00,k3s-s2,NotReady
2026-06-29T12:39:58+00:00,k3s-s3,Ready
2026-06-29T12:39:58+00:00,k3s-w1,Ready
2026-06-29T12:39:58+00:00,k3s-w2,Ready
2026-06-29T12:39:59+00:00,k3s-s1,Ready
2026-06-29T12:39:59+00:00,k3s-s2,NotReady
2026-06-29T12:39:59+00:00,k3s-s3,Ready
2026-06-29T12:39:59+00:00,k3s-w1,Ready
2026-06-29T12:39:59+00:00,k3s-w2,Ready
2026-06-29T12:40:00+00:00,k3s-s1,Ready
2026-06-29T12:40:00+00:00,k3s-s2,NotReady
2026-06-29T12:40:00+00:00,k3s-s3,Ready
2026-06-29T12:40:00+00:00,k3s-w1,Ready
2026-06-29T12:40:00+00:00,k3s-w2,Ready
2026-06-29T12:40:02+00:00,k3s-s1,Ready
2026-06-29T12:40:02+00:00,k3s-s2,NotReady
2026-06-29T12:40:02+00:00,k3s-s3,Ready
2026-06-29T12:40:02+00:00,k3s-w1,Ready
2026-06-29T12:40:02+00:00,k3s-w2,Ready
2026-06-29T12:40:03+00:00,k3s-s1,Ready
2026-06-29T12:40:03+00:00,k3s-s2,NotReady
2026-06-29T12:40:03+00:00,k3s-s3,Ready
2026-06-29T12:40:03+00:00,k3s-w1,Ready
2026-06-29T12:40:03+00:00,k3s-w2,Ready
2026-06-29T12:40:04+00:00,k3s-s1,Ready
2026-06-29T12:40:04+00:00,k3s-s2,NotReady
2026-06-29T12:40:04+00:00,k3s-s3,Ready
2026-06-29T12:40:04+00:00,k3s-w1,Ready
2026-06-29T12:40:04+00:00,k3s-w2,Ready
2026-06-29T12:40:05+00:00,k3s-s1,Ready
2026-06-29T12:40:05+00:00,k3s-s2,NotReady
2026-06-29T12:40:05+00:00,k3s-s3,Ready
2026-06-29T12:40:05+00:00,k3s-w1,Ready
2026-06-29T12:40:05+00:00,k3s-w2,Ready
2026-06-29T12:40:06+00:00,k3s-s1,Ready
2026-06-29T12:40:06+00:00,k3s-s2,NotReady
2026-06-29T12:40:06+00:00,k3s-s3,Ready
2026-06-29T12:40:06+00:00,k3s-w1,Ready
2026-06-29T12:40:06+00:00,k3s-w2,Ready
2026-06-29T12:40:07+00:00,k3s-s1,Ready
2026-06-29T12:40:07+00:00,k3s-s2,NotReady
2026-06-29T12:40:07+00:00,k3s-s3,Ready
2026-06-29T12:40:07+00:00,k3s-w1,Ready
2026-06-29T12:40:07+00:00,k3s-w2,Ready
2026-06-29T12:40:08+00:00,k3s-s1,Ready
2026-06-29T12:40:08+00:00,k3s-s2,NotReady
2026-06-29T12:40:08+00:00,k3s-s3,Ready
2026-06-29T12:40:08+00:00,k3s-w1,Ready
2026-06-29T12:40:08+00:00,k3s-w2,Ready
2026-06-29T12:40:09+00:00,k3s-s1,Ready
2026-06-29T12:40:09+00:00,k3s-s2,NotReady
2026-06-29T12:40:09+00:00,k3s-s3,Ready
2026-06-29T12:40:09+00:00,k3s-w1,Ready
2026-06-29T12:40:09+00:00,k3s-w2,Ready
2026-06-29T12:40:10+00:00,k3s-s1,Ready
2026-06-29T12:40:10+00:00,k3s-s2,NotReady
2026-06-29T12:40:10+00:00,k3s-s3,Ready
2026-06-29T12:40:10+00:00,k3s-w1,Ready
2026-06-29T12:40:10+00:00,k3s-w2,Ready
2026-06-29T12:40:11+00:00,k3s-s1,Ready
2026-06-29T12:40:11+00:00,k3s-s2,NotReady
2026-06-29T12:40:11+00:00,k3s-s3,Ready
2026-06-29T12:40:11+00:00,k3s-w1,Ready
2026-06-29T12:40:11+00:00,k3s-w2,Ready
2026-06-29T12:40:12+00:00,k3s-s1,Ready
2026-06-29T12:40:12+00:00,k3s-s2,NotReady
2026-06-29T12:40:12+00:00,k3s-s3,Ready
2026-06-29T12:40:12+00:00,k3s-w1,Ready
2026-06-29T12:40:12+00:00,k3s-w2,Ready
2026-06-29T12:40:13+00:00,k3s-s1,Ready
2026-06-29T12:40:13+00:00,k3s-s2,NotReady
2026-06-29T12:40:13+00:00,k3s-s3,Ready
2026-06-29T12:40:13+00:00,k3s-w1,Ready
2026-06-29T12:40:13+00:00,k3s-w2,Ready
2026-06-29T12:40:14+00:00,k3s-s1,Ready
2026-06-29T12:40:14+00:00,k3s-s2,NotReady
2026-06-29T12:40:14+00:00,k3s-s3,Ready
2026-06-29T12:40:14+00:00,k3s-w1,Ready
2026-06-29T12:40:14+00:00,k3s-w2,Ready
2026-06-29T12:40:16+00:00,k3s-s1,Ready
2026-06-29T12:40:16+00:00,k3s-s2,NotReady
2026-06-29T12:40:16+00:00,k3s-s3,Ready
2026-06-29T12:40:16+00:00,k3s-w1,Ready
2026-06-29T12:40:16+00:00,k3s-w2,Ready
2026-06-29T12:40:17+00:00,k3s-s1,Ready
2026-06-29T12:40:17+00:00,k3s-s2,NotReady
2026-06-29T12:40:17+00:00,k3s-s3,Ready
2026-06-29T12:40:17+00:00,k3s-w1,Ready
2026-06-29T12:40:17+00:00,k3s-w2,Ready
2026-06-29T12:40:18+00:00,k3s-s1,Ready
2026-06-29T12:40:18+00:00,k3s-s2,NotReady
2026-06-29T12:40:18+00:00,k3s-s3,Ready
2026-06-29T12:40:18+00:00,k3s-w1,Ready
2026-06-29T12:40:18+00:00,k3s-w2,Ready
2026-06-29T12:40:19+00:00,k3s-s1,Ready
2026-06-29T12:40:19+00:00,k3s-s2,NotReady
2026-06-29T12:40:19+00:00,k3s-s3,Ready
2026-06-29T12:40:19+00:00,k3s-w1,Ready
2026-06-29T12:40:19+00:00,k3s-w2,Ready
2026-06-29T12:40:20+00:00,k3s-s1,Ready
2026-06-29T12:40:20+00:00,k3s-s2,NotReady
2026-06-29T12:40:20+00:00,k3s-s3,Ready
2026-06-29T12:40:20+00:00,k3s-w1,Ready
2026-06-29T12:40:20+00:00,k3s-w2,Ready
2026-06-29T12:40:21+00:00,k3s-s1,Ready
2026-06-29T12:40:21+00:00,k3s-s2,NotReady
2026-06-29T12:40:21+00:00,k3s-s3,Ready
2026-06-29T12:40:21+00:00,k3s-w1,Ready
2026-06-29T12:40:21+00:00,k3s-w2,Ready
2026-06-29T12:40:22+00:00,k3s-s1,Ready
2026-06-29T12:40:22+00:00,k3s-s2,NotReady
2026-06-29T12:40:22+00:00,k3s-s3,Ready
2026-06-29T12:40:22+00:00,k3s-w1,Ready
2026-06-29T12:40:22+00:00,k3s-w2,Ready
2026-06-29T12:40:23+00:00,k3s-s1,Ready
2026-06-29T12:40:23+00:00,k3s-s2,NotReady
2026-06-29T12:40:23+00:00,k3s-s3,Ready
2026-06-29T12:40:23+00:00,k3s-w1,Ready
2026-06-29T12:40:23+00:00,k3s-w2,Ready
2026-06-29T12:40:24+00:00,k3s-s1,Ready
2026-06-29T12:40:24+00:00,k3s-s2,NotReady
2026-06-29T12:40:24+00:00,k3s-s3,Ready
2026-06-29T12:40:24+00:00,k3s-w1,Ready
2026-06-29T12:40:24+00:00,k3s-w2,Ready
2026-06-29T12:40:25+00:00,k3s-s1,Ready
2026-06-29T12:40:25+00:00,k3s-s2,NotReady
2026-06-29T12:40:25+00:00,k3s-s3,Ready
2026-06-29T12:40:25+00:00,k3s-w1,Ready
2026-06-29T12:40:25+00:00,k3s-w2,Ready
2026-06-29T12:40:26+00:00,k3s-s1,Ready
2026-06-29T12:40:26+00:00,k3s-s2,NotReady
2026-06-29T12:40:26+00:00,k3s-s3,Ready
2026-06-29T12:40:26+00:00,k3s-w1,Ready
2026-06-29T12:40:26+00:00,k3s-w2,Ready
2026-06-29T12:40:27+00:00,k3s-s1,Ready
2026-06-29T12:40:27+00:00,k3s-s2,NotReady
2026-06-29T12:40:27+00:00,k3s-s3,Ready
2026-06-29T12:40:27+00:00,k3s-w1,Ready
2026-06-29T12:40:27+00:00,k3s-w2,Ready
2026-06-29T12:40:28+00:00,k3s-s1,Ready
2026-06-29T12:40:28+00:00,k3s-s2,NotReady
2026-06-29T12:40:28+00:00,k3s-s3,Ready
2026-06-29T12:40:28+00:00,k3s-w1,Ready
2026-06-29T12:40:28+00:00,k3s-w2,Ready
2026-06-29T12:40:30+00:00,k3s-s1,Ready
2026-06-29T12:40:30+00:00,k3s-s2,NotReady
2026-06-29T12:40:30+00:00,k3s-s3,Ready
2026-06-29T12:40:30+00:00,k3s-w1,Ready
2026-06-29T12:40:30+00:00,k3s-w2,Ready
2026-06-29T12:40:31+00:00,k3s-s1,Ready
2026-06-29T12:40:31+00:00,k3s-s2,NotReady
2026-06-29T12:40:31+00:00,k3s-s3,Ready
2026-06-29T12:40:31+00:00,k3s-w1,Ready
2026-06-29T12:40:31+00:00,k3s-w2,Ready
2026-06-29T12:40:32+00:00,k3s-s1,Ready
2026-06-29T12:40:32+00:00,k3s-s2,NotReady
2026-06-29T12:40:32+00:00,k3s-s3,Ready
2026-06-29T12:40:32+00:00,k3s-w1,Ready
2026-06-29T12:40:32+00:00,k3s-w2,Ready
2026-06-29T12:40:33+00:00,k3s-s1,Ready
2026-06-29T12:40:33+00:00,k3s-s2,NotReady
2026-06-29T12:40:33+00:00,k3s-s3,Ready
2026-06-29T12:40:33+00:00,k3s-w1,Ready
2026-06-29T12:40:33+00:00,k3s-w2,Ready
2026-06-29T12:40:34+00:00,k3s-s1,Ready
2026-06-29T12:40:34+00:00,k3s-s2,NotReady
2026-06-29T12:40:34+00:00,k3s-s3,Ready
2026-06-29T12:40:34+00:00,k3s-w1,Ready
2026-06-29T12:40:34+00:00,k3s-w2,Ready
2026-06-29T12:40:35+00:00,k3s-s1,Ready
2026-06-29T12:40:35+00:00,k3s-s2,NotReady
2026-06-29T12:40:35+00:00,k3s-s3,Ready
2026-06-29T12:40:35+00:00,k3s-w1,Ready
2026-06-29T12:40:35+00:00,k3s-w2,Ready
2026-06-29T12:40:36+00:00,k3s-s1,Ready
2026-06-29T12:40:36+00:00,k3s-s2,NotReady
2026-06-29T12:40:36+00:00,k3s-s3,Ready
2026-06-29T12:40:36+00:00,k3s-w1,Ready
2026-06-29T12:40:36+00:00,k3s-w2,Ready
2026-06-29T12:40:37+00:00,k3s-s1,Ready
2026-06-29T12:40:37+00:00,k3s-s2,NotReady
2026-06-29T12:40:37+00:00,k3s-s3,Ready
2026-06-29T12:40:37+00:00,k3s-w1,Ready
2026-06-29T12:40:37+00:00,k3s-w2,Ready
2026-06-29T12:40:38+00:00,k3s-s1,Ready
2026-06-29T12:40:38+00:00,k3s-s2,NotReady
2026-06-29T12:40:38+00:00,k3s-s3,Ready
2026-06-29T12:40:38+00:00,k3s-w1,Ready
2026-06-29T12:40:38+00:00,k3s-w2,Ready
2026-06-29T12:40:39+00:00,k3s-s1,Ready
2026-06-29T12:40:39+00:00,k3s-s2,NotReady
2026-06-29T12:40:39+00:00,k3s-s3,Ready
2026-06-29T12:40:39+00:00,k3s-w1,Ready
2026-06-29T12:40:39+00:00,k3s-w2,Ready
2026-06-29T12:40:40+00:00,k3s-s1,Ready
2026-06-29T12:40:40+00:00,k3s-s2,NotReady
2026-06-29T12:40:40+00:00,k3s-s3,Ready
2026-06-29T12:40:40+00:00,k3s-w1,Ready
2026-06-29T12:40:40+00:00,k3s-w2,Ready
2026-06-29T12:40:41+00:00,k3s-s1,Ready
2026-06-29T12:40:41+00:00,k3s-s2,NotReady
2026-06-29T12:40:41+00:00,k3s-s3,Ready
2026-06-29T12:40:41+00:00,k3s-w1,Ready
2026-06-29T12:40:41+00:00,k3s-w2,Ready
2026-06-29T12:40:42+00:00,k3s-s1,Ready
2026-06-29T12:40:42+00:00,k3s-s2,NotReady
2026-06-29T12:40:42+00:00,k3s-s3,Ready
2026-06-29T12:40:42+00:00,k3s-w1,Ready
2026-06-29T12:40:42+00:00,k3s-w2,Ready
2026-06-29T12:40:43+00:00,k3s-s1,Ready
2026-06-29T12:40:43+00:00,k3s-s2,NotReady
2026-06-29T12:40:43+00:00,k3s-s3,Ready
2026-06-29T12:40:43+00:00,k3s-w1,Ready
2026-06-29T12:40:43+00:00,k3s-w2,Ready
2026-06-29T12:40:44+00:00,k3s-s1,Ready
2026-06-29T12:40:44+00:00,k3s-s2,NotReady
2026-06-29T12:40:44+00:00,k3s-s3,Ready
2026-06-29T12:40:44+00:00,k3s-w1,Ready
2026-06-29T12:40:44+00:00,k3s-w2,Ready
2026-06-29T12:40:45+00:00,k3s-s1,Ready
2026-06-29T12:40:45+00:00,k3s-s2,NotReady
2026-06-29T12:40:45+00:00,k3s-s3,Ready
2026-06-29T12:40:45+00:00,k3s-w1,Ready
2026-06-29T12:40:45+00:00,k3s-w2,Ready
2026-06-29T12:40:47+00:00,k3s-s1,Ready
2026-06-29T12:40:47+00:00,k3s-s2,NotReady
2026-06-29T12:40:47+00:00,k3s-s3,Ready
2026-06-29T12:40:47+00:00,k3s-w1,Ready
2026-06-29T12:40:47+00:00,k3s-w2,Ready
2026-06-29T12:40:48+00:00,k3s-s1,Ready
2026-06-29T12:40:48+00:00,k3s-s2,NotReady
2026-06-29T12:40:48+00:00,k3s-s3,Ready
2026-06-29T12:40:48+00:00,k3s-w1,Ready
2026-06-29T12:40:48+00:00,k3s-w2,Ready
2026-06-29T12:40:49+00:00,k3s-s1,Ready
2026-06-29T12:40:49+00:00,k3s-s2,NotReady
2026-06-29T12:40:49+00:00,k3s-s3,Ready
2026-06-29T12:40:49+00:00,k3s-w1,Ready
2026-06-29T12:40:49+00:00,k3s-w2,Ready
2026-06-29T12:40:50+00:00,k3s-s1,Ready
2026-06-29T12:40:50+00:00,k3s-s2,NotReady
2026-06-29T12:40:50+00:00,k3s-s3,Ready
2026-06-29T12:40:50+00:00,k3s-w1,Ready
2026-06-29T12:40:50+00:00,k3s-w2,Ready
2026-06-29T12:40:51+00:00,k3s-s1,Ready
2026-06-29T12:40:51+00:00,k3s-s2,NotReady
2026-06-29T12:40:51+00:00,k3s-s3,Ready
2026-06-29T12:40:51+00:00,k3s-w1,Ready
2026-06-29T12:40:51+00:00,k3s-w2,Ready
2026-06-29T12:40:52+00:00,k3s-s1,Ready
2026-06-29T12:40:52+00:00,k3s-s2,NotReady
2026-06-29T12:40:52+00:00,k3s-s3,Ready
2026-06-29T12:40:52+00:00,k3s-w1,Ready
2026-06-29T12:40:52+00:00,k3s-w2,Ready
2026-06-29T12:40:53+00:00,k3s-s1,Ready
2026-06-29T12:40:53+00:00,k3s-s2,NotReady
2026-06-29T12:40:53+00:00,k3s-s3,Ready
2026-06-29T12:40:53+00:00,k3s-w1,Ready
2026-06-29T12:40:53+00:00,k3s-w2,Ready
2026-06-29T12:40:54+00:00,k3s-s1,Ready
2026-06-29T12:40:54+00:00,k3s-s2,NotReady
2026-06-29T12:40:54+00:00,k3s-s3,Ready
2026-06-29T12:40:54+00:00,k3s-w1,Ready
2026-06-29T12:40:54+00:00,k3s-w2,Ready
2026-06-29T12:40:55+00:00,k3s-s1,Ready
2026-06-29T12:40:55+00:00,k3s-s2,NotReady
2026-06-29T12:40:55+00:00,k3s-s3,Ready
2026-06-29T12:40:55+00:00,k3s-w1,Ready
2026-06-29T12:40:55+00:00,k3s-w2,Ready
2026-06-29T12:40:56+00:00,k3s-s1,Ready
2026-06-29T12:40:56+00:00,k3s-s2,NotReady
2026-06-29T12:40:56+00:00,k3s-s3,Ready
2026-06-29T12:40:56+00:00,k3s-w1,Ready
2026-06-29T12:40:56+00:00,k3s-w2,Ready
2026-06-29T12:40:57+00:00,k3s-s1,Ready
2026-06-29T12:40:57+00:00,k3s-s2,NotReady
2026-06-29T12:40:57+00:00,k3s-s3,Ready
2026-06-29T12:40:57+00:00,k3s-w1,Ready
2026-06-29T12:40:57+00:00,k3s-w2,Ready
2026-06-29T12:40:58+00:00,k3s-s1,Ready
2026-06-29T12:40:58+00:00,k3s-s2,NotReady
2026-06-29T12:40:58+00:00,k3s-s3,Ready
2026-06-29T12:40:58+00:00,k3s-w1,Ready
2026-06-29T12:40:58+00:00,k3s-w2,Ready
2026-06-29T12:40:59+00:00,k3s-s1,Ready
2026-06-29T12:40:59+00:00,k3s-s2,NotReady
2026-06-29T12:40:59+00:00,k3s-s3,Ready
2026-06-29T12:40:59+00:00,k3s-w1,Ready
2026-06-29T12:40:59+00:00,k3s-w2,Ready
2026-06-29T12:41:00+00:00,k3s-s1,Ready
2026-06-29T12:41:00+00:00,k3s-s2,NotReady
2026-06-29T12:41:00+00:00,k3s-s3,Ready
2026-06-29T12:41:00+00:00,k3s-w1,Ready
2026-06-29T12:41:00+00:00,k3s-w2,Ready
2026-06-29T12:41:01+00:00,k3s-s1,Ready
2026-06-29T12:41:01+00:00,k3s-s2,NotReady
2026-06-29T12:41:01+00:00,k3s-s3,Ready
2026-06-29T12:41:01+00:00,k3s-w1,Ready
2026-06-29T12:41:01+00:00,k3s-w2,Ready
2026-06-29T12:41:02+00:00,k3s-s1,Ready
2026-06-29T12:41:02+00:00,k3s-s2,NotReady
2026-06-29T12:41:02+00:00,k3s-s3,Ready
2026-06-29T12:41:02+00:00,k3s-w1,Ready
2026-06-29T12:41:02+00:00,k3s-w2,Ready
2026-06-29T12:41:03+00:00,k3s-s1,Ready
2026-06-29T12:41:03+00:00,k3s-s2,NotReady
2026-06-29T12:41:03+00:00,k3s-s3,Ready
2026-06-29T12:41:03+00:00,k3s-w1,Ready
2026-06-29T12:41:03+00:00,k3s-w2,Ready
2026-06-29T12:41:04+00:00,k3s-s1,Ready
2026-06-29T12:41:04+00:00,k3s-s2,NotReady
2026-06-29T12:41:04+00:00,k3s-s3,Ready
2026-06-29T12:41:04+00:00,k3s-w1,Ready
2026-06-29T12:41:04+00:00,k3s-w2,Ready
2026-06-29T12:41:05+00:00,k3s-s1,Ready
2026-06-29T12:41:05+00:00,k3s-s2,NotReady
2026-06-29T12:41:05+00:00,k3s-s3,Ready
2026-06-29T12:41:05+00:00,k3s-w1,Ready
2026-06-29T12:41:05+00:00,k3s-w2,Ready
2026-06-29T12:41:07+00:00,k3s-s1,Ready
2026-06-29T12:41:07+00:00,k3s-s2,NotReady
2026-06-29T12:41:07+00:00,k3s-s3,Ready
2026-06-29T12:41:07+00:00,k3s-w1,Ready
2026-06-29T12:41:07+00:00,k3s-w2,Ready
2026-06-29T12:41:08+00:00,k3s-s1,Ready
2026-06-29T12:41:08+00:00,k3s-s2,NotReady
2026-06-29T12:41:08+00:00,k3s-s3,Ready
2026-06-29T12:41:08+00:00,k3s-w1,Ready
2026-06-29T12:41:08+00:00,k3s-w2,Ready
2026-06-29T12:41:09+00:00,k3s-s1,Ready
2026-06-29T12:41:09+00:00,k3s-s2,NotReady
2026-06-29T12:41:09+00:00,k3s-s3,Ready
2026-06-29T12:41:09+00:00,k3s-w1,Ready
2026-06-29T12:41:09+00:00,k3s-w2,Ready
2026-06-29T12:41:10+00:00,k3s-s1,Ready
2026-06-29T12:41:10+00:00,k3s-s2,NotReady
2026-06-29T12:41:10+00:00,k3s-s3,Ready
2026-06-29T12:41:10+00:00,k3s-w1,Ready
2026-06-29T12:41:10+00:00,k3s-w2,Ready
2026-06-29T12:41:11+00:00,k3s-s1,Ready
2026-06-29T12:41:11+00:00,k3s-s2,NotReady
2026-06-29T12:41:11+00:00,k3s-s3,Ready
2026-06-29T12:41:11+00:00,k3s-w1,Ready
2026-06-29T12:41:11+00:00,k3s-w2,Ready
2026-06-29T12:41:12+00:00,k3s-s1,Ready
2026-06-29T12:41:12+00:00,k3s-s2,NotReady
2026-06-29T12:41:12+00:00,k3s-s3,Ready
2026-06-29T12:41:12+00:00,k3s-w1,Ready
2026-06-29T12:41:12+00:00,k3s-w2,Ready
2026-06-29T12:41:13+00:00,k3s-s1,Ready
2026-06-29T12:41:13+00:00,k3s-s2,NotReady
2026-06-29T12:41:13+00:00,k3s-s3,Ready
2026-06-29T12:41:13+00:00,k3s-w1,Ready
2026-06-29T12:41:13+00:00,k3s-w2,Ready
2026-06-29T12:41:14+00:00,k3s-s1,Ready
2026-06-29T12:41:14+00:00,k3s-s2,NotReady
2026-06-29T12:41:14+00:00,k3s-s3,Ready
2026-06-29T12:41:14+00:00,k3s-w1,Ready
2026-06-29T12:41:14+00:00,k3s-w2,Ready
2026-06-29T12:41:15+00:00,k3s-s1,Ready
2026-06-29T12:41:15+00:00,k3s-s2,NotReady
2026-06-29T12:41:15+00:00,k3s-s3,Ready
2026-06-29T12:41:15+00:00,k3s-w1,Ready
2026-06-29T12:41:15+00:00,k3s-w2,Ready
2026-06-29T12:41:16+00:00,k3s-s1,Ready
2026-06-29T12:41:16+00:00,k3s-s2,NotReady
2026-06-29T12:41:16+00:00,k3s-s3,Ready
2026-06-29T12:41:16+00:00,k3s-w1,Ready
2026-06-29T12:41:16+00:00,k3s-w2,Ready
2026-06-29T12:41:17+00:00,k3s-s1,Ready
2026-06-29T12:41:17+00:00,k3s-s2,NotReady
2026-06-29T12:41:17+00:00,k3s-s3,Ready
2026-06-29T12:41:17+00:00,k3s-w1,Ready
2026-06-29T12:41:17+00:00,k3s-w2,Ready
2026-06-29T12:41:18+00:00,k3s-s1,Ready
2026-06-29T12:41:18+00:00,k3s-s2,NotReady
2026-06-29T12:41:18+00:00,k3s-s3,Ready
2026-06-29T12:41:18+00:00,k3s-w1,Ready
2026-06-29T12:41:18+00:00,k3s-w2,Ready
2026-06-29T12:41:19+00:00,k3s-s1,Ready
2026-06-29T12:41:19+00:00,k3s-s2,NotReady
2026-06-29T12:41:19+00:00,k3s-s3,Ready
2026-06-29T12:41:19+00:00,k3s-w1,Ready
2026-06-29T12:41:19+00:00,k3s-w2,Ready
2026-06-29T12:41:20+00:00,k3s-s1,Ready
2026-06-29T12:41:20+00:00,k3s-s2,NotReady
2026-06-29T12:41:20+00:00,k3s-s3,Ready
2026-06-29T12:41:20+00:00,k3s-w1,Ready
2026-06-29T12:41:20+00:00,k3s-w2,Ready
2026-06-29T12:41:21+00:00,k3s-s1,Ready
2026-06-29T12:41:21+00:00,k3s-s2,NotReady
2026-06-29T12:41:21+00:00,k3s-s3,Ready
2026-06-29T12:41:21+00:00,k3s-w1,Ready
2026-06-29T12:41:21+00:00,k3s-w2,Ready
2026-06-29T12:41:22+00:00,k3s-s1,Ready
2026-06-29T12:41:22+00:00,k3s-s2,NotReady
2026-06-29T12:41:22+00:00,k3s-s3,Ready
2026-06-29T12:41:22+00:00,k3s-w1,Ready
2026-06-29T12:41:22+00:00,k3s-w2,Ready
2026-06-29T12:41:23+00:00,k3s-s1,Ready
2026-06-29T12:41:23+00:00,k3s-s2,NotReady
2026-06-29T12:41:23+00:00,k3s-s3,Ready
2026-06-29T12:41:23+00:00,k3s-w1,Ready
2026-06-29T12:41:23+00:00,k3s-w2,Ready
2026-06-29T12:41:24+00:00,k3s-s1,Ready
2026-06-29T12:41:24+00:00,k3s-s2,NotReady
2026-06-29T12:41:24+00:00,k3s-s3,Ready
2026-06-29T12:41:24+00:00,k3s-w1,Ready
2026-06-29T12:41:24+00:00,k3s-w2,Ready
2026-06-29T12:41:25+00:00,k3s-s1,Ready
2026-06-29T12:41:25+00:00,k3s-s2,NotReady
2026-06-29T12:41:25+00:00,k3s-s3,Ready
2026-06-29T12:41:25+00:00,k3s-w1,Ready
2026-06-29T12:41:25+00:00,k3s-w2,Ready
2026-06-29T12:41:27+00:00,k3s-s1,Ready
2026-06-29T12:41:27+00:00,k3s-s2,NotReady
2026-06-29T12:41:27+00:00,k3s-s3,Ready
2026-06-29T12:41:27+00:00,k3s-w1,Ready
2026-06-29T12:41:27+00:00,k3s-w2,Ready
2026-06-29T12:41:28+00:00,k3s-s1,Ready
2026-06-29T12:41:28+00:00,k3s-s2,NotReady
2026-06-29T12:41:28+00:00,k3s-s3,Ready
2026-06-29T12:41:28+00:00,k3s-w1,Ready
2026-06-29T12:41:28+00:00,k3s-w2,Ready
2026-06-29T12:41:29+00:00,k3s-s1,Ready
2026-06-29T12:41:29+00:00,k3s-s2,NotReady
2026-06-29T12:41:29+00:00,k3s-s3,Ready
2026-06-29T12:41:29+00:00,k3s-w1,Ready
2026-06-29T12:41:29+00:00,k3s-w2,Ready
2026-06-29T12:41:30+00:00,k3s-s1,Ready
2026-06-29T12:41:30+00:00,k3s-s2,NotReady
2026-06-29T12:41:30+00:00,k3s-s3,Ready
2026-06-29T12:41:30+00:00,k3s-w1,Ready
2026-06-29T12:41:30+00:00,k3s-w2,Ready
2026-06-29T12:41:31+00:00,k3s-s1,Ready
2026-06-29T12:41:31+00:00,k3s-s2,NotReady
2026-06-29T12:41:31+00:00,k3s-s3,Ready
2026-06-29T12:41:31+00:00,k3s-w1,Ready
2026-06-29T12:41:31+00:00,k3s-w2,Ready
2026-06-29T12:41:32+00:00,k3s-s1,Ready
2026-06-29T12:41:32+00:00,k3s-s2,NotReady
2026-06-29T12:41:32+00:00,k3s-s3,Ready
2026-06-29T12:41:32+00:00,k3s-w1,Ready
2026-06-29T12:41:32+00:00,k3s-w2,Ready
2026-06-29T12:41:33+00:00,k3s-s1,Ready
2026-06-29T12:41:33+00:00,k3s-s2,NotReady
2026-06-29T12:41:33+00:00,k3s-s3,Ready
2026-06-29T12:41:33+00:00,k3s-w1,Ready
2026-06-29T12:41:33+00:00,k3s-w2,Ready
2026-06-29T12:41:34+00:00,k3s-s1,Ready
2026-06-29T12:41:34+00:00,k3s-s2,NotReady
2026-06-29T12:41:34+00:00,k3s-s3,Ready
2026-06-29T12:41:34+00:00,k3s-w1,Ready
2026-06-29T12:41:34+00:00,k3s-w2,Ready
2026-06-29T12:41:35+00:00,k3s-s1,Ready
2026-06-29T12:41:35+00:00,k3s-s2,NotReady
2026-06-29T12:41:35+00:00,k3s-s3,Ready
2026-06-29T12:41:35+00:00,k3s-w1,Ready
2026-06-29T12:41:35+00:00,k3s-w2,Ready
2026-06-29T12:41:36+00:00,k3s-s1,Ready
2026-06-29T12:41:36+00:00,k3s-s2,NotReady
2026-06-29T12:41:36+00:00,k3s-s3,Ready
2026-06-29T12:41:36+00:00,k3s-w1,Ready
2026-06-29T12:41:36+00:00,k3s-w2,Ready
2026-06-29T12:41:37+00:00,k3s-s1,Ready
2026-06-29T12:41:37+00:00,k3s-s2,NotReady
2026-06-29T12:41:37+00:00,k3s-s3,Ready
2026-06-29T12:41:37+00:00,k3s-w1,Ready
2026-06-29T12:41:37+00:00,k3s-w2,Ready
2026-06-29T12:41:38+00:00,k3s-s1,Ready
2026-06-29T12:41:38+00:00,k3s-s2,NotReady
2026-06-29T12:41:38+00:00,k3s-s3,Ready
2026-06-29T12:41:38+00:00,k3s-w1,Ready
2026-06-29T12:41:38+00:00,k3s-w2,Ready
2026-06-29T12:41:39+00:00,k3s-s1,Ready
2026-06-29T12:41:39+00:00,k3s-s2,NotReady
2026-06-29T12:41:39+00:00,k3s-s3,Ready
2026-06-29T12:41:39+00:00,k3s-w1,Ready
2026-06-29T12:41:39+00:00,k3s-w2,Ready
2026-06-29T12:41:40+00:00,k3s-s1,Ready
2026-06-29T12:41:40+00:00,k3s-s2,NotReady
2026-06-29T12:41:40+00:00,k3s-s3,Ready
2026-06-29T12:41:40+00:00,k3s-w1,Ready
2026-06-29T12:41:40+00:00,k3s-w2,Ready
2026-06-29T12:41:41+00:00,k3s-s1,Ready
2026-06-29T12:41:41+00:00,k3s-s2,NotReady
2026-06-29T12:41:41+00:00,k3s-s3,Ready
2026-06-29T12:41:41+00:00,k3s-w1,Ready
2026-06-29T12:41:41+00:00,k3s-w2,Ready
2026-06-29T12:41:42+00:00,k3s-s1,Ready
2026-06-29T12:41:42+00:00,k3s-s2,NotReady
2026-06-29T12:41:42+00:00,k3s-s3,Ready
2026-06-29T12:41:42+00:00,k3s-w1,Ready
2026-06-29T12:41:42+00:00,k3s-w2,Ready
2026-06-29T12:41:43+00:00,k3s-s1,Ready
2026-06-29T12:41:43+00:00,k3s-s2,NotReady
2026-06-29T12:41:43+00:00,k3s-s3,Ready
2026-06-29T12:41:43+00:00,k3s-w1,Ready
2026-06-29T12:41:43+00:00,k3s-w2,Ready
2026-06-29T12:41:44+00:00,k3s-s1,Ready
2026-06-29T12:41:44+00:00,k3s-s2,NotReady
2026-06-29T12:41:44+00:00,k3s-s3,Ready
2026-06-29T12:41:44+00:00,k3s-w1,Ready
2026-06-29T12:41:44+00:00,k3s-w2,Ready
2026-06-29T12:41:45+00:00,k3s-s1,Ready
2026-06-29T12:41:45+00:00,k3s-s2,NotReady
2026-06-29T12:41:45+00:00,k3s-s3,Ready
2026-06-29T12:41:45+00:00,k3s-w1,Ready
2026-06-29T12:41:45+00:00,k3s-w2,Ready
2026-06-29T12:41:47+00:00,k3s-s1,Ready
2026-06-29T12:41:47+00:00,k3s-s2,NotReady
2026-06-29T12:41:47+00:00,k3s-s3,Ready
2026-06-29T12:41:47+00:00,k3s-w1,Ready
2026-06-29T12:41:47+00:00,k3s-w2,Ready
2026-06-29T12:41:48+00:00,k3s-s1,Ready
2026-06-29T12:41:48+00:00,k3s-s2,NotReady
2026-06-29T12:41:48+00:00,k3s-s3,Ready
2026-06-29T12:41:48+00:00,k3s-w1,Ready
2026-06-29T12:41:48+00:00,k3s-w2,Ready
2026-06-29T12:41:49+00:00,k3s-s1,Ready
2026-06-29T12:41:49+00:00,k3s-s2,NotReady
2026-06-29T12:41:49+00:00,k3s-s3,Ready
2026-06-29T12:41:49+00:00,k3s-w1,Ready
2026-06-29T12:41:49+00:00,k3s-w2,Ready
2026-06-29T12:41:50+00:00,k3s-s1,Ready
2026-06-29T12:41:50+00:00,k3s-s2,NotReady
2026-06-29T12:41:50+00:00,k3s-s3,Ready
2026-06-29T12:41:50+00:00,k3s-w1,Ready
2026-06-29T12:41:50+00:00,k3s-w2,Ready
2026-06-29T12:41:51+00:00,k3s-s1,Ready
2026-06-29T12:41:51+00:00,k3s-s2,NotReady
2026-06-29T12:41:51+00:00,k3s-s3,Ready
2026-06-29T12:41:51+00:00,k3s-w1,Ready
2026-06-29T12:41:51+00:00,k3s-w2,Ready
2026-06-29T12:41:52+00:00,k3s-s1,Ready
2026-06-29T12:41:52+00:00,k3s-s2,NotReady
2026-06-29T12:41:52+00:00,k3s-s3,Ready
2026-06-29T12:41:52+00:00,k3s-w1,Ready
2026-06-29T12:41:52+00:00,k3s-w2,Ready
2026-06-29T12:41:53+00:00,k3s-s1,Ready
2026-06-29T12:41:53+00:00,k3s-s2,NotReady
2026-06-29T12:41:53+00:00,k3s-s3,Ready
2026-06-29T12:41:53+00:00,k3s-w1,Ready
2026-06-29T12:41:53+00:00,k3s-w2,Ready
2026-06-29T12:41:54+00:00,k3s-s1,Ready
2026-06-29T12:41:54+00:00,k3s-s2,NotReady
2026-06-29T12:41:54+00:00,k3s-s3,Ready
2026-06-29T12:41:54+00:00,k3s-w1,Ready
2026-06-29T12:41:54+00:00,k3s-w2,Ready
2026-06-29T12:41:55+00:00,k3s-s1,Ready
2026-06-29T12:41:55+00:00,k3s-s2,NotReady
2026-06-29T12:41:55+00:00,k3s-s3,Ready
2026-06-29T12:41:55+00:00,k3s-w1,Ready
2026-06-29T12:41:55+00:00,k3s-w2,Ready
2026-06-29T12:41:56+00:00,k3s-s1,Ready
2026-06-29T12:41:56+00:00,k3s-s2,NotReady
2026-06-29T12:41:56+00:00,k3s-s3,Ready
2026-06-29T12:41:56+00:00,k3s-w1,Ready
2026-06-29T12:41:56+00:00,k3s-w2,Ready
2026-06-29T12:41:57+00:00,k3s-s1,Ready
2026-06-29T12:41:57+00:00,k3s-s2,NotReady
2026-06-29T12:41:57+00:00,k3s-s3,Ready
2026-06-29T12:41:57+00:00,k3s-w1,Ready
2026-06-29T12:41:57+00:00,k3s-w2,Ready
2026-06-29T12:41:58+00:00,k3s-s1,Ready
2026-06-29T12:41:58+00:00,k3s-s2,NotReady
2026-06-29T12:41:58+00:00,k3s-s3,Ready
2026-06-29T12:41:58+00:00,k3s-w1,Ready
2026-06-29T12:41:58+00:00,k3s-w2,Ready
2026-06-29T12:41:59+00:00,k3s-s1,Ready
2026-06-29T12:41:59+00:00,k3s-s2,NotReady
2026-06-29T12:41:59+00:00,k3s-s3,Ready
2026-06-29T12:41:59+00:00,k3s-w1,Ready
2026-06-29T12:41:59+00:00,k3s-w2,Ready
2026-06-29T12:42:00+00:00,k3s-s1,Ready
2026-06-29T12:42:00+00:00,k3s-s2,NotReady
2026-06-29T12:42:00+00:00,k3s-s3,Ready
2026-06-29T12:42:00+00:00,k3s-w1,Ready
2026-06-29T12:42:00+00:00,k3s-w2,Ready
2026-06-29T12:42:01+00:00,k3s-s1,Ready
2026-06-29T12:42:01+00:00,k3s-s2,NotReady
2026-06-29T12:42:01+00:00,k3s-s3,Ready
2026-06-29T12:42:01+00:00,k3s-w1,Ready
2026-06-29T12:42:01+00:00,k3s-w2,Ready
2026-06-29T12:42:02+00:00,k3s-s1,Ready
2026-06-29T12:42:02+00:00,k3s-s2,NotReady
2026-06-29T12:42:02+00:00,k3s-s3,Ready
2026-06-29T12:42:02+00:00,k3s-w1,Ready
2026-06-29T12:42:02+00:00,k3s-w2,Ready
2026-06-29T12:42:03+00:00,k3s-s1,Ready
2026-06-29T12:42:03+00:00,k3s-s2,NotReady
2026-06-29T12:42:03+00:00,k3s-s3,Ready
2026-06-29T12:42:03+00:00,k3s-w1,Ready
2026-06-29T12:42:03+00:00,k3s-w2,Ready
2026-06-29T12:42:04+00:00,k3s-s1,Ready
2026-06-29T12:42:04+00:00,k3s-s2,NotReady
2026-06-29T12:42:04+00:00,k3s-s3,Ready
2026-06-29T12:42:04+00:00,k3s-w1,Ready
2026-06-29T12:42:04+00:00,k3s-w2,Ready
2026-06-29T12:42:05+00:00,k3s-s1,Ready
2026-06-29T12:42:05+00:00,k3s-s2,NotReady
2026-06-29T12:42:05+00:00,k3s-s3,Ready
2026-06-29T12:42:05+00:00,k3s-w1,Ready
2026-06-29T12:42:05+00:00,k3s-w2,Ready
2026-06-29T12:42:06+00:00,k3s-s1,Ready
2026-06-29T12:42:06+00:00,k3s-s2,NotReady
2026-06-29T12:42:06+00:00,k3s-s3,Ready
2026-06-29T12:42:06+00:00,k3s-w1,Ready
2026-06-29T12:42:06+00:00,k3s-w2,Ready
2026-06-29T12:42:08+00:00,k3s-s1,Ready
2026-06-29T12:42:08+00:00,k3s-s2,NotReady
2026-06-29T12:42:08+00:00,k3s-s3,Ready
2026-06-29T12:42:08+00:00,k3s-w1,Ready
2026-06-29T12:42:08+00:00,k3s-w2,Ready
2026-06-29T12:42:09+00:00,k3s-s1,Ready
2026-06-29T12:42:09+00:00,k3s-s2,NotReady
2026-06-29T12:42:09+00:00,k3s-s3,Ready
2026-06-29T12:42:09+00:00,k3s-w1,Ready
2026-06-29T12:42:09+00:00,k3s-w2,Ready
2026-06-29T12:42:10+00:00,k3s-s1,Ready
2026-06-29T12:42:10+00:00,k3s-s2,NotReady
2026-06-29T12:42:10+00:00,k3s-s3,Ready
2026-06-29T12:42:10+00:00,k3s-w1,Ready
2026-06-29T12:42:10+00:00,k3s-w2,Ready
2026-06-29T12:42:11+00:00,k3s-s1,Ready
2026-06-29T12:42:11+00:00,k3s-s2,NotReady
2026-06-29T12:42:11+00:00,k3s-s3,Ready
2026-06-29T12:42:11+00:00,k3s-w1,Ready
2026-06-29T12:42:11+00:00,k3s-w2,Ready
2026-06-29T12:42:12+00:00,k3s-s1,Ready
2026-06-29T12:42:12+00:00,k3s-s2,NotReady
2026-06-29T12:42:12+00:00,k3s-s3,Ready
2026-06-29T12:42:12+00:00,k3s-w1,Ready
2026-06-29T12:42:12+00:00,k3s-w2,Ready
2026-06-29T12:42:13+00:00,k3s-s1,Ready
2026-06-29T12:42:13+00:00,k3s-s2,NotReady
2026-06-29T12:42:13+00:00,k3s-s3,Ready
2026-06-29T12:42:13+00:00,k3s-w1,Ready
2026-06-29T12:42:13+00:00,k3s-w2,Ready
2026-06-29T12:42:14+00:00,k3s-s1,Ready
2026-06-29T12:42:14+00:00,k3s-s2,NotReady
2026-06-29T12:42:14+00:00,k3s-s3,Ready
2026-06-29T12:42:14+00:00,k3s-w1,Ready
2026-06-29T12:42:14+00:00,k3s-w2,Ready
2026-06-29T12:42:15+00:00,k3s-s1,Ready
2026-06-29T12:42:15+00:00,k3s-s2,NotReady
2026-06-29T12:42:15+00:00,k3s-s3,Ready
2026-06-29T12:42:15+00:00,k3s-w1,Ready
2026-06-29T12:42:15+00:00,k3s-w2,Ready
2026-06-29T12:42:16+00:00,k3s-s1,Ready
2026-06-29T12:42:16+00:00,k3s-s2,NotReady
2026-06-29T12:42:16+00:00,k3s-s3,Ready
2026-06-29T12:42:16+00:00,k3s-w1,Ready
2026-06-29T12:42:16+00:00,k3s-w2,Ready
2026-06-29T12:42:17+00:00,k3s-s1,Ready
2026-06-29T12:42:17+00:00,k3s-s2,NotReady
2026-06-29T12:42:17+00:00,k3s-s3,Ready
2026-06-29T12:42:17+00:00,k3s-w1,Ready
2026-06-29T12:42:17+00:00,k3s-w2,Ready
2026-06-29T12:42:18+00:00,k3s-s1,Ready
2026-06-29T12:42:18+00:00,k3s-s2,NotReady
2026-06-29T12:42:18+00:00,k3s-s3,Ready
2026-06-29T12:42:18+00:00,k3s-w1,Ready
2026-06-29T12:42:18+00:00,k3s-w2,Ready
2026-06-29T12:42:19+00:00,k3s-s1,Ready
2026-06-29T12:42:19+00:00,k3s-s2,NotReady
2026-06-29T12:42:19+00:00,k3s-s3,Ready
2026-06-29T12:42:19+00:00,k3s-w1,Ready
2026-06-29T12:42:19+00:00,k3s-w2,Ready
2026-06-29T12:42:20+00:00,k3s-s1,Ready
2026-06-29T12:42:20+00:00,k3s-s2,NotReady
2026-06-29T12:42:20+00:00,k3s-s3,Ready
2026-06-29T12:42:20+00:00,k3s-w1,Ready
2026-06-29T12:42:20+00:00,k3s-w2,Ready
2026-06-29T12:42:21+00:00,k3s-s1,Ready
2026-06-29T12:42:21+00:00,k3s-s2,NotReady
2026-06-29T12:42:21+00:00,k3s-s3,Ready
2026-06-29T12:42:21+00:00,k3s-w1,Ready
2026-06-29T12:42:21+00:00,k3s-w2,Ready
2026-06-29T12:42:22+00:00,k3s-s1,Ready
2026-06-29T12:42:22+00:00,k3s-s2,NotReady
2026-06-29T12:42:22+00:00,k3s-s3,Ready
2026-06-29T12:42:22+00:00,k3s-w1,Ready
2026-06-29T12:42:22+00:00,k3s-w2,Ready
2026-06-29T12:42:23+00:00,k3s-s1,Ready
2026-06-29T12:42:23+00:00,k3s-s2,NotReady
2026-06-29T12:42:23+00:00,k3s-s3,Ready
2026-06-29T12:42:23+00:00,k3s-w1,Ready
2026-06-29T12:42:23+00:00,k3s-w2,Ready
2026-06-29T12:42:24+00:00,k3s-s1,Ready
2026-06-29T12:42:24+00:00,k3s-s2,NotReady
2026-06-29T12:42:24+00:00,k3s-s3,Ready
2026-06-29T12:42:24+00:00,k3s-w1,Ready
2026-06-29T12:42:24+00:00,k3s-w2,Ready
2026-06-29T12:42:25+00:00,k3s-s1,Ready
2026-06-29T12:42:25+00:00,k3s-s2,NotReady
2026-06-29T12:42:25+00:00,k3s-s3,Ready
2026-06-29T12:42:25+00:00,k3s-w1,Ready
2026-06-29T12:42:25+00:00,k3s-w2,Ready
2026-06-29T12:42:26+00:00,k3s-s1,Ready
2026-06-29T12:42:26+00:00,k3s-s2,NotReady
2026-06-29T12:42:26+00:00,k3s-s3,Ready
2026-06-29T12:42:26+00:00,k3s-w1,Ready
2026-06-29T12:42:26+00:00,k3s-w2,Ready
2026-06-29T12:42:28+00:00,k3s-s1,Ready
2026-06-29T12:42:28+00:00,k3s-s2,NotReady
2026-06-29T12:42:28+00:00,k3s-s3,Ready
2026-06-29T12:42:28+00:00,k3s-w1,Ready
2026-06-29T12:42:28+00:00,k3s-w2,Ready
2026-06-29T12:42:29+00:00,k3s-s1,Ready
2026-06-29T12:42:29+00:00,k3s-s2,NotReady
2026-06-29T12:42:29+00:00,k3s-s3,Ready
2026-06-29T12:42:29+00:00,k3s-w1,Ready
2026-06-29T12:42:29+00:00,k3s-w2,Ready
2026-06-29T12:42:30+00:00,k3s-s1,Ready
2026-06-29T12:42:30+00:00,k3s-s2,NotReady
2026-06-29T12:42:30+00:00,k3s-s3,Ready
2026-06-29T12:42:30+00:00,k3s-w1,Ready
2026-06-29T12:42:30+00:00,k3s-w2,Ready
2026-06-29T12:42:31+00:00,k3s-s1,Ready
2026-06-29T12:42:31+00:00,k3s-s2,NotReady
2026-06-29T12:42:31+00:00,k3s-s3,Ready
2026-06-29T12:42:31+00:00,k3s-w1,Ready
2026-06-29T12:42:31+00:00,k3s-w2,Ready
2026-06-29T12:42:32+00:00,k3s-s1,Ready
2026-06-29T12:42:32+00:00,k3s-s2,NotReady
2026-06-29T12:42:32+00:00,k3s-s3,Ready
2026-06-29T12:42:32+00:00,k3s-w1,Ready
2026-06-29T12:42:32+00:00,k3s-w2,Ready
2026-06-29T12:42:33+00:00,k3s-s1,Ready
2026-06-29T12:42:33+00:00,k3s-s2,NotReady
2026-06-29T12:42:33+00:00,k3s-s3,Ready
2026-06-29T12:42:33+00:00,k3s-w1,Ready
2026-06-29T12:42:33+00:00,k3s-w2,Ready
2026-06-29T12:42:34+00:00,k3s-s1,Ready
2026-06-29T12:42:34+00:00,k3s-s2,NotReady
2026-06-29T12:42:34+00:00,k3s-s3,Ready
2026-06-29T12:42:34+00:00,k3s-w1,Ready
2026-06-29T12:42:34+00:00,k3s-w2,Ready
2026-06-29T12:42:35+00:00,k3s-s1,Ready
2026-06-29T12:42:35+00:00,k3s-s2,NotReady
2026-06-29T12:42:35+00:00,k3s-s3,Ready
2026-06-29T12:42:35+00:00,k3s-w1,Ready
2026-06-29T12:42:35+00:00,k3s-w2,Ready
2026-06-29T12:42:36+00:00,k3s-s1,Ready
2026-06-29T12:42:36+00:00,k3s-s2,NotReady
2026-06-29T12:42:36+00:00,k3s-s3,Ready
2026-06-29T12:42:36+00:00,k3s-w1,Ready
2026-06-29T12:42:36+00:00,k3s-w2,Ready
2026-06-29T12:42:37+00:00,k3s-s1,Ready
2026-06-29T12:42:37+00:00,k3s-s2,NotReady
2026-06-29T12:42:37+00:00,k3s-s3,Ready
2026-06-29T12:42:37+00:00,k3s-w1,Ready
2026-06-29T12:42:37+00:00,k3s-w2,Ready
2026-06-29T12:42:38+00:00,k3s-s1,Ready
2026-06-29T12:42:38+00:00,k3s-s2,NotReady
2026-06-29T12:42:38+00:00,k3s-s3,Ready
2026-06-29T12:42:38+00:00,k3s-w1,Ready
2026-06-29T12:42:38+00:00,k3s-w2,Ready
2026-06-29T12:42:39+00:00,k3s-s1,Ready
2026-06-29T12:42:39+00:00,k3s-s2,NotReady
2026-06-29T12:42:39+00:00,k3s-s3,Ready
2026-06-29T12:42:39+00:00,k3s-w1,Ready
2026-06-29T12:42:39+00:00,k3s-w2,Ready
2026-06-29T12:42:40+00:00,k3s-s1,Ready
2026-06-29T12:42:40+00:00,k3s-s2,NotReady
2026-06-29T12:42:40+00:00,k3s-s3,Ready
2026-06-29T12:42:40+00:00,k3s-w1,Ready
2026-06-29T12:42:40+00:00,k3s-w2,Ready
2026-06-29T12:42:41+00:00,k3s-s1,Ready
2026-06-29T12:42:41+00:00,k3s-s2,NotReady
2026-06-29T12:42:41+00:00,k3s-s3,Ready
2026-06-29T12:42:41+00:00,k3s-w1,Ready
2026-06-29T12:42:41+00:00,k3s-w2,Ready
2026-06-29T12:42:42+00:00,k3s-s1,Ready
2026-06-29T12:42:42+00:00,k3s-s2,NotReady
2026-06-29T12:42:42+00:00,k3s-s3,Ready
2026-06-29T12:42:42+00:00,k3s-w1,Ready
2026-06-29T12:42:42+00:00,k3s-w2,Ready
2026-06-29T12:42:43+00:00,k3s-s1,Ready
2026-06-29T12:42:43+00:00,k3s-s2,NotReady
2026-06-29T12:42:43+00:00,k3s-s3,Ready
2026-06-29T12:42:43+00:00,k3s-w1,Ready
2026-06-29T12:42:43+00:00,k3s-w2,Ready
2026-06-29T12:42:44+00:00,k3s-s1,Ready
2026-06-29T12:42:44+00:00,k3s-s2,NotReady
2026-06-29T12:42:44+00:00,k3s-s3,Ready
2026-06-29T12:42:44+00:00,k3s-w1,Ready
2026-06-29T12:42:44+00:00,k3s-w2,Ready
2026-06-29T12:42:45+00:00,k3s-s1,Ready
2026-06-29T12:42:45+00:00,k3s-s2,NotReady
2026-06-29T12:42:45+00:00,k3s-s3,Ready
2026-06-29T12:42:45+00:00,k3s-w1,Ready
2026-06-29T12:42:45+00:00,k3s-w2,Ready
2026-06-29T12:42:46+00:00,k3s-s1,Ready
2026-06-29T12:42:46+00:00,k3s-s2,NotReady
2026-06-29T12:42:46+00:00,k3s-s3,Ready
2026-06-29T12:42:46+00:00,k3s-w1,Ready
2026-06-29T12:42:46+00:00,k3s-w2,Ready
2026-06-29T12:42:48+00:00,k3s-s1,Ready
2026-06-29T12:42:48+00:00,k3s-s2,NotReady
2026-06-29T12:42:48+00:00,k3s-s3,Ready
2026-06-29T12:42:48+00:00,k3s-w1,Ready
2026-06-29T12:42:48+00:00,k3s-w2,Ready
2026-06-29T12:42:49+00:00,k3s-s1,Ready
2026-06-29T12:42:49+00:00,k3s-s2,NotReady
2026-06-29T12:42:49+00:00,k3s-s3,Ready
2026-06-29T12:42:49+00:00,k3s-w1,Ready
2026-06-29T12:42:49+00:00,k3s-w2,Ready
2026-06-29T12:42:50+00:00,k3s-s1,Ready
2026-06-29T12:42:50+00:00,k3s-s2,NotReady
2026-06-29T12:42:50+00:00,k3s-s3,Ready
2026-06-29T12:42:50+00:00,k3s-w1,Ready
2026-06-29T12:42:50+00:00,k3s-w2,Ready
2026-06-29T12:42:51+00:00,k3s-s1,Ready
2026-06-29T12:42:51+00:00,k3s-s2,NotReady
2026-06-29T12:42:51+00:00,k3s-s3,Ready
2026-06-29T12:42:51+00:00,k3s-w1,Ready
2026-06-29T12:42:51+00:00,k3s-w2,Ready
2026-06-29T12:42:52+00:00,k3s-s1,Ready
2026-06-29T12:42:52+00:00,k3s-s2,NotReady
2026-06-29T12:42:52+00:00,k3s-s3,Ready
2026-06-29T12:42:52+00:00,k3s-w1,Ready
2026-06-29T12:42:52+00:00,k3s-w2,Ready
2026-06-29T12:42:53+00:00,k3s-s1,Ready
2026-06-29T12:42:53+00:00,k3s-s2,NotReady
2026-06-29T12:42:53+00:00,k3s-s3,Ready
2026-06-29T12:42:53+00:00,k3s-w1,Ready
2026-06-29T12:42:53+00:00,k3s-w2,Ready
2026-06-29T12:42:54+00:00,k3s-s1,Ready
2026-06-29T12:42:54+00:00,k3s-s2,NotReady
2026-06-29T12:42:54+00:00,k3s-s3,Ready
2026-06-29T12:42:54+00:00,k3s-w1,Ready
2026-06-29T12:42:54+00:00,k3s-w2,Ready
2026-06-29T12:42:55+00:00,k3s-s1,Ready
2026-06-29T12:42:55+00:00,k3s-s2,NotReady
2026-06-29T12:42:55+00:00,k3s-s3,Ready
2026-06-29T12:42:55+00:00,k3s-w1,Ready
2026-06-29T12:42:55+00:00,k3s-w2,Ready
2026-06-29T12:42:56+00:00,k3s-s1,Ready
2026-06-29T12:42:56+00:00,k3s-s2,NotReady
2026-06-29T12:42:56+00:00,k3s-s3,Ready
2026-06-29T12:42:56+00:00,k3s-w1,Ready
2026-06-29T12:42:56+00:00,k3s-w2,Ready
2026-06-29T12:42:57+00:00,k3s-s1,Ready
2026-06-29T12:42:57+00:00,k3s-s2,NotReady
2026-06-29T12:42:57+00:00,k3s-s3,Ready
2026-06-29T12:42:57+00:00,k3s-w1,Ready
2026-06-29T12:42:57+00:00,k3s-w2,Ready
2026-06-29T12:42:58+00:00,k3s-s1,Ready
2026-06-29T12:42:58+00:00,k3s-s2,NotReady
2026-06-29T12:42:58+00:00,k3s-s3,Ready
2026-06-29T12:42:58+00:00,k3s-w1,Ready
2026-06-29T12:42:58+00:00,k3s-w2,Ready
2026-06-29T12:42:59+00:00,k3s-s1,Ready
2026-06-29T12:42:59+00:00,k3s-s2,NotReady
2026-06-29T12:42:59+00:00,k3s-s3,Ready
2026-06-29T12:42:59+00:00,k3s-w1,Ready
2026-06-29T12:42:59+00:00,k3s-w2,Ready
2026-06-29T12:43:00+00:00,k3s-s1,Ready
2026-06-29T12:43:00+00:00,k3s-s2,NotReady
2026-06-29T12:43:00+00:00,k3s-s3,Ready
2026-06-29T12:43:00+00:00,k3s-w1,Ready
2026-06-29T12:43:00+00:00,k3s-w2,Ready
2026-06-29T12:43:01+00:00,k3s-s1,Ready
2026-06-29T12:43:01+00:00,k3s-s2,NotReady
2026-06-29T12:43:01+00:00,k3s-s3,Ready
2026-06-29T12:43:01+00:00,k3s-w1,Ready
2026-06-29T12:43:01+00:00,k3s-w2,Ready
2026-06-29T12:43:02+00:00,k3s-s1,Ready
2026-06-29T12:43:02+00:00,k3s-s2,NotReady
2026-06-29T12:43:02+00:00,k3s-s3,Ready
2026-06-29T12:43:02+00:00,k3s-w1,Ready
2026-06-29T12:43:02+00:00,k3s-w2,Ready
2026-06-29T12:43:03+00:00,k3s-s1,Ready
2026-06-29T12:43:03+00:00,k3s-s2,NotReady
2026-06-29T12:43:03+00:00,k3s-s3,Ready
2026-06-29T12:43:03+00:00,k3s-w1,Ready
2026-06-29T12:43:03+00:00,k3s-w2,Ready
2026-06-29T12:43:04+00:00,k3s-s1,Ready
2026-06-29T12:43:04+00:00,k3s-s2,NotReady
2026-06-29T12:43:04+00:00,k3s-s3,Ready
2026-06-29T12:43:04+00:00,k3s-w1,Ready
2026-06-29T12:43:04+00:00,k3s-w2,Ready
2026-06-29T12:43:05+00:00,k3s-s1,Ready
2026-06-29T12:43:05+00:00,k3s-s2,NotReady
2026-06-29T12:43:05+00:00,k3s-s3,Ready
2026-06-29T12:43:05+00:00,k3s-w1,Ready
2026-06-29T12:43:05+00:00,k3s-w2,Ready
2026-06-29T12:43:06+00:00,k3s-s1,Ready
2026-06-29T12:43:06+00:00,k3s-s2,NotReady
2026-06-29T12:43:06+00:00,k3s-s3,Ready
2026-06-29T12:43:06+00:00,k3s-w1,Ready
2026-06-29T12:43:06+00:00,k3s-w2,Ready
2026-06-29T12:43:08+00:00,k3s-s1,Ready
2026-06-29T12:43:08+00:00,k3s-s2,NotReady
2026-06-29T12:43:08+00:00,k3s-s3,Ready
2026-06-29T12:43:08+00:00,k3s-w1,Ready
2026-06-29T12:43:08+00:00,k3s-w2,Ready
2026-06-29T12:43:09+00:00,k3s-s1,Ready
2026-06-29T12:43:09+00:00,k3s-s2,NotReady
2026-06-29T12:43:09+00:00,k3s-s3,Ready
2026-06-29T12:43:09+00:00,k3s-w1,Ready
2026-06-29T12:43:09+00:00,k3s-w2,Ready
2026-06-29T12:43:10+00:00,k3s-s1,Ready
2026-06-29T12:43:10+00:00,k3s-s2,NotReady
2026-06-29T12:43:10+00:00,k3s-s3,Ready
2026-06-29T12:43:10+00:00,k3s-w1,Ready
2026-06-29T12:43:10+00:00,k3s-w2,Ready
2026-06-29T12:43:11+00:00,k3s-s1,Ready
2026-06-29T12:43:11+00:00,k3s-s2,NotReady
2026-06-29T12:43:11+00:00,k3s-s3,Ready
2026-06-29T12:43:11+00:00,k3s-w1,Ready
2026-06-29T12:43:11+00:00,k3s-w2,Ready
2026-06-29T12:43:12+00:00,k3s-s1,Ready
2026-06-29T12:43:12+00:00,k3s-s2,NotReady
2026-06-29T12:43:12+00:00,k3s-s3,Ready
2026-06-29T12:43:12+00:00,k3s-w1,Ready
2026-06-29T12:43:12+00:00,k3s-w2,Ready
2026-06-29T12:43:13+00:00,k3s-s1,Ready
2026-06-29T12:43:13+00:00,k3s-s2,NotReady
2026-06-29T12:43:13+00:00,k3s-s3,Ready
2026-06-29T12:43:13+00:00,k3s-w1,Ready
2026-06-29T12:43:13+00:00,k3s-w2,Ready
2026-06-29T12:43:14+00:00,k3s-s1,Ready
2026-06-29T12:43:14+00:00,k3s-s2,NotReady
2026-06-29T12:43:14+00:00,k3s-s3,Ready
2026-06-29T12:43:14+00:00,k3s-w1,Ready
2026-06-29T12:43:14+00:00,k3s-w2,Ready
2026-06-29T12:43:15+00:00,k3s-s1,Ready
2026-06-29T12:43:15+00:00,k3s-s2,NotReady
2026-06-29T12:43:15+00:00,k3s-s3,Ready
2026-06-29T12:43:15+00:00,k3s-w1,Ready
2026-06-29T12:43:15+00:00,k3s-w2,Ready
2026-06-29T12:43:16+00:00,k3s-s1,Ready
2026-06-29T12:43:16+00:00,k3s-s2,NotReady
2026-06-29T12:43:16+00:00,k3s-s3,Ready
2026-06-29T12:43:16+00:00,k3s-w1,Ready
2026-06-29T12:43:16+00:00,k3s-w2,Ready
2026-06-29T12:43:17+00:00,k3s-s1,Ready
2026-06-29T12:43:17+00:00,k3s-s2,NotReady
2026-06-29T12:43:17+00:00,k3s-s3,Ready
2026-06-29T12:43:17+00:00,k3s-w1,Ready
2026-06-29T12:43:17+00:00,k3s-w2,Ready
2026-06-29T12:43:18+00:00,k3s-s1,Ready
2026-06-29T12:43:18+00:00,k3s-s2,NotReady
2026-06-29T12:43:18+00:00,k3s-s3,Ready
2026-06-29T12:43:18+00:00,k3s-w1,Ready
2026-06-29T12:43:18+00:00,k3s-w2,Ready
2026-06-29T12:43:19+00:00,k3s-s1,Ready
2026-06-29T12:43:19+00:00,k3s-s2,NotReady
2026-06-29T12:43:19+00:00,k3s-s3,Ready
2026-06-29T12:43:19+00:00,k3s-w1,Ready
2026-06-29T12:43:19+00:00,k3s-w2,Ready
2026-06-29T12:43:20+00:00,k3s-s1,Ready
2026-06-29T12:43:20+00:00,k3s-s2,NotReady
2026-06-29T12:43:20+00:00,k3s-s3,Ready
2026-06-29T12:43:20+00:00,k3s-w1,Ready
2026-06-29T12:43:20+00:00,k3s-w2,Ready
2026-06-29T12:43:21+00:00,k3s-s1,Ready
2026-06-29T12:43:21+00:00,k3s-s2,NotReady
2026-06-29T12:43:21+00:00,k3s-s3,Ready
2026-06-29T12:43:21+00:00,k3s-w1,Ready
2026-06-29T12:43:21+00:00,k3s-w2,Ready
2026-06-29T12:43:22+00:00,k3s-s1,Ready
2026-06-29T12:43:22+00:00,k3s-s2,NotReady
2026-06-29T12:43:22+00:00,k3s-s3,Ready
2026-06-29T12:43:22+00:00,k3s-w1,Ready
2026-06-29T12:43:22+00:00,k3s-w2,Ready
2026-06-29T12:43:23+00:00,k3s-s1,Ready
2026-06-29T12:43:23+00:00,k3s-s2,NotReady
2026-06-29T12:43:23+00:00,k3s-s3,Ready
2026-06-29T12:43:23+00:00,k3s-w1,Ready
2026-06-29T12:43:23+00:00,k3s-w2,Ready
2026-06-29T12:43:24+00:00,k3s-s1,Ready
2026-06-29T12:43:24+00:00,k3s-s2,NotReady
2026-06-29T12:43:24+00:00,k3s-s3,Ready
2026-06-29T12:43:24+00:00,k3s-w1,Ready
2026-06-29T12:43:24+00:00,k3s-w2,Ready
2026-06-29T12:43:25+00:00,k3s-s1,Ready
2026-06-29T12:43:25+00:00,k3s-s2,NotReady
2026-06-29T12:43:25+00:00,k3s-s3,Ready
2026-06-29T12:43:25+00:00,k3s-w1,Ready
2026-06-29T12:43:25+00:00,k3s-w2,Ready
2026-06-29T12:43:26+00:00,k3s-s1,Ready
2026-06-29T12:43:26+00:00,k3s-s2,NotReady
2026-06-29T12:43:26+00:00,k3s-s3,Ready
2026-06-29T12:43:26+00:00,k3s-w1,Ready
2026-06-29T12:43:26+00:00,k3s-w2,Ready
2026-06-29T12:43:28+00:00,k3s-s1,Ready
2026-06-29T12:43:28+00:00,k3s-s2,NotReady
2026-06-29T12:43:28+00:00,k3s-s3,Ready
2026-06-29T12:43:28+00:00,k3s-w1,Ready
2026-06-29T12:43:28+00:00,k3s-w2,Ready
2026-06-29T12:43:29+00:00,k3s-s1,Ready
2026-06-29T12:43:29+00:00,k3s-s2,NotReady
2026-06-29T12:43:29+00:00,k3s-s3,Ready
2026-06-29T12:43:29+00:00,k3s-w1,Ready
2026-06-29T12:43:29+00:00,k3s-w2,Ready
2026-06-29T12:43:30+00:00,k3s-s1,Ready
2026-06-29T12:43:30+00:00,k3s-s2,NotReady
2026-06-29T12:43:30+00:00,k3s-s3,Ready
2026-06-29T12:43:30+00:00,k3s-w1,Ready
2026-06-29T12:43:30+00:00,k3s-w2,Ready
2026-06-29T12:43:31+00:00,k3s-s1,Ready
2026-06-29T12:43:31+00:00,k3s-s2,NotReady
2026-06-29T12:43:31+00:00,k3s-s3,Ready
2026-06-29T12:43:31+00:00,k3s-w1,Ready
2026-06-29T12:43:31+00:00,k3s-w2,Ready
2026-06-29T12:43:32+00:00,k3s-s1,Ready
2026-06-29T12:43:32+00:00,k3s-s2,NotReady
2026-06-29T12:43:32+00:00,k3s-s3,Ready
2026-06-29T12:43:32+00:00,k3s-w1,Ready
2026-06-29T12:43:32+00:00,k3s-w2,Ready
2026-06-29T12:43:33+00:00,k3s-s1,Ready
2026-06-29T12:43:33+00:00,k3s-s2,NotReady
2026-06-29T12:43:33+00:00,k3s-s3,Ready
2026-06-29T12:43:33+00:00,k3s-w1,Ready
2026-06-29T12:43:33+00:00,k3s-w2,Ready
2026-06-29T12:43:34+00:00,k3s-s1,Ready
2026-06-29T12:43:34+00:00,k3s-s2,NotReady
2026-06-29T12:43:34+00:00,k3s-s3,Ready
2026-06-29T12:43:34+00:00,k3s-w1,Ready
2026-06-29T12:43:34+00:00,k3s-w2,Ready
2026-06-29T12:43:35+00:00,k3s-s1,Ready
2026-06-29T12:43:35+00:00,k3s-s2,NotReady
2026-06-29T12:43:35+00:00,k3s-s3,Ready
2026-06-29T12:43:35+00:00,k3s-w1,Ready
2026-06-29T12:43:35+00:00,k3s-w2,Ready
2026-06-29T12:43:36+00:00,k3s-s1,Ready
2026-06-29T12:43:36+00:00,k3s-s2,NotReady
2026-06-29T12:43:36+00:00,k3s-s3,Ready
2026-06-29T12:43:36+00:00,k3s-w1,Ready
2026-06-29T12:43:36+00:00,k3s-w2,Ready
2026-06-29T12:43:37+00:00,k3s-s1,Ready
2026-06-29T12:43:37+00:00,k3s-s2,NotReady
2026-06-29T12:43:37+00:00,k3s-s3,Ready
2026-06-29T12:43:37+00:00,k3s-w1,Ready
2026-06-29T12:43:37+00:00,k3s-w2,Ready
2026-06-29T12:43:38+00:00,k3s-s1,Ready
2026-06-29T12:43:38+00:00,k3s-s2,NotReady
2026-06-29T12:43:38+00:00,k3s-s3,Ready
2026-06-29T12:43:38+00:00,k3s-w1,Ready
2026-06-29T12:43:38+00:00,k3s-w2,Ready
2026-06-29T12:43:39+00:00,k3s-s1,Ready
2026-06-29T12:43:39+00:00,k3s-s2,NotReady
2026-06-29T12:43:39+00:00,k3s-s3,Ready
2026-06-29T12:43:39+00:00,k3s-w1,Ready
2026-06-29T12:43:39+00:00,k3s-w2,Ready
2026-06-29T12:43:40+00:00,k3s-s1,Ready
2026-06-29T12:43:40+00:00,k3s-s2,NotReady
2026-06-29T12:43:40+00:00,k3s-s3,Ready
2026-06-29T12:43:40+00:00,k3s-w1,Ready
2026-06-29T12:43:40+00:00,k3s-w2,Ready
2026-06-29T12:43:41+00:00,k3s-s1,Ready
2026-06-29T12:43:41+00:00,k3s-s2,NotReady
2026-06-29T12:43:41+00:00,k3s-s3,Ready
2026-06-29T12:43:41+00:00,k3s-w1,Ready
2026-06-29T12:43:41+00:00,k3s-w2,Ready
2026-06-29T12:43:42+00:00,k3s-s1,Ready
2026-06-29T12:43:42+00:00,k3s-s2,NotReady
2026-06-29T12:43:42+00:00,k3s-s3,Ready
2026-06-29T12:43:42+00:00,k3s-w1,Ready
2026-06-29T12:43:42+00:00,k3s-w2,Ready
2026-06-29T12:43:43+00:00,k3s-s1,Ready
2026-06-29T12:43:43+00:00,k3s-s2,NotReady
2026-06-29T12:43:43+00:00,k3s-s3,Ready
2026-06-29T12:43:43+00:00,k3s-w1,Ready
2026-06-29T12:43:43+00:00,k3s-w2,Ready
2026-06-29T12:43:44+00:00,k3s-s1,Ready
2026-06-29T12:43:44+00:00,k3s-s2,NotReady
2026-06-29T12:43:44+00:00,k3s-s3,Ready
2026-06-29T12:43:44+00:00,k3s-w1,Ready
2026-06-29T12:43:44+00:00,k3s-w2,Ready
2026-06-29T12:43:45+00:00,k3s-s1,Ready
2026-06-29T12:43:45+00:00,k3s-s2,NotReady
2026-06-29T12:43:45+00:00,k3s-s3,Ready
2026-06-29T12:43:45+00:00,k3s-w1,Ready
2026-06-29T12:43:45+00:00,k3s-w2,Ready
2026-06-29T12:43:46+00:00,k3s-s1,Ready
2026-06-29T12:43:46+00:00,k3s-s2,NotReady
2026-06-29T12:43:46+00:00,k3s-s3,Ready
2026-06-29T12:43:46+00:00,k3s-w1,Ready
2026-06-29T12:43:46+00:00,k3s-w2,Ready
2026-06-29T12:43:48+00:00,k3s-s1,Ready
2026-06-29T12:43:48+00:00,k3s-s2,NotReady
2026-06-29T12:43:48+00:00,k3s-s3,Ready
2026-06-29T12:43:48+00:00,k3s-w1,Ready
2026-06-29T12:43:48+00:00,k3s-w2,Ready
2026-06-29T12:43:49+00:00,k3s-s1,Ready
2026-06-29T12:43:49+00:00,k3s-s2,NotReady
2026-06-29T12:43:49+00:00,k3s-s3,Ready
2026-06-29T12:43:49+00:00,k3s-w1,Ready
2026-06-29T12:43:49+00:00,k3s-w2,Ready
2026-06-29T12:43:50+00:00,k3s-s1,Ready
2026-06-29T12:43:50+00:00,k3s-s2,NotReady
2026-06-29T12:43:50+00:00,k3s-s3,Ready
2026-06-29T12:43:50+00:00,k3s-w1,Ready
2026-06-29T12:43:50+00:00,k3s-w2,Ready
2026-06-29T12:43:51+00:00,k3s-s1,Ready
2026-06-29T12:43:51+00:00,k3s-s2,NotReady
2026-06-29T12:43:51+00:00,k3s-s3,Ready
2026-06-29T12:43:51+00:00,k3s-w1,Ready
2026-06-29T12:43:51+00:00,k3s-w2,Ready
2026-06-29T12:43:52+00:00,k3s-s1,Ready
2026-06-29T12:43:52+00:00,k3s-s2,NotReady
2026-06-29T12:43:52+00:00,k3s-s3,Ready
2026-06-29T12:43:52+00:00,k3s-w1,Ready
2026-06-29T12:43:52+00:00,k3s-w2,Ready
2026-06-29T12:43:53+00:00,k3s-s1,Ready
2026-06-29T12:43:53+00:00,k3s-s2,NotReady
2026-06-29T12:43:53+00:00,k3s-s3,Ready
2026-06-29T12:43:53+00:00,k3s-w1,Ready
2026-06-29T12:43:53+00:00,k3s-w2,Ready
2026-06-29T12:43:54+00:00,k3s-s1,Ready
2026-06-29T12:43:54+00:00,k3s-s2,NotReady
2026-06-29T12:43:54+00:00,k3s-s3,Ready
2026-06-29T12:43:54+00:00,k3s-w1,Ready
2026-06-29T12:43:54+00:00,k3s-w2,Ready
2026-06-29T12:43:55+00:00,k3s-s1,Ready
2026-06-29T12:43:55+00:00,k3s-s2,NotReady
2026-06-29T12:43:55+00:00,k3s-s3,Ready
2026-06-29T12:43:55+00:00,k3s-w1,Ready
2026-06-29T12:43:55+00:00,k3s-w2,Ready
2026-06-29T12:43:56+00:00,k3s-s1,Ready
2026-06-29T12:43:56+00:00,k3s-s2,NotReady
2026-06-29T12:43:56+00:00,k3s-s3,Ready
2026-06-29T12:43:56+00:00,k3s-w1,Ready
2026-06-29T12:43:56+00:00,k3s-w2,Ready
2026-06-29T12:43:57+00:00,k3s-s1,Ready
2026-06-29T12:43:57+00:00,k3s-s2,NotReady
2026-06-29T12:43:57+00:00,k3s-s3,Ready
2026-06-29T12:43:57+00:00,k3s-w1,Ready
2026-06-29T12:43:57+00:00,k3s-w2,Ready
2026-06-29T12:43:58+00:00,k3s-s1,Ready
2026-06-29T12:43:58+00:00,k3s-s2,NotReady
2026-06-29T12:43:58+00:00,k3s-s3,Ready
2026-06-29T12:43:58+00:00,k3s-w1,Ready
2026-06-29T12:43:58+00:00,k3s-w2,Ready
2026-06-29T12:43:59+00:00,k3s-s1,Ready
2026-06-29T12:43:59+00:00,k3s-s2,NotReady
2026-06-29T12:43:59+00:00,k3s-s3,Ready
2026-06-29T12:43:59+00:00,k3s-w1,Ready
2026-06-29T12:43:59+00:00,k3s-w2,Ready
2026-06-29T12:44:00+00:00,k3s-s1,Ready
2026-06-29T12:44:00+00:00,k3s-s2,NotReady
2026-06-29T12:44:00+00:00,k3s-s3,Ready
2026-06-29T12:44:00+00:00,k3s-w1,Ready
2026-06-29T12:44:00+00:00,k3s-w2,Ready
2026-06-29T12:44:01+00:00,k3s-s1,Ready
2026-06-29T12:44:01+00:00,k3s-s2,NotReady
2026-06-29T12:44:01+00:00,k3s-s3,Ready
2026-06-29T12:44:01+00:00,k3s-w1,Ready
2026-06-29T12:44:01+00:00,k3s-w2,Ready
2026-06-29T12:44:02+00:00,k3s-s1,Ready
2026-06-29T12:44:02+00:00,k3s-s2,NotReady
2026-06-29T12:44:02+00:00,k3s-s3,Ready
2026-06-29T12:44:02+00:00,k3s-w1,Ready
2026-06-29T12:44:02+00:00,k3s-w2,Ready
2026-06-29T12:44:03+00:00,k3s-s1,Ready
2026-06-29T12:44:03+00:00,k3s-s2,NotReady
2026-06-29T12:44:03+00:00,k3s-s3,Ready
2026-06-29T12:44:03+00:00,k3s-w1,Ready
2026-06-29T12:44:03+00:00,k3s-w2,Ready
2026-06-29T12:44:04+00:00,k3s-s1,Ready
2026-06-29T12:44:04+00:00,k3s-s2,NotReady
2026-06-29T12:44:04+00:00,k3s-s3,Ready
2026-06-29T12:44:04+00:00,k3s-w1,Ready
2026-06-29T12:44:04+00:00,k3s-w2,Ready
2026-06-29T12:44:05+00:00,k3s-s1,Ready
2026-06-29T12:44:05+00:00,k3s-s2,NotReady
2026-06-29T12:44:05+00:00,k3s-s3,Ready
2026-06-29T12:44:05+00:00,k3s-w1,Ready
2026-06-29T12:44:05+00:00,k3s-w2,Ready
2026-06-29T12:44:06+00:00,k3s-s1,Ready
2026-06-29T12:44:06+00:00,k3s-s2,NotReady
2026-06-29T12:44:06+00:00,k3s-s3,Ready
2026-06-29T12:44:06+00:00,k3s-w1,Ready
2026-06-29T12:44:06+00:00,k3s-w2,Ready
2026-06-29T12:44:08+00:00,k3s-s1,Ready
2026-06-29T12:44:08+00:00,k3s-s2,NotReady
2026-06-29T12:44:08+00:00,k3s-s3,Ready
2026-06-29T12:44:08+00:00,k3s-w1,Ready
2026-06-29T12:44:08+00:00,k3s-w2,Ready
2026-06-29T12:44:09+00:00,k3s-s1,Ready
2026-06-29T12:44:09+00:00,k3s-s2,NotReady
2026-06-29T12:44:09+00:00,k3s-s3,Ready
2026-06-29T12:44:09+00:00,k3s-w1,Ready
2026-06-29T12:44:09+00:00,k3s-w2,Ready
2026-06-29T12:44:10+00:00,k3s-s1,Ready
2026-06-29T12:44:10+00:00,k3s-s2,NotReady
2026-06-29T12:44:10+00:00,k3s-s3,Ready
2026-06-29T12:44:10+00:00,k3s-w1,Ready
2026-06-29T12:44:10+00:00,k3s-w2,Ready
2026-06-29T12:44:11+00:00,k3s-s1,Ready
2026-06-29T12:44:11+00:00,k3s-s2,NotReady
2026-06-29T12:44:11+00:00,k3s-s3,Ready
2026-06-29T12:44:11+00:00,k3s-w1,Ready
2026-06-29T12:44:11+00:00,k3s-w2,Ready
2026-06-29T12:44:12+00:00,k3s-s1,Ready
2026-06-29T12:44:12+00:00,k3s-s2,NotReady
2026-06-29T12:44:12+00:00,k3s-s3,Ready
2026-06-29T12:44:12+00:00,k3s-w1,Ready
2026-06-29T12:44:12+00:00,k3s-w2,Ready
2026-06-29T12:44:13+00:00,k3s-s1,Ready
2026-06-29T12:44:13+00:00,k3s-s2,NotReady
2026-06-29T12:44:13+00:00,k3s-s3,Ready
2026-06-29T12:44:13+00:00,k3s-w1,Ready
2026-06-29T12:44:13+00:00,k3s-w2,Ready
2026-06-29T12:44:14+00:00,k3s-s1,Ready
2026-06-29T12:44:14+00:00,k3s-s2,NotReady
2026-06-29T12:44:14+00:00,k3s-s3,Ready
2026-06-29T12:44:14+00:00,k3s-w1,Ready
2026-06-29T12:44:14+00:00,k3s-w2,Ready
2026-06-29T12:44:15+00:00,k3s-s1,Ready
2026-06-29T12:44:15+00:00,k3s-s2,NotReady
2026-06-29T12:44:15+00:00,k3s-s3,Ready
2026-06-29T12:44:15+00:00,k3s-w1,Ready
2026-06-29T12:44:15+00:00,k3s-w2,Ready
2026-06-29T12:44:16+00:00,k3s-s1,Ready
2026-06-29T12:44:16+00:00,k3s-s2,NotReady
2026-06-29T12:44:16+00:00,k3s-s3,Ready
2026-06-29T12:44:16+00:00,k3s-w1,Ready
2026-06-29T12:44:16+00:00,k3s-w2,Ready
2026-06-29T12:44:17+00:00,k3s-s1,Ready
2026-06-29T12:44:17+00:00,k3s-s2,NotReady
2026-06-29T12:44:17+00:00,k3s-s3,Ready
2026-06-29T12:44:17+00:00,k3s-w1,Ready
2026-06-29T12:44:17+00:00,k3s-w2,Ready
2026-06-29T12:44:18+00:00,k3s-s1,Ready
2026-06-29T12:44:18+00:00,k3s-s2,NotReady
2026-06-29T12:44:18+00:00,k3s-s3,Ready
2026-06-29T12:44:18+00:00,k3s-w1,Ready
2026-06-29T12:44:18+00:00,k3s-w2,Ready
2026-06-29T12:44:19+00:00,k3s-s1,Ready
2026-06-29T12:44:19+00:00,k3s-s2,NotReady
2026-06-29T12:44:19+00:00,k3s-s3,Ready
2026-06-29T12:44:19+00:00,k3s-w1,Ready
2026-06-29T12:44:19+00:00,k3s-w2,Ready
2026-06-29T12:44:20+00:00,k3s-s1,Ready
2026-06-29T12:44:20+00:00,k3s-s2,NotReady
2026-06-29T12:44:20+00:00,k3s-s3,Ready
2026-06-29T12:44:20+00:00,k3s-w1,Ready
2026-06-29T12:44:20+00:00,k3s-w2,Ready
2026-06-29T12:44:21+00:00,k3s-s1,Ready
2026-06-29T12:44:21+00:00,k3s-s2,NotReady
2026-06-29T12:44:21+00:00,k3s-s3,Ready
2026-06-29T12:44:21+00:00,k3s-w1,Ready
2026-06-29T12:44:21+00:00,k3s-w2,Ready
2026-06-29T12:44:22+00:00,k3s-s1,Ready
2026-06-29T12:44:22+00:00,k3s-s2,NotReady
2026-06-29T12:44:22+00:00,k3s-s3,Ready
2026-06-29T12:44:22+00:00,k3s-w1,Ready
2026-06-29T12:44:22+00:00,k3s-w2,Ready
2026-06-29T12:44:23+00:00,k3s-s1,Ready
2026-06-29T12:44:23+00:00,k3s-s2,NotReady
2026-06-29T12:44:23+00:00,k3s-s3,Ready
2026-06-29T12:44:23+00:00,k3s-w1,Ready
2026-06-29T12:44:23+00:00,k3s-w2,Ready
2026-06-29T12:44:24+00:00,k3s-s1,Ready
2026-06-29T12:44:24+00:00,k3s-s2,NotReady
2026-06-29T12:44:24+00:00,k3s-s3,Ready
2026-06-29T12:44:24+00:00,k3s-w1,Ready
2026-06-29T12:44:24+00:00,k3s-w2,Ready
2026-06-29T12:44:25+00:00,k3s-s1,Ready
2026-06-29T12:44:25+00:00,k3s-s2,NotReady
2026-06-29T12:44:25+00:00,k3s-s3,Ready
2026-06-29T12:44:25+00:00,k3s-w1,Ready
2026-06-29T12:44:25+00:00,k3s-w2,Ready
2026-06-29T12:44:26+00:00,k3s-s1,Ready
2026-06-29T12:44:26+00:00,k3s-s2,NotReady
2026-06-29T12:44:26+00:00,k3s-s3,Ready
2026-06-29T12:44:26+00:00,k3s-w1,Ready
2026-06-29T12:44:26+00:00,k3s-w2,Ready
2026-06-29T12:44:28+00:00,k3s-s1,Ready
2026-06-29T12:44:28+00:00,k3s-s2,NotReady
2026-06-29T12:44:28+00:00,k3s-s3,Ready
2026-06-29T12:44:28+00:00,k3s-w1,Ready
2026-06-29T12:44:28+00:00,k3s-w2,Ready
2026-06-29T12:44:29+00:00,k3s-s1,Ready
2026-06-29T12:44:29+00:00,k3s-s2,NotReady
2026-06-29T12:44:29+00:00,k3s-s3,Ready
2026-06-29T12:44:29+00:00,k3s-w1,Ready
2026-06-29T12:44:29+00:00,k3s-w2,Ready
2026-06-29T12:44:30+00:00,k3s-s1,Ready
2026-06-29T12:44:30+00:00,k3s-s2,NotReady
2026-06-29T12:44:30+00:00,k3s-s3,Ready
2026-06-29T12:44:30+00:00,k3s-w1,Ready
2026-06-29T12:44:30+00:00,k3s-w2,Ready
2026-06-29T12:44:31+00:00,k3s-s1,Ready
2026-06-29T12:44:31+00:00,k3s-s2,NotReady
2026-06-29T12:44:31+00:00,k3s-s3,Ready
2026-06-29T12:44:31+00:00,k3s-w1,Ready
2026-06-29T12:44:31+00:00,k3s-w2,Ready
2026-06-29T12:44:32+00:00,k3s-s1,Ready
2026-06-29T12:44:32+00:00,k3s-s2,NotReady
2026-06-29T12:44:32+00:00,k3s-s3,Ready
2026-06-29T12:44:32+00:00,k3s-w1,Ready
2026-06-29T12:44:32+00:00,k3s-w2,Ready
2026-06-29T12:44:33+00:00,k3s-s1,Ready
2026-06-29T12:44:33+00:00,k3s-s2,NotReady
2026-06-29T12:44:33+00:00,k3s-s3,Ready
2026-06-29T12:44:33+00:00,k3s-w1,Ready
2026-06-29T12:44:33+00:00,k3s-w2,Ready
2026-06-29T12:44:34+00:00,k3s-s1,Ready
2026-06-29T12:44:34+00:00,k3s-s2,NotReady
2026-06-29T12:44:34+00:00,k3s-s3,Ready
2026-06-29T12:44:34+00:00,k3s-w1,Ready
2026-06-29T12:44:34+00:00,k3s-w2,Ready
2026-06-29T12:44:35+00:00,k3s-s1,Ready
2026-06-29T12:44:35+00:00,k3s-s2,NotReady
2026-06-29T12:44:35+00:00,k3s-s3,Ready
2026-06-29T12:44:35+00:00,k3s-w1,Ready
2026-06-29T12:44:35+00:00,k3s-w2,Ready
2026-06-29T12:44:36+00:00,k3s-s1,Ready
2026-06-29T12:44:36+00:00,k3s-s2,NotReady
2026-06-29T12:44:36+00:00,k3s-s3,Ready
2026-06-29T12:44:36+00:00,k3s-w1,Ready
2026-06-29T12:44:36+00:00,k3s-w2,Ready
2026-06-29T12:44:37+00:00,k3s-s1,Ready
2026-06-29T12:44:37+00:00,k3s-s2,NotReady
2026-06-29T12:44:37+00:00,k3s-s3,Ready
2026-06-29T12:44:37+00:00,k3s-w1,Ready
2026-06-29T12:44:37+00:00,k3s-w2,Ready
2026-06-29T12:44:38+00:00,k3s-s1,Ready
2026-06-29T12:44:38+00:00,k3s-s2,NotReady
2026-06-29T12:44:38+00:00,k3s-s3,Ready
2026-06-29T12:44:38+00:00,k3s-w1,Ready
2026-06-29T12:44:38+00:00,k3s-w2,Ready
2026-06-29T12:44:39+00:00,k3s-s1,Ready
2026-06-29T12:44:39+00:00,k3s-s2,NotReady
2026-06-29T12:44:39+00:00,k3s-s3,Ready
2026-06-29T12:44:39+00:00,k3s-w1,Ready
2026-06-29T12:44:39+00:00,k3s-w2,Ready
2026-06-29T12:44:40+00:00,k3s-s1,Ready
2026-06-29T12:44:40+00:00,k3s-s2,NotReady
2026-06-29T12:44:40+00:00,k3s-s3,Ready
2026-06-29T12:44:40+00:00,k3s-w1,Ready
2026-06-29T12:44:40+00:00,k3s-w2,Ready
2026-06-29T12:44:41+00:00,k3s-s1,Ready
2026-06-29T12:44:41+00:00,k3s-s2,NotReady
2026-06-29T12:44:41+00:00,k3s-s3,Ready
2026-06-29T12:44:41+00:00,k3s-w1,Ready
2026-06-29T12:44:41+00:00,k3s-w2,Ready
2026-06-29T12:44:42+00:00,k3s-s1,Ready
2026-06-29T12:44:42+00:00,k3s-s2,NotReady
2026-06-29T12:44:42+00:00,k3s-s3,Ready
2026-06-29T12:44:42+00:00,k3s-w1,Ready
2026-06-29T12:44:42+00:00,k3s-w2,Ready
2026-06-29T12:44:43+00:00,k3s-s1,Ready
2026-06-29T12:44:43+00:00,k3s-s2,NotReady
2026-06-29T12:44:43+00:00,k3s-s3,Ready
2026-06-29T12:44:43+00:00,k3s-w1,Ready
2026-06-29T12:44:43+00:00,k3s-w2,Ready
2026-06-29T12:44:44+00:00,k3s-s1,Ready
2026-06-29T12:44:44+00:00,k3s-s2,NotReady
2026-06-29T12:44:44+00:00,k3s-s3,Ready
2026-06-29T12:44:44+00:00,k3s-w1,Ready
2026-06-29T12:44:44+00:00,k3s-w2,Ready
2026-06-29T12:44:45+00:00,k3s-s1,Ready
2026-06-29T12:44:45+00:00,k3s-s2,NotReady
2026-06-29T12:44:45+00:00,k3s-s3,Ready
2026-06-29T12:44:45+00:00,k3s-w1,Ready
2026-06-29T12:44:45+00:00,k3s-w2,Ready
2026-06-29T12:44:46+00:00,k3s-s1,Ready
2026-06-29T12:44:46+00:00,k3s-s2,NotReady
2026-06-29T12:44:46+00:00,k3s-s3,Ready
2026-06-29T12:44:46+00:00,k3s-w1,Ready
2026-06-29T12:44:46+00:00,k3s-w2,Ready
2026-06-29T12:44:48+00:00,k3s-s1,Ready
2026-06-29T12:44:48+00:00,k3s-s2,NotReady
2026-06-29T12:44:48+00:00,k3s-s3,Ready
2026-06-29T12:44:48+00:00,k3s-w1,Ready
2026-06-29T12:44:48+00:00,k3s-w2,Ready
2026-06-29T12:44:49+00:00,k3s-s1,Ready
2026-06-29T12:44:49+00:00,k3s-s2,NotReady
2026-06-29T12:44:49+00:00,k3s-s3,Ready
2026-06-29T12:44:49+00:00,k3s-w1,Ready
2026-06-29T12:44:49+00:00,k3s-w2,Ready
2026-06-29T12:44:50+00:00,k3s-s1,Ready
2026-06-29T12:44:50+00:00,k3s-s2,NotReady
2026-06-29T12:44:50+00:00,k3s-s3,Ready
2026-06-29T12:44:50+00:00,k3s-w1,Ready
2026-06-29T12:44:50+00:00,k3s-w2,Ready
2026-06-29T12:44:51+00:00,k3s-s1,Ready
2026-06-29T12:44:51+00:00,k3s-s2,NotReady
2026-06-29T12:44:51+00:00,k3s-s3,Ready
2026-06-29T12:44:51+00:00,k3s-w1,Ready
2026-06-29T12:44:51+00:00,k3s-w2,Ready
2026-06-29T12:44:52+00:00,k3s-s1,Ready
2026-06-29T12:44:52+00:00,k3s-s2,NotReady
2026-06-29T12:44:52+00:00,k3s-s3,Ready
2026-06-29T12:44:52+00:00,k3s-w1,Ready
2026-06-29T12:44:52+00:00,k3s-w2,Ready
2026-06-29T12:44:53+00:00,k3s-s1,Ready
2026-06-29T12:44:53+00:00,k3s-s2,NotReady
2026-06-29T12:44:53+00:00,k3s-s3,Ready
2026-06-29T12:44:53+00:00,k3s-w1,Ready
2026-06-29T12:44:53+00:00,k3s-w2,Ready
2026-06-29T12:44:54+00:00,k3s-s1,Ready
2026-06-29T12:44:54+00:00,k3s-s2,NotReady
2026-06-29T12:44:54+00:00,k3s-s3,Ready
2026-06-29T12:44:54+00:00,k3s-w1,Ready
2026-06-29T12:44:54+00:00,k3s-w2,Ready
2026-06-29T12:44:55+00:00,k3s-s1,Ready
2026-06-29T12:44:55+00:00,k3s-s2,NotReady
2026-06-29T12:44:55+00:00,k3s-s3,Ready
2026-06-29T12:44:55+00:00,k3s-w1,Ready
2026-06-29T12:44:55+00:00,k3s-w2,Ready
2026-06-29T12:44:56+00:00,k3s-s1,Ready
2026-06-29T12:44:56+00:00,k3s-s2,NotReady
2026-06-29T12:44:56+00:00,k3s-s3,Ready
2026-06-29T12:44:56+00:00,k3s-w1,Ready
2026-06-29T12:44:56+00:00,k3s-w2,Ready
2026-06-29T12:44:57+00:00,k3s-s1,Ready
2026-06-29T12:44:57+00:00,k3s-s2,NotReady
2026-06-29T12:44:57+00:00,k3s-s3,Ready
2026-06-29T12:44:57+00:00,k3s-w1,Ready
2026-06-29T12:44:57+00:00,k3s-w2,Ready
2026-06-29T12:44:58+00:00,k3s-s1,Ready
2026-06-29T12:44:58+00:00,k3s-s2,NotReady
2026-06-29T12:44:58+00:00,k3s-s3,Ready
2026-06-29T12:44:58+00:00,k3s-w1,Ready
2026-06-29T12:44:58+00:00,k3s-w2,Ready
2026-06-29T12:44:59+00:00,k3s-s1,Ready
2026-06-29T12:44:59+00:00,k3s-s2,NotReady
2026-06-29T12:44:59+00:00,k3s-s3,Ready
2026-06-29T12:44:59+00:00,k3s-w1,Ready
2026-06-29T12:44:59+00:00,k3s-w2,Ready
2026-06-29T12:45:00+00:00,k3s-s1,Ready
2026-06-29T12:45:00+00:00,k3s-s2,NotReady
2026-06-29T12:45:00+00:00,k3s-s3,Ready
2026-06-29T12:45:00+00:00,k3s-w1,Ready
2026-06-29T12:45:00+00:00,k3s-w2,Ready
2026-06-29T12:45:01+00:00,k3s-s1,Ready
2026-06-29T12:45:01+00:00,k3s-s2,NotReady
2026-06-29T12:45:01+00:00,k3s-s3,Ready
2026-06-29T12:45:01+00:00,k3s-w1,Ready
2026-06-29T12:45:01+00:00,k3s-w2,Ready
2026-06-29T12:45:02+00:00,k3s-s1,Ready
2026-06-29T12:45:02+00:00,k3s-s2,NotReady
2026-06-29T12:45:02+00:00,k3s-s3,Ready
2026-06-29T12:45:02+00:00,k3s-w1,Ready
2026-06-29T12:45:02+00:00,k3s-w2,Ready
2026-06-29T12:45:03+00:00,k3s-s1,Ready
2026-06-29T12:45:03+00:00,k3s-s2,NotReady
2026-06-29T12:45:03+00:00,k3s-s3,Ready
2026-06-29T12:45:03+00:00,k3s-w1,Ready
2026-06-29T12:45:03+00:00,k3s-w2,Ready
2026-06-29T12:45:04+00:00,k3s-s1,Ready
2026-06-29T12:45:04+00:00,k3s-s2,NotReady
2026-06-29T12:45:04+00:00,k3s-s3,Ready
2026-06-29T12:45:04+00:00,k3s-w1,Ready
2026-06-29T12:45:04+00:00,k3s-w2,Ready
2026-06-29T12:45:05+00:00,k3s-s1,Ready
2026-06-29T12:45:05+00:00,k3s-s2,NotReady
2026-06-29T12:45:05+00:00,k3s-s3,Ready
2026-06-29T12:45:05+00:00,k3s-w1,Ready
2026-06-29T12:45:05+00:00,k3s-w2,Ready
2026-06-29T12:45:06+00:00,k3s-s1,Ready
2026-06-29T12:45:06+00:00,k3s-s2,NotReady
2026-06-29T12:45:06+00:00,k3s-s3,Ready
2026-06-29T12:45:06+00:00,k3s-w1,Ready
2026-06-29T12:45:06+00:00,k3s-w2,Ready
2026-06-29T12:45:07+00:00,k3s-s1,Ready
2026-06-29T12:45:07+00:00,k3s-s2,NotReady
2026-06-29T12:45:07+00:00,k3s-s3,Ready
2026-06-29T12:45:07+00:00,k3s-w1,Ready
2026-06-29T12:45:07+00:00,k3s-w2,Ready
2026-06-29T12:45:09+00:00,k3s-s1,Ready
2026-06-29T12:45:09+00:00,k3s-s2,NotReady
2026-06-29T12:45:09+00:00,k3s-s3,Ready
2026-06-29T12:45:09+00:00,k3s-w1,Ready
2026-06-29T12:45:09+00:00,k3s-w2,Ready
2026-06-29T12:45:10+00:00,k3s-s1,Ready
2026-06-29T12:45:10+00:00,k3s-s2,NotReady
2026-06-29T12:45:10+00:00,k3s-s3,Ready
2026-06-29T12:45:10+00:00,k3s-w1,Ready
2026-06-29T12:45:10+00:00,k3s-w2,Ready
2026-06-29T12:45:11+00:00,k3s-s1,Ready
2026-06-29T12:45:11+00:00,k3s-s2,NotReady
2026-06-29T12:45:11+00:00,k3s-s3,Ready
2026-06-29T12:45:11+00:00,k3s-w1,Ready
2026-06-29T12:45:11+00:00,k3s-w2,Ready
2026-06-29T12:45:12+00:00,k3s-s1,Ready
2026-06-29T12:45:12+00:00,k3s-s2,NotReady
2026-06-29T12:45:12+00:00,k3s-s3,Ready
2026-06-29T12:45:12+00:00,k3s-w1,Ready
2026-06-29T12:45:12+00:00,k3s-w2,Ready
2026-06-29T12:45:13+00:00,k3s-s1,Ready
2026-06-29T12:45:13+00:00,k3s-s2,NotReady
2026-06-29T12:45:13+00:00,k3s-s3,Ready
2026-06-29T12:45:13+00:00,k3s-w1,Ready
2026-06-29T12:45:13+00:00,k3s-w2,Ready
2026-06-29T12:45:14+00:00,k3s-s1,Ready
2026-06-29T12:45:14+00:00,k3s-s2,NotReady
2026-06-29T12:45:14+00:00,k3s-s3,Ready
2026-06-29T12:45:14+00:00,k3s-w1,Ready
2026-06-29T12:45:14+00:00,k3s-w2,Ready
2026-06-29T12:45:15+00:00,k3s-s1,Ready
2026-06-29T12:45:15+00:00,k3s-s2,NotReady
2026-06-29T12:45:15+00:00,k3s-s3,Ready
2026-06-29T12:45:15+00:00,k3s-w1,Ready
2026-06-29T12:45:15+00:00,k3s-w2,Ready
2026-06-29T12:45:16+00:00,k3s-s1,Ready
2026-06-29T12:45:16+00:00,k3s-s2,NotReady
2026-06-29T12:45:16+00:00,k3s-s3,Ready
2026-06-29T12:45:16+00:00,k3s-w1,Ready
2026-06-29T12:45:16+00:00,k3s-w2,Ready
2026-06-29T12:45:17+00:00,k3s-s1,Ready
2026-06-29T12:45:17+00:00,k3s-s2,NotReady
2026-06-29T12:45:17+00:00,k3s-s3,Ready
2026-06-29T12:45:17+00:00,k3s-w1,Ready
2026-06-29T12:45:17+00:00,k3s-w2,Ready
2026-06-29T12:45:18+00:00,k3s-s1,Ready
2026-06-29T12:45:18+00:00,k3s-s2,NotReady
2026-06-29T12:45:18+00:00,k3s-s3,Ready
2026-06-29T12:45:18+00:00,k3s-w1,Ready
2026-06-29T12:45:18+00:00,k3s-w2,Ready
2026-06-29T12:45:19+00:00,k3s-s1,Ready
2026-06-29T12:45:19+00:00,k3s-s2,NotReady
2026-06-29T12:45:19+00:00,k3s-s3,Ready
2026-06-29T12:45:19+00:00,k3s-w1,Ready
2026-06-29T12:45:19+00:00,k3s-w2,Ready
2026-06-29T12:45:20+00:00,k3s-s1,Ready
2026-06-29T12:45:20+00:00,k3s-s2,NotReady
2026-06-29T12:45:20+00:00,k3s-s3,Ready
2026-06-29T12:45:20+00:00,k3s-w1,Ready
2026-06-29T12:45:20+00:00,k3s-w2,Ready
2026-06-29T12:45:21+00:00,k3s-s1,Ready
2026-06-29T12:45:21+00:00,k3s-s2,NotReady
2026-06-29T12:45:21+00:00,k3s-s3,Ready
2026-06-29T12:45:21+00:00,k3s-w1,Ready
2026-06-29T12:45:21+00:00,k3s-w2,Ready
2026-06-29T12:45:22+00:00,k3s-s1,Ready
2026-06-29T12:45:22+00:00,k3s-s2,NotReady
2026-06-29T12:45:22+00:00,k3s-s3,Ready
2026-06-29T12:45:22+00:00,k3s-w1,Ready
2026-06-29T12:45:22+00:00,k3s-w2,Ready
2026-06-29T12:45:23+00:00,k3s-s1,Ready
2026-06-29T12:45:23+00:00,k3s-s2,NotReady
2026-06-29T12:45:23+00:00,k3s-s3,Ready
2026-06-29T12:45:23+00:00,k3s-w1,Ready
2026-06-29T12:45:23+00:00,k3s-w2,Ready
2026-06-29T12:45:24+00:00,k3s-s1,Ready
2026-06-29T12:45:24+00:00,k3s-s2,NotReady
2026-06-29T12:45:24+00:00,k3s-s3,Ready
2026-06-29T12:45:24+00:00,k3s-w1,Ready
2026-06-29T12:45:24+00:00,k3s-w2,Ready
2026-06-29T12:45:25+00:00,k3s-s1,Ready
2026-06-29T12:45:25+00:00,k3s-s2,NotReady
2026-06-29T12:45:25+00:00,k3s-s3,Ready
2026-06-29T12:45:25+00:00,k3s-w1,Ready
2026-06-29T12:45:25+00:00,k3s-w2,Ready
2026-06-29T12:45:26+00:00,k3s-s1,Ready
2026-06-29T12:45:26+00:00,k3s-s2,NotReady
2026-06-29T12:45:26+00:00,k3s-s3,Ready
2026-06-29T12:45:26+00:00,k3s-w1,Ready
2026-06-29T12:45:26+00:00,k3s-w2,Ready
2026-06-29T12:45:28+00:00,k3s-s1,Ready
2026-06-29T12:45:28+00:00,k3s-s2,NotReady
2026-06-29T12:45:28+00:00,k3s-s3,Ready
2026-06-29T12:45:28+00:00,k3s-w1,Ready
2026-06-29T12:45:28+00:00,k3s-w2,Ready
2026-06-29T12:45:29+00:00,k3s-s1,Ready
2026-06-29T12:45:29+00:00,k3s-s2,NotReady
2026-06-29T12:45:29+00:00,k3s-s3,Ready
2026-06-29T12:45:29+00:00,k3s-w1,Ready
2026-06-29T12:45:29+00:00,k3s-w2,Ready
2026-06-29T12:45:30+00:00,k3s-s1,Ready
2026-06-29T12:45:30+00:00,k3s-s2,NotReady
2026-06-29T12:45:30+00:00,k3s-s3,Ready
2026-06-29T12:45:30+00:00,k3s-w1,Ready
2026-06-29T12:45:30+00:00,k3s-w2,Ready
2026-06-29T12:45:31+00:00,k3s-s1,Ready
2026-06-29T12:45:31+00:00,k3s-s2,NotReady
2026-06-29T12:45:31+00:00,k3s-s3,Ready
2026-06-29T12:45:31+00:00,k3s-w1,Ready
2026-06-29T12:45:31+00:00,k3s-w2,Ready
2026-06-29T12:45:32+00:00,k3s-s1,Ready
2026-06-29T12:45:32+00:00,k3s-s2,NotReady
2026-06-29T12:45:32+00:00,k3s-s3,Ready
2026-06-29T12:45:32+00:00,k3s-w1,Ready
2026-06-29T12:45:32+00:00,k3s-w2,Ready
2026-06-29T12:45:33+00:00,k3s-s1,Ready
2026-06-29T12:45:33+00:00,k3s-s2,NotReady
2026-06-29T12:45:33+00:00,k3s-s3,Ready
2026-06-29T12:45:33+00:00,k3s-w1,Ready
2026-06-29T12:45:33+00:00,k3s-w2,Ready
2026-06-29T12:45:34+00:00,k3s-s1,Ready
2026-06-29T12:45:34+00:00,k3s-s2,NotReady
2026-06-29T12:45:34+00:00,k3s-s3,Ready
2026-06-29T12:45:34+00:00,k3s-w1,Ready
2026-06-29T12:45:34+00:00,k3s-w2,Ready
2026-06-29T12:45:35+00:00,k3s-s1,Ready
2026-06-29T12:45:35+00:00,k3s-s2,NotReady
2026-06-29T12:45:35+00:00,k3s-s3,Ready
2026-06-29T12:45:35+00:00,k3s-w1,Ready
2026-06-29T12:45:35+00:00,k3s-w2,Ready
2026-06-29T12:45:36+00:00,k3s-s1,Ready
2026-06-29T12:45:36+00:00,k3s-s2,NotReady
2026-06-29T12:45:36+00:00,k3s-s3,Ready
2026-06-29T12:45:36+00:00,k3s-w1,Ready
2026-06-29T12:45:36+00:00,k3s-w2,Ready
2026-06-29T12:45:37+00:00,k3s-s1,Ready
2026-06-29T12:45:37+00:00,k3s-s2,NotReady
2026-06-29T12:45:37+00:00,k3s-s3,Ready
2026-06-29T12:45:37+00:00,k3s-w1,Ready
2026-06-29T12:45:37+00:00,k3s-w2,Ready
2026-06-29T12:45:38+00:00,k3s-s1,Ready
2026-06-29T12:45:38+00:00,k3s-s2,NotReady
2026-06-29T12:45:38+00:00,k3s-s3,Ready
2026-06-29T12:45:38+00:00,k3s-w1,Ready
2026-06-29T12:45:38+00:00,k3s-w2,Ready
2026-06-29T12:45:39+00:00,k3s-s1,Ready
2026-06-29T12:45:39+00:00,k3s-s2,NotReady
2026-06-29T12:45:39+00:00,k3s-s3,Ready
2026-06-29T12:45:39+00:00,k3s-w1,Ready
2026-06-29T12:45:39+00:00,k3s-w2,Ready
2026-06-29T12:45:40+00:00,k3s-s1,Ready
2026-06-29T12:45:40+00:00,k3s-s2,NotReady
2026-06-29T12:45:40+00:00,k3s-s3,Ready
2026-06-29T12:45:40+00:00,k3s-w1,Ready
2026-06-29T12:45:40+00:00,k3s-w2,Ready
2026-06-29T12:45:41+00:00,k3s-s1,Ready
2026-06-29T12:45:41+00:00,k3s-s2,NotReady
2026-06-29T12:45:41+00:00,k3s-s3,Ready
2026-06-29T12:45:41+00:00,k3s-w1,Ready
2026-06-29T12:45:41+00:00,k3s-w2,Ready
2026-06-29T12:45:42+00:00,k3s-s1,Ready
2026-06-29T12:45:42+00:00,k3s-s2,NotReady
2026-06-29T12:45:42+00:00,k3s-s3,Ready
2026-06-29T12:45:42+00:00,k3s-w1,Ready
2026-06-29T12:45:42+00:00,k3s-w2,Ready
2026-06-29T12:45:43+00:00,k3s-s1,Ready
2026-06-29T12:45:43+00:00,k3s-s2,NotReady
2026-06-29T12:45:43+00:00,k3s-s3,Ready
2026-06-29T12:45:43+00:00,k3s-w1,Ready
2026-06-29T12:45:43+00:00,k3s-w2,Ready
2026-06-29T12:45:44+00:00,k3s-s1,Ready
2026-06-29T12:45:44+00:00,k3s-s2,NotReady
2026-06-29T12:45:44+00:00,k3s-s3,Ready
2026-06-29T12:45:44+00:00,k3s-w1,Ready
2026-06-29T12:45:44+00:00,k3s-w2,Ready
2026-06-29T12:45:45+00:00,k3s-s1,Ready
2026-06-29T12:45:45+00:00,k3s-s2,NotReady
2026-06-29T12:45:45+00:00,k3s-s3,Ready
2026-06-29T12:45:45+00:00,k3s-w1,Ready
2026-06-29T12:45:45+00:00,k3s-w2,Ready
2026-06-29T12:45:46+00:00,k3s-s1,Ready
2026-06-29T12:45:46+00:00,k3s-s2,NotReady
2026-06-29T12:45:46+00:00,k3s-s3,Ready
2026-06-29T12:45:46+00:00,k3s-w1,Ready
2026-06-29T12:45:46+00:00,k3s-w2,Ready
2026-06-29T12:45:48+00:00,k3s-s1,Ready
2026-06-29T12:45:48+00:00,k3s-s2,NotReady
2026-06-29T12:45:48+00:00,k3s-s3,Ready
2026-06-29T12:45:48+00:00,k3s-w1,Ready
2026-06-29T12:45:48+00:00,k3s-w2,Ready
2026-06-29T12:45:49+00:00,k3s-s1,Ready
2026-06-29T12:45:49+00:00,k3s-s2,NotReady
2026-06-29T12:45:49+00:00,k3s-s3,Ready
2026-06-29T12:45:49+00:00,k3s-w1,Ready
2026-06-29T12:45:49+00:00,k3s-w2,Ready
2026-06-29T12:45:50+00:00,k3s-s1,Ready
2026-06-29T12:45:50+00:00,k3s-s2,NotReady
2026-06-29T12:45:50+00:00,k3s-s3,Ready
2026-06-29T12:45:50+00:00,k3s-w1,Ready
2026-06-29T12:45:50+00:00,k3s-w2,Ready
2026-06-29T12:45:51+00:00,k3s-s1,Ready
2026-06-29T12:45:51+00:00,k3s-s2,NotReady
2026-06-29T12:45:51+00:00,k3s-s3,Ready
2026-06-29T12:45:51+00:00,k3s-w1,Ready
2026-06-29T12:45:51+00:00,k3s-w2,Ready
2026-06-29T12:45:52+00:00,k3s-s1,Ready
2026-06-29T12:45:52+00:00,k3s-s2,NotReady
2026-06-29T12:45:52+00:00,k3s-s3,Ready
2026-06-29T12:45:52+00:00,k3s-w1,Ready
2026-06-29T12:45:52+00:00,k3s-w2,Ready
2026-06-29T12:45:53+00:00,k3s-s1,Ready
2026-06-29T12:45:53+00:00,k3s-s2,NotReady
2026-06-29T12:45:53+00:00,k3s-s3,Ready
2026-06-29T12:45:53+00:00,k3s-w1,Ready
2026-06-29T12:45:53+00:00,k3s-w2,Ready
2026-06-29T12:45:54+00:00,k3s-s1,Ready
2026-06-29T12:45:54+00:00,k3s-s2,NotReady
2026-06-29T12:45:54+00:00,k3s-s3,Ready
2026-06-29T12:45:54+00:00,k3s-w1,Ready
2026-06-29T12:45:54+00:00,k3s-w2,Ready
2026-06-29T12:45:55+00:00,k3s-s1,Ready
2026-06-29T12:45:55+00:00,k3s-s2,NotReady
2026-06-29T12:45:55+00:00,k3s-s3,Ready
2026-06-29T12:45:55+00:00,k3s-w1,Ready
2026-06-29T12:45:55+00:00,k3s-w2,Ready
2026-06-29T12:45:56+00:00,k3s-s1,Ready
2026-06-29T12:45:56+00:00,k3s-s2,NotReady
2026-06-29T12:45:56+00:00,k3s-s3,Ready
2026-06-29T12:45:56+00:00,k3s-w1,Ready
2026-06-29T12:45:56+00:00,k3s-w2,Ready
2026-06-29T12:45:57+00:00,k3s-s1,Ready
2026-06-29T12:45:57+00:00,k3s-s2,NotReady
2026-06-29T12:45:57+00:00,k3s-s3,Ready
2026-06-29T12:45:57+00:00,k3s-w1,Ready
2026-06-29T12:45:57+00:00,k3s-w2,Ready
2026-06-29T12:45:58+00:00,k3s-s1,Ready
2026-06-29T12:45:58+00:00,k3s-s2,NotReady
2026-06-29T12:45:58+00:00,k3s-s3,Ready
2026-06-29T12:45:58+00:00,k3s-w1,Ready
2026-06-29T12:45:58+00:00,k3s-w2,Ready
2026-06-29T12:45:59+00:00,k3s-s1,Ready
2026-06-29T12:45:59+00:00,k3s-s2,NotReady
2026-06-29T12:45:59+00:00,k3s-s3,Ready
2026-06-29T12:45:59+00:00,k3s-w1,Ready
2026-06-29T12:45:59+00:00,k3s-w2,Ready
2026-06-29T12:46:00+00:00,k3s-s1,Ready
2026-06-29T12:46:00+00:00,k3s-s2,NotReady
2026-06-29T12:46:00+00:00,k3s-s3,Ready
2026-06-29T12:46:00+00:00,k3s-w1,Ready
2026-06-29T12:46:00+00:00,k3s-w2,Ready
2026-06-29T12:46:01+00:00,k3s-s1,Ready
2026-06-29T12:46:01+00:00,k3s-s2,NotReady
2026-06-29T12:46:01+00:00,k3s-s3,Ready
2026-06-29T12:46:01+00:00,k3s-w1,Ready
2026-06-29T12:46:01+00:00,k3s-w2,Ready
2026-06-29T12:46:02+00:00,k3s-s1,Ready
2026-06-29T12:46:02+00:00,k3s-s2,NotReady
2026-06-29T12:46:02+00:00,k3s-s3,Ready
2026-06-29T12:46:02+00:00,k3s-w1,Ready
2026-06-29T12:46:02+00:00,k3s-w2,Ready
2026-06-29T12:46:03+00:00,k3s-s1,Ready
2026-06-29T12:46:03+00:00,k3s-s2,NotReady
2026-06-29T12:46:03+00:00,k3s-s3,Ready
2026-06-29T12:46:03+00:00,k3s-w1,Ready
2026-06-29T12:46:03+00:00,k3s-w2,Ready
2026-06-29T12:46:04+00:00,k3s-s1,Ready
2026-06-29T12:46:04+00:00,k3s-s2,NotReady
2026-06-29T12:46:04+00:00,k3s-s3,Ready
2026-06-29T12:46:04+00:00,k3s-w1,Ready
2026-06-29T12:46:04+00:00,k3s-w2,Ready
2026-06-29T12:46:05+00:00,k3s-s1,Ready
2026-06-29T12:46:05+00:00,k3s-s2,NotReady
2026-06-29T12:46:05+00:00,k3s-s3,Ready
2026-06-29T12:46:05+00:00,k3s-w1,Ready
2026-06-29T12:46:05+00:00,k3s-w2,Ready
2026-06-29T12:46:06+00:00,k3s-s1,Ready
2026-06-29T12:46:06+00:00,k3s-s2,NotReady
2026-06-29T12:46:06+00:00,k3s-s3,Ready
2026-06-29T12:46:06+00:00,k3s-w1,Ready
2026-06-29T12:46:06+00:00,k3s-w2,Ready
2026-06-29T12:46:08+00:00,k3s-s1,Ready
2026-06-29T12:46:08+00:00,k3s-s2,NotReady
2026-06-29T12:46:08+00:00,k3s-s3,Ready
2026-06-29T12:46:08+00:00,k3s-w1,Ready
2026-06-29T12:46:08+00:00,k3s-w2,Ready
2026-06-29T12:46:09+00:00,k3s-s1,Ready
2026-06-29T12:46:09+00:00,k3s-s2,NotReady
2026-06-29T12:46:09+00:00,k3s-s3,Ready
2026-06-29T12:46:09+00:00,k3s-w1,Ready
2026-06-29T12:46:09+00:00,k3s-w2,Ready
2026-06-29T12:46:10+00:00,k3s-s1,Ready
2026-06-29T12:46:10+00:00,k3s-s2,NotReady
2026-06-29T12:46:10+00:00,k3s-s3,Ready
2026-06-29T12:46:10+00:00,k3s-w1,Ready
2026-06-29T12:46:10+00:00,k3s-w2,Ready
2026-06-29T12:46:11+00:00,k3s-s1,Ready
2026-06-29T12:46:11+00:00,k3s-s2,NotReady
2026-06-29T12:46:11+00:00,k3s-s3,Ready
2026-06-29T12:46:11+00:00,k3s-w1,Ready
2026-06-29T12:46:11+00:00,k3s-w2,Ready
2026-06-29T12:46:12+00:00,k3s-s1,Ready
2026-06-29T12:46:12+00:00,k3s-s2,NotReady
2026-06-29T12:46:12+00:00,k3s-s3,Ready
2026-06-29T12:46:12+00:00,k3s-w1,Ready
2026-06-29T12:46:12+00:00,k3s-w2,Ready
2026-06-29T12:46:13+00:00,k3s-s1,Ready
2026-06-29T12:46:13+00:00,k3s-s2,NotReady
2026-06-29T12:46:13+00:00,k3s-s3,Ready
2026-06-29T12:46:13+00:00,k3s-w1,Ready
2026-06-29T12:46:13+00:00,k3s-w2,Ready
2026-06-29T12:46:14+00:00,k3s-s1,Ready
2026-06-29T12:46:14+00:00,k3s-s2,NotReady
2026-06-29T12:46:14+00:00,k3s-s3,Ready
2026-06-29T12:46:14+00:00,k3s-w1,Ready
2026-06-29T12:46:14+00:00,k3s-w2,Ready
2026-06-29T12:46:15+00:00,k3s-s1,Ready
2026-06-29T12:46:15+00:00,k3s-s2,NotReady
2026-06-29T12:46:15+00:00,k3s-s3,Ready
2026-06-29T12:46:15+00:00,k3s-w1,Ready
2026-06-29T12:46:15+00:00,k3s-w2,Ready
2026-06-29T12:46:16+00:00,k3s-s1,Ready
2026-06-29T12:46:16+00:00,k3s-s2,NotReady
2026-06-29T12:46:16+00:00,k3s-s3,Ready
2026-06-29T12:46:16+00:00,k3s-w1,Ready
2026-06-29T12:46:16+00:00,k3s-w2,Ready
2026-06-29T12:46:17+00:00,k3s-s1,Ready
2026-06-29T12:46:17+00:00,k3s-s2,NotReady
2026-06-29T12:46:17+00:00,k3s-s3,Ready
2026-06-29T12:46:17+00:00,k3s-w1,Ready
2026-06-29T12:46:17+00:00,k3s-w2,Ready
2026-06-29T12:46:18+00:00,k3s-s1,Ready
2026-06-29T12:46:18+00:00,k3s-s2,NotReady
2026-06-29T12:46:18+00:00,k3s-s3,Ready
2026-06-29T12:46:18+00:00,k3s-w1,Ready
2026-06-29T12:46:18+00:00,k3s-w2,Ready
2026-06-29T12:46:19+00:00,k3s-s1,Ready
2026-06-29T12:46:19+00:00,k3s-s2,NotReady
2026-06-29T12:46:19+00:00,k3s-s3,Ready
2026-06-29T12:46:19+00:00,k3s-w1,Ready
2026-06-29T12:46:19+00:00,k3s-w2,Ready
2026-06-29T12:46:20+00:00,k3s-s1,Ready
2026-06-29T12:46:20+00:00,k3s-s2,NotReady
2026-06-29T12:46:20+00:00,k3s-s3,Ready
2026-06-29T12:46:20+00:00,k3s-w1,Ready
2026-06-29T12:46:20+00:00,k3s-w2,Ready
2026-06-29T12:46:21+00:00,k3s-s1,Ready
2026-06-29T12:46:21+00:00,k3s-s2,NotReady
2026-06-29T12:46:21+00:00,k3s-s3,Ready
2026-06-29T12:46:21+00:00,k3s-w1,Ready
2026-06-29T12:46:21+00:00,k3s-w2,Ready
2026-06-29T12:46:22+00:00,k3s-s1,Ready
2026-06-29T12:46:22+00:00,k3s-s2,NotReady
2026-06-29T12:46:22+00:00,k3s-s3,Ready
2026-06-29T12:46:22+00:00,k3s-w1,Ready
2026-06-29T12:46:22+00:00,k3s-w2,Ready
2026-06-29T12:46:23+00:00,k3s-s1,Ready
2026-06-29T12:46:23+00:00,k3s-s2,NotReady
2026-06-29T12:46:23+00:00,k3s-s3,Ready
2026-06-29T12:46:23+00:00,k3s-w1,Ready
2026-06-29T12:46:23+00:00,k3s-w2,Ready
2026-06-29T12:46:24+00:00,k3s-s1,Ready
2026-06-29T12:46:24+00:00,k3s-s2,NotReady
2026-06-29T12:46:24+00:00,k3s-s3,Ready
2026-06-29T12:46:24+00:00,k3s-w1,Ready
2026-06-29T12:46:24+00:00,k3s-w2,Ready
2026-06-29T12:46:25+00:00,k3s-s1,Ready
2026-06-29T12:46:25+00:00,k3s-s2,NotReady
2026-06-29T12:46:25+00:00,k3s-s3,Ready
2026-06-29T12:46:25+00:00,k3s-w1,Ready
2026-06-29T12:46:25+00:00,k3s-w2,Ready
2026-06-29T12:46:26+00:00,k3s-s1,Ready
2026-06-29T12:46:26+00:00,k3s-s2,NotReady
2026-06-29T12:46:26+00:00,k3s-s3,Ready
2026-06-29T12:46:26+00:00,k3s-w1,Ready
2026-06-29T12:46:26+00:00,k3s-w2,Ready
2026-06-29T12:46:28+00:00,k3s-s1,Ready
2026-06-29T12:46:28+00:00,k3s-s2,NotReady
2026-06-29T12:46:28+00:00,k3s-s3,Ready
2026-06-29T12:46:28+00:00,k3s-w1,Ready
2026-06-29T12:46:28+00:00,k3s-w2,Ready
2026-06-29T12:46:29+00:00,k3s-s1,Ready
2026-06-29T12:46:29+00:00,k3s-s2,NotReady
2026-06-29T12:46:29+00:00,k3s-s3,Ready
2026-06-29T12:46:29+00:00,k3s-w1,Ready
2026-06-29T12:46:29+00:00,k3s-w2,Ready
2026-06-29T12:46:30+00:00,k3s-s1,Ready
2026-06-29T12:46:30+00:00,k3s-s2,NotReady
2026-06-29T12:46:30+00:00,k3s-s3,Ready
2026-06-29T12:46:30+00:00,k3s-w1,Ready
2026-06-29T12:46:30+00:00,k3s-w2,Ready
2026-06-29T12:46:31+00:00,k3s-s1,Ready
2026-06-29T12:46:31+00:00,k3s-s2,NotReady
2026-06-29T12:46:31+00:00,k3s-s3,Ready
2026-06-29T12:46:31+00:00,k3s-w1,Ready
2026-06-29T12:46:31+00:00,k3s-w2,Ready
2026-06-29T12:46:32+00:00,k3s-s1,Ready
2026-06-29T12:46:32+00:00,k3s-s2,NotReady
2026-06-29T12:46:32+00:00,k3s-s3,Ready
2026-06-29T12:46:32+00:00,k3s-w1,Ready
2026-06-29T12:46:32+00:00,k3s-w2,Ready
2026-06-29T12:46:33+00:00,k3s-s1,Ready
2026-06-29T12:46:33+00:00,k3s-s2,NotReady
2026-06-29T12:46:33+00:00,k3s-s3,Ready
2026-06-29T12:46:33+00:00,k3s-w1,Ready
2026-06-29T12:46:33+00:00,k3s-w2,Ready
2026-06-29T12:46:34+00:00,k3s-s1,Ready
2026-06-29T12:46:34+00:00,k3s-s2,NotReady
2026-06-29T12:46:34+00:00,k3s-s3,Ready
2026-06-29T12:46:34+00:00,k3s-w1,Ready
2026-06-29T12:46:34+00:00,k3s-w2,Ready
2026-06-29T12:46:35+00:00,k3s-s1,Ready
2026-06-29T12:46:35+00:00,k3s-s2,NotReady
2026-06-29T12:46:35+00:00,k3s-s3,Ready
2026-06-29T12:46:35+00:00,k3s-w1,Ready
2026-06-29T12:46:35+00:00,k3s-w2,Ready
2026-06-29T12:46:36+00:00,k3s-s1,Ready
2026-06-29T12:46:36+00:00,k3s-s2,NotReady
2026-06-29T12:46:36+00:00,k3s-s3,Ready
2026-06-29T12:46:36+00:00,k3s-w1,Ready
2026-06-29T12:46:36+00:00,k3s-w2,Ready
2026-06-29T12:46:37+00:00,k3s-s1,Ready
2026-06-29T12:46:37+00:00,k3s-s2,NotReady
2026-06-29T12:46:37+00:00,k3s-s3,Ready
2026-06-29T12:46:37+00:00,k3s-w1,Ready
2026-06-29T12:46:37+00:00,k3s-w2,Ready
2026-06-29T12:46:38+00:00,k3s-s1,Ready
2026-06-29T12:46:38+00:00,k3s-s2,NotReady
2026-06-29T12:46:38+00:00,k3s-s3,Ready
2026-06-29T12:46:38+00:00,k3s-w1,Ready
2026-06-29T12:46:38+00:00,k3s-w2,Ready
2026-06-29T12:46:39+00:00,k3s-s1,Ready
2026-06-29T12:46:39+00:00,k3s-s2,NotReady
2026-06-29T12:46:39+00:00,k3s-s3,Ready
2026-06-29T12:46:39+00:00,k3s-w1,Ready
2026-06-29T12:46:39+00:00,k3s-w2,Ready
2026-06-29T12:46:40+00:00,k3s-s1,Ready
2026-06-29T12:46:40+00:00,k3s-s2,NotReady
2026-06-29T12:46:40+00:00,k3s-s3,Ready
2026-06-29T12:46:40+00:00,k3s-w1,Ready
2026-06-29T12:46:40+00:00,k3s-w2,Ready
2026-06-29T12:46:41+00:00,k3s-s1,Ready
2026-06-29T12:46:41+00:00,k3s-s2,NotReady
2026-06-29T12:46:41+00:00,k3s-s3,Ready
2026-06-29T12:46:41+00:00,k3s-w1,Ready
2026-06-29T12:46:41+00:00,k3s-w2,Ready
2026-06-29T12:46:42+00:00,k3s-s1,Ready
2026-06-29T12:46:42+00:00,k3s-s2,NotReady
2026-06-29T12:46:42+00:00,k3s-s3,Ready
2026-06-29T12:46:42+00:00,k3s-w1,Ready
2026-06-29T12:46:42+00:00,k3s-w2,Ready
2026-06-29T12:46:43+00:00,k3s-s1,Ready
2026-06-29T12:46:43+00:00,k3s-s2,NotReady
2026-06-29T12:46:43+00:00,k3s-s3,Ready
2026-06-29T12:46:43+00:00,k3s-w1,Ready
2026-06-29T12:46:43+00:00,k3s-w2,Ready
2026-06-29T12:46:44+00:00,k3s-s1,Ready
2026-06-29T12:46:44+00:00,k3s-s2,NotReady
2026-06-29T12:46:44+00:00,k3s-s3,Ready
2026-06-29T12:46:44+00:00,k3s-w1,Ready
2026-06-29T12:46:44+00:00,k3s-w2,Ready
2026-06-29T12:46:45+00:00,k3s-s1,Ready
2026-06-29T12:46:45+00:00,k3s-s2,NotReady
2026-06-29T12:46:45+00:00,k3s-s3,Ready
2026-06-29T12:46:45+00:00,k3s-w1,Ready
2026-06-29T12:46:45+00:00,k3s-w2,Ready
2026-06-29T12:46:46+00:00,k3s-s1,Ready
2026-06-29T12:46:46+00:00,k3s-s2,NotReady
2026-06-29T12:46:46+00:00,k3s-s3,Ready
2026-06-29T12:46:46+00:00,k3s-w1,Ready
2026-06-29T12:46:46+00:00,k3s-w2,Ready
2026-06-29T12:46:48+00:00,k3s-s1,Ready
2026-06-29T12:46:48+00:00,k3s-s2,NotReady
2026-06-29T12:46:48+00:00,k3s-s3,Ready
2026-06-29T12:46:48+00:00,k3s-w1,Ready
2026-06-29T12:46:48+00:00,k3s-w2,Ready
2026-06-29T12:46:49+00:00,k3s-s1,Ready
2026-06-29T12:46:49+00:00,k3s-s2,NotReady
2026-06-29T12:46:49+00:00,k3s-s3,Ready
2026-06-29T12:46:49+00:00,k3s-w1,Ready
2026-06-29T12:46:49+00:00,k3s-w2,Ready
2026-06-29T12:46:50+00:00,k3s-s1,Ready
2026-06-29T12:46:50+00:00,k3s-s2,NotReady
2026-06-29T12:46:50+00:00,k3s-s3,Ready
2026-06-29T12:46:50+00:00,k3s-w1,Ready
2026-06-29T12:46:50+00:00,k3s-w2,Ready
2026-06-29T12:46:51+00:00,k3s-s1,Ready
2026-06-29T12:46:51+00:00,k3s-s2,NotReady
2026-06-29T12:46:51+00:00,k3s-s3,Ready
2026-06-29T12:46:51+00:00,k3s-w1,Ready
2026-06-29T12:46:51+00:00,k3s-w2,Ready
2026-06-29T12:46:52+00:00,k3s-s1,Ready
2026-06-29T12:46:52+00:00,k3s-s2,NotReady
2026-06-29T12:46:52+00:00,k3s-s3,Ready
2026-06-29T12:46:52+00:00,k3s-w1,Ready
2026-06-29T12:46:52+00:00,k3s-w2,Ready
2026-06-29T12:46:53+00:00,k3s-s1,Ready
2026-06-29T12:46:53+00:00,k3s-s2,NotReady
2026-06-29T12:46:53+00:00,k3s-s3,Ready
2026-06-29T12:46:53+00:00,k3s-w1,Ready
2026-06-29T12:46:53+00:00,k3s-w2,Ready
2026-06-29T12:46:54+00:00,k3s-s1,Ready
2026-06-29T12:46:54+00:00,k3s-s2,NotReady
2026-06-29T12:46:54+00:00,k3s-s3,Ready
2026-06-29T12:46:54+00:00,k3s-w1,Ready
2026-06-29T12:46:54+00:00,k3s-w2,Ready
2026-06-29T12:46:55+00:00,k3s-s1,Ready
2026-06-29T12:46:55+00:00,k3s-s2,NotReady
2026-06-29T12:46:55+00:00,k3s-s3,Ready
2026-06-29T12:46:55+00:00,k3s-w1,Ready
2026-06-29T12:46:55+00:00,k3s-w2,Ready
2026-06-29T12:46:56+00:00,k3s-s1,Ready
2026-06-29T12:46:56+00:00,k3s-s2,NotReady
2026-06-29T12:46:56+00:00,k3s-s3,Ready
2026-06-29T12:46:56+00:00,k3s-w1,Ready
2026-06-29T12:46:56+00:00,k3s-w2,Ready
2026-06-29T12:46:57+00:00,k3s-s1,Ready
2026-06-29T12:46:57+00:00,k3s-s2,NotReady
2026-06-29T12:46:57+00:00,k3s-s3,Ready
2026-06-29T12:46:57+00:00,k3s-w1,Ready
2026-06-29T12:46:57+00:00,k3s-w2,Ready
2026-06-29T12:46:58+00:00,k3s-s1,Ready
2026-06-29T12:46:58+00:00,k3s-s2,NotReady
2026-06-29T12:46:58+00:00,k3s-s3,Ready
2026-06-29T12:46:58+00:00,k3s-w1,Ready
2026-06-29T12:46:58+00:00,k3s-w2,Ready
2026-06-29T12:46:59+00:00,k3s-s1,Ready
2026-06-29T12:46:59+00:00,k3s-s2,NotReady
2026-06-29T12:46:59+00:00,k3s-s3,Ready
2026-06-29T12:46:59+00:00,k3s-w1,Ready
2026-06-29T12:46:59+00:00,k3s-w2,Ready
2026-06-29T12:47:00+00:00,k3s-s1,Ready
2026-06-29T12:47:00+00:00,k3s-s2,NotReady
2026-06-29T12:47:00+00:00,k3s-s3,Ready
2026-06-29T12:47:00+00:00,k3s-w1,Ready
2026-06-29T12:47:00+00:00,k3s-w2,Ready
2026-06-29T12:47:01+00:00,k3s-s1,Ready
2026-06-29T12:47:01+00:00,k3s-s2,NotReady
2026-06-29T12:47:01+00:00,k3s-s3,Ready
2026-06-29T12:47:01+00:00,k3s-w1,Ready
2026-06-29T12:47:01+00:00,k3s-w2,Ready
2026-06-29T12:47:02+00:00,k3s-s1,Ready
2026-06-29T12:47:02+00:00,k3s-s2,NotReady
2026-06-29T12:47:02+00:00,k3s-s3,Ready
2026-06-29T12:47:02+00:00,k3s-w1,Ready
2026-06-29T12:47:02+00:00,k3s-w2,Ready
2026-06-29T12:47:03+00:00,k3s-s1,Ready
2026-06-29T12:47:03+00:00,k3s-s2,NotReady
2026-06-29T12:47:03+00:00,k3s-s3,Ready
2026-06-29T12:47:03+00:00,k3s-w1,Ready
2026-06-29T12:47:03+00:00,k3s-w2,Ready
2026-06-29T12:47:04+00:00,k3s-s1,Ready
2026-06-29T12:47:04+00:00,k3s-s2,NotReady
2026-06-29T12:47:04+00:00,k3s-s3,Ready
2026-06-29T12:47:04+00:00,k3s-w1,Ready
2026-06-29T12:47:04+00:00,k3s-w2,Ready
2026-06-29T12:47:05+00:00,k3s-s1,Ready
2026-06-29T12:47:05+00:00,k3s-s2,NotReady
2026-06-29T12:47:05+00:00,k3s-s3,Ready
2026-06-29T12:47:05+00:00,k3s-w1,Ready
2026-06-29T12:47:05+00:00,k3s-w2,Ready
2026-06-29T12:47:06+00:00,k3s-s1,Ready
2026-06-29T12:47:06+00:00,k3s-s2,NotReady
2026-06-29T12:47:06+00:00,k3s-s3,Ready
2026-06-29T12:47:06+00:00,k3s-w1,Ready
2026-06-29T12:47:06+00:00,k3s-w2,Ready
2026-06-29T12:47:08+00:00,k3s-s1,Ready
2026-06-29T12:47:08+00:00,k3s-s2,NotReady
2026-06-29T12:47:08+00:00,k3s-s3,Ready
2026-06-29T12:47:08+00:00,k3s-w1,Ready
2026-06-29T12:47:08+00:00,k3s-w2,Ready
2026-06-29T12:47:09+00:00,k3s-s1,Ready
2026-06-29T12:47:09+00:00,k3s-s2,NotReady
2026-06-29T12:47:09+00:00,k3s-s3,Ready
2026-06-29T12:47:09+00:00,k3s-w1,Ready
2026-06-29T12:47:09+00:00,k3s-w2,Ready
2026-06-29T12:47:10+00:00,k3s-s1,Ready
2026-06-29T12:47:10+00:00,k3s-s2,NotReady
2026-06-29T12:47:10+00:00,k3s-s3,Ready
2026-06-29T12:47:10+00:00,k3s-w1,Ready
2026-06-29T12:47:10+00:00,k3s-w2,Ready
2026-06-29T12:47:11+00:00,k3s-s1,Ready
2026-06-29T12:47:11+00:00,k3s-s2,NotReady
2026-06-29T12:47:11+00:00,k3s-s3,Ready
2026-06-29T12:47:11+00:00,k3s-w1,Ready
2026-06-29T12:47:11+00:00,k3s-w2,Ready
2026-06-29T12:47:12+00:00,k3s-s1,Ready
2026-06-29T12:47:12+00:00,k3s-s2,NotReady
2026-06-29T12:47:12+00:00,k3s-s3,Ready
2026-06-29T12:47:12+00:00,k3s-w1,Ready
2026-06-29T12:47:12+00:00,k3s-w2,Ready
2026-06-29T12:47:13+00:00,k3s-s1,Ready
2026-06-29T12:47:13+00:00,k3s-s2,NotReady
2026-06-29T12:47:13+00:00,k3s-s3,Ready
2026-06-29T12:47:13+00:00,k3s-w1,Ready
2026-06-29T12:47:13+00:00,k3s-w2,Ready
2026-06-29T12:47:14+00:00,k3s-s1,Ready
2026-06-29T12:47:14+00:00,k3s-s2,NotReady
2026-06-29T12:47:14+00:00,k3s-s3,Ready
2026-06-29T12:47:14+00:00,k3s-w1,Ready
2026-06-29T12:47:14+00:00,k3s-w2,Ready
2026-06-29T12:47:15+00:00,k3s-s1,Ready
2026-06-29T12:47:15+00:00,k3s-s2,NotReady
2026-06-29T12:47:15+00:00,k3s-s3,Ready
2026-06-29T12:47:15+00:00,k3s-w1,Ready
2026-06-29T12:47:15+00:00,k3s-w2,Ready
2026-06-29T12:47:16+00:00,k3s-s1,Ready
2026-06-29T12:47:16+00:00,k3s-s2,NotReady
2026-06-29T12:47:16+00:00,k3s-s3,Ready
2026-06-29T12:47:16+00:00,k3s-w1,Ready
2026-06-29T12:47:16+00:00,k3s-w2,Ready
2026-06-29T12:47:17+00:00,k3s-s1,Ready
2026-06-29T12:47:17+00:00,k3s-s2,NotReady
2026-06-29T12:47:17+00:00,k3s-s3,Ready
2026-06-29T12:47:17+00:00,k3s-w1,Ready
2026-06-29T12:47:17+00:00,k3s-w2,Ready
2026-06-29T12:47:18+00:00,k3s-s1,Ready
2026-06-29T12:47:18+00:00,k3s-s2,NotReady
2026-06-29T12:47:18+00:00,k3s-s3,Ready
2026-06-29T12:47:18+00:00,k3s-w1,Ready
2026-06-29T12:47:18+00:00,k3s-w2,Ready
2026-06-29T12:47:19+00:00,k3s-s1,Ready
2026-06-29T12:47:19+00:00,k3s-s2,NotReady
2026-06-29T12:47:19+00:00,k3s-s3,Ready
2026-06-29T12:47:19+00:00,k3s-w1,Ready
2026-06-29T12:47:19+00:00,k3s-w2,Ready
2026-06-29T12:47:20+00:00,k3s-s1,Ready
2026-06-29T12:47:20+00:00,k3s-s2,NotReady
2026-06-29T12:47:20+00:00,k3s-s3,Ready
2026-06-29T12:47:20+00:00,k3s-w1,Ready
2026-06-29T12:47:20+00:00,k3s-w2,Ready
2026-06-29T12:47:21+00:00,k3s-s1,Ready
2026-06-29T12:47:21+00:00,k3s-s2,NotReady
2026-06-29T12:47:21+00:00,k3s-s3,Ready
2026-06-29T12:47:21+00:00,k3s-w1,Ready
2026-06-29T12:47:21+00:00,k3s-w2,Ready
2026-06-29T12:47:22+00:00,k3s-s1,Ready
2026-06-29T12:47:22+00:00,k3s-s2,NotReady
2026-06-29T12:47:22+00:00,k3s-s3,Ready
2026-06-29T12:47:22+00:00,k3s-w1,Ready
2026-06-29T12:47:22+00:00,k3s-w2,Ready
2026-06-29T12:47:23+00:00,k3s-s1,Ready
2026-06-29T12:47:23+00:00,k3s-s2,NotReady
2026-06-29T12:47:23+00:00,k3s-s3,Ready
2026-06-29T12:47:23+00:00,k3s-w1,Ready
2026-06-29T12:47:23+00:00,k3s-w2,Ready
2026-06-29T12:47:24+00:00,k3s-s1,Ready
2026-06-29T12:47:24+00:00,k3s-s2,NotReady
2026-06-29T12:47:24+00:00,k3s-s3,Ready
2026-06-29T12:47:24+00:00,k3s-w1,Ready
2026-06-29T12:47:24+00:00,k3s-w2,Ready
2026-06-29T12:47:25+00:00,k3s-s1,Ready
2026-06-29T12:47:25+00:00,k3s-s2,NotReady
2026-06-29T12:47:25+00:00,k3s-s3,Ready
2026-06-29T12:47:25+00:00,k3s-w1,Ready
2026-06-29T12:47:25+00:00,k3s-w2,Ready
2026-06-29T12:47:26+00:00,k3s-s1,Ready
2026-06-29T12:47:26+00:00,k3s-s2,NotReady
2026-06-29T12:47:26+00:00,k3s-s3,Ready
2026-06-29T12:47:26+00:00,k3s-w1,Ready
2026-06-29T12:47:26+00:00,k3s-w2,Ready
2026-06-29T12:47:28+00:00,k3s-s1,Ready
2026-06-29T12:47:28+00:00,k3s-s2,NotReady
2026-06-29T12:47:28+00:00,k3s-s3,Ready
2026-06-29T12:47:28+00:00,k3s-w1,Ready
2026-06-29T12:47:28+00:00,k3s-w2,Ready
2026-06-29T12:47:29+00:00,k3s-s1,Ready
2026-06-29T12:47:29+00:00,k3s-s2,NotReady
2026-06-29T12:47:29+00:00,k3s-s3,Ready
2026-06-29T12:47:29+00:00,k3s-w1,Ready
2026-06-29T12:47:29+00:00,k3s-w2,Ready
2026-06-29T12:47:30+00:00,k3s-s1,Ready
2026-06-29T12:47:30+00:00,k3s-s2,NotReady
2026-06-29T12:47:30+00:00,k3s-s3,Ready
2026-06-29T12:47:30+00:00,k3s-w1,Ready
2026-06-29T12:47:30+00:00,k3s-w2,Ready
2026-06-29T12:47:31+00:00,k3s-s1,Ready
2026-06-29T12:47:31+00:00,k3s-s2,NotReady
2026-06-29T12:47:31+00:00,k3s-s3,Ready
2026-06-29T12:47:31+00:00,k3s-w1,Ready
2026-06-29T12:47:31+00:00,k3s-w2,Ready
2026-06-29T12:47:32+00:00,k3s-s1,Ready
2026-06-29T12:47:32+00:00,k3s-s2,NotReady
2026-06-29T12:47:32+00:00,k3s-s3,Ready
2026-06-29T12:47:32+00:00,k3s-w1,Ready
2026-06-29T12:47:32+00:00,k3s-w2,Ready
2026-06-29T12:47:33+00:00,k3s-s1,Ready
2026-06-29T12:47:33+00:00,k3s-s2,NotReady
2026-06-29T12:47:33+00:00,k3s-s3,Ready
2026-06-29T12:47:33+00:00,k3s-w1,Ready
2026-06-29T12:47:33+00:00,k3s-w2,Ready
2026-06-29T12:47:34+00:00,k3s-s1,Ready
2026-06-29T12:47:34+00:00,k3s-s2,NotReady
2026-06-29T12:47:34+00:00,k3s-s3,Ready
2026-06-29T12:47:34+00:00,k3s-w1,Ready
2026-06-29T12:47:34+00:00,k3s-w2,Ready
2026-06-29T12:47:35+00:00,k3s-s1,Ready
2026-06-29T12:47:35+00:00,k3s-s2,NotReady
2026-06-29T12:47:35+00:00,k3s-s3,Ready
2026-06-29T12:47:35+00:00,k3s-w1,Ready
2026-06-29T12:47:35+00:00,k3s-w2,Ready
2026-06-29T12:47:36+00:00,k3s-s1,Ready
2026-06-29T12:47:36+00:00,k3s-s2,NotReady
2026-06-29T12:47:36+00:00,k3s-s3,Ready
2026-06-29T12:47:36+00:00,k3s-w1,Ready
2026-06-29T12:47:36+00:00,k3s-w2,Ready
2026-06-29T12:47:37+00:00,k3s-s1,Ready
2026-06-29T12:47:37+00:00,k3s-s2,NotReady
2026-06-29T12:47:37+00:00,k3s-s3,Ready
2026-06-29T12:47:37+00:00,k3s-w1,Ready
2026-06-29T12:47:37+00:00,k3s-w2,Ready
2026-06-29T12:47:38+00:00,k3s-s1,Ready
2026-06-29T12:47:38+00:00,k3s-s2,NotReady
2026-06-29T12:47:38+00:00,k3s-s3,Ready
2026-06-29T12:47:38+00:00,k3s-w1,Ready
2026-06-29T12:47:38+00:00,k3s-w2,Ready
2026-06-29T12:47:39+00:00,k3s-s1,Ready
2026-06-29T12:47:39+00:00,k3s-s2,NotReady
2026-06-29T12:47:39+00:00,k3s-s3,Ready
2026-06-29T12:47:39+00:00,k3s-w1,Ready
2026-06-29T12:47:39+00:00,k3s-w2,Ready
2026-06-29T12:47:40+00:00,k3s-s1,Ready
2026-06-29T12:47:40+00:00,k3s-s2,NotReady
2026-06-29T12:47:40+00:00,k3s-s3,Ready
2026-06-29T12:47:40+00:00,k3s-w1,Ready
2026-06-29T12:47:40+00:00,k3s-w2,Ready
2026-06-29T12:47:41+00:00,k3s-s1,Ready
2026-06-29T12:47:41+00:00,k3s-s2,NotReady
2026-06-29T12:47:41+00:00,k3s-s3,Ready
2026-06-29T12:47:41+00:00,k3s-w1,Ready
2026-06-29T12:47:41+00:00,k3s-w2,Ready
2026-06-29T12:47:42+00:00,k3s-s1,Ready
2026-06-29T12:47:42+00:00,k3s-s2,NotReady
2026-06-29T12:47:42+00:00,k3s-s3,Ready
2026-06-29T12:47:42+00:00,k3s-w1,Ready
2026-06-29T12:47:42+00:00,k3s-w2,Ready
2026-06-29T12:47:43+00:00,k3s-s1,Ready
2026-06-29T12:47:43+00:00,k3s-s2,NotReady
2026-06-29T12:47:43+00:00,k3s-s3,Ready
2026-06-29T12:47:43+00:00,k3s-w1,Ready
2026-06-29T12:47:43+00:00,k3s-w2,Ready
2026-06-29T12:47:44+00:00,k3s-s1,Ready
2026-06-29T12:47:44+00:00,k3s-s2,NotReady
2026-06-29T12:47:44+00:00,k3s-s3,Ready
2026-06-29T12:47:44+00:00,k3s-w1,Ready
2026-06-29T12:47:44+00:00,k3s-w2,Ready
2026-06-29T12:47:45+00:00,k3s-s1,Ready
2026-06-29T12:47:45+00:00,k3s-s2,NotReady
2026-06-29T12:47:45+00:00,k3s-s3,Ready
2026-06-29T12:47:45+00:00,k3s-w1,Ready
2026-06-29T12:47:45+00:00,k3s-w2,Ready
2026-06-29T12:47:46+00:00,k3s-s1,Ready
2026-06-29T12:47:46+00:00,k3s-s2,NotReady
2026-06-29T12:47:46+00:00,k3s-s3,Ready
2026-06-29T12:47:46+00:00,k3s-w1,Ready
2026-06-29T12:47:46+00:00,k3s-w2,Ready
2026-06-29T12:47:48+00:00,k3s-s1,Ready
2026-06-29T12:47:48+00:00,k3s-s2,NotReady
2026-06-29T12:47:48+00:00,k3s-s3,Ready
2026-06-29T12:47:48+00:00,k3s-w1,Ready
2026-06-29T12:47:48+00:00,k3s-w2,Ready
2026-06-29T12:47:49+00:00,k3s-s1,Ready
2026-06-29T12:47:49+00:00,k3s-s2,NotReady
2026-06-29T12:47:49+00:00,k3s-s3,Ready
2026-06-29T12:47:49+00:00,k3s-w1,Ready
2026-06-29T12:47:49+00:00,k3s-w2,Ready
2026-06-29T12:47:50+00:00,k3s-s1,Ready
2026-06-29T12:47:50+00:00,k3s-s2,NotReady
2026-06-29T12:47:50+00:00,k3s-s3,Ready
2026-06-29T12:47:50+00:00,k3s-w1,Ready
2026-06-29T12:47:50+00:00,k3s-w2,Ready
2026-06-29T12:47:51+00:00,k3s-s1,Ready
2026-06-29T12:47:51+00:00,k3s-s2,NotReady
2026-06-29T12:47:51+00:00,k3s-s3,Ready
2026-06-29T12:47:51+00:00,k3s-w1,Ready
2026-06-29T12:47:51+00:00,k3s-w2,Ready
2026-06-29T12:47:52+00:00,k3s-s1,Ready
2026-06-29T12:47:52+00:00,k3s-s2,NotReady
2026-06-29T12:47:52+00:00,k3s-s3,Ready
2026-06-29T12:47:52+00:00,k3s-w1,Ready
2026-06-29T12:47:52+00:00,k3s-w2,Ready
2026-06-29T12:47:53+00:00,k3s-s1,Ready
2026-06-29T12:47:53+00:00,k3s-s2,NotReady
2026-06-29T12:47:53+00:00,k3s-s3,Ready
2026-06-29T12:47:53+00:00,k3s-w1,Ready
2026-06-29T12:47:53+00:00,k3s-w2,Ready
2026-06-29T12:47:54+00:00,k3s-s1,Ready
2026-06-29T12:47:54+00:00,k3s-s2,NotReady
2026-06-29T12:47:54+00:00,k3s-s3,Ready
2026-06-29T12:47:54+00:00,k3s-w1,Ready
2026-06-29T12:47:54+00:00,k3s-w2,Ready
2026-06-29T12:47:55+00:00,k3s-s1,Ready
2026-06-29T12:47:55+00:00,k3s-s2,NotReady
2026-06-29T12:47:55+00:00,k3s-s3,Ready
2026-06-29T12:47:55+00:00,k3s-w1,Ready
2026-06-29T12:47:55+00:00,k3s-w2,Ready
2026-06-29T12:47:56+00:00,k3s-s1,Ready
2026-06-29T12:47:56+00:00,k3s-s2,NotReady
2026-06-29T12:47:56+00:00,k3s-s3,Ready
2026-06-29T12:47:56+00:00,k3s-w1,Ready
2026-06-29T12:47:56+00:00,k3s-w2,Ready
2026-06-29T12:47:57+00:00,k3s-s1,Ready
2026-06-29T12:47:57+00:00,k3s-s2,NotReady
2026-06-29T12:47:57+00:00,k3s-s3,Ready
2026-06-29T12:47:57+00:00,k3s-w1,Ready
2026-06-29T12:47:57+00:00,k3s-w2,Ready
2026-06-29T12:47:58+00:00,k3s-s1,Ready
2026-06-29T12:47:58+00:00,k3s-s2,NotReady
2026-06-29T12:47:58+00:00,k3s-s3,Ready
2026-06-29T12:47:58+00:00,k3s-w1,Ready
2026-06-29T12:47:58+00:00,k3s-w2,Ready
2026-06-29T12:47:59+00:00,k3s-s1,Ready
2026-06-29T12:47:59+00:00,k3s-s2,NotReady
2026-06-29T12:47:59+00:00,k3s-s3,Ready
2026-06-29T12:47:59+00:00,k3s-w1,Ready
2026-06-29T12:47:59+00:00,k3s-w2,Ready
2026-06-29T12:48:00+00:00,k3s-s1,Ready
2026-06-29T12:48:00+00:00,k3s-s2,NotReady
2026-06-29T12:48:00+00:00,k3s-s3,Ready
2026-06-29T12:48:00+00:00,k3s-w1,Ready
2026-06-29T12:48:00+00:00,k3s-w2,Ready
2026-06-29T12:48:01+00:00,k3s-s1,Ready
2026-06-29T12:48:01+00:00,k3s-s2,NotReady
2026-06-29T12:48:01+00:00,k3s-s3,Ready
2026-06-29T12:48:01+00:00,k3s-w1,Ready
2026-06-29T12:48:01+00:00,k3s-w2,Ready
2026-06-29T12:48:02+00:00,k3s-s1,Ready
2026-06-29T12:48:02+00:00,k3s-s2,NotReady
2026-06-29T12:48:02+00:00,k3s-s3,Ready
2026-06-29T12:48:02+00:00,k3s-w1,Ready
2026-06-29T12:48:02+00:00,k3s-w2,Ready
2026-06-29T12:48:03+00:00,k3s-s1,Ready
2026-06-29T12:48:03+00:00,k3s-s2,NotReady
2026-06-29T12:48:03+00:00,k3s-s3,Ready
2026-06-29T12:48:03+00:00,k3s-w1,Ready
2026-06-29T12:48:03+00:00,k3s-w2,Ready
2026-06-29T12:48:04+00:00,k3s-s1,Ready
2026-06-29T12:48:04+00:00,k3s-s2,NotReady
2026-06-29T12:48:04+00:00,k3s-s3,Ready
2026-06-29T12:48:04+00:00,k3s-w1,Ready
2026-06-29T12:48:04+00:00,k3s-w2,Ready
2026-06-29T12:48:05+00:00,k3s-s1,Ready
2026-06-29T12:48:05+00:00,k3s-s2,NotReady
2026-06-29T12:48:05+00:00,k3s-s3,Ready
2026-06-29T12:48:05+00:00,k3s-w1,Ready
2026-06-29T12:48:05+00:00,k3s-w2,Ready
2026-06-29T12:48:06+00:00,k3s-s1,Ready
2026-06-29T12:48:06+00:00,k3s-s2,NotReady
2026-06-29T12:48:06+00:00,k3s-s3,Ready
2026-06-29T12:48:06+00:00,k3s-w1,Ready
2026-06-29T12:48:06+00:00,k3s-w2,Ready
2026-06-29T12:48:08+00:00,k3s-s1,Ready
2026-06-29T12:48:08+00:00,k3s-s2,NotReady
2026-06-29T12:48:08+00:00,k3s-s3,Ready
2026-06-29T12:48:08+00:00,k3s-w1,Ready
2026-06-29T12:48:08+00:00,k3s-w2,Ready
2026-06-29T12:48:09+00:00,k3s-s1,Ready
2026-06-29T12:48:09+00:00,k3s-s2,NotReady
2026-06-29T12:48:09+00:00,k3s-s3,Ready
2026-06-29T12:48:09+00:00,k3s-w1,Ready
2026-06-29T12:48:09+00:00,k3s-w2,Ready
2026-06-29T12:48:10+00:00,k3s-s1,Ready
2026-06-29T12:48:10+00:00,k3s-s2,NotReady
2026-06-29T12:48:10+00:00,k3s-s3,Ready
2026-06-29T12:48:10+00:00,k3s-w1,Ready
2026-06-29T12:48:10+00:00,k3s-w2,Ready
2026-06-29T12:48:11+00:00,k3s-s1,Ready
2026-06-29T12:48:11+00:00,k3s-s2,NotReady
2026-06-29T12:48:11+00:00,k3s-s3,Ready
2026-06-29T12:48:11+00:00,k3s-w1,Ready
2026-06-29T12:48:11+00:00,k3s-w2,Ready
2026-06-29T12:48:12+00:00,k3s-s1,Ready
2026-06-29T12:48:12+00:00,k3s-s2,NotReady
2026-06-29T12:48:12+00:00,k3s-s3,Ready
2026-06-29T12:48:12+00:00,k3s-w1,Ready
2026-06-29T12:48:12+00:00,k3s-w2,Ready
2026-06-29T12:48:13+00:00,k3s-s1,Ready
2026-06-29T12:48:13+00:00,k3s-s2,NotReady
2026-06-29T12:48:13+00:00,k3s-s3,Ready
2026-06-29T12:48:13+00:00,k3s-w1,Ready
2026-06-29T12:48:13+00:00,k3s-w2,Ready
2026-06-29T12:48:14+00:00,k3s-s1,Ready
2026-06-29T12:48:14+00:00,k3s-s2,NotReady
2026-06-29T12:48:14+00:00,k3s-s3,Ready
2026-06-29T12:48:14+00:00,k3s-w1,Ready
2026-06-29T12:48:14+00:00,k3s-w2,Ready
2026-06-29T12:48:15+00:00,k3s-s1,Ready
2026-06-29T12:48:15+00:00,k3s-s2,NotReady
2026-06-29T12:48:15+00:00,k3s-s3,Ready
2026-06-29T12:48:15+00:00,k3s-w1,Ready
2026-06-29T12:48:15+00:00,k3s-w2,Ready
2026-06-29T12:48:16+00:00,k3s-s1,Ready
2026-06-29T12:48:16+00:00,k3s-s2,NotReady
2026-06-29T12:48:16+00:00,k3s-s3,Ready
2026-06-29T12:48:16+00:00,k3s-w1,Ready
2026-06-29T12:48:16+00:00,k3s-w2,Ready
2026-06-29T12:48:17+00:00,k3s-s1,Ready
2026-06-29T12:48:17+00:00,k3s-s2,NotReady
2026-06-29T12:48:17+00:00,k3s-s3,Ready
2026-06-29T12:48:17+00:00,k3s-w1,Ready
2026-06-29T12:48:17+00:00,k3s-w2,Ready
2026-06-29T12:48:18+00:00,k3s-s1,Ready
2026-06-29T12:48:18+00:00,k3s-s2,NotReady
2026-06-29T12:48:18+00:00,k3s-s3,Ready
2026-06-29T12:48:18+00:00,k3s-w1,Ready
2026-06-29T12:48:18+00:00,k3s-w2,Ready
2026-06-29T12:48:19+00:00,k3s-s1,Ready
2026-06-29T12:48:19+00:00,k3s-s2,NotReady
2026-06-29T12:48:19+00:00,k3s-s3,Ready
2026-06-29T12:48:19+00:00,k3s-w1,Ready
2026-06-29T12:48:19+00:00,k3s-w2,Ready
2026-06-29T12:48:20+00:00,k3s-s1,Ready
2026-06-29T12:48:20+00:00,k3s-s2,NotReady
2026-06-29T12:48:20+00:00,k3s-s3,Ready
2026-06-29T12:48:20+00:00,k3s-w1,Ready
2026-06-29T12:48:20+00:00,k3s-w2,Ready
2026-06-29T12:48:21+00:00,k3s-s1,Ready
2026-06-29T12:48:21+00:00,k3s-s2,NotReady
2026-06-29T12:48:21+00:00,k3s-s3,Ready
2026-06-29T12:48:21+00:00,k3s-w1,Ready
2026-06-29T12:48:21+00:00,k3s-w2,Ready
2026-06-29T12:48:22+00:00,k3s-s1,Ready
2026-06-29T12:48:22+00:00,k3s-s2,NotReady
2026-06-29T12:48:22+00:00,k3s-s3,Ready
2026-06-29T12:48:22+00:00,k3s-w1,Ready
2026-06-29T12:48:22+00:00,k3s-w2,Ready
2026-06-29T12:48:23+00:00,k3s-s1,Ready
2026-06-29T12:48:23+00:00,k3s-s2,NotReady
2026-06-29T12:48:23+00:00,k3s-s3,Ready
2026-06-29T12:48:23+00:00,k3s-w1,Ready
2026-06-29T12:48:23+00:00,k3s-w2,Ready
2026-06-29T12:48:24+00:00,k3s-s1,Ready
2026-06-29T12:48:24+00:00,k3s-s2,NotReady
2026-06-29T12:48:24+00:00,k3s-s3,Ready
2026-06-29T12:48:24+00:00,k3s-w1,Ready
2026-06-29T12:48:24+00:00,k3s-w2,Ready
2026-06-29T12:48:25+00:00,k3s-s1,Ready
2026-06-29T12:48:25+00:00,k3s-s2,NotReady
2026-06-29T12:48:25+00:00,k3s-s3,Ready
2026-06-29T12:48:25+00:00,k3s-w1,Ready
2026-06-29T12:48:25+00:00,k3s-w2,Ready
2026-06-29T12:48:26+00:00,k3s-s1,Ready
2026-06-29T12:48:26+00:00,k3s-s2,NotReady
2026-06-29T12:48:26+00:00,k3s-s3,Ready
2026-06-29T12:48:26+00:00,k3s-w1,Ready
2026-06-29T12:48:26+00:00,k3s-w2,Ready
2026-06-29T12:48:28+00:00,k3s-s1,Ready
2026-06-29T12:48:28+00:00,k3s-s2,NotReady
2026-06-29T12:48:28+00:00,k3s-s3,Ready
2026-06-29T12:48:28+00:00,k3s-w1,Ready
2026-06-29T12:48:28+00:00,k3s-w2,Ready
2026-06-29T12:48:29+00:00,k3s-s1,Ready
2026-06-29T12:48:29+00:00,k3s-s2,NotReady
2026-06-29T12:48:29+00:00,k3s-s3,Ready
2026-06-29T12:48:29+00:00,k3s-w1,Ready
2026-06-29T12:48:29+00:00,k3s-w2,Ready
2026-06-29T12:48:30+00:00,k3s-s1,Ready
2026-06-29T12:48:30+00:00,k3s-s2,NotReady
2026-06-29T12:48:30+00:00,k3s-s3,Ready
2026-06-29T12:48:30+00:00,k3s-w1,Ready
2026-06-29T12:48:30+00:00,k3s-w2,Ready
2026-06-29T12:48:31+00:00,k3s-s1,Ready
2026-06-29T12:48:31+00:00,k3s-s2,NotReady
2026-06-29T12:48:31+00:00,k3s-s3,Ready
2026-06-29T12:48:31+00:00,k3s-w1,Ready
2026-06-29T12:48:31+00:00,k3s-w2,Ready
2026-06-29T12:48:32+00:00,k3s-s1,Ready
2026-06-29T12:48:32+00:00,k3s-s2,NotReady
2026-06-29T12:48:32+00:00,k3s-s3,Ready
2026-06-29T12:48:32+00:00,k3s-w1,Ready
2026-06-29T12:48:32+00:00,k3s-w2,Ready
2026-06-29T12:48:33+00:00,k3s-s1,Ready
2026-06-29T12:48:33+00:00,k3s-s2,NotReady
2026-06-29T12:48:33+00:00,k3s-s3,Ready
2026-06-29T12:48:33+00:00,k3s-w1,Ready
2026-06-29T12:48:33+00:00,k3s-w2,Ready
2026-06-29T12:48:34+00:00,k3s-s1,Ready
2026-06-29T12:48:34+00:00,k3s-s2,NotReady
2026-06-29T12:48:34+00:00,k3s-s3,Ready
2026-06-29T12:48:34+00:00,k3s-w1,Ready
2026-06-29T12:48:34+00:00,k3s-w2,Ready
2026-06-29T12:48:35+00:00,k3s-s1,Ready
2026-06-29T12:48:35+00:00,k3s-s2,NotReady
2026-06-29T12:48:35+00:00,k3s-s3,Ready
2026-06-29T12:48:35+00:00,k3s-w1,Ready
2026-06-29T12:48:35+00:00,k3s-w2,Ready
2026-06-29T12:48:36+00:00,k3s-s1,Ready
2026-06-29T12:48:36+00:00,k3s-s2,NotReady
2026-06-29T12:48:36+00:00,k3s-s3,Ready
2026-06-29T12:48:36+00:00,k3s-w1,Ready
2026-06-29T12:48:36+00:00,k3s-w2,Ready
2026-06-29T12:48:37+00:00,k3s-s1,Ready
2026-06-29T12:48:37+00:00,k3s-s2,NotReady
2026-06-29T12:48:37+00:00,k3s-s3,Ready
2026-06-29T12:48:37+00:00,k3s-w1,Ready
2026-06-29T12:48:37+00:00,k3s-w2,Ready
2026-06-29T12:48:38+00:00,k3s-s1,Ready
2026-06-29T12:48:38+00:00,k3s-s2,NotReady
2026-06-29T12:48:38+00:00,k3s-s3,Ready
2026-06-29T12:48:38+00:00,k3s-w1,Ready
2026-06-29T12:48:38+00:00,k3s-w2,Ready
2026-06-29T12:48:39+00:00,k3s-s1,Ready
2026-06-29T12:48:39+00:00,k3s-s2,NotReady
2026-06-29T12:48:39+00:00,k3s-s3,Ready
2026-06-29T12:48:39+00:00,k3s-w1,Ready
2026-06-29T12:48:39+00:00,k3s-w2,Ready
2026-06-29T12:48:40+00:00,k3s-s1,Ready
2026-06-29T12:48:40+00:00,k3s-s2,NotReady
2026-06-29T12:48:40+00:00,k3s-s3,Ready
2026-06-29T12:48:40+00:00,k3s-w1,Ready
2026-06-29T12:48:40+00:00,k3s-w2,Ready
2026-06-29T12:48:41+00:00,k3s-s1,Ready
2026-06-29T12:48:41+00:00,k3s-s2,NotReady
2026-06-29T12:48:41+00:00,k3s-s3,Ready
2026-06-29T12:48:41+00:00,k3s-w1,Ready
2026-06-29T12:48:41+00:00,k3s-w2,Ready
2026-06-29T12:48:42+00:00,k3s-s1,Ready
2026-06-29T12:48:42+00:00,k3s-s2,NotReady
2026-06-29T12:48:42+00:00,k3s-s3,Ready
2026-06-29T12:48:42+00:00,k3s-w1,Ready
2026-06-29T12:48:42+00:00,k3s-w2,Ready
2026-06-29T12:48:43+00:00,k3s-s1,Ready
2026-06-29T12:48:43+00:00,k3s-s2,NotReady
2026-06-29T12:48:43+00:00,k3s-s3,Ready
2026-06-29T12:48:43+00:00,k3s-w1,Ready
2026-06-29T12:48:43+00:00,k3s-w2,Ready
2026-06-29T12:48:44+00:00,k3s-s1,Ready
2026-06-29T12:48:44+00:00,k3s-s2,NotReady
2026-06-29T12:48:44+00:00,k3s-s3,Ready
2026-06-29T12:48:44+00:00,k3s-w1,Ready
2026-06-29T12:48:44+00:00,k3s-w2,Ready
2026-06-29T12:48:45+00:00,k3s-s1,Ready
2026-06-29T12:48:45+00:00,k3s-s2,NotReady
2026-06-29T12:48:45+00:00,k3s-s3,Ready
2026-06-29T12:48:45+00:00,k3s-w1,Ready
2026-06-29T12:48:45+00:00,k3s-w2,Ready
2026-06-29T12:48:46+00:00,k3s-s1,Ready
2026-06-29T12:48:46+00:00,k3s-s2,NotReady
2026-06-29T12:48:46+00:00,k3s-s3,Ready
2026-06-29T12:48:46+00:00,k3s-w1,Ready
2026-06-29T12:48:46+00:00,k3s-w2,Ready
2026-06-29T12:48:48+00:00,k3s-s1,Ready
2026-06-29T12:48:48+00:00,k3s-s2,NotReady
2026-06-29T12:48:48+00:00,k3s-s3,Ready
2026-06-29T12:48:48+00:00,k3s-w1,Ready
2026-06-29T12:48:48+00:00,k3s-w2,Ready
2026-06-29T12:48:49+00:00,k3s-s1,Ready
2026-06-29T12:48:49+00:00,k3s-s2,NotReady
2026-06-29T12:48:49+00:00,k3s-s3,Ready
2026-06-29T12:48:49+00:00,k3s-w1,Ready
2026-06-29T12:48:49+00:00,k3s-w2,Ready
2026-06-29T12:48:50+00:00,k3s-s1,Ready
2026-06-29T12:48:50+00:00,k3s-s2,NotReady
2026-06-29T12:48:50+00:00,k3s-s3,Ready
2026-06-29T12:48:50+00:00,k3s-w1,Ready
2026-06-29T12:48:50+00:00,k3s-w2,Ready
2026-06-29T12:48:51+00:00,k3s-s1,Ready
2026-06-29T12:48:51+00:00,k3s-s2,NotReady
2026-06-29T12:48:51+00:00,k3s-s3,Ready
2026-06-29T12:48:51+00:00,k3s-w1,Ready
2026-06-29T12:48:51+00:00,k3s-w2,Ready
2026-06-29T12:48:52+00:00,k3s-s1,Ready
2026-06-29T12:48:52+00:00,k3s-s2,NotReady
2026-06-29T12:48:52+00:00,k3s-s3,Ready
2026-06-29T12:48:52+00:00,k3s-w1,Ready
2026-06-29T12:48:52+00:00,k3s-w2,Ready
2026-06-29T12:48:53+00:00,k3s-s1,Ready
2026-06-29T12:48:53+00:00,k3s-s2,NotReady
2026-06-29T12:48:53+00:00,k3s-s3,Ready
2026-06-29T12:48:53+00:00,k3s-w1,Ready
2026-06-29T12:48:53+00:00,k3s-w2,Ready
2026-06-29T12:48:54+00:00,k3s-s1,Ready
2026-06-29T12:48:54+00:00,k3s-s2,NotReady
2026-06-29T12:48:54+00:00,k3s-s3,Ready
2026-06-29T12:48:54+00:00,k3s-w1,Ready
2026-06-29T12:48:54+00:00,k3s-w2,Ready
2026-06-29T12:48:55+00:00,k3s-s1,Ready
2026-06-29T12:48:55+00:00,k3s-s2,NotReady
2026-06-29T12:48:55+00:00,k3s-s3,Ready
2026-06-29T12:48:55+00:00,k3s-w1,Ready
2026-06-29T12:48:55+00:00,k3s-w2,Ready
2026-06-29T12:48:56+00:00,k3s-s1,Ready
2026-06-29T12:48:56+00:00,k3s-s2,NotReady
2026-06-29T12:48:56+00:00,k3s-s3,Ready
2026-06-29T12:48:56+00:00,k3s-w1,Ready
2026-06-29T12:48:56+00:00,k3s-w2,Ready
2026-06-29T12:48:57+00:00,k3s-s1,Ready
2026-06-29T12:48:57+00:00,k3s-s2,NotReady
2026-06-29T12:48:57+00:00,k3s-s3,Ready
2026-06-29T12:48:57+00:00,k3s-w1,Ready
2026-06-29T12:48:57+00:00,k3s-w2,Ready
2026-06-29T12:48:58+00:00,k3s-s1,Ready
2026-06-29T12:48:58+00:00,k3s-s2,NotReady
2026-06-29T12:48:58+00:00,k3s-s3,Ready
2026-06-29T12:48:58+00:00,k3s-w1,Ready
2026-06-29T12:48:58+00:00,k3s-w2,Ready
2026-06-29T12:48:59+00:00,k3s-s1,Ready
2026-06-29T12:48:59+00:00,k3s-s2,NotReady
2026-06-29T12:48:59+00:00,k3s-s3,Ready
2026-06-29T12:48:59+00:00,k3s-w1,Ready
2026-06-29T12:48:59+00:00,k3s-w2,Ready
2026-06-29T12:49:00+00:00,k3s-s1,Ready
2026-06-29T12:49:00+00:00,k3s-s2,NotReady
2026-06-29T12:49:00+00:00,k3s-s3,Ready
2026-06-29T12:49:00+00:00,k3s-w1,Ready
2026-06-29T12:49:00+00:00,k3s-w2,Ready
2026-06-29T12:49:01+00:00,k3s-s1,Ready
2026-06-29T12:49:01+00:00,k3s-s2,NotReady
2026-06-29T12:49:01+00:00,k3s-s3,Ready
2026-06-29T12:49:01+00:00,k3s-w1,Ready
2026-06-29T12:49:01+00:00,k3s-w2,Ready
2026-06-29T12:49:02+00:00,k3s-s1,Ready
2026-06-29T12:49:02+00:00,k3s-s2,NotReady
2026-06-29T12:49:02+00:00,k3s-s3,Ready
2026-06-29T12:49:02+00:00,k3s-w1,Ready
2026-06-29T12:49:02+00:00,k3s-w2,Ready
2026-06-29T12:49:03+00:00,k3s-s1,Ready
2026-06-29T12:49:03+00:00,k3s-s2,NotReady
2026-06-29T12:49:03+00:00,k3s-s3,Ready
2026-06-29T12:49:03+00:00,k3s-w1,Ready
2026-06-29T12:49:03+00:00,k3s-w2,Ready
2026-06-29T12:49:04+00:00,k3s-s1,Ready
2026-06-29T12:49:04+00:00,k3s-s2,NotReady
2026-06-29T12:49:04+00:00,k3s-s3,Ready
2026-06-29T12:49:04+00:00,k3s-w1,Ready
2026-06-29T12:49:04+00:00,k3s-w2,Ready
2026-06-29T12:49:05+00:00,k3s-s1,Ready
2026-06-29T12:49:05+00:00,k3s-s2,NotReady
2026-06-29T12:49:05+00:00,k3s-s3,Ready
2026-06-29T12:49:05+00:00,k3s-w1,Ready
2026-06-29T12:49:05+00:00,k3s-w2,Ready
2026-06-29T12:49:06+00:00,k3s-s1,Ready
2026-06-29T12:49:06+00:00,k3s-s2,NotReady
2026-06-29T12:49:06+00:00,k3s-s3,Ready
2026-06-29T12:49:06+00:00,k3s-w1,Ready
2026-06-29T12:49:06+00:00,k3s-w2,Ready
2026-06-29T12:49:08+00:00,k3s-s1,Ready
2026-06-29T12:49:08+00:00,k3s-s2,NotReady
2026-06-29T12:49:08+00:00,k3s-s3,Ready
2026-06-29T12:49:08+00:00,k3s-w1,Ready
2026-06-29T12:49:08+00:00,k3s-w2,Ready
2026-06-29T12:49:09+00:00,k3s-s1,Ready
2026-06-29T12:49:09+00:00,k3s-s2,NotReady
2026-06-29T12:49:09+00:00,k3s-s3,Ready
2026-06-29T12:49:09+00:00,k3s-w1,Ready
2026-06-29T12:49:09+00:00,k3s-w2,Ready
2026-06-29T12:49:10+00:00,k3s-s1,Ready
2026-06-29T12:49:10+00:00,k3s-s2,NotReady
2026-06-29T12:49:10+00:00,k3s-s3,Ready
2026-06-29T12:49:10+00:00,k3s-w1,Ready
2026-06-29T12:49:10+00:00,k3s-w2,Ready
2026-06-29T12:49:11+00:00,k3s-s1,Ready
2026-06-29T12:49:11+00:00,k3s-s2,NotReady
2026-06-29T12:49:11+00:00,k3s-s3,Ready
2026-06-29T12:49:11+00:00,k3s-w1,Ready
2026-06-29T12:49:11+00:00,k3s-w2,Ready
2026-06-29T12:49:12+00:00,k3s-s1,Ready
2026-06-29T12:49:12+00:00,k3s-s2,NotReady
2026-06-29T12:49:12+00:00,k3s-s3,Ready
2026-06-29T12:49:12+00:00,k3s-w1,Ready
2026-06-29T12:49:12+00:00,k3s-w2,Ready
2026-06-29T12:49:13+00:00,k3s-s1,Ready
2026-06-29T12:49:13+00:00,k3s-s2,NotReady
2026-06-29T12:49:13+00:00,k3s-s3,Ready
2026-06-29T12:49:13+00:00,k3s-w1,Ready
2026-06-29T12:49:13+00:00,k3s-w2,Ready
2026-06-29T12:49:14+00:00,k3s-s1,Ready
2026-06-29T12:49:14+00:00,k3s-s2,NotReady
2026-06-29T12:49:14+00:00,k3s-s3,Ready
2026-06-29T12:49:14+00:00,k3s-w1,Ready
2026-06-29T12:49:14+00:00,k3s-w2,Ready
2026-06-29T12:49:15+00:00,k3s-s1,Ready
2026-06-29T12:49:15+00:00,k3s-s2,NotReady
2026-06-29T12:49:15+00:00,k3s-s3,Ready
2026-06-29T12:49:15+00:00,k3s-w1,Ready
2026-06-29T12:49:15+00:00,k3s-w2,Ready
2026-06-29T12:49:16+00:00,k3s-s1,Ready
2026-06-29T12:49:16+00:00,k3s-s2,NotReady
2026-06-29T12:49:16+00:00,k3s-s3,Ready
2026-06-29T12:49:16+00:00,k3s-w1,Ready
2026-06-29T12:49:16+00:00,k3s-w2,Ready
2026-06-29T12:49:17+00:00,k3s-s1,Ready
2026-06-29T12:49:17+00:00,k3s-s2,NotReady
2026-06-29T12:49:17+00:00,k3s-s3,Ready
2026-06-29T12:49:17+00:00,k3s-w1,Ready
2026-06-29T12:49:17+00:00,k3s-w2,Ready
2026-06-29T12:49:18+00:00,k3s-s1,Ready
2026-06-29T12:49:18+00:00,k3s-s2,NotReady
2026-06-29T12:49:18+00:00,k3s-s3,Ready
2026-06-29T12:49:18+00:00,k3s-w1,Ready
2026-06-29T12:49:18+00:00,k3s-w2,Ready
2026-06-29T12:49:19+00:00,k3s-s1,Ready
2026-06-29T12:49:19+00:00,k3s-s2,NotReady
2026-06-29T12:49:19+00:00,k3s-s3,Ready
2026-06-29T12:49:19+00:00,k3s-w1,Ready
2026-06-29T12:49:19+00:00,k3s-w2,Ready
2026-06-29T12:49:20+00:00,k3s-s1,Ready
2026-06-29T12:49:20+00:00,k3s-s2,NotReady
2026-06-29T12:49:20+00:00,k3s-s3,Ready
2026-06-29T12:49:20+00:00,k3s-w1,Ready
2026-06-29T12:49:20+00:00,k3s-w2,Ready
2026-06-29T12:49:21+00:00,k3s-s1,Ready
2026-06-29T12:49:21+00:00,k3s-s2,NotReady
2026-06-29T12:49:21+00:00,k3s-s3,Ready
2026-06-29T12:49:21+00:00,k3s-w1,Ready
2026-06-29T12:49:21+00:00,k3s-w2,Ready
2026-06-29T12:49:22+00:00,k3s-s1,Ready
2026-06-29T12:49:22+00:00,k3s-s2,NotReady
2026-06-29T12:49:22+00:00,k3s-s3,Ready
2026-06-29T12:49:22+00:00,k3s-w1,Ready
2026-06-29T12:49:22+00:00,k3s-w2,Ready
2026-06-29T12:49:23+00:00,k3s-s1,Ready
2026-06-29T12:49:23+00:00,k3s-s2,NotReady
2026-06-29T12:49:23+00:00,k3s-s3,Ready
2026-06-29T12:49:23+00:00,k3s-w1,Ready
2026-06-29T12:49:23+00:00,k3s-w2,Ready
2026-06-29T12:49:24+00:00,k3s-s1,Ready
2026-06-29T12:49:24+00:00,k3s-s2,NotReady
2026-06-29T12:49:24+00:00,k3s-s3,Ready
2026-06-29T12:49:24+00:00,k3s-w1,Ready
2026-06-29T12:49:24+00:00,k3s-w2,Ready
2026-06-29T12:49:25+00:00,k3s-s1,Ready
2026-06-29T12:49:25+00:00,k3s-s2,NotReady
2026-06-29T12:49:25+00:00,k3s-s3,Ready
2026-06-29T12:49:25+00:00,k3s-w1,Ready
2026-06-29T12:49:25+00:00,k3s-w2,Ready
2026-06-29T12:49:27+00:00,k3s-s1,Ready
2026-06-29T12:49:27+00:00,k3s-s2,NotReady
2026-06-29T12:49:27+00:00,k3s-s3,Ready
2026-06-29T12:49:27+00:00,k3s-w1,Ready
2026-06-29T12:49:27+00:00,k3s-w2,Ready
2026-06-29T12:49:28+00:00,k3s-s1,Ready
2026-06-29T12:49:28+00:00,k3s-s2,NotReady
2026-06-29T12:49:28+00:00,k3s-s3,Ready
2026-06-29T12:49:28+00:00,k3s-w1,Ready
2026-06-29T12:49:28+00:00,k3s-w2,Ready
2026-06-29T12:49:29+00:00,k3s-s1,Ready
2026-06-29T12:49:29+00:00,k3s-s2,NotReady
2026-06-29T12:49:29+00:00,k3s-s3,Ready
2026-06-29T12:49:29+00:00,k3s-w1,Ready
2026-06-29T12:49:29+00:00,k3s-w2,Ready
2026-06-29T12:49:30+00:00,k3s-s1,Ready
2026-06-29T12:49:30+00:00,k3s-s2,NotReady
2026-06-29T12:49:30+00:00,k3s-s3,Ready
2026-06-29T12:49:30+00:00,k3s-w1,Ready
2026-06-29T12:49:30+00:00,k3s-w2,Ready
2026-06-29T12:49:31+00:00,k3s-s1,Ready
2026-06-29T12:49:31+00:00,k3s-s2,NotReady
2026-06-29T12:49:31+00:00,k3s-s3,Ready
2026-06-29T12:49:31+00:00,k3s-w1,Ready
2026-06-29T12:49:31+00:00,k3s-w2,Ready
2026-06-29T12:49:32+00:00,k3s-s1,Ready
2026-06-29T12:49:32+00:00,k3s-s2,NotReady
2026-06-29T12:49:32+00:00,k3s-s3,Ready
2026-06-29T12:49:32+00:00,k3s-w1,Ready
2026-06-29T12:49:32+00:00,k3s-w2,Ready
2026-06-29T12:49:33+00:00,k3s-s1,Ready
2026-06-29T12:49:33+00:00,k3s-s2,NotReady
2026-06-29T12:49:33+00:00,k3s-s3,Ready
2026-06-29T12:49:33+00:00,k3s-w1,Ready
2026-06-29T12:49:33+00:00,k3s-w2,Ready
2026-06-29T12:49:34+00:00,k3s-s1,Ready
2026-06-29T12:49:34+00:00,k3s-s2,NotReady
2026-06-29T12:49:34+00:00,k3s-s3,Ready
2026-06-29T12:49:34+00:00,k3s-w1,Ready
2026-06-29T12:49:34+00:00,k3s-w2,Ready
2026-06-29T12:49:35+00:00,k3s-s1,Ready
2026-06-29T12:49:35+00:00,k3s-s2,NotReady
2026-06-29T12:49:35+00:00,k3s-s3,Ready
2026-06-29T12:49:35+00:00,k3s-w1,Ready
2026-06-29T12:49:35+00:00,k3s-w2,Ready
2026-06-29T12:49:36+00:00,k3s-s1,Ready
2026-06-29T12:49:36+00:00,k3s-s2,NotReady
2026-06-29T12:49:36+00:00,k3s-s3,Ready
2026-06-29T12:49:36+00:00,k3s-w1,Ready
2026-06-29T12:49:36+00:00,k3s-w2,Ready
2026-06-29T12:49:37+00:00,k3s-s1,Ready
2026-06-29T12:49:37+00:00,k3s-s2,NotReady
2026-06-29T12:49:37+00:00,k3s-s3,Ready
2026-06-29T12:49:37+00:00,k3s-w1,Ready
2026-06-29T12:49:37+00:00,k3s-w2,Ready
2026-06-29T12:49:38+00:00,k3s-s1,Ready
2026-06-29T12:49:38+00:00,k3s-s2,NotReady
2026-06-29T12:49:38+00:00,k3s-s3,Ready
2026-06-29T12:49:38+00:00,k3s-w1,Ready
2026-06-29T12:49:38+00:00,k3s-w2,Ready
2026-06-29T12:49:39+00:00,k3s-s1,Ready
2026-06-29T12:49:39+00:00,k3s-s2,NotReady
2026-06-29T12:49:39+00:00,k3s-s3,Ready
2026-06-29T12:49:39+00:00,k3s-w1,Ready
2026-06-29T12:49:39+00:00,k3s-w2,Ready
2026-06-29T12:49:40+00:00,k3s-s1,Ready
2026-06-29T12:49:40+00:00,k3s-s2,NotReady
2026-06-29T12:49:40+00:00,k3s-s3,Ready
2026-06-29T12:49:40+00:00,k3s-w1,Ready
2026-06-29T12:49:40+00:00,k3s-w2,Ready
2026-06-29T12:49:41+00:00,k3s-s1,Ready
2026-06-29T12:49:41+00:00,k3s-s2,NotReady
2026-06-29T12:49:41+00:00,k3s-s3,Ready
2026-06-29T12:49:41+00:00,k3s-w1,Ready
2026-06-29T12:49:41+00:00,k3s-w2,Ready
2026-06-29T12:49:42+00:00,k3s-s1,Ready
2026-06-29T12:49:42+00:00,k3s-s2,NotReady
2026-06-29T12:49:42+00:00,k3s-s3,Ready
2026-06-29T12:49:42+00:00,k3s-w1,Ready
2026-06-29T12:49:42+00:00,k3s-w2,Ready
2026-06-29T12:49:43+00:00,k3s-s1,Ready
2026-06-29T12:49:43+00:00,k3s-s2,NotReady
2026-06-29T12:49:43+00:00,k3s-s3,Ready
2026-06-29T12:49:43+00:00,k3s-w1,Ready
2026-06-29T12:49:43+00:00,k3s-w2,Ready
2026-06-29T12:49:44+00:00,k3s-s1,Ready
2026-06-29T12:49:44+00:00,k3s-s2,NotReady
2026-06-29T12:49:44+00:00,k3s-s3,Ready
2026-06-29T12:49:44+00:00,k3s-w1,Ready
2026-06-29T12:49:44+00:00,k3s-w2,Ready
2026-06-29T12:49:45+00:00,k3s-s1,Ready
2026-06-29T12:49:45+00:00,k3s-s2,NotReady
2026-06-29T12:49:45+00:00,k3s-s3,Ready
2026-06-29T12:49:45+00:00,k3s-w1,Ready
2026-06-29T12:49:45+00:00,k3s-w2,Ready
2026-06-29T12:49:46+00:00,k3s-s1,Ready
2026-06-29T12:49:46+00:00,k3s-s2,NotReady
2026-06-29T12:49:46+00:00,k3s-s3,Ready
2026-06-29T12:49:46+00:00,k3s-w1,Ready
2026-06-29T12:49:46+00:00,k3s-w2,Ready
2026-06-29T12:49:48+00:00,k3s-s1,Ready
2026-06-29T12:49:48+00:00,k3s-s2,NotReady
2026-06-29T12:49:48+00:00,k3s-s3,Ready
2026-06-29T12:49:48+00:00,k3s-w1,Ready
2026-06-29T12:49:48+00:00,k3s-w2,Ready
2026-06-29T12:49:49+00:00,k3s-s1,Ready
2026-06-29T12:49:49+00:00,k3s-s2,NotReady
2026-06-29T12:49:49+00:00,k3s-s3,Ready
2026-06-29T12:49:49+00:00,k3s-w1,Ready
2026-06-29T12:49:49+00:00,k3s-w2,Ready
2026-06-29T12:49:50+00:00,k3s-s1,Ready
2026-06-29T12:49:50+00:00,k3s-s2,NotReady
2026-06-29T12:49:50+00:00,k3s-s3,Ready
2026-06-29T12:49:50+00:00,k3s-w1,Ready
2026-06-29T12:49:50+00:00,k3s-w2,Ready
2026-06-29T12:49:51+00:00,k3s-s1,Ready
2026-06-29T12:49:51+00:00,k3s-s2,NotReady
2026-06-29T12:49:51+00:00,k3s-s3,Ready
2026-06-29T12:49:51+00:00,k3s-w1,Ready
2026-06-29T12:49:51+00:00,k3s-w2,Ready
2026-06-29T12:49:52+00:00,k3s-s1,Ready
2026-06-29T12:49:52+00:00,k3s-s2,NotReady
2026-06-29T12:49:52+00:00,k3s-s3,Ready
2026-06-29T12:49:52+00:00,k3s-w1,Ready
2026-06-29T12:49:52+00:00,k3s-w2,Ready
2026-06-29T12:49:53+00:00,k3s-s1,Ready
2026-06-29T12:49:53+00:00,k3s-s2,NotReady
2026-06-29T12:49:53+00:00,k3s-s3,Ready
2026-06-29T12:49:53+00:00,k3s-w1,Ready
2026-06-29T12:49:53+00:00,k3s-w2,Ready
2026-06-29T12:49:54+00:00,k3s-s1,Ready
2026-06-29T12:49:54+00:00,k3s-s2,NotReady
2026-06-29T12:49:54+00:00,k3s-s3,Ready
2026-06-29T12:49:54+00:00,k3s-w1,Ready
2026-06-29T12:49:54+00:00,k3s-w2,Ready
2026-06-29T12:49:55+00:00,k3s-s1,Ready
2026-06-29T12:49:55+00:00,k3s-s2,NotReady
2026-06-29T12:49:55+00:00,k3s-s3,Ready
2026-06-29T12:49:55+00:00,k3s-w1,Ready
2026-06-29T12:49:55+00:00,k3s-w2,Ready
2026-06-29T12:49:56+00:00,k3s-s1,Ready
2026-06-29T12:49:56+00:00,k3s-s2,NotReady
2026-06-29T12:49:56+00:00,k3s-s3,Ready
2026-06-29T12:49:56+00:00,k3s-w1,Ready
2026-06-29T12:49:56+00:00,k3s-w2,Ready
2026-06-29T12:49:57+00:00,k3s-s1,Ready
2026-06-29T12:49:57+00:00,k3s-s2,NotReady
2026-06-29T12:49:57+00:00,k3s-s3,Ready
2026-06-29T12:49:57+00:00,k3s-w1,Ready
2026-06-29T12:49:57+00:00,k3s-w2,Ready
2026-06-29T12:49:58+00:00,k3s-s1,Ready
2026-06-29T12:49:58+00:00,k3s-s2,NotReady
2026-06-29T12:49:58+00:00,k3s-s3,Ready
2026-06-29T12:49:58+00:00,k3s-w1,Ready
2026-06-29T12:49:58+00:00,k3s-w2,Ready
2026-06-29T12:49:59+00:00,k3s-s1,Ready
2026-06-29T12:49:59+00:00,k3s-s2,NotReady
2026-06-29T12:49:59+00:00,k3s-s3,Ready
2026-06-29T12:49:59+00:00,k3s-w1,Ready
2026-06-29T12:49:59+00:00,k3s-w2,Ready
2026-06-29T12:50:00+00:00,k3s-s1,Ready
2026-06-29T12:50:00+00:00,k3s-s2,NotReady
2026-06-29T12:50:00+00:00,k3s-s3,Ready
2026-06-29T12:50:00+00:00,k3s-w1,Ready
2026-06-29T12:50:00+00:00,k3s-w2,Ready
2026-06-29T12:50:01+00:00,k3s-s1,Ready
2026-06-29T12:50:01+00:00,k3s-s2,NotReady
2026-06-29T12:50:01+00:00,k3s-s3,Ready
2026-06-29T12:50:01+00:00,k3s-w1,Ready
2026-06-29T12:50:01+00:00,k3s-w2,Ready
2026-06-29T12:50:02+00:00,k3s-s1,Ready
2026-06-29T12:50:02+00:00,k3s-s2,NotReady
2026-06-29T12:50:02+00:00,k3s-s3,Ready
2026-06-29T12:50:02+00:00,k3s-w1,Ready
2026-06-29T12:50:02+00:00,k3s-w2,Ready
2026-06-29T12:50:03+00:00,k3s-s1,Ready
2026-06-29T12:50:03+00:00,k3s-s2,NotReady
2026-06-29T12:50:03+00:00,k3s-s3,Ready
2026-06-29T12:50:03+00:00,k3s-w1,Ready
2026-06-29T12:50:03+00:00,k3s-w2,Ready
2026-06-29T12:50:04+00:00,k3s-s1,Ready
2026-06-29T12:50:04+00:00,k3s-s2,NotReady
2026-06-29T12:50:04+00:00,k3s-s3,Ready
2026-06-29T12:50:04+00:00,k3s-w1,Ready
2026-06-29T12:50:04+00:00,k3s-w2,Ready
2026-06-29T12:50:05+00:00,k3s-s1,Ready
2026-06-29T12:50:05+00:00,k3s-s2,NotReady
2026-06-29T12:50:05+00:00,k3s-s3,Ready
2026-06-29T12:50:05+00:00,k3s-w1,Ready
2026-06-29T12:50:05+00:00,k3s-w2,Ready
2026-06-29T12:50:06+00:00,k3s-s1,Ready
2026-06-29T12:50:06+00:00,k3s-s2,NotReady
2026-06-29T12:50:06+00:00,k3s-s3,Ready
2026-06-29T12:50:06+00:00,k3s-w1,Ready
2026-06-29T12:50:06+00:00,k3s-w2,Ready
2026-06-29T12:50:08+00:00,k3s-s1,Ready
2026-06-29T12:50:08+00:00,k3s-s2,NotReady
2026-06-29T12:50:08+00:00,k3s-s3,Ready
2026-06-29T12:50:08+00:00,k3s-w1,Ready
2026-06-29T12:50:08+00:00,k3s-w2,Ready
2026-06-29T12:50:09+00:00,k3s-s1,Ready
2026-06-29T12:50:09+00:00,k3s-s2,NotReady
2026-06-29T12:50:09+00:00,k3s-s3,Ready
2026-06-29T12:50:09+00:00,k3s-w1,Ready
2026-06-29T12:50:09+00:00,k3s-w2,Ready
2026-06-29T12:50:10+00:00,k3s-s1,Ready
2026-06-29T12:50:10+00:00,k3s-s2,NotReady
2026-06-29T12:50:10+00:00,k3s-s3,Ready
2026-06-29T12:50:10+00:00,k3s-w1,Ready
2026-06-29T12:50:10+00:00,k3s-w2,Ready
2026-06-29T12:50:11+00:00,k3s-s1,Ready
2026-06-29T12:50:11+00:00,k3s-s2,NotReady
2026-06-29T12:50:11+00:00,k3s-s3,Ready
2026-06-29T12:50:11+00:00,k3s-w1,Ready
2026-06-29T12:50:11+00:00,k3s-w2,Ready
2026-06-29T12:50:12+00:00,k3s-s1,Ready
2026-06-29T12:50:12+00:00,k3s-s2,NotReady
2026-06-29T12:50:12+00:00,k3s-s3,Ready
2026-06-29T12:50:12+00:00,k3s-w1,Ready
2026-06-29T12:50:12+00:00,k3s-w2,Ready
2026-06-29T12:50:13+00:00,k3s-s1,Ready
2026-06-29T12:50:13+00:00,k3s-s2,NotReady
2026-06-29T12:50:13+00:00,k3s-s3,Ready
2026-06-29T12:50:13+00:00,k3s-w1,Ready
2026-06-29T12:50:13+00:00,k3s-w2,Ready
2026-06-29T12:50:14+00:00,k3s-s1,Ready
2026-06-29T12:50:14+00:00,k3s-s2,NotReady
2026-06-29T12:50:14+00:00,k3s-s3,Ready
2026-06-29T12:50:14+00:00,k3s-w1,Ready
2026-06-29T12:50:14+00:00,k3s-w2,Ready
2026-06-29T12:50:15+00:00,k3s-s1,Ready
2026-06-29T12:50:15+00:00,k3s-s2,NotReady
2026-06-29T12:50:15+00:00,k3s-s3,Ready
2026-06-29T12:50:15+00:00,k3s-w1,Ready
2026-06-29T12:50:15+00:00,k3s-w2,Ready
2026-06-29T12:50:16+00:00,k3s-s1,Ready
2026-06-29T12:50:16+00:00,k3s-s2,NotReady
2026-06-29T12:50:16+00:00,k3s-s3,Ready
2026-06-29T12:50:16+00:00,k3s-w1,Ready
2026-06-29T12:50:16+00:00,k3s-w2,Ready
2026-06-29T12:50:17+00:00,k3s-s1,Ready
2026-06-29T12:50:17+00:00,k3s-s2,NotReady
2026-06-29T12:50:17+00:00,k3s-s3,Ready
2026-06-29T12:50:17+00:00,k3s-w1,Ready
2026-06-29T12:50:17+00:00,k3s-w2,Ready
2026-06-29T12:50:18+00:00,k3s-s1,Ready
2026-06-29T12:50:18+00:00,k3s-s2,NotReady
2026-06-29T12:50:18+00:00,k3s-s3,Ready
2026-06-29T12:50:18+00:00,k3s-w1,Ready
2026-06-29T12:50:18+00:00,k3s-w2,Ready
2026-06-29T12:50:19+00:00,k3s-s1,Ready
2026-06-29T12:50:19+00:00,k3s-s2,NotReady
2026-06-29T12:50:19+00:00,k3s-s3,Ready
2026-06-29T12:50:19+00:00,k3s-w1,Ready
2026-06-29T12:50:19+00:00,k3s-w2,Ready
2026-06-29T12:50:20+00:00,k3s-s1,Ready
2026-06-29T12:50:20+00:00,k3s-s2,NotReady
2026-06-29T12:50:20+00:00,k3s-s3,Ready
2026-06-29T12:50:20+00:00,k3s-w1,Ready
2026-06-29T12:50:20+00:00,k3s-w2,Ready
2026-06-29T12:50:21+00:00,k3s-s1,Ready
2026-06-29T12:50:21+00:00,k3s-s2,NotReady
2026-06-29T12:50:21+00:00,k3s-s3,Ready
2026-06-29T12:50:21+00:00,k3s-w1,Ready
2026-06-29T12:50:21+00:00,k3s-w2,Ready
2026-06-29T12:50:22+00:00,k3s-s1,Ready
2026-06-29T12:50:22+00:00,k3s-s2,NotReady
2026-06-29T12:50:22+00:00,k3s-s3,Ready
2026-06-29T12:50:22+00:00,k3s-w1,Ready
2026-06-29T12:50:22+00:00,k3s-w2,Ready
2026-06-29T12:50:23+00:00,k3s-s1,Ready
2026-06-29T12:50:23+00:00,k3s-s2,NotReady
2026-06-29T12:50:23+00:00,k3s-s3,Ready
2026-06-29T12:50:23+00:00,k3s-w1,Ready
2026-06-29T12:50:23+00:00,k3s-w2,Ready
2026-06-29T12:50:24+00:00,k3s-s1,Ready
2026-06-29T12:50:24+00:00,k3s-s2,NotReady
2026-06-29T12:50:24+00:00,k3s-s3,Ready
2026-06-29T12:50:24+00:00,k3s-w1,Ready
2026-06-29T12:50:24+00:00,k3s-w2,Ready
2026-06-29T12:50:25+00:00,k3s-s1,Ready
2026-06-29T12:50:25+00:00,k3s-s2,NotReady
2026-06-29T12:50:25+00:00,k3s-s3,Ready
2026-06-29T12:50:25+00:00,k3s-w1,Ready
2026-06-29T12:50:25+00:00,k3s-w2,Ready
2026-06-29T12:50:26+00:00,k3s-s1,Ready
2026-06-29T12:50:26+00:00,k3s-s2,NotReady
2026-06-29T12:50:26+00:00,k3s-s3,Ready
2026-06-29T12:50:26+00:00,k3s-w1,Ready
2026-06-29T12:50:26+00:00,k3s-w2,Ready
2026-06-29T12:50:28+00:00,k3s-s1,Ready
2026-06-29T12:50:28+00:00,k3s-s2,NotReady
2026-06-29T12:50:28+00:00,k3s-s3,Ready
2026-06-29T12:50:28+00:00,k3s-w1,Ready
2026-06-29T12:50:28+00:00,k3s-w2,Ready
2026-06-29T12:50:29+00:00,k3s-s1,Ready
2026-06-29T12:50:29+00:00,k3s-s2,NotReady
2026-06-29T12:50:29+00:00,k3s-s3,Ready
2026-06-29T12:50:29+00:00,k3s-w1,Ready
2026-06-29T12:50:29+00:00,k3s-w2,Ready
2026-06-29T12:50:30+00:00,k3s-s1,Ready
2026-06-29T12:50:30+00:00,k3s-s2,NotReady
2026-06-29T12:50:30+00:00,k3s-s3,Ready
2026-06-29T12:50:30+00:00,k3s-w1,Ready
2026-06-29T12:50:30+00:00,k3s-w2,Ready
2026-06-29T12:50:31+00:00,k3s-s1,Ready
2026-06-29T12:50:31+00:00,k3s-s2,NotReady
2026-06-29T12:50:31+00:00,k3s-s3,Ready
2026-06-29T12:50:31+00:00,k3s-w1,Ready
2026-06-29T12:50:31+00:00,k3s-w2,Ready
2026-06-29T12:50:32+00:00,k3s-s1,Ready
2026-06-29T12:50:32+00:00,k3s-s2,NotReady
2026-06-29T12:50:32+00:00,k3s-s3,Ready
2026-06-29T12:50:32+00:00,k3s-w1,Ready
2026-06-29T12:50:32+00:00,k3s-w2,Ready
2026-06-29T12:50:33+00:00,k3s-s1,Ready
2026-06-29T12:50:33+00:00,k3s-s2,NotReady
2026-06-29T12:50:33+00:00,k3s-s3,Ready
2026-06-29T12:50:33+00:00,k3s-w1,Ready
2026-06-29T12:50:33+00:00,k3s-w2,Ready
2026-06-29T12:50:34+00:00,k3s-s1,Ready
2026-06-29T12:50:34+00:00,k3s-s2,NotReady
2026-06-29T12:50:34+00:00,k3s-s3,Ready
2026-06-29T12:50:34+00:00,k3s-w1,Ready
2026-06-29T12:50:34+00:00,k3s-w2,Ready
2026-06-29T12:50:35+00:00,k3s-s1,Ready
2026-06-29T12:50:35+00:00,k3s-s2,NotReady
2026-06-29T12:50:35+00:00,k3s-s3,Ready
2026-06-29T12:50:35+00:00,k3s-w1,Ready
2026-06-29T12:50:35+00:00,k3s-w2,Ready
2026-06-29T12:50:36+00:00,k3s-s1,Ready
2026-06-29T12:50:36+00:00,k3s-s2,NotReady
2026-06-29T12:50:36+00:00,k3s-s3,Ready
2026-06-29T12:50:36+00:00,k3s-w1,Ready
2026-06-29T12:50:36+00:00,k3s-w2,Ready
2026-06-29T12:50:37+00:00,k3s-s1,Ready
2026-06-29T12:50:37+00:00,k3s-s2,NotReady
2026-06-29T12:50:37+00:00,k3s-s3,Ready
2026-06-29T12:50:37+00:00,k3s-w1,Ready
2026-06-29T12:50:37+00:00,k3s-w2,Ready
2026-06-29T12:50:38+00:00,k3s-s1,Ready
2026-06-29T12:50:38+00:00,k3s-s2,NotReady
2026-06-29T12:50:38+00:00,k3s-s3,Ready
2026-06-29T12:50:38+00:00,k3s-w1,Ready
2026-06-29T12:50:38+00:00,k3s-w2,Ready
2026-06-29T12:50:39+00:00,k3s-s1,Ready
2026-06-29T12:50:39+00:00,k3s-s2,NotReady
2026-06-29T12:50:39+00:00,k3s-s3,Ready
2026-06-29T12:50:39+00:00,k3s-w1,Ready
2026-06-29T12:50:39+00:00,k3s-w2,Ready
2026-06-29T12:50:40+00:00,k3s-s1,Ready
2026-06-29T12:50:40+00:00,k3s-s2,NotReady
2026-06-29T12:50:40+00:00,k3s-s3,Ready
2026-06-29T12:50:40+00:00,k3s-w1,Ready
2026-06-29T12:50:40+00:00,k3s-w2,Ready
2026-06-29T12:50:41+00:00,k3s-s1,Ready
2026-06-29T12:50:41+00:00,k3s-s2,NotReady
2026-06-29T12:50:41+00:00,k3s-s3,Ready
2026-06-29T12:50:41+00:00,k3s-w1,Ready
2026-06-29T12:50:41+00:00,k3s-w2,Ready
2026-06-29T12:50:42+00:00,k3s-s1,Ready
2026-06-29T12:50:42+00:00,k3s-s2,NotReady
2026-06-29T12:50:42+00:00,k3s-s3,Ready
2026-06-29T12:50:42+00:00,k3s-w1,Ready
2026-06-29T12:50:42+00:00,k3s-w2,Ready
2026-06-29T12:50:43+00:00,k3s-s1,Ready
2026-06-29T12:50:43+00:00,k3s-s2,NotReady
2026-06-29T12:50:43+00:00,k3s-s3,Ready
2026-06-29T12:50:43+00:00,k3s-w1,Ready
2026-06-29T12:50:43+00:00,k3s-w2,Ready
2026-06-29T12:50:44+00:00,k3s-s1,Ready
2026-06-29T12:50:44+00:00,k3s-s2,NotReady
2026-06-29T12:50:44+00:00,k3s-s3,Ready
2026-06-29T12:50:44+00:00,k3s-w1,Ready
2026-06-29T12:50:44+00:00,k3s-w2,Ready
2026-06-29T12:50:45+00:00,k3s-s1,Ready
2026-06-29T12:50:45+00:00,k3s-s2,NotReady
2026-06-29T12:50:45+00:00,k3s-s3,Ready
2026-06-29T12:50:45+00:00,k3s-w1,Ready
2026-06-29T12:50:45+00:00,k3s-w2,Ready
2026-06-29T12:50:46+00:00,k3s-s1,Ready
2026-06-29T12:50:46+00:00,k3s-s2,NotReady
2026-06-29T12:50:46+00:00,k3s-s3,Ready
2026-06-29T12:50:46+00:00,k3s-w1,Ready
2026-06-29T12:50:46+00:00,k3s-w2,Ready
2026-06-29T12:50:48+00:00,k3s-s1,Ready
2026-06-29T12:50:48+00:00,k3s-s2,NotReady
2026-06-29T12:50:48+00:00,k3s-s3,Ready
2026-06-29T12:50:48+00:00,k3s-w1,Ready
2026-06-29T12:50:48+00:00,k3s-w2,Ready
2026-06-29T12:50:49+00:00,k3s-s1,Ready
2026-06-29T12:50:49+00:00,k3s-s2,NotReady
2026-06-29T12:50:49+00:00,k3s-s3,Ready
2026-06-29T12:50:49+00:00,k3s-w1,Ready
2026-06-29T12:50:49+00:00,k3s-w2,Ready
2026-06-29T12:50:50+00:00,k3s-s1,Ready
2026-06-29T12:50:50+00:00,k3s-s2,NotReady
2026-06-29T12:50:50+00:00,k3s-s3,Ready
2026-06-29T12:50:50+00:00,k3s-w1,Ready
2026-06-29T12:50:50+00:00,k3s-w2,Ready
2026-06-29T12:50:51+00:00,k3s-s1,Ready
2026-06-29T12:50:51+00:00,k3s-s2,NotReady
2026-06-29T12:50:51+00:00,k3s-s3,Ready
2026-06-29T12:50:51+00:00,k3s-w1,Ready
2026-06-29T12:50:51+00:00,k3s-w2,Ready
2026-06-29T12:50:52+00:00,k3s-s1,Ready
2026-06-29T12:50:52+00:00,k3s-s2,NotReady
2026-06-29T12:50:52+00:00,k3s-s3,Ready
2026-06-29T12:50:52+00:00,k3s-w1,Ready
2026-06-29T12:50:52+00:00,k3s-w2,Ready
2026-06-29T12:50:53+00:00,k3s-s1,Ready
2026-06-29T12:50:53+00:00,k3s-s2,NotReady
2026-06-29T12:50:53+00:00,k3s-s3,Ready
2026-06-29T12:50:53+00:00,k3s-w1,Ready
2026-06-29T12:50:53+00:00,k3s-w2,Ready
2026-06-29T12:50:54+00:00,k3s-s1,Ready
2026-06-29T12:50:54+00:00,k3s-s2,NotReady
2026-06-29T12:50:54+00:00,k3s-s3,Ready
2026-06-29T12:50:54+00:00,k3s-w1,Ready
2026-06-29T12:50:54+00:00,k3s-w2,Ready
2026-06-29T12:50:55+00:00,k3s-s1,Ready
2026-06-29T12:50:55+00:00,k3s-s2,NotReady
2026-06-29T12:50:55+00:00,k3s-s3,Ready
2026-06-29T12:50:55+00:00,k3s-w1,Ready
2026-06-29T12:50:55+00:00,k3s-w2,Ready
2026-06-29T12:50:56+00:00,k3s-s1,Ready
2026-06-29T12:50:56+00:00,k3s-s2,NotReady
2026-06-29T12:50:56+00:00,k3s-s3,Ready
2026-06-29T12:50:56+00:00,k3s-w1,Ready
2026-06-29T12:50:56+00:00,k3s-w2,Ready
2026-06-29T12:50:57+00:00,k3s-s1,Ready
2026-06-29T12:50:57+00:00,k3s-s2,NotReady
2026-06-29T12:50:57+00:00,k3s-s3,Ready
2026-06-29T12:50:57+00:00,k3s-w1,Ready
2026-06-29T12:50:57+00:00,k3s-w2,Ready
2026-06-29T12:50:58+00:00,k3s-s1,Ready
2026-06-29T12:50:58+00:00,k3s-s2,NotReady
2026-06-29T12:50:58+00:00,k3s-s3,Ready
2026-06-29T12:50:58+00:00,k3s-w1,Ready
2026-06-29T12:50:58+00:00,k3s-w2,Ready
2026-06-29T12:50:59+00:00,k3s-s1,Ready
2026-06-29T12:50:59+00:00,k3s-s2,NotReady
2026-06-29T12:50:59+00:00,k3s-s3,Ready
2026-06-29T12:50:59+00:00,k3s-w1,Ready
2026-06-29T12:50:59+00:00,k3s-w2,Ready
2026-06-29T12:51:00+00:00,k3s-s1,Ready
2026-06-29T12:51:00+00:00,k3s-s2,NotReady
2026-06-29T12:51:00+00:00,k3s-s3,Ready
2026-06-29T12:51:00+00:00,k3s-w1,Ready
2026-06-29T12:51:00+00:00,k3s-w2,Ready
2026-06-29T12:51:01+00:00,k3s-s1,Ready
2026-06-29T12:51:01+00:00,k3s-s2,NotReady
2026-06-29T12:51:01+00:00,k3s-s3,Ready
2026-06-29T12:51:01+00:00,k3s-w1,Ready
2026-06-29T12:51:01+00:00,k3s-w2,Ready
2026-06-29T12:51:02+00:00,k3s-s1,Ready
2026-06-29T12:51:02+00:00,k3s-s2,NotReady
2026-06-29T12:51:02+00:00,k3s-s3,Ready
2026-06-29T12:51:02+00:00,k3s-w1,Ready
2026-06-29T12:51:02+00:00,k3s-w2,Ready
2026-06-29T12:51:03+00:00,k3s-s1,Ready
2026-06-29T12:51:03+00:00,k3s-s2,NotReady
2026-06-29T12:51:03+00:00,k3s-s3,Ready
2026-06-29T12:51:03+00:00,k3s-w1,Ready
2026-06-29T12:51:03+00:00,k3s-w2,Ready
2026-06-29T12:51:04+00:00,k3s-s1,Ready
2026-06-29T12:51:04+00:00,k3s-s2,NotReady
2026-06-29T12:51:04+00:00,k3s-s3,Ready
2026-06-29T12:51:04+00:00,k3s-w1,Ready
2026-06-29T12:51:04+00:00,k3s-w2,Ready
2026-06-29T12:51:05+00:00,k3s-s1,Ready
2026-06-29T12:51:05+00:00,k3s-s2,NotReady
2026-06-29T12:51:05+00:00,k3s-s3,Ready
2026-06-29T12:51:05+00:00,k3s-w1,Ready
2026-06-29T12:51:05+00:00,k3s-w2,Ready
2026-06-29T12:51:06+00:00,k3s-s1,Ready
2026-06-29T12:51:06+00:00,k3s-s2,NotReady
2026-06-29T12:51:06+00:00,k3s-s3,Ready
2026-06-29T12:51:06+00:00,k3s-w1,Ready
2026-06-29T12:51:06+00:00,k3s-w2,Ready
2026-06-29T12:51:08+00:00,k3s-s1,Ready
2026-06-29T12:51:08+00:00,k3s-s2,NotReady
2026-06-29T12:51:08+00:00,k3s-s3,Ready
2026-06-29T12:51:08+00:00,k3s-w1,Ready
2026-06-29T12:51:08+00:00,k3s-w2,Ready
2026-06-29T12:51:09+00:00,k3s-s1,Ready
2026-06-29T12:51:09+00:00,k3s-s2,NotReady
2026-06-29T12:51:09+00:00,k3s-s3,Ready
2026-06-29T12:51:09+00:00,k3s-w1,Ready
2026-06-29T12:51:09+00:00,k3s-w2,Ready
2026-06-29T12:51:10+00:00,k3s-s1,Ready
2026-06-29T12:51:10+00:00,k3s-s2,NotReady
2026-06-29T12:51:10+00:00,k3s-s3,Ready
2026-06-29T12:51:10+00:00,k3s-w1,Ready
2026-06-29T12:51:10+00:00,k3s-w2,Ready
2026-06-29T12:51:11+00:00,k3s-s1,Ready
2026-06-29T12:51:11+00:00,k3s-s2,NotReady
2026-06-29T12:51:11+00:00,k3s-s3,Ready
2026-06-29T12:51:11+00:00,k3s-w1,Ready
2026-06-29T12:51:11+00:00,k3s-w2,Ready
2026-06-29T12:51:12+00:00,k3s-s1,Ready
2026-06-29T12:51:12+00:00,k3s-s2,NotReady
2026-06-29T12:51:12+00:00,k3s-s3,Ready
2026-06-29T12:51:12+00:00,k3s-w1,Ready
2026-06-29T12:51:12+00:00,k3s-w2,Ready
2026-06-29T12:51:13+00:00,k3s-s1,Ready
2026-06-29T12:51:13+00:00,k3s-s2,NotReady
2026-06-29T12:51:13+00:00,k3s-s3,Ready
2026-06-29T12:51:13+00:00,k3s-w1,Ready
2026-06-29T12:51:13+00:00,k3s-w2,Ready
2026-06-29T12:51:14+00:00,k3s-s1,Ready
2026-06-29T12:51:14+00:00,k3s-s2,NotReady
2026-06-29T12:51:14+00:00,k3s-s3,Ready
2026-06-29T12:51:14+00:00,k3s-w1,Ready
2026-06-29T12:51:14+00:00,k3s-w2,Ready
2026-06-29T12:51:15+00:00,k3s-s1,Ready
2026-06-29T12:51:15+00:00,k3s-s2,NotReady
2026-06-29T12:51:15+00:00,k3s-s3,Ready
2026-06-29T12:51:15+00:00,k3s-w1,Ready
2026-06-29T12:51:15+00:00,k3s-w2,Ready
2026-06-29T12:51:16+00:00,k3s-s1,Ready
2026-06-29T12:51:16+00:00,k3s-s2,NotReady
2026-06-29T12:51:16+00:00,k3s-s3,Ready
2026-06-29T12:51:16+00:00,k3s-w1,Ready
2026-06-29T12:51:16+00:00,k3s-w2,Ready
2026-06-29T12:51:17+00:00,k3s-s1,Ready
2026-06-29T12:51:17+00:00,k3s-s2,NotReady
2026-06-29T12:51:17+00:00,k3s-s3,Ready
2026-06-29T12:51:17+00:00,k3s-w1,Ready
2026-06-29T12:51:17+00:00,k3s-w2,Ready
2026-06-29T12:51:18+00:00,k3s-s1,Ready
2026-06-29T12:51:18+00:00,k3s-s2,NotReady
2026-06-29T12:51:18+00:00,k3s-s3,Ready
2026-06-29T12:51:18+00:00,k3s-w1,Ready
2026-06-29T12:51:18+00:00,k3s-w2,Ready
2026-06-29T12:51:19+00:00,k3s-s1,Ready
2026-06-29T12:51:19+00:00,k3s-s2,NotReady
2026-06-29T12:51:19+00:00,k3s-s3,Ready
2026-06-29T12:51:19+00:00,k3s-w1,Ready
2026-06-29T12:51:19+00:00,k3s-w2,Ready
2026-06-29T12:51:20+00:00,k3s-s1,Ready
2026-06-29T12:51:20+00:00,k3s-s2,NotReady
2026-06-29T12:51:20+00:00,k3s-s3,Ready
2026-06-29T12:51:20+00:00,k3s-w1,Ready
2026-06-29T12:51:20+00:00,k3s-w2,Ready
2026-06-29T12:51:21+00:00,k3s-s1,Ready
2026-06-29T12:51:21+00:00,k3s-s2,NotReady
2026-06-29T12:51:21+00:00,k3s-s3,Ready
2026-06-29T12:51:21+00:00,k3s-w1,Ready
2026-06-29T12:51:21+00:00,k3s-w2,Ready
2026-06-29T12:51:22+00:00,k3s-s1,Ready
2026-06-29T12:51:22+00:00,k3s-s2,NotReady
2026-06-29T12:51:22+00:00,k3s-s3,Ready
2026-06-29T12:51:22+00:00,k3s-w1,Ready
2026-06-29T12:51:22+00:00,k3s-w2,Ready
2026-06-29T12:51:23+00:00,k3s-s1,Ready
2026-06-29T12:51:23+00:00,k3s-s2,NotReady
2026-06-29T12:51:23+00:00,k3s-s3,Ready
2026-06-29T12:51:23+00:00,k3s-w1,Ready
2026-06-29T12:51:23+00:00,k3s-w2,Ready
2026-06-29T12:51:24+00:00,k3s-s1,Ready
2026-06-29T12:51:24+00:00,k3s-s2,NotReady
2026-06-29T12:51:24+00:00,k3s-s3,Ready
2026-06-29T12:51:24+00:00,k3s-w1,Ready
2026-06-29T12:51:24+00:00,k3s-w2,Ready
2026-06-29T12:51:25+00:00,k3s-s1,Ready
2026-06-29T12:51:25+00:00,k3s-s2,NotReady
2026-06-29T12:51:25+00:00,k3s-s3,Ready
2026-06-29T12:51:25+00:00,k3s-w1,Ready
2026-06-29T12:51:25+00:00,k3s-w2,Ready
2026-06-29T12:51:26+00:00,k3s-s1,Ready
2026-06-29T12:51:26+00:00,k3s-s2,NotReady
2026-06-29T12:51:26+00:00,k3s-s3,Ready
2026-06-29T12:51:26+00:00,k3s-w1,Ready
2026-06-29T12:51:26+00:00,k3s-w2,Ready
2026-06-29T12:51:28+00:00,k3s-s1,Ready
2026-06-29T12:51:28+00:00,k3s-s2,NotReady
2026-06-29T12:51:28+00:00,k3s-s3,Ready
2026-06-29T12:51:28+00:00,k3s-w1,Ready
2026-06-29T12:51:28+00:00,k3s-w2,Ready
2026-06-29T12:51:29+00:00,k3s-s1,Ready
2026-06-29T12:51:29+00:00,k3s-s2,NotReady
2026-06-29T12:51:29+00:00,k3s-s3,Ready
2026-06-29T12:51:29+00:00,k3s-w1,Ready
2026-06-29T12:51:29+00:00,k3s-w2,Ready
2026-06-29T12:51:30+00:00,k3s-s1,Ready
2026-06-29T12:51:30+00:00,k3s-s2,NotReady
2026-06-29T12:51:30+00:00,k3s-s3,Ready
2026-06-29T12:51:30+00:00,k3s-w1,Ready
2026-06-29T12:51:30+00:00,k3s-w2,Ready
2026-06-29T12:51:31+00:00,k3s-s1,Ready
2026-06-29T12:51:31+00:00,k3s-s2,NotReady
2026-06-29T12:51:31+00:00,k3s-s3,Ready
2026-06-29T12:51:31+00:00,k3s-w1,Ready
2026-06-29T12:51:31+00:00,k3s-w2,Ready
2026-06-29T12:51:32+00:00,k3s-s1,Ready
2026-06-29T12:51:32+00:00,k3s-s2,NotReady
2026-06-29T12:51:32+00:00,k3s-s3,Ready
2026-06-29T12:51:32+00:00,k3s-w1,Ready
2026-06-29T12:51:32+00:00,k3s-w2,Ready
2026-06-29T12:51:33+00:00,k3s-s1,Ready
2026-06-29T12:51:33+00:00,k3s-s2,NotReady
2026-06-29T12:51:33+00:00,k3s-s3,Ready
2026-06-29T12:51:33+00:00,k3s-w1,Ready
2026-06-29T12:51:33+00:00,k3s-w2,Ready
2026-06-29T12:51:34+00:00,k3s-s1,Ready
2026-06-29T12:51:34+00:00,k3s-s2,NotReady
2026-06-29T12:51:34+00:00,k3s-s3,Ready
2026-06-29T12:51:34+00:00,k3s-w1,Ready
2026-06-29T12:51:34+00:00,k3s-w2,Ready
2026-06-29T12:51:35+00:00,k3s-s1,Ready
2026-06-29T12:51:35+00:00,k3s-s2,NotReady
2026-06-29T12:51:35+00:00,k3s-s3,Ready
2026-06-29T12:51:35+00:00,k3s-w1,Ready
2026-06-29T12:51:35+00:00,k3s-w2,Ready
2026-06-29T12:51:36+00:00,k3s-s1,Ready
2026-06-29T12:51:36+00:00,k3s-s2,NotReady
2026-06-29T12:51:36+00:00,k3s-s3,Ready
2026-06-29T12:51:36+00:00,k3s-w1,Ready
2026-06-29T12:51:36+00:00,k3s-w2,Ready
2026-06-29T12:51:37+00:00,k3s-s1,Ready
2026-06-29T12:51:37+00:00,k3s-s2,NotReady
2026-06-29T12:51:37+00:00,k3s-s3,Ready
2026-06-29T12:51:37+00:00,k3s-w1,Ready
2026-06-29T12:51:37+00:00,k3s-w2,Ready
2026-06-29T12:51:38+00:00,k3s-s1,Ready
2026-06-29T12:51:38+00:00,k3s-s2,NotReady
2026-06-29T12:51:38+00:00,k3s-s3,Ready
2026-06-29T12:51:38+00:00,k3s-w1,Ready
2026-06-29T12:51:38+00:00,k3s-w2,Ready
2026-06-29T12:51:39+00:00,k3s-s1,Ready
2026-06-29T12:51:39+00:00,k3s-s2,NotReady
2026-06-29T12:51:39+00:00,k3s-s3,Ready
2026-06-29T12:51:39+00:00,k3s-w1,Ready
2026-06-29T12:51:39+00:00,k3s-w2,Ready
2026-06-29T12:51:40+00:00,k3s-s1,Ready
2026-06-29T12:51:40+00:00,k3s-s2,NotReady
2026-06-29T12:51:40+00:00,k3s-s3,Ready
2026-06-29T12:51:40+00:00,k3s-w1,Ready
2026-06-29T12:51:40+00:00,k3s-w2,Ready
2026-06-29T12:51:41+00:00,k3s-s1,Ready
2026-06-29T12:51:41+00:00,k3s-s2,NotReady
2026-06-29T12:51:41+00:00,k3s-s3,Ready
2026-06-29T12:51:41+00:00,k3s-w1,Ready
2026-06-29T12:51:41+00:00,k3s-w2,Ready
2026-06-29T12:51:42+00:00,k3s-s1,Ready
2026-06-29T12:51:42+00:00,k3s-s2,NotReady
2026-06-29T12:51:42+00:00,k3s-s3,Ready
2026-06-29T12:51:42+00:00,k3s-w1,Ready
2026-06-29T12:51:42+00:00,k3s-w2,Ready
2026-06-29T12:51:43+00:00,k3s-s1,Ready
2026-06-29T12:51:43+00:00,k3s-s2,NotReady
2026-06-29T12:51:43+00:00,k3s-s3,Ready
2026-06-29T12:51:43+00:00,k3s-w1,Ready
2026-06-29T12:51:43+00:00,k3s-w2,Ready
2026-06-29T12:51:44+00:00,k3s-s1,Ready
2026-06-29T12:51:44+00:00,k3s-s2,NotReady
2026-06-29T12:51:44+00:00,k3s-s3,Ready
2026-06-29T12:51:44+00:00,k3s-w1,Ready
2026-06-29T12:51:44+00:00,k3s-w2,Ready
2026-06-29T12:51:45+00:00,k3s-s1,Ready
2026-06-29T12:51:45+00:00,k3s-s2,NotReady
2026-06-29T12:51:45+00:00,k3s-s3,Ready
2026-06-29T12:51:45+00:00,k3s-w1,Ready
2026-06-29T12:51:45+00:00,k3s-w2,Ready
2026-06-29T12:51:46+00:00,k3s-s1,Ready
2026-06-29T12:51:46+00:00,k3s-s2,NotReady
2026-06-29T12:51:46+00:00,k3s-s3,Ready
2026-06-29T12:51:46+00:00,k3s-w1,Ready
2026-06-29T12:51:46+00:00,k3s-w2,Ready
2026-06-29T12:51:48+00:00,k3s-s1,Ready
2026-06-29T12:51:48+00:00,k3s-s2,NotReady
2026-06-29T12:51:48+00:00,k3s-s3,Ready
2026-06-29T12:51:48+00:00,k3s-w1,Ready
2026-06-29T12:51:48+00:00,k3s-w2,Ready
2026-06-29T12:51:49+00:00,k3s-s1,Ready
2026-06-29T12:51:49+00:00,k3s-s2,NotReady
2026-06-29T12:51:49+00:00,k3s-s3,Ready
2026-06-29T12:51:49+00:00,k3s-w1,Ready
2026-06-29T12:51:49+00:00,k3s-w2,Ready
2026-06-29T12:51:50+00:00,k3s-s1,Ready
2026-06-29T12:51:50+00:00,k3s-s2,NotReady
2026-06-29T12:51:50+00:00,k3s-s3,Ready
2026-06-29T12:51:50+00:00,k3s-w1,Ready
2026-06-29T12:51:50+00:00,k3s-w2,Ready
2026-06-29T12:51:51+00:00,k3s-s1,Ready
2026-06-29T12:51:51+00:00,k3s-s2,NotReady
2026-06-29T12:51:51+00:00,k3s-s3,Ready
2026-06-29T12:51:51+00:00,k3s-w1,Ready
2026-06-29T12:51:51+00:00,k3s-w2,Ready
2026-06-29T12:51:52+00:00,k3s-s1,Ready
2026-06-29T12:51:52+00:00,k3s-s2,NotReady
2026-06-29T12:51:52+00:00,k3s-s3,Ready
2026-06-29T12:51:52+00:00,k3s-w1,Ready
2026-06-29T12:51:52+00:00,k3s-w2,Ready
2026-06-29T12:51:53+00:00,k3s-s1,Ready
2026-06-29T12:51:53+00:00,k3s-s2,NotReady
2026-06-29T12:51:53+00:00,k3s-s3,Ready
2026-06-29T12:51:53+00:00,k3s-w1,Ready
2026-06-29T12:51:53+00:00,k3s-w2,Ready
2026-06-29T12:51:54+00:00,k3s-s1,Ready
2026-06-29T12:51:54+00:00,k3s-s2,NotReady
2026-06-29T12:51:54+00:00,k3s-s3,Ready
2026-06-29T12:51:54+00:00,k3s-w1,Ready
2026-06-29T12:51:54+00:00,k3s-w2,Ready
2026-06-29T12:51:55+00:00,k3s-s1,Ready
2026-06-29T12:51:55+00:00,k3s-s2,NotReady
2026-06-29T12:51:55+00:00,k3s-s3,Ready
2026-06-29T12:51:55+00:00,k3s-w1,Ready
2026-06-29T12:51:55+00:00,k3s-w2,Ready
2026-06-29T12:51:56+00:00,k3s-s1,Ready
2026-06-29T12:51:56+00:00,k3s-s2,NotReady
2026-06-29T12:51:56+00:00,k3s-s3,Ready
2026-06-29T12:51:56+00:00,k3s-w1,Ready
2026-06-29T12:51:56+00:00,k3s-w2,Ready
2026-06-29T12:51:57+00:00,k3s-s1,Ready
2026-06-29T12:51:57+00:00,k3s-s2,NotReady
2026-06-29T12:51:57+00:00,k3s-s3,Ready
2026-06-29T12:51:57+00:00,k3s-w1,Ready
2026-06-29T12:51:57+00:00,k3s-w2,Ready
2026-06-29T12:51:58+00:00,k3s-s1,Ready
2026-06-29T12:51:58+00:00,k3s-s2,NotReady
2026-06-29T12:51:58+00:00,k3s-s3,Ready
2026-06-29T12:51:58+00:00,k3s-w1,Ready
2026-06-29T12:51:58+00:00,k3s-w2,Ready
2026-06-29T12:51:59+00:00,k3s-s1,Ready
2026-06-29T12:51:59+00:00,k3s-s2,NotReady
2026-06-29T12:51:59+00:00,k3s-s3,Ready
2026-06-29T12:51:59+00:00,k3s-w1,Ready
2026-06-29T12:51:59+00:00,k3s-w2,Ready
2026-06-29T12:52:00+00:00,k3s-s1,Ready
2026-06-29T12:52:00+00:00,k3s-s2,NotReady
2026-06-29T12:52:00+00:00,k3s-s3,Ready
2026-06-29T12:52:00+00:00,k3s-w1,Ready
2026-06-29T12:52:00+00:00,k3s-w2,Ready
2026-06-29T12:52:01+00:00,k3s-s1,Ready
2026-06-29T12:52:01+00:00,k3s-s2,NotReady
2026-06-29T12:52:01+00:00,k3s-s3,Ready
2026-06-29T12:52:01+00:00,k3s-w1,Ready
2026-06-29T12:52:01+00:00,k3s-w2,Ready
2026-06-29T12:52:02+00:00,k3s-s1,Ready
2026-06-29T12:52:02+00:00,k3s-s2,NotReady
2026-06-29T12:52:02+00:00,k3s-s3,Ready
2026-06-29T12:52:02+00:00,k3s-w1,Ready
2026-06-29T12:52:02+00:00,k3s-w2,Ready
2026-06-29T12:52:03+00:00,k3s-s1,Ready
2026-06-29T12:52:03+00:00,k3s-s2,NotReady
2026-06-29T12:52:03+00:00,k3s-s3,Ready
2026-06-29T12:52:03+00:00,k3s-w1,Ready
2026-06-29T12:52:03+00:00,k3s-w2,Ready
2026-06-29T12:52:04+00:00,k3s-s1,Ready
2026-06-29T12:52:04+00:00,k3s-s2,NotReady
2026-06-29T12:52:04+00:00,k3s-s3,Ready
2026-06-29T12:52:04+00:00,k3s-w1,Ready
2026-06-29T12:52:04+00:00,k3s-w2,Ready
2026-06-29T12:52:05+00:00,k3s-s1,Ready
2026-06-29T12:52:05+00:00,k3s-s2,NotReady
2026-06-29T12:52:05+00:00,k3s-s3,Ready
2026-06-29T12:52:05+00:00,k3s-w1,Ready
2026-06-29T12:52:05+00:00,k3s-w2,Ready
2026-06-29T12:52:06+00:00,k3s-s1,Ready
2026-06-29T12:52:06+00:00,k3s-s2,NotReady
2026-06-29T12:52:06+00:00,k3s-s3,Ready
2026-06-29T12:52:06+00:00,k3s-w1,Ready
2026-06-29T12:52:06+00:00,k3s-w2,Ready
2026-06-29T12:52:08+00:00,k3s-s1,Ready
2026-06-29T12:52:08+00:00,k3s-s2,NotReady
2026-06-29T12:52:08+00:00,k3s-s3,Ready
2026-06-29T12:52:08+00:00,k3s-w1,Ready
2026-06-29T12:52:08+00:00,k3s-w2,Ready
2026-06-29T12:52:09+00:00,k3s-s1,Ready
2026-06-29T12:52:09+00:00,k3s-s2,NotReady
2026-06-29T12:52:09+00:00,k3s-s3,Ready
2026-06-29T12:52:09+00:00,k3s-w1,Ready
2026-06-29T12:52:09+00:00,k3s-w2,Ready
2026-06-29T12:52:10+00:00,k3s-s1,Ready
2026-06-29T12:52:10+00:00,k3s-s2,NotReady
2026-06-29T12:52:10+00:00,k3s-s3,Ready
2026-06-29T12:52:10+00:00,k3s-w1,Ready
2026-06-29T12:52:10+00:00,k3s-w2,Ready
2026-06-29T12:52:11+00:00,k3s-s1,Ready
2026-06-29T12:52:11+00:00,k3s-s2,NotReady
2026-06-29T12:52:11+00:00,k3s-s3,Ready
2026-06-29T12:52:11+00:00,k3s-w1,Ready
2026-06-29T12:52:11+00:00,k3s-w2,Ready
2026-06-29T12:52:12+00:00,k3s-s1,Ready
2026-06-29T12:52:12+00:00,k3s-s2,NotReady
2026-06-29T12:52:12+00:00,k3s-s3,Ready
2026-06-29T12:52:12+00:00,k3s-w1,Ready
2026-06-29T12:52:12+00:00,k3s-w2,Ready
2026-06-29T12:52:13+00:00,k3s-s1,Ready
2026-06-29T12:52:13+00:00,k3s-s2,NotReady
2026-06-29T12:52:13+00:00,k3s-s3,Ready
2026-06-29T12:52:13+00:00,k3s-w1,Ready
2026-06-29T12:52:13+00:00,k3s-w2,Ready
2026-06-29T12:52:14+00:00,k3s-s1,Ready
2026-06-29T12:52:14+00:00,k3s-s2,NotReady
2026-06-29T12:52:14+00:00,k3s-s3,Ready
2026-06-29T12:52:14+00:00,k3s-w1,Ready
2026-06-29T12:52:14+00:00,k3s-w2,Ready
2026-06-29T12:52:15+00:00,k3s-s1,Ready
2026-06-29T12:52:15+00:00,k3s-s2,NotReady
2026-06-29T12:52:15+00:00,k3s-s3,Ready
2026-06-29T12:52:15+00:00,k3s-w1,Ready
2026-06-29T12:52:15+00:00,k3s-w2,Ready
2026-06-29T12:52:16+00:00,k3s-s1,Ready
2026-06-29T12:52:16+00:00,k3s-s2,NotReady
2026-06-29T12:52:16+00:00,k3s-s3,Ready
2026-06-29T12:52:16+00:00,k3s-w1,Ready
2026-06-29T12:52:16+00:00,k3s-w2,Ready
2026-06-29T12:52:17+00:00,k3s-s1,Ready
2026-06-29T12:52:17+00:00,k3s-s2,NotReady
2026-06-29T12:52:17+00:00,k3s-s3,Ready
2026-06-29T12:52:17+00:00,k3s-w1,Ready
2026-06-29T12:52:17+00:00,k3s-w2,Ready
2026-06-29T12:52:18+00:00,k3s-s1,Ready
2026-06-29T12:52:18+00:00,k3s-s2,NotReady
2026-06-29T12:52:18+00:00,k3s-s3,Ready
2026-06-29T12:52:18+00:00,k3s-w1,Ready
2026-06-29T12:52:18+00:00,k3s-w2,Ready
2026-06-29T12:52:19+00:00,k3s-s1,Ready
2026-06-29T12:52:19+00:00,k3s-s2,NotReady
2026-06-29T12:52:19+00:00,k3s-s3,Ready
2026-06-29T12:52:19+00:00,k3s-w1,Ready
2026-06-29T12:52:19+00:00,k3s-w2,Ready
2026-06-29T12:52:20+00:00,k3s-s1,Ready
2026-06-29T12:52:20+00:00,k3s-s2,NotReady
2026-06-29T12:52:20+00:00,k3s-s3,Ready
2026-06-29T12:52:20+00:00,k3s-w1,Ready
2026-06-29T12:52:20+00:00,k3s-w2,Ready
2026-06-29T12:52:21+00:00,k3s-s1,Ready
2026-06-29T12:52:21+00:00,k3s-s2,NotReady
2026-06-29T12:52:21+00:00,k3s-s3,Ready
2026-06-29T12:52:21+00:00,k3s-w1,Ready
2026-06-29T12:52:21+00:00,k3s-w2,Ready
2026-06-29T12:52:22+00:00,k3s-s1,Ready
2026-06-29T12:52:22+00:00,k3s-s2,NotReady
2026-06-29T12:52:22+00:00,k3s-s3,Ready
2026-06-29T12:52:22+00:00,k3s-w1,Ready
2026-06-29T12:52:22+00:00,k3s-w2,Ready
2026-06-29T12:52:23+00:00,k3s-s1,Ready
2026-06-29T12:52:23+00:00,k3s-s2,NotReady
2026-06-29T12:52:23+00:00,k3s-s3,Ready
2026-06-29T12:52:23+00:00,k3s-w1,Ready
2026-06-29T12:52:23+00:00,k3s-w2,Ready
2026-06-29T12:52:24+00:00,k3s-s1,Ready
2026-06-29T12:52:24+00:00,k3s-s2,NotReady
2026-06-29T12:52:24+00:00,k3s-s3,Ready
2026-06-29T12:52:24+00:00,k3s-w1,Ready
2026-06-29T12:52:24+00:00,k3s-w2,Ready
2026-06-29T12:52:25+00:00,k3s-s1,Ready
2026-06-29T12:52:25+00:00,k3s-s2,NotReady
2026-06-29T12:52:25+00:00,k3s-s3,Ready
2026-06-29T12:52:25+00:00,k3s-w1,Ready
2026-06-29T12:52:25+00:00,k3s-w2,Ready
2026-06-29T12:52:26+00:00,k3s-s1,Ready
2026-06-29T12:52:26+00:00,k3s-s2,NotReady
2026-06-29T12:52:26+00:00,k3s-s3,Ready
2026-06-29T12:52:26+00:00,k3s-w1,Ready
2026-06-29T12:52:26+00:00,k3s-w2,Ready
2026-06-29T12:52:27+00:00,k3s-s1,Ready
2026-06-29T12:52:27+00:00,k3s-s2,NotReady
2026-06-29T12:52:27+00:00,k3s-s3,Ready
2026-06-29T12:52:27+00:00,k3s-w1,Ready
2026-06-29T12:52:27+00:00,k3s-w2,Ready
2026-06-29T12:52:29+00:00,k3s-s1,Ready
2026-06-29T12:52:29+00:00,k3s-s2,NotReady
2026-06-29T12:52:29+00:00,k3s-s3,Ready
2026-06-29T12:52:29+00:00,k3s-w1,Ready
2026-06-29T12:52:29+00:00,k3s-w2,Ready
2026-06-29T12:52:30+00:00,k3s-s1,Ready
2026-06-29T12:52:30+00:00,k3s-s2,NotReady
2026-06-29T12:52:30+00:00,k3s-s3,Ready
2026-06-29T12:52:30+00:00,k3s-w1,Ready
2026-06-29T12:52:30+00:00,k3s-w2,Ready
2026-06-29T12:52:31+00:00,k3s-s1,Ready
2026-06-29T12:52:31+00:00,k3s-s2,NotReady
2026-06-29T12:52:31+00:00,k3s-s3,Ready
2026-06-29T12:52:31+00:00,k3s-w1,Ready
2026-06-29T12:52:31+00:00,k3s-w2,Ready
2026-06-29T12:52:32+00:00,k3s-s1,Ready
2026-06-29T12:52:32+00:00,k3s-s2,NotReady
2026-06-29T12:52:32+00:00,k3s-s3,Ready
2026-06-29T12:52:32+00:00,k3s-w1,Ready
2026-06-29T12:52:32+00:00,k3s-w2,Ready
2026-06-29T12:52:33+00:00,k3s-s1,Ready
2026-06-29T12:52:33+00:00,k3s-s2,NotReady
2026-06-29T12:52:33+00:00,k3s-s3,Ready
2026-06-29T12:52:33+00:00,k3s-w1,Ready
2026-06-29T12:52:33+00:00,k3s-w2,Ready
2026-06-29T12:52:34+00:00,k3s-s1,Ready
2026-06-29T12:52:34+00:00,k3s-s2,NotReady
2026-06-29T12:52:34+00:00,k3s-s3,Ready
2026-06-29T12:52:34+00:00,k3s-w1,Ready
2026-06-29T12:52:34+00:00,k3s-w2,Ready
2026-06-29T12:52:35+00:00,k3s-s1,Ready
2026-06-29T12:52:35+00:00,k3s-s2,NotReady
2026-06-29T12:52:35+00:00,k3s-s3,Ready
2026-06-29T12:52:35+00:00,k3s-w1,Ready
2026-06-29T12:52:35+00:00,k3s-w2,Ready
2026-06-29T12:52:36+00:00,k3s-s1,Ready
2026-06-29T12:52:36+00:00,k3s-s2,NotReady
2026-06-29T12:52:36+00:00,k3s-s3,Ready
2026-06-29T12:52:36+00:00,k3s-w1,Ready
2026-06-29T12:52:36+00:00,k3s-w2,Ready
2026-06-29T12:52:37+00:00,k3s-s1,Ready
2026-06-29T12:52:37+00:00,k3s-s2,NotReady
2026-06-29T12:52:37+00:00,k3s-s3,Ready
2026-06-29T12:52:37+00:00,k3s-w1,Ready
2026-06-29T12:52:37+00:00,k3s-w2,Ready
2026-06-29T12:52:38+00:00,k3s-s1,Ready
2026-06-29T12:52:38+00:00,k3s-s2,NotReady
2026-06-29T12:52:38+00:00,k3s-s3,Ready
2026-06-29T12:52:38+00:00,k3s-w1,Ready
2026-06-29T12:52:38+00:00,k3s-w2,Ready
2026-06-29T12:52:39+00:00,k3s-s1,Ready
2026-06-29T12:52:39+00:00,k3s-s2,NotReady
2026-06-29T12:52:39+00:00,k3s-s3,Ready
2026-06-29T12:52:39+00:00,k3s-w1,Ready
2026-06-29T12:52:39+00:00,k3s-w2,Ready
2026-06-29T12:52:40+00:00,k3s-s1,Ready
2026-06-29T12:52:40+00:00,k3s-s2,NotReady
2026-06-29T12:52:40+00:00,k3s-s3,Ready
2026-06-29T12:52:40+00:00,k3s-w1,Ready
2026-06-29T12:52:40+00:00,k3s-w2,Ready
2026-06-29T12:52:41+00:00,k3s-s1,Ready
2026-06-29T12:52:41+00:00,k3s-s2,NotReady
2026-06-29T12:52:41+00:00,k3s-s3,Ready
2026-06-29T12:52:41+00:00,k3s-w1,Ready
2026-06-29T12:52:41+00:00,k3s-w2,Ready
2026-06-29T12:52:42+00:00,k3s-s1,Ready
2026-06-29T12:52:42+00:00,k3s-s2,NotReady
2026-06-29T12:52:42+00:00,k3s-s3,Ready
2026-06-29T12:52:42+00:00,k3s-w1,Ready
2026-06-29T12:52:42+00:00,k3s-w2,Ready
2026-06-29T12:52:43+00:00,k3s-s1,Ready
2026-06-29T12:52:43+00:00,k3s-s2,NotReady
2026-06-29T12:52:43+00:00,k3s-s3,Ready
2026-06-29T12:52:43+00:00,k3s-w1,Ready
2026-06-29T12:52:43+00:00,k3s-w2,Ready
2026-06-29T12:52:44+00:00,k3s-s1,Ready
2026-06-29T12:52:44+00:00,k3s-s2,NotReady
2026-06-29T12:52:44+00:00,k3s-s3,Ready
2026-06-29T12:52:44+00:00,k3s-w1,Ready
2026-06-29T12:52:44+00:00,k3s-w2,Ready
2026-06-29T12:52:45+00:00,k3s-s1,Ready
2026-06-29T12:52:45+00:00,k3s-s2,NotReady
2026-06-29T12:52:45+00:00,k3s-s3,Ready
2026-06-29T12:52:45+00:00,k3s-w1,Ready
2026-06-29T12:52:45+00:00,k3s-w2,Ready
2026-06-29T12:52:46+00:00,k3s-s1,Ready
2026-06-29T12:52:46+00:00,k3s-s2,NotReady
2026-06-29T12:52:46+00:00,k3s-s3,Ready
2026-06-29T12:52:46+00:00,k3s-w1,Ready
2026-06-29T12:52:46+00:00,k3s-w2,Ready
2026-06-29T12:52:47+00:00,k3s-s1,Ready
2026-06-29T12:52:47+00:00,k3s-s2,NotReady
2026-06-29T12:52:47+00:00,k3s-s3,Ready
2026-06-29T12:52:47+00:00,k3s-w1,Ready
2026-06-29T12:52:47+00:00,k3s-w2,Ready
2026-06-29T12:52:49+00:00,k3s-s1,Ready
2026-06-29T12:52:49+00:00,k3s-s2,NotReady
2026-06-29T12:52:49+00:00,k3s-s3,Ready
2026-06-29T12:52:49+00:00,k3s-w1,Ready
2026-06-29T12:52:49+00:00,k3s-w2,Ready
2026-06-29T12:52:50+00:00,k3s-s1,Ready
2026-06-29T12:52:50+00:00,k3s-s2,NotReady
2026-06-29T12:52:50+00:00,k3s-s3,Ready
2026-06-29T12:52:50+00:00,k3s-w1,Ready
2026-06-29T12:52:50+00:00,k3s-w2,Ready
2026-06-29T12:52:51+00:00,k3s-s1,Ready
2026-06-29T12:52:51+00:00,k3s-s2,NotReady
2026-06-29T12:52:51+00:00,k3s-s3,Ready
2026-06-29T12:52:51+00:00,k3s-w1,Ready
2026-06-29T12:52:51+00:00,k3s-w2,Ready
2026-06-29T12:52:52+00:00,k3s-s1,Ready
2026-06-29T12:52:52+00:00,k3s-s2,NotReady
2026-06-29T12:52:52+00:00,k3s-s3,Ready
2026-06-29T12:52:52+00:00,k3s-w1,Ready
2026-06-29T12:52:52+00:00,k3s-w2,Ready
2026-06-29T12:52:53+00:00,k3s-s1,Ready
2026-06-29T12:52:53+00:00,k3s-s2,NotReady
2026-06-29T12:52:53+00:00,k3s-s3,Ready
2026-06-29T12:52:53+00:00,k3s-w1,Ready
2026-06-29T12:52:53+00:00,k3s-w2,Ready
2026-06-29T12:52:54+00:00,k3s-s1,Ready
2026-06-29T12:52:54+00:00,k3s-s2,NotReady
2026-06-29T12:52:54+00:00,k3s-s3,Ready
2026-06-29T12:52:54+00:00,k3s-w1,Ready
2026-06-29T12:52:54+00:00,k3s-w2,Ready
2026-06-29T12:52:55+00:00,k3s-s1,Ready
2026-06-29T12:52:55+00:00,k3s-s2,NotReady
2026-06-29T12:52:55+00:00,k3s-s3,Ready
2026-06-29T12:52:55+00:00,k3s-w1,Ready
2026-06-29T12:52:55+00:00,k3s-w2,Ready
2026-06-29T12:52:56+00:00,k3s-s1,Ready
2026-06-29T12:52:56+00:00,k3s-s2,NotReady
2026-06-29T12:52:56+00:00,k3s-s3,Ready
2026-06-29T12:52:56+00:00,k3s-w1,Ready
2026-06-29T12:52:56+00:00,k3s-w2,Ready
2026-06-29T12:52:57+00:00,k3s-s1,Ready
2026-06-29T12:52:57+00:00,k3s-s2,NotReady
2026-06-29T12:52:57+00:00,k3s-s3,Ready
2026-06-29T12:52:57+00:00,k3s-w1,Ready
2026-06-29T12:52:57+00:00,k3s-w2,Ready
2026-06-29T12:52:58+00:00,k3s-s1,Ready
2026-06-29T12:52:58+00:00,k3s-s2,NotReady
2026-06-29T12:52:58+00:00,k3s-s3,Ready
2026-06-29T12:52:58+00:00,k3s-w1,Ready
2026-06-29T12:52:58+00:00,k3s-w2,Ready
2026-06-29T12:52:59+00:00,k3s-s1,Ready
2026-06-29T12:52:59+00:00,k3s-s2,NotReady
2026-06-29T12:52:59+00:00,k3s-s3,Ready
2026-06-29T12:52:59+00:00,k3s-w1,Ready
2026-06-29T12:52:59+00:00,k3s-w2,Ready
2026-06-29T12:53:00+00:00,k3s-s1,Ready
2026-06-29T12:53:00+00:00,k3s-s2,NotReady
2026-06-29T12:53:00+00:00,k3s-s3,Ready
2026-06-29T12:53:00+00:00,k3s-w1,Ready
2026-06-29T12:53:00+00:00,k3s-w2,Ready
2026-06-29T12:53:01+00:00,k3s-s1,Ready
2026-06-29T12:53:01+00:00,k3s-s2,NotReady
2026-06-29T12:53:01+00:00,k3s-s3,Ready
2026-06-29T12:53:01+00:00,k3s-w1,Ready
2026-06-29T12:53:01+00:00,k3s-w2,Ready
2026-06-29T12:53:02+00:00,k3s-s1,Ready
2026-06-29T12:53:02+00:00,k3s-s2,NotReady
2026-06-29T12:53:02+00:00,k3s-s3,Ready
2026-06-29T12:53:02+00:00,k3s-w1,Ready
2026-06-29T12:53:02+00:00,k3s-w2,Ready
2026-06-29T12:53:03+00:00,k3s-s1,Ready
2026-06-29T12:53:03+00:00,k3s-s2,NotReady
2026-06-29T12:53:03+00:00,k3s-s3,Ready
2026-06-29T12:53:03+00:00,k3s-w1,Ready
2026-06-29T12:53:03+00:00,k3s-w2,Ready
2026-06-29T12:53:04+00:00,k3s-s1,Ready
2026-06-29T12:53:04+00:00,k3s-s2,NotReady
2026-06-29T12:53:04+00:00,k3s-s3,Ready
2026-06-29T12:53:04+00:00,k3s-w1,Ready
2026-06-29T12:53:04+00:00,k3s-w2,Ready
2026-06-29T12:53:05+00:00,k3s-s1,Ready
2026-06-29T12:53:05+00:00,k3s-s2,NotReady
2026-06-29T12:53:05+00:00,k3s-s3,Ready
2026-06-29T12:53:05+00:00,k3s-w1,Ready
2026-06-29T12:53:05+00:00,k3s-w2,Ready
2026-06-29T12:53:06+00:00,k3s-s1,Ready
2026-06-29T12:53:06+00:00,k3s-s2,NotReady
2026-06-29T12:53:06+00:00,k3s-s3,Ready
2026-06-29T12:53:06+00:00,k3s-w1,Ready
2026-06-29T12:53:06+00:00,k3s-w2,Ready
2026-06-29T12:53:08+00:00,k3s-s1,Ready
2026-06-29T12:53:08+00:00,k3s-s2,NotReady
2026-06-29T12:53:08+00:00,k3s-s3,Ready
2026-06-29T12:53:08+00:00,k3s-w1,Ready
2026-06-29T12:53:08+00:00,k3s-w2,Ready
2026-06-29T12:53:09+00:00,k3s-s1,Ready
2026-06-29T12:53:09+00:00,k3s-s2,NotReady
2026-06-29T12:53:09+00:00,k3s-s3,Ready
2026-06-29T12:53:09+00:00,k3s-w1,Ready
2026-06-29T12:53:09+00:00,k3s-w2,Ready
2026-06-29T12:53:10+00:00,k3s-s1,Ready
2026-06-29T12:53:10+00:00,k3s-s2,NotReady
2026-06-29T12:53:10+00:00,k3s-s3,Ready
2026-06-29T12:53:10+00:00,k3s-w1,Ready
2026-06-29T12:53:10+00:00,k3s-w2,Ready
2026-06-29T12:53:11+00:00,k3s-s1,Ready
2026-06-29T12:53:11+00:00,k3s-s2,NotReady
2026-06-29T12:53:11+00:00,k3s-s3,Ready
2026-06-29T12:53:11+00:00,k3s-w1,Ready
2026-06-29T12:53:11+00:00,k3s-w2,Ready
2026-06-29T12:53:12+00:00,k3s-s1,Ready
2026-06-29T12:53:12+00:00,k3s-s2,NotReady
2026-06-29T12:53:12+00:00,k3s-s3,Ready
2026-06-29T12:53:12+00:00,k3s-w1,Ready
2026-06-29T12:53:12+00:00,k3s-w2,Ready
2026-06-29T12:53:13+00:00,k3s-s1,Ready
2026-06-29T12:53:13+00:00,k3s-s2,NotReady
2026-06-29T12:53:13+00:00,k3s-s3,Ready
2026-06-29T12:53:13+00:00,k3s-w1,Ready
2026-06-29T12:53:13+00:00,k3s-w2,Ready
2026-06-29T12:53:14+00:00,k3s-s1,Ready
2026-06-29T12:53:14+00:00,k3s-s2,NotReady
2026-06-29T12:53:14+00:00,k3s-s3,Ready
2026-06-29T12:53:14+00:00,k3s-w1,Ready
2026-06-29T12:53:14+00:00,k3s-w2,Ready
2026-06-29T12:53:15+00:00,k3s-s1,Ready
2026-06-29T12:53:15+00:00,k3s-s2,NotReady
2026-06-29T12:53:15+00:00,k3s-s3,Ready
2026-06-29T12:53:15+00:00,k3s-w1,Ready
2026-06-29T12:53:15+00:00,k3s-w2,Ready
2026-06-29T12:53:16+00:00,k3s-s1,Ready
2026-06-29T12:53:16+00:00,k3s-s2,NotReady
2026-06-29T12:53:16+00:00,k3s-s3,Ready
2026-06-29T12:53:16+00:00,k3s-w1,Ready
2026-06-29T12:53:16+00:00,k3s-w2,Ready
2026-06-29T12:53:17+00:00,k3s-s1,Ready
2026-06-29T12:53:17+00:00,k3s-s2,NotReady
2026-06-29T12:53:17+00:00,k3s-s3,Ready
2026-06-29T12:53:17+00:00,k3s-w1,Ready
2026-06-29T12:53:17+00:00,k3s-w2,Ready
2026-06-29T12:53:18+00:00,k3s-s1,Ready
2026-06-29T12:53:18+00:00,k3s-s2,NotReady
2026-06-29T12:53:18+00:00,k3s-s3,Ready
2026-06-29T12:53:18+00:00,k3s-w1,Ready
2026-06-29T12:53:18+00:00,k3s-w2,Ready
2026-06-29T12:53:19+00:00,k3s-s1,Ready
2026-06-29T12:53:19+00:00,k3s-s2,NotReady
2026-06-29T12:53:19+00:00,k3s-s3,Ready
2026-06-29T12:53:19+00:00,k3s-w1,Ready
2026-06-29T12:53:19+00:00,k3s-w2,Ready
2026-06-29T12:53:20+00:00,k3s-s1,Ready
2026-06-29T12:53:20+00:00,k3s-s2,NotReady
2026-06-29T12:53:20+00:00,k3s-s3,Ready
2026-06-29T12:53:20+00:00,k3s-w1,Ready
2026-06-29T12:53:20+00:00,k3s-w2,Ready
2026-06-29T12:53:21+00:00,k3s-s1,Ready
2026-06-29T12:53:21+00:00,k3s-s2,NotReady
2026-06-29T12:53:21+00:00,k3s-s3,Ready
2026-06-29T12:53:21+00:00,k3s-w1,Ready
2026-06-29T12:53:21+00:00,k3s-w2,Ready
2026-06-29T12:53:22+00:00,k3s-s1,Ready
2026-06-29T12:53:22+00:00,k3s-s2,NotReady
2026-06-29T12:53:22+00:00,k3s-s3,Ready
2026-06-29T12:53:22+00:00,k3s-w1,Ready
2026-06-29T12:53:22+00:00,k3s-w2,Ready
2026-06-29T12:53:23+00:00,k3s-s1,Ready
2026-06-29T12:53:23+00:00,k3s-s2,NotReady
2026-06-29T12:53:23+00:00,k3s-s3,Ready
2026-06-29T12:53:23+00:00,k3s-w1,Ready
2026-06-29T12:53:23+00:00,k3s-w2,Ready
2026-06-29T12:53:24+00:00,k3s-s1,Ready
2026-06-29T12:53:24+00:00,k3s-s2,NotReady
2026-06-29T12:53:24+00:00,k3s-s3,Ready
2026-06-29T12:53:24+00:00,k3s-w1,Ready
2026-06-29T12:53:24+00:00,k3s-w2,Ready
2026-06-29T12:53:25+00:00,k3s-s1,Ready
2026-06-29T12:53:25+00:00,k3s-s2,NotReady
2026-06-29T12:53:25+00:00,k3s-s3,Ready
2026-06-29T12:53:25+00:00,k3s-w1,Ready
2026-06-29T12:53:25+00:00,k3s-w2,Ready
2026-06-29T12:53:26+00:00,k3s-s1,Ready
2026-06-29T12:53:26+00:00,k3s-s2,NotReady
2026-06-29T12:53:26+00:00,k3s-s3,Ready
2026-06-29T12:53:26+00:00,k3s-w1,Ready
2026-06-29T12:53:26+00:00,k3s-w2,Ready
2026-06-29T12:53:28+00:00,k3s-s1,Ready
2026-06-29T12:53:28+00:00,k3s-s2,NotReady
2026-06-29T12:53:28+00:00,k3s-s3,Ready
2026-06-29T12:53:28+00:00,k3s-w1,Ready
2026-06-29T12:53:28+00:00,k3s-w2,Ready
2026-06-29T12:53:29+00:00,k3s-s1,Ready
2026-06-29T12:53:29+00:00,k3s-s2,NotReady
2026-06-29T12:53:29+00:00,k3s-s3,Ready
2026-06-29T12:53:29+00:00,k3s-w1,Ready
2026-06-29T12:53:29+00:00,k3s-w2,Ready
2026-06-29T12:53:30+00:00,k3s-s1,Ready
2026-06-29T12:53:30+00:00,k3s-s2,NotReady
2026-06-29T12:53:30+00:00,k3s-s3,Ready
2026-06-29T12:53:30+00:00,k3s-w1,Ready
2026-06-29T12:53:30+00:00,k3s-w2,Ready
2026-06-29T12:53:31+00:00,k3s-s1,Ready
2026-06-29T12:53:31+00:00,k3s-s2,NotReady
2026-06-29T12:53:31+00:00,k3s-s3,Ready
2026-06-29T12:53:31+00:00,k3s-w1,Ready
2026-06-29T12:53:31+00:00,k3s-w2,Ready
2026-06-29T12:53:32+00:00,k3s-s1,Ready
2026-06-29T12:53:32+00:00,k3s-s2,NotReady
2026-06-29T12:53:32+00:00,k3s-s3,Ready
2026-06-29T12:53:32+00:00,k3s-w1,Ready
2026-06-29T12:53:32+00:00,k3s-w2,Ready
2026-06-29T12:53:33+00:00,k3s-s1,Ready
2026-06-29T12:53:33+00:00,k3s-s2,NotReady
2026-06-29T12:53:33+00:00,k3s-s3,Ready
2026-06-29T12:53:33+00:00,k3s-w1,Ready
2026-06-29T12:53:33+00:00,k3s-w2,Ready
2026-06-29T12:53:34+00:00,k3s-s1,Ready
2026-06-29T12:53:34+00:00,k3s-s2,NotReady
2026-06-29T12:53:34+00:00,k3s-s3,Ready
2026-06-29T12:53:34+00:00,k3s-w1,Ready
2026-06-29T12:53:34+00:00,k3s-w2,Ready
2026-06-29T12:53:35+00:00,k3s-s1,Ready
2026-06-29T12:53:35+00:00,k3s-s2,NotReady
2026-06-29T12:53:35+00:00,k3s-s3,Ready
2026-06-29T12:53:35+00:00,k3s-w1,Ready
2026-06-29T12:53:35+00:00,k3s-w2,Ready
2026-06-29T12:53:36+00:00,k3s-s1,Ready
2026-06-29T12:53:36+00:00,k3s-s2,NotReady
2026-06-29T12:53:36+00:00,k3s-s3,Ready
2026-06-29T12:53:36+00:00,k3s-w1,Ready
2026-06-29T12:53:36+00:00,k3s-w2,Ready
2026-06-29T12:53:37+00:00,k3s-s1,Ready
2026-06-29T12:53:37+00:00,k3s-s2,NotReady
2026-06-29T12:53:37+00:00,k3s-s3,Ready
2026-06-29T12:53:37+00:00,k3s-w1,Ready
2026-06-29T12:53:37+00:00,k3s-w2,Ready
2026-06-29T12:53:38+00:00,k3s-s1,Ready
2026-06-29T12:53:38+00:00,k3s-s2,NotReady
2026-06-29T12:53:38+00:00,k3s-s3,Ready
2026-06-29T12:53:38+00:00,k3s-w1,Ready
2026-06-29T12:53:38+00:00,k3s-w2,Ready
2026-06-29T12:53:39+00:00,k3s-s1,Ready
2026-06-29T12:53:39+00:00,k3s-s2,NotReady
2026-06-29T12:53:39+00:00,k3s-s3,Ready
2026-06-29T12:53:39+00:00,k3s-w1,Ready
2026-06-29T12:53:39+00:00,k3s-w2,Ready
2026-06-29T12:53:40+00:00,k3s-s1,Ready
2026-06-29T12:53:40+00:00,k3s-s2,NotReady
2026-06-29T12:53:40+00:00,k3s-s3,Ready
2026-06-29T12:53:40+00:00,k3s-w1,Ready
2026-06-29T12:53:40+00:00,k3s-w2,Ready
2026-06-29T12:53:41+00:00,k3s-s1,Ready
2026-06-29T12:53:41+00:00,k3s-s2,NotReady
2026-06-29T12:53:41+00:00,k3s-s3,Ready
2026-06-29T12:53:41+00:00,k3s-w1,Ready
2026-06-29T12:53:41+00:00,k3s-w2,Ready
2026-06-29T12:53:42+00:00,k3s-s1,Ready
2026-06-29T12:53:42+00:00,k3s-s2,NotReady
2026-06-29T12:53:42+00:00,k3s-s3,Ready
2026-06-29T12:53:42+00:00,k3s-w1,Ready
2026-06-29T12:53:42+00:00,k3s-w2,Ready
2026-06-29T12:53:43+00:00,k3s-s1,Ready
2026-06-29T12:53:43+00:00,k3s-s2,NotReady
2026-06-29T12:53:43+00:00,k3s-s3,Ready
2026-06-29T12:53:43+00:00,k3s-w1,Ready
2026-06-29T12:53:43+00:00,k3s-w2,Ready
2026-06-29T12:53:44+00:00,k3s-s1,Ready
2026-06-29T12:53:44+00:00,k3s-s2,NotReady
2026-06-29T12:53:44+00:00,k3s-s3,Ready
2026-06-29T12:53:44+00:00,k3s-w1,Ready
2026-06-29T12:53:44+00:00,k3s-w2,Ready
2026-06-29T12:53:45+00:00,k3s-s1,Ready
2026-06-29T12:53:45+00:00,k3s-s2,NotReady
2026-06-29T12:53:45+00:00,k3s-s3,Ready
2026-06-29T12:53:45+00:00,k3s-w1,Ready
2026-06-29T12:53:45+00:00,k3s-w2,Ready
2026-06-29T12:53:46+00:00,k3s-s1,Ready
2026-06-29T12:53:46+00:00,k3s-s2,NotReady
2026-06-29T12:53:46+00:00,k3s-s3,Ready
2026-06-29T12:53:46+00:00,k3s-w1,Ready
2026-06-29T12:53:46+00:00,k3s-w2,Ready
2026-06-29T12:53:48+00:00,k3s-s1,Ready
2026-06-29T12:53:48+00:00,k3s-s2,NotReady
2026-06-29T12:53:48+00:00,k3s-s3,Ready
2026-06-29T12:53:48+00:00,k3s-w1,Ready
2026-06-29T12:53:48+00:00,k3s-w2,Ready
2026-06-29T12:53:49+00:00,k3s-s1,Ready
2026-06-29T12:53:49+00:00,k3s-s2,NotReady
2026-06-29T12:53:49+00:00,k3s-s3,Ready
2026-06-29T12:53:49+00:00,k3s-w1,Ready
2026-06-29T12:53:49+00:00,k3s-w2,Ready
2026-06-29T12:53:50+00:00,k3s-s1,Ready
2026-06-29T12:53:50+00:00,k3s-s2,NotReady
2026-06-29T12:53:50+00:00,k3s-s3,Ready
2026-06-29T12:53:50+00:00,k3s-w1,Ready
2026-06-29T12:53:50+00:00,k3s-w2,Ready
2026-06-29T12:53:51+00:00,k3s-s1,Ready
2026-06-29T12:53:51+00:00,k3s-s2,NotReady
2026-06-29T12:53:51+00:00,k3s-s3,Ready
2026-06-29T12:53:51+00:00,k3s-w1,Ready
2026-06-29T12:53:51+00:00,k3s-w2,Ready
2026-06-29T12:53:52+00:00,k3s-s1,Ready
2026-06-29T12:53:52+00:00,k3s-s2,NotReady
2026-06-29T12:53:52+00:00,k3s-s3,Ready
2026-06-29T12:53:52+00:00,k3s-w1,Ready
2026-06-29T12:53:52+00:00,k3s-w2,Ready
2026-06-29T12:53:53+00:00,k3s-s1,Ready
2026-06-29T12:53:53+00:00,k3s-s2,NotReady
2026-06-29T12:53:53+00:00,k3s-s3,Ready
2026-06-29T12:53:53+00:00,k3s-w1,Ready
2026-06-29T12:53:53+00:00,k3s-w2,Ready
2026-06-29T12:53:54+00:00,k3s-s1,Ready
2026-06-29T12:53:54+00:00,k3s-s2,NotReady
2026-06-29T12:53:54+00:00,k3s-s3,Ready
2026-06-29T12:53:54+00:00,k3s-w1,Ready
2026-06-29T12:53:54+00:00,k3s-w2,Ready
2026-06-29T12:53:55+00:00,k3s-s1,Ready
2026-06-29T12:53:55+00:00,k3s-s2,NotReady
2026-06-29T12:53:55+00:00,k3s-s3,Ready
2026-06-29T12:53:55+00:00,k3s-w1,Ready
2026-06-29T12:53:55+00:00,k3s-w2,Ready
2026-06-29T12:53:56+00:00,k3s-s1,Ready
2026-06-29T12:53:56+00:00,k3s-s2,NotReady
2026-06-29T12:53:56+00:00,k3s-s3,Ready
2026-06-29T12:53:56+00:00,k3s-w1,Ready
2026-06-29T12:53:56+00:00,k3s-w2,Ready
2026-06-29T12:53:57+00:00,k3s-s1,Ready
2026-06-29T12:53:57+00:00,k3s-s2,NotReady
2026-06-29T12:53:57+00:00,k3s-s3,Ready
2026-06-29T12:53:57+00:00,k3s-w1,Ready
2026-06-29T12:53:57+00:00,k3s-w2,Ready
2026-06-29T12:53:58+00:00,k3s-s1,Ready
2026-06-29T12:53:58+00:00,k3s-s2,NotReady
2026-06-29T12:53:58+00:00,k3s-s3,Ready
2026-06-29T12:53:58+00:00,k3s-w1,Ready
2026-06-29T12:53:58+00:00,k3s-w2,Ready
2026-06-29T12:53:59+00:00,k3s-s1,Ready
2026-06-29T12:53:59+00:00,k3s-s2,NotReady
2026-06-29T12:53:59+00:00,k3s-s3,Ready
2026-06-29T12:53:59+00:00,k3s-w1,Ready
2026-06-29T12:53:59+00:00,k3s-w2,Ready
2026-06-29T12:54:00+00:00,k3s-s1,Ready
2026-06-29T12:54:00+00:00,k3s-s2,NotReady
2026-06-29T12:54:00+00:00,k3s-s3,Ready
2026-06-29T12:54:00+00:00,k3s-w1,Ready
2026-06-29T12:54:00+00:00,k3s-w2,Ready
2026-06-29T12:54:01+00:00,k3s-s1,Ready
2026-06-29T12:54:01+00:00,k3s-s2,NotReady
2026-06-29T12:54:01+00:00,k3s-s3,Ready
2026-06-29T12:54:01+00:00,k3s-w1,Ready
2026-06-29T12:54:01+00:00,k3s-w2,Ready
2026-06-29T12:54:02+00:00,k3s-s1,Ready
2026-06-29T12:54:02+00:00,k3s-s2,NotReady
2026-06-29T12:54:02+00:00,k3s-s3,Ready
2026-06-29T12:54:02+00:00,k3s-w1,Ready
2026-06-29T12:54:02+00:00,k3s-w2,Ready
2026-06-29T12:54:03+00:00,k3s-s1,Ready
2026-06-29T12:54:03+00:00,k3s-s2,NotReady
2026-06-29T12:54:03+00:00,k3s-s3,Ready
2026-06-29T12:54:03+00:00,k3s-w1,Ready
2026-06-29T12:54:03+00:00,k3s-w2,Ready
2026-06-29T12:54:04+00:00,k3s-s1,Ready
2026-06-29T12:54:04+00:00,k3s-s2,NotReady
2026-06-29T12:54:04+00:00,k3s-s3,Ready
2026-06-29T12:54:04+00:00,k3s-w1,Ready
2026-06-29T12:54:04+00:00,k3s-w2,Ready
2026-06-29T12:54:05+00:00,k3s-s1,Ready
2026-06-29T12:54:05+00:00,k3s-s2,NotReady
2026-06-29T12:54:05+00:00,k3s-s3,Ready
2026-06-29T12:54:05+00:00,k3s-w1,Ready
2026-06-29T12:54:05+00:00,k3s-w2,Ready
2026-06-29T12:54:06+00:00,k3s-s1,Ready
2026-06-29T12:54:06+00:00,k3s-s2,NotReady
2026-06-29T12:54:06+00:00,k3s-s3,Ready
2026-06-29T12:54:06+00:00,k3s-w1,Ready
2026-06-29T12:54:06+00:00,k3s-w2,Ready
2026-06-29T12:54:07+00:00,k3s-s1,Ready
2026-06-29T12:54:07+00:00,k3s-s2,NotReady
2026-06-29T12:54:07+00:00,k3s-s3,Ready
2026-06-29T12:54:07+00:00,k3s-w1,Ready
2026-06-29T12:54:07+00:00,k3s-w2,Ready
2026-06-29T12:54:09+00:00,k3s-s1,Ready
2026-06-29T12:54:09+00:00,k3s-s2,NotReady
2026-06-29T12:54:09+00:00,k3s-s3,Ready
2026-06-29T12:54:09+00:00,k3s-w1,Ready
2026-06-29T12:54:09+00:00,k3s-w2,Ready
2026-06-29T12:54:10+00:00,k3s-s1,Ready
2026-06-29T12:54:10+00:00,k3s-s2,NotReady
2026-06-29T12:54:10+00:00,k3s-s3,Ready
2026-06-29T12:54:10+00:00,k3s-w1,Ready
2026-06-29T12:54:10+00:00,k3s-w2,Ready
2026-06-29T12:54:11+00:00,k3s-s1,Ready
2026-06-29T12:54:11+00:00,k3s-s2,NotReady
2026-06-29T12:54:11+00:00,k3s-s3,Ready
2026-06-29T12:54:11+00:00,k3s-w1,Ready
2026-06-29T12:54:11+00:00,k3s-w2,Ready
2026-06-29T12:54:12+00:00,k3s-s1,Ready
2026-06-29T12:54:12+00:00,k3s-s2,NotReady
2026-06-29T12:54:12+00:00,k3s-s3,Ready
2026-06-29T12:54:12+00:00,k3s-w1,Ready
2026-06-29T12:54:12+00:00,k3s-w2,Ready
2026-06-29T12:54:13+00:00,k3s-s1,Ready
2026-06-29T12:54:13+00:00,k3s-s2,NotReady
2026-06-29T12:54:13+00:00,k3s-s3,Ready
2026-06-29T12:54:13+00:00,k3s-w1,Ready
2026-06-29T12:54:13+00:00,k3s-w2,Ready
2026-06-29T12:54:14+00:00,k3s-s1,Ready
2026-06-29T12:54:14+00:00,k3s-s2,NotReady
2026-06-29T12:54:14+00:00,k3s-s3,Ready
2026-06-29T12:54:14+00:00,k3s-w1,Ready
2026-06-29T12:54:14+00:00,k3s-w2,Ready
2026-06-29T12:54:15+00:00,k3s-s1,Ready
2026-06-29T12:54:15+00:00,k3s-s2,NotReady
2026-06-29T12:54:15+00:00,k3s-s3,Ready
2026-06-29T12:54:15+00:00,k3s-w1,Ready
2026-06-29T12:54:15+00:00,k3s-w2,Ready
2026-06-29T12:54:16+00:00,k3s-s1,Ready
2026-06-29T12:54:16+00:00,k3s-s2,NotReady
2026-06-29T12:54:16+00:00,k3s-s3,Ready
2026-06-29T12:54:16+00:00,k3s-w1,Ready
2026-06-29T12:54:16+00:00,k3s-w2,Ready
2026-06-29T12:54:17+00:00,k3s-s1,Ready
2026-06-29T12:54:17+00:00,k3s-s2,NotReady
2026-06-29T12:54:17+00:00,k3s-s3,Ready
2026-06-29T12:54:17+00:00,k3s-w1,Ready
2026-06-29T12:54:17+00:00,k3s-w2,Ready
2026-06-29T12:54:18+00:00,k3s-s1,Ready
2026-06-29T12:54:18+00:00,k3s-s2,NotReady
2026-06-29T12:54:18+00:00,k3s-s3,Ready
2026-06-29T12:54:18+00:00,k3s-w1,Ready
2026-06-29T12:54:18+00:00,k3s-w2,Ready
2026-06-29T12:54:19+00:00,k3s-s1,Ready
2026-06-29T12:54:19+00:00,k3s-s2,NotReady
2026-06-29T12:54:19+00:00,k3s-s3,Ready
2026-06-29T12:54:19+00:00,k3s-w1,Ready
2026-06-29T12:54:19+00:00,k3s-w2,Ready
2026-06-29T12:54:20+00:00,k3s-s1,Ready
2026-06-29T12:54:20+00:00,k3s-s2,NotReady
2026-06-29T12:54:20+00:00,k3s-s3,Ready
2026-06-29T12:54:20+00:00,k3s-w1,Ready
2026-06-29T12:54:20+00:00,k3s-w2,Ready
2026-06-29T12:54:21+00:00,k3s-s1,Ready
2026-06-29T12:54:21+00:00,k3s-s2,NotReady
2026-06-29T12:54:21+00:00,k3s-s3,Ready
2026-06-29T12:54:21+00:00,k3s-w1,Ready
2026-06-29T12:54:21+00:00,k3s-w2,Ready
2026-06-29T12:54:22+00:00,k3s-s1,Ready
2026-06-29T12:54:22+00:00,k3s-s2,NotReady
2026-06-29T12:54:22+00:00,k3s-s3,Ready
2026-06-29T12:54:22+00:00,k3s-w1,Ready
2026-06-29T12:54:22+00:00,k3s-w2,Ready
2026-06-29T12:54:23+00:00,k3s-s1,Ready
2026-06-29T12:54:23+00:00,k3s-s2,NotReady
2026-06-29T12:54:23+00:00,k3s-s3,Ready
2026-06-29T12:54:23+00:00,k3s-w1,Ready
2026-06-29T12:54:23+00:00,k3s-w2,Ready
2026-06-29T12:54:24+00:00,k3s-s1,Ready
2026-06-29T12:54:24+00:00,k3s-s2,NotReady
2026-06-29T12:54:24+00:00,k3s-s3,Ready
2026-06-29T12:54:24+00:00,k3s-w1,Ready
2026-06-29T12:54:24+00:00,k3s-w2,Ready
2026-06-29T12:54:25+00:00,k3s-s1,Ready
2026-06-29T12:54:25+00:00,k3s-s2,NotReady
2026-06-29T12:54:25+00:00,k3s-s3,Ready
2026-06-29T12:54:25+00:00,k3s-w1,Ready
2026-06-29T12:54:25+00:00,k3s-w2,Ready
2026-06-29T12:54:26+00:00,k3s-s1,Ready
2026-06-29T12:54:26+00:00,k3s-s2,NotReady
2026-06-29T12:54:26+00:00,k3s-s3,Ready
2026-06-29T12:54:26+00:00,k3s-w1,Ready
2026-06-29T12:54:26+00:00,k3s-w2,Ready
2026-06-29T12:54:28+00:00,k3s-s1,Ready
2026-06-29T12:54:28+00:00,k3s-s2,NotReady
2026-06-29T12:54:28+00:00,k3s-s3,Ready
2026-06-29T12:54:28+00:00,k3s-w1,Ready
2026-06-29T12:54:28+00:00,k3s-w2,Ready
2026-06-29T12:54:29+00:00,k3s-s1,Ready
2026-06-29T12:54:29+00:00,k3s-s2,NotReady
2026-06-29T12:54:29+00:00,k3s-s3,Ready
2026-06-29T12:54:29+00:00,k3s-w1,Ready
2026-06-29T12:54:29+00:00,k3s-w2,Ready
2026-06-29T12:54:30+00:00,k3s-s1,Ready
2026-06-29T12:54:30+00:00,k3s-s2,NotReady
2026-06-29T12:54:30+00:00,k3s-s3,Ready
2026-06-29T12:54:30+00:00,k3s-w1,Ready
2026-06-29T12:54:30+00:00,k3s-w2,Ready
2026-06-29T12:54:31+00:00,k3s-s1,Ready
2026-06-29T12:54:31+00:00,k3s-s2,NotReady
2026-06-29T12:54:31+00:00,k3s-s3,Ready
2026-06-29T12:54:31+00:00,k3s-w1,Ready
2026-06-29T12:54:31+00:00,k3s-w2,Ready
2026-06-29T12:54:32+00:00,k3s-s1,Ready
2026-06-29T12:54:32+00:00,k3s-s2,NotReady
2026-06-29T12:54:32+00:00,k3s-s3,Ready
2026-06-29T12:54:32+00:00,k3s-w1,Ready
2026-06-29T12:54:32+00:00,k3s-w2,Ready
2026-06-29T12:54:33+00:00,k3s-s1,Ready
2026-06-29T12:54:33+00:00,k3s-s2,NotReady
2026-06-29T12:54:33+00:00,k3s-s3,Ready
2026-06-29T12:54:33+00:00,k3s-w1,Ready
2026-06-29T12:54:33+00:00,k3s-w2,Ready
2026-06-29T12:54:34+00:00,k3s-s1,Ready
2026-06-29T12:54:34+00:00,k3s-s2,NotReady
2026-06-29T12:54:34+00:00,k3s-s3,Ready
2026-06-29T12:54:34+00:00,k3s-w1,Ready
2026-06-29T12:54:34+00:00,k3s-w2,Ready
2026-06-29T12:54:35+00:00,k3s-s1,Ready
2026-06-29T12:54:35+00:00,k3s-s2,NotReady
2026-06-29T12:54:35+00:00,k3s-s3,Ready
2026-06-29T12:54:35+00:00,k3s-w1,Ready
2026-06-29T12:54:35+00:00,k3s-w2,Ready
2026-06-29T12:54:36+00:00,k3s-s1,Ready
2026-06-29T12:54:36+00:00,k3s-s2,NotReady
2026-06-29T12:54:36+00:00,k3s-s3,Ready
2026-06-29T12:54:36+00:00,k3s-w1,Ready
2026-06-29T12:54:36+00:00,k3s-w2,Ready
2026-06-29T12:54:37+00:00,k3s-s1,Ready
2026-06-29T12:54:37+00:00,k3s-s2,NotReady
2026-06-29T12:54:37+00:00,k3s-s3,Ready
2026-06-29T12:54:37+00:00,k3s-w1,Ready
2026-06-29T12:54:37+00:00,k3s-w2,Ready
2026-06-29T12:54:38+00:00,k3s-s1,Ready
2026-06-29T12:54:38+00:00,k3s-s2,NotReady
2026-06-29T12:54:38+00:00,k3s-s3,Ready
2026-06-29T12:54:38+00:00,k3s-w1,Ready
2026-06-29T12:54:38+00:00,k3s-w2,Ready
2026-06-29T12:54:39+00:00,k3s-s1,Ready
2026-06-29T12:54:39+00:00,k3s-s2,NotReady
2026-06-29T12:54:39+00:00,k3s-s3,Ready
2026-06-29T12:54:39+00:00,k3s-w1,Ready
2026-06-29T12:54:39+00:00,k3s-w2,Ready
2026-06-29T12:54:40+00:00,k3s-s1,Ready
2026-06-29T12:54:40+00:00,k3s-s2,NotReady
2026-06-29T12:54:40+00:00,k3s-s3,Ready
2026-06-29T12:54:40+00:00,k3s-w1,Ready
2026-06-29T12:54:40+00:00,k3s-w2,Ready
2026-06-29T12:54:41+00:00,k3s-s1,Ready
2026-06-29T12:54:41+00:00,k3s-s2,NotReady
2026-06-29T12:54:41+00:00,k3s-s3,Ready
2026-06-29T12:54:41+00:00,k3s-w1,Ready
2026-06-29T12:54:41+00:00,k3s-w2,Ready
2026-06-29T12:54:42+00:00,k3s-s1,Ready
2026-06-29T12:54:42+00:00,k3s-s2,NotReady
2026-06-29T12:54:42+00:00,k3s-s3,Ready
2026-06-29T12:54:42+00:00,k3s-w1,Ready
2026-06-29T12:54:42+00:00,k3s-w2,Ready
2026-06-29T12:54:43+00:00,k3s-s1,Ready
2026-06-29T12:54:43+00:00,k3s-s2,NotReady
2026-06-29T12:54:43+00:00,k3s-s3,Ready
2026-06-29T12:54:43+00:00,k3s-w1,Ready
2026-06-29T12:54:43+00:00,k3s-w2,Ready
2026-06-29T12:54:44+00:00,k3s-s1,Ready
2026-06-29T12:54:44+00:00,k3s-s2,NotReady
2026-06-29T12:54:44+00:00,k3s-s3,Ready
2026-06-29T12:54:44+00:00,k3s-w1,Ready
2026-06-29T12:54:44+00:00,k3s-w2,Ready
2026-06-29T12:54:45+00:00,k3s-s1,Ready
2026-06-29T12:54:45+00:00,k3s-s2,NotReady
2026-06-29T12:54:45+00:00,k3s-s3,Ready
2026-06-29T12:54:45+00:00,k3s-w1,Ready
2026-06-29T12:54:45+00:00,k3s-w2,Ready
2026-06-29T12:54:46+00:00,k3s-s1,Ready
2026-06-29T12:54:46+00:00,k3s-s2,NotReady
2026-06-29T12:54:46+00:00,k3s-s3,Ready
2026-06-29T12:54:46+00:00,k3s-w1,Ready
2026-06-29T12:54:46+00:00,k3s-w2,Ready
2026-06-29T12:54:48+00:00,k3s-s1,Ready
2026-06-29T12:54:48+00:00,k3s-s2,NotReady
2026-06-29T12:54:48+00:00,k3s-s3,Ready
2026-06-29T12:54:48+00:00,k3s-w1,Ready
2026-06-29T12:54:48+00:00,k3s-w2,Ready
2026-06-29T12:54:49+00:00,k3s-s1,Ready
2026-06-29T12:54:49+00:00,k3s-s2,NotReady
2026-06-29T12:54:49+00:00,k3s-s3,Ready
2026-06-29T12:54:49+00:00,k3s-w1,Ready
2026-06-29T12:54:49+00:00,k3s-w2,Ready
2026-06-29T12:54:50+00:00,k3s-s1,Ready
2026-06-29T12:54:50+00:00,k3s-s2,NotReady
2026-06-29T12:54:50+00:00,k3s-s3,Ready
2026-06-29T12:54:50+00:00,k3s-w1,Ready
2026-06-29T12:54:50+00:00,k3s-w2,Ready
2026-06-29T12:54:51+00:00,k3s-s1,Ready
2026-06-29T12:54:51+00:00,k3s-s2,NotReady
2026-06-29T12:54:51+00:00,k3s-s3,Ready
2026-06-29T12:54:51+00:00,k3s-w1,Ready
2026-06-29T12:54:51+00:00,k3s-w2,Ready
2026-06-29T12:54:52+00:00,k3s-s1,Ready
2026-06-29T12:54:52+00:00,k3s-s2,NotReady
2026-06-29T12:54:52+00:00,k3s-s3,Ready
2026-06-29T12:54:52+00:00,k3s-w1,Ready
2026-06-29T12:54:52+00:00,k3s-w2,Ready
2026-06-29T12:54:53+00:00,k3s-s1,Ready
2026-06-29T12:54:53+00:00,k3s-s2,NotReady
2026-06-29T12:54:53+00:00,k3s-s3,Ready
2026-06-29T12:54:53+00:00,k3s-w1,Ready
2026-06-29T12:54:53+00:00,k3s-w2,Ready
2026-06-29T12:54:54+00:00,k3s-s1,Ready
2026-06-29T12:54:54+00:00,k3s-s2,NotReady
2026-06-29T12:54:54+00:00,k3s-s3,Ready
2026-06-29T12:54:54+00:00,k3s-w1,Ready
2026-06-29T12:54:54+00:00,k3s-w2,Ready
2026-06-29T12:54:55+00:00,k3s-s1,Ready
2026-06-29T12:54:55+00:00,k3s-s2,NotReady
2026-06-29T12:54:55+00:00,k3s-s3,Ready
2026-06-29T12:54:55+00:00,k3s-w1,Ready
2026-06-29T12:54:55+00:00,k3s-w2,Ready
2026-06-29T12:54:56+00:00,k3s-s1,Ready
2026-06-29T12:54:56+00:00,k3s-s2,NotReady
2026-06-29T12:54:56+00:00,k3s-s3,Ready
2026-06-29T12:54:56+00:00,k3s-w1,Ready
2026-06-29T12:54:56+00:00,k3s-w2,Ready
2026-06-29T12:54:57+00:00,k3s-s1,Ready
2026-06-29T12:54:57+00:00,k3s-s2,NotReady
2026-06-29T12:54:57+00:00,k3s-s3,Ready
2026-06-29T12:54:57+00:00,k3s-w1,Ready
2026-06-29T12:54:57+00:00,k3s-w2,Ready
2026-06-29T12:54:58+00:00,k3s-s1,Ready
2026-06-29T12:54:58+00:00,k3s-s2,NotReady
2026-06-29T12:54:58+00:00,k3s-s3,Ready
2026-06-29T12:54:58+00:00,k3s-w1,Ready
2026-06-29T12:54:58+00:00,k3s-w2,Ready
2026-06-29T12:54:59+00:00,k3s-s1,Ready
2026-06-29T12:54:59+00:00,k3s-s2,NotReady
2026-06-29T12:54:59+00:00,k3s-s3,Ready
2026-06-29T12:54:59+00:00,k3s-w1,Ready
2026-06-29T12:54:59+00:00,k3s-w2,Ready
2026-06-29T12:55:00+00:00,k3s-s1,Ready
2026-06-29T12:55:00+00:00,k3s-s2,NotReady
2026-06-29T12:55:00+00:00,k3s-s3,Ready
2026-06-29T12:55:00+00:00,k3s-w1,Ready
2026-06-29T12:55:00+00:00,k3s-w2,Ready
2026-06-29T12:55:01+00:00,k3s-s1,Ready
2026-06-29T12:55:01+00:00,k3s-s2,NotReady
2026-06-29T12:55:01+00:00,k3s-s3,Ready
2026-06-29T12:55:01+00:00,k3s-w1,Ready
2026-06-29T12:55:01+00:00,k3s-w2,Ready
2026-06-29T12:55:02+00:00,k3s-s1,Ready
2026-06-29T12:55:02+00:00,k3s-s2,NotReady
2026-06-29T12:55:02+00:00,k3s-s3,Ready
2026-06-29T12:55:02+00:00,k3s-w1,Ready
2026-06-29T12:55:02+00:00,k3s-w2,Ready
2026-06-29T12:55:03+00:00,k3s-s1,Ready
2026-06-29T12:55:03+00:00,k3s-s2,NotReady
2026-06-29T12:55:03+00:00,k3s-s3,Ready
2026-06-29T12:55:03+00:00,k3s-w1,Ready
2026-06-29T12:55:03+00:00,k3s-w2,Ready
2026-06-29T12:55:04+00:00,k3s-s1,Ready
2026-06-29T12:55:04+00:00,k3s-s2,NotReady
2026-06-29T12:55:04+00:00,k3s-s3,Ready
2026-06-29T12:55:04+00:00,k3s-w1,Ready
2026-06-29T12:55:04+00:00,k3s-w2,Ready
2026-06-29T12:55:05+00:00,k3s-s1,Ready
2026-06-29T12:55:05+00:00,k3s-s2,NotReady
2026-06-29T12:55:05+00:00,k3s-s3,Ready
2026-06-29T12:55:05+00:00,k3s-w1,Ready
2026-06-29T12:55:05+00:00,k3s-w2,Ready
2026-06-29T12:55:06+00:00,k3s-s1,Ready
2026-06-29T12:55:06+00:00,k3s-s2,NotReady
2026-06-29T12:55:06+00:00,k3s-s3,Ready
2026-06-29T12:55:06+00:00,k3s-w1,Ready
2026-06-29T12:55:06+00:00,k3s-w2,Ready
2026-06-29T12:55:08+00:00,k3s-s1,Ready
2026-06-29T12:55:08+00:00,k3s-s2,NotReady
2026-06-29T12:55:08+00:00,k3s-s3,Ready
2026-06-29T12:55:08+00:00,k3s-w1,Ready
2026-06-29T12:55:08+00:00,k3s-w2,Ready
2026-06-29T12:55:09+00:00,k3s-s1,Ready
2026-06-29T12:55:09+00:00,k3s-s2,NotReady
2026-06-29T12:55:09+00:00,k3s-s3,Ready
2026-06-29T12:55:09+00:00,k3s-w1,Ready
2026-06-29T12:55:09+00:00,k3s-w2,Ready
2026-06-29T12:55:10+00:00,k3s-s1,Ready
2026-06-29T12:55:10+00:00,k3s-s2,NotReady
2026-06-29T12:55:10+00:00,k3s-s3,Ready
2026-06-29T12:55:10+00:00,k3s-w1,Ready
2026-06-29T12:55:10+00:00,k3s-w2,Ready
2026-06-29T12:55:11+00:00,k3s-s1,Ready
2026-06-29T12:55:11+00:00,k3s-s2,NotReady
2026-06-29T12:55:11+00:00,k3s-s3,Ready
2026-06-29T12:55:11+00:00,k3s-w1,Ready
2026-06-29T12:55:11+00:00,k3s-w2,Ready
2026-06-29T12:55:12+00:00,k3s-s1,Ready
2026-06-29T12:55:12+00:00,k3s-s2,NotReady
2026-06-29T12:55:12+00:00,k3s-s3,Ready
2026-06-29T12:55:12+00:00,k3s-w1,Ready
2026-06-29T12:55:12+00:00,k3s-w2,Ready
2026-06-29T12:55:13+00:00,k3s-s1,Ready
2026-06-29T12:55:13+00:00,k3s-s2,NotReady
2026-06-29T12:55:13+00:00,k3s-s3,Ready
2026-06-29T12:55:13+00:00,k3s-w1,Ready
2026-06-29T12:55:13+00:00,k3s-w2,Ready
2026-06-29T12:55:14+00:00,k3s-s1,Ready
2026-06-29T12:55:14+00:00,k3s-s2,NotReady
2026-06-29T12:55:14+00:00,k3s-s3,Ready
2026-06-29T12:55:14+00:00,k3s-w1,Ready
2026-06-29T12:55:14+00:00,k3s-w2,Ready
2026-06-29T12:55:15+00:00,k3s-s1,Ready
2026-06-29T12:55:15+00:00,k3s-s2,NotReady
2026-06-29T12:55:15+00:00,k3s-s3,Ready
2026-06-29T12:55:15+00:00,k3s-w1,Ready
2026-06-29T12:55:15+00:00,k3s-w2,Ready
2026-06-29T12:55:16+00:00,k3s-s1,Ready
2026-06-29T12:55:16+00:00,k3s-s2,NotReady
2026-06-29T12:55:16+00:00,k3s-s3,Ready
2026-06-29T12:55:16+00:00,k3s-w1,Ready
2026-06-29T12:55:16+00:00,k3s-w2,Ready
2026-06-29T12:55:17+00:00,k3s-s1,Ready
2026-06-29T12:55:17+00:00,k3s-s2,NotReady
2026-06-29T12:55:17+00:00,k3s-s3,Ready
2026-06-29T12:55:17+00:00,k3s-w1,Ready
2026-06-29T12:55:17+00:00,k3s-w2,Ready
2026-06-29T12:55:18+00:00,k3s-s1,Ready
2026-06-29T12:55:18+00:00,k3s-s2,NotReady
2026-06-29T12:55:18+00:00,k3s-s3,Ready
2026-06-29T12:55:18+00:00,k3s-w1,Ready
2026-06-29T12:55:18+00:00,k3s-w2,Ready
2026-06-29T12:55:19+00:00,k3s-s1,Ready
2026-06-29T12:55:19+00:00,k3s-s2,NotReady
2026-06-29T12:55:19+00:00,k3s-s3,Ready
2026-06-29T12:55:19+00:00,k3s-w1,Ready
2026-06-29T12:55:19+00:00,k3s-w2,Ready
2026-06-29T12:55:20+00:00,k3s-s1,Ready
2026-06-29T12:55:20+00:00,k3s-s2,NotReady
2026-06-29T12:55:20+00:00,k3s-s3,Ready
2026-06-29T12:55:20+00:00,k3s-w1,Ready
2026-06-29T12:55:20+00:00,k3s-w2,Ready
2026-06-29T12:55:21+00:00,k3s-s1,Ready
2026-06-29T12:55:21+00:00,k3s-s2,NotReady
2026-06-29T12:55:21+00:00,k3s-s3,Ready
2026-06-29T12:55:21+00:00,k3s-w1,Ready
2026-06-29T12:55:21+00:00,k3s-w2,Ready
2026-06-29T12:55:22+00:00,k3s-s1,Ready
2026-06-29T12:55:22+00:00,k3s-s2,NotReady
2026-06-29T12:55:22+00:00,k3s-s3,Ready
2026-06-29T12:55:22+00:00,k3s-w1,Ready
2026-06-29T12:55:22+00:00,k3s-w2,Ready
2026-06-29T12:55:23+00:00,k3s-s1,Ready
2026-06-29T12:55:23+00:00,k3s-s2,NotReady
2026-06-29T12:55:23+00:00,k3s-s3,Ready
2026-06-29T12:55:23+00:00,k3s-w1,Ready
2026-06-29T12:55:23+00:00,k3s-w2,Ready
2026-06-29T12:55:24+00:00,k3s-s1,Ready
2026-06-29T12:55:24+00:00,k3s-s2,NotReady
2026-06-29T12:55:24+00:00,k3s-s3,Ready
2026-06-29T12:55:24+00:00,k3s-w1,Ready
2026-06-29T12:55:24+00:00,k3s-w2,Ready
2026-06-29T12:55:25+00:00,k3s-s1,Ready
2026-06-29T12:55:25+00:00,k3s-s2,NotReady
2026-06-29T12:55:25+00:00,k3s-s3,Ready
2026-06-29T12:55:25+00:00,k3s-w1,Ready
2026-06-29T12:55:25+00:00,k3s-w2,Ready
2026-06-29T12:55:26+00:00,k3s-s1,Ready
2026-06-29T12:55:26+00:00,k3s-s2,NotReady
2026-06-29T12:55:26+00:00,k3s-s3,Ready
2026-06-29T12:55:26+00:00,k3s-w1,Ready
2026-06-29T12:55:26+00:00,k3s-w2,Ready
2026-06-29T12:55:28+00:00,k3s-s1,Ready
2026-06-29T12:55:28+00:00,k3s-s2,NotReady
2026-06-29T12:55:28+00:00,k3s-s3,Ready
2026-06-29T12:55:28+00:00,k3s-w1,Ready
2026-06-29T12:55:28+00:00,k3s-w2,Ready
2026-06-29T12:55:29+00:00,k3s-s1,Ready
2026-06-29T12:55:29+00:00,k3s-s2,NotReady
2026-06-29T12:55:29+00:00,k3s-s3,Ready
2026-06-29T12:55:29+00:00,k3s-w1,Ready
2026-06-29T12:55:29+00:00,k3s-w2,Ready
2026-06-29T12:55:30+00:00,k3s-s1,Ready
2026-06-29T12:55:30+00:00,k3s-s2,NotReady
2026-06-29T12:55:30+00:00,k3s-s3,Ready
2026-06-29T12:55:30+00:00,k3s-w1,Ready
2026-06-29T12:55:30+00:00,k3s-w2,Ready
2026-06-29T12:55:31+00:00,k3s-s1,Ready
2026-06-29T12:55:31+00:00,k3s-s2,NotReady
2026-06-29T12:55:31+00:00,k3s-s3,Ready
2026-06-29T12:55:31+00:00,k3s-w1,Ready
2026-06-29T12:55:31+00:00,k3s-w2,Ready
2026-06-29T12:55:32+00:00,k3s-s1,Ready
2026-06-29T12:55:32+00:00,k3s-s2,NotReady
2026-06-29T12:55:32+00:00,k3s-s3,Ready
2026-06-29T12:55:32+00:00,k3s-w1,Ready
2026-06-29T12:55:32+00:00,k3s-w2,Ready
2026-06-29T12:55:33+00:00,k3s-s1,Ready
2026-06-29T12:55:33+00:00,k3s-s2,NotReady
2026-06-29T12:55:33+00:00,k3s-s3,Ready
2026-06-29T12:55:33+00:00,k3s-w1,Ready
2026-06-29T12:55:33+00:00,k3s-w2,Ready
2026-06-29T12:55:34+00:00,k3s-s1,Ready
2026-06-29T12:55:34+00:00,k3s-s2,NotReady
2026-06-29T12:55:34+00:00,k3s-s3,Ready
2026-06-29T12:55:34+00:00,k3s-w1,Ready
2026-06-29T12:55:34+00:00,k3s-w2,Ready
2026-06-29T12:55:35+00:00,k3s-s1,Ready
2026-06-29T12:55:35+00:00,k3s-s2,NotReady
2026-06-29T12:55:35+00:00,k3s-s3,Ready
2026-06-29T12:55:35+00:00,k3s-w1,Ready
2026-06-29T12:55:35+00:00,k3s-w2,Ready
2026-06-29T12:55:36+00:00,k3s-s1,Ready
2026-06-29T12:55:36+00:00,k3s-s2,NotReady
2026-06-29T12:55:36+00:00,k3s-s3,Ready
2026-06-29T12:55:36+00:00,k3s-w1,Ready
2026-06-29T12:55:36+00:00,k3s-w2,Ready
2026-06-29T12:55:37+00:00,k3s-s1,Ready
2026-06-29T12:55:37+00:00,k3s-s2,NotReady
2026-06-29T12:55:37+00:00,k3s-s3,Ready
2026-06-29T12:55:37+00:00,k3s-w1,Ready
2026-06-29T12:55:37+00:00,k3s-w2,Ready
2026-06-29T12:55:38+00:00,k3s-s1,Ready
2026-06-29T12:55:38+00:00,k3s-s2,NotReady
2026-06-29T12:55:38+00:00,k3s-s3,Ready
2026-06-29T12:55:38+00:00,k3s-w1,Ready
2026-06-29T12:55:38+00:00,k3s-w2,Ready
2026-06-29T12:55:39+00:00,k3s-s1,Ready
2026-06-29T12:55:39+00:00,k3s-s2,NotReady
2026-06-29T12:55:39+00:00,k3s-s3,Ready
2026-06-29T12:55:39+00:00,k3s-w1,Ready
2026-06-29T12:55:39+00:00,k3s-w2,Ready
2026-06-29T12:55:40+00:00,k3s-s1,Ready
2026-06-29T12:55:40+00:00,k3s-s2,NotReady
2026-06-29T12:55:40+00:00,k3s-s3,Ready
2026-06-29T12:55:40+00:00,k3s-w1,Ready
2026-06-29T12:55:40+00:00,k3s-w2,Ready
2026-06-29T12:55:41+00:00,k3s-s1,Ready
2026-06-29T12:55:41+00:00,k3s-s2,NotReady
2026-06-29T12:55:41+00:00,k3s-s3,Ready
2026-06-29T12:55:41+00:00,k3s-w1,Ready
2026-06-29T12:55:41+00:00,k3s-w2,Ready
2026-06-29T12:55:42+00:00,k3s-s1,Ready
2026-06-29T12:55:42+00:00,k3s-s2,NotReady
2026-06-29T12:55:42+00:00,k3s-s3,Ready
2026-06-29T12:55:42+00:00,k3s-w1,Ready
2026-06-29T12:55:42+00:00,k3s-w2,Ready
2026-06-29T12:55:43+00:00,k3s-s1,Ready
2026-06-29T12:55:43+00:00,k3s-s2,NotReady
2026-06-29T12:55:43+00:00,k3s-s3,Ready
2026-06-29T12:55:43+00:00,k3s-w1,Ready
2026-06-29T12:55:43+00:00,k3s-w2,Ready
2026-06-29T12:55:44+00:00,k3s-s1,Ready
2026-06-29T12:55:44+00:00,k3s-s2,NotReady
2026-06-29T12:55:44+00:00,k3s-s3,Ready
2026-06-29T12:55:44+00:00,k3s-w1,Ready
2026-06-29T12:55:44+00:00,k3s-w2,Ready
2026-06-29T12:55:45+00:00,k3s-s1,Ready
2026-06-29T12:55:45+00:00,k3s-s2,NotReady
2026-06-29T12:55:45+00:00,k3s-s3,Ready
2026-06-29T12:55:45+00:00,k3s-w1,Ready
2026-06-29T12:55:45+00:00,k3s-w2,Ready
2026-06-29T12:55:46+00:00,k3s-s1,Ready
2026-06-29T12:55:46+00:00,k3s-s2,NotReady
2026-06-29T12:55:46+00:00,k3s-s3,Ready
2026-06-29T12:55:46+00:00,k3s-w1,Ready
2026-06-29T12:55:46+00:00,k3s-w2,Ready
2026-06-29T12:55:48+00:00,k3s-s1,Ready
2026-06-29T12:55:48+00:00,k3s-s2,NotReady
2026-06-29T12:55:48+00:00,k3s-s3,Ready
2026-06-29T12:55:48+00:00,k3s-w1,Ready
2026-06-29T12:55:48+00:00,k3s-w2,Ready
2026-06-29T12:55:49+00:00,k3s-s1,Ready
2026-06-29T12:55:49+00:00,k3s-s2,NotReady
2026-06-29T12:55:49+00:00,k3s-s3,Ready
2026-06-29T12:55:49+00:00,k3s-w1,Ready
2026-06-29T12:55:49+00:00,k3s-w2,Ready
2026-06-29T12:55:50+00:00,k3s-s1,Ready
2026-06-29T12:55:50+00:00,k3s-s2,NotReady
2026-06-29T12:55:50+00:00,k3s-s3,Ready
2026-06-29T12:55:50+00:00,k3s-w1,Ready
2026-06-29T12:55:50+00:00,k3s-w2,Ready
2026-06-29T12:55:51+00:00,k3s-s1,Ready
2026-06-29T12:55:51+00:00,k3s-s2,NotReady
2026-06-29T12:55:51+00:00,k3s-s3,Ready
2026-06-29T12:55:51+00:00,k3s-w1,Ready
2026-06-29T12:55:51+00:00,k3s-w2,Ready
2026-06-29T12:55:52+00:00,k3s-s1,Ready
2026-06-29T12:55:52+00:00,k3s-s2,NotReady
2026-06-29T12:55:52+00:00,k3s-s3,Ready
2026-06-29T12:55:52+00:00,k3s-w1,Ready
2026-06-29T12:55:52+00:00,k3s-w2,Ready
2026-06-29T12:55:53+00:00,k3s-s1,Ready
2026-06-29T12:55:53+00:00,k3s-s2,NotReady
2026-06-29T12:55:53+00:00,k3s-s3,Ready
2026-06-29T12:55:53+00:00,k3s-w1,Ready
2026-06-29T12:55:53+00:00,k3s-w2,Ready
2026-06-29T12:55:54+00:00,k3s-s1,Ready
2026-06-29T12:55:54+00:00,k3s-s2,NotReady
2026-06-29T12:55:54+00:00,k3s-s3,Ready
2026-06-29T12:55:54+00:00,k3s-w1,Ready
2026-06-29T12:55:54+00:00,k3s-w2,Ready
2026-06-29T12:55:55+00:00,k3s-s1,Ready
2026-06-29T12:55:55+00:00,k3s-s2,NotReady
2026-06-29T12:55:55+00:00,k3s-s3,Ready
2026-06-29T12:55:55+00:00,k3s-w1,Ready
2026-06-29T12:55:55+00:00,k3s-w2,Ready
2026-06-29T12:55:56+00:00,k3s-s1,Ready
2026-06-29T12:55:56+00:00,k3s-s2,NotReady
2026-06-29T12:55:56+00:00,k3s-s3,Ready
2026-06-29T12:55:56+00:00,k3s-w1,Ready
2026-06-29T12:55:56+00:00,k3s-w2,Ready
2026-06-29T12:55:57+00:00,k3s-s1,Ready
2026-06-29T12:55:57+00:00,k3s-s2,NotReady
2026-06-29T12:55:57+00:00,k3s-s3,Ready
2026-06-29T12:55:57+00:00,k3s-w1,Ready
2026-06-29T12:55:57+00:00,k3s-w2,Ready
2026-06-29T12:55:58+00:00,k3s-s1,Ready
2026-06-29T12:55:58+00:00,k3s-s2,NotReady
2026-06-29T12:55:58+00:00,k3s-s3,Ready
2026-06-29T12:55:58+00:00,k3s-w1,Ready
2026-06-29T12:55:58+00:00,k3s-w2,Ready
2026-06-29T12:55:59+00:00,k3s-s1,Ready
2026-06-29T12:55:59+00:00,k3s-s2,NotReady
2026-06-29T12:55:59+00:00,k3s-s3,Ready
2026-06-29T12:55:59+00:00,k3s-w1,Ready
2026-06-29T12:55:59+00:00,k3s-w2,Ready
2026-06-29T12:56:00+00:00,k3s-s1,Ready
2026-06-29T12:56:00+00:00,k3s-s2,NotReady
2026-06-29T12:56:00+00:00,k3s-s3,Ready
2026-06-29T12:56:00+00:00,k3s-w1,Ready
2026-06-29T12:56:00+00:00,k3s-w2,Ready
2026-06-29T12:56:01+00:00,k3s-s1,Ready
2026-06-29T12:56:01+00:00,k3s-s2,NotReady
2026-06-29T12:56:01+00:00,k3s-s3,Ready
2026-06-29T12:56:01+00:00,k3s-w1,Ready
2026-06-29T12:56:01+00:00,k3s-w2,Ready
2026-06-29T12:56:02+00:00,k3s-s1,Ready
2026-06-29T12:56:02+00:00,k3s-s2,Ready
2026-06-29T12:56:02+00:00,k3s-s3,Ready
2026-06-29T12:56:02+00:00,k3s-w1,Ready
2026-06-29T12:56:02+00:00,k3s-w2,Ready
2026-06-29T12:56:03+00:00,k3s-s1,Ready
2026-06-29T12:56:03+00:00,k3s-s2,Ready
2026-06-29T12:56:03+00:00,k3s-s3,Ready
2026-06-29T12:56:03+00:00,k3s-w1,Ready
2026-06-29T12:56:03+00:00,k3s-w2,Ready
2026-06-29T12:56:05+00:00,k3s-s1,Ready
2026-06-29T12:56:05+00:00,k3s-s2,Ready
2026-06-29T12:56:05+00:00,k3s-s3,Ready
2026-06-29T12:56:05+00:00,k3s-w1,Ready
2026-06-29T12:56:05+00:00,k3s-w2,Ready
2026-06-29T12:56:06+00:00,k3s-s1,Ready
2026-06-29T12:56:06+00:00,k3s-s2,Ready
2026-06-29T12:56:06+00:00,k3s-s3,Ready
2026-06-29T12:56:06+00:00,k3s-w1,Ready
2026-06-29T12:56:06+00:00,k3s-w2,Ready
2026-06-29T12:56:07+00:00,k3s-s1,Ready
2026-06-29T12:56:07+00:00,k3s-s2,Ready
2026-06-29T12:56:07+00:00,k3s-s3,Ready
2026-06-29T12:56:07+00:00,k3s-w1,Ready
2026-06-29T12:56:07+00:00,k3s-w2,Ready
2026-06-29T12:56:08+00:00,k3s-s1,Ready
2026-06-29T12:56:08+00:00,k3s-s2,Ready
2026-06-29T12:56:08+00:00,k3s-s3,Ready
2026-06-29T12:56:08+00:00,k3s-w1,Ready
2026-06-29T12:56:08+00:00,k3s-w2,Ready
2026-06-29T12:56:09+00:00,k3s-s1,Ready
2026-06-29T12:56:09+00:00,k3s-s2,Ready
2026-06-29T12:56:09+00:00,k3s-s3,Ready
2026-06-29T12:56:09+00:00,k3s-w1,Ready
2026-06-29T12:56:09+00:00,k3s-w2,Ready
2026-06-29T12:56:10+00:00,k3s-s1,Ready
2026-06-29T12:56:10+00:00,k3s-s2,Ready
2026-06-29T12:56:10+00:00,k3s-s3,Ready
2026-06-29T12:56:10+00:00,k3s-w1,Ready
2026-06-29T12:56:10+00:00,k3s-w2,Ready
2026-06-29T12:56:11+00:00,k3s-s1,Ready
2026-06-29T12:56:11+00:00,k3s-s2,Ready
2026-06-29T12:56:11+00:00,k3s-s3,Ready
2026-06-29T12:56:11+00:00,k3s-w1,Ready
2026-06-29T12:56:11+00:00,k3s-w2,Ready
2026-06-29T12:56:12+00:00,k3s-s1,Ready
2026-06-29T12:56:12+00:00,k3s-s2,Ready
2026-06-29T12:56:12+00:00,k3s-s3,Ready
2026-06-29T12:56:12+00:00,k3s-w1,Ready
2026-06-29T12:56:12+00:00,k3s-w2,Ready
2026-06-29T12:56:13+00:00,k3s-s1,Ready
2026-06-29T12:56:13+00:00,k3s-s2,Ready
2026-06-29T12:56:13+00:00,k3s-s3,Ready
2026-06-29T12:56:13+00:00,k3s-w1,Ready
2026-06-29T12:56:13+00:00,k3s-w2,Ready
2026-06-29T12:56:14+00:00,k3s-s1,Ready
2026-06-29T12:56:14+00:00,k3s-s2,Ready
2026-06-29T12:56:14+00:00,k3s-s3,Ready
2026-06-29T12:56:14+00:00,k3s-w1,Ready
2026-06-29T12:56:14+00:00,k3s-w2,Ready
2026-06-29T12:56:15+00:00,k3s-s1,Ready
2026-06-29T12:56:15+00:00,k3s-s2,Ready
2026-06-29T12:56:15+00:00,k3s-s3,Ready
2026-06-29T12:56:15+00:00,k3s-w1,Ready
2026-06-29T12:56:15+00:00,k3s-w2,Ready
2026-06-29T12:56:16+00:00,k3s-s1,Ready
2026-06-29T12:56:16+00:00,k3s-s2,Ready
2026-06-29T12:56:16+00:00,k3s-s3,Ready
2026-06-29T12:56:16+00:00,k3s-w1,Ready
2026-06-29T12:56:16+00:00,k3s-w2,Ready
2026-06-29T12:56:17+00:00,k3s-s1,Ready
2026-06-29T12:56:17+00:00,k3s-s2,Ready
2026-06-29T12:56:17+00:00,k3s-s3,Ready
2026-06-29T12:56:17+00:00,k3s-w1,Ready
2026-06-29T12:56:17+00:00,k3s-w2,Ready
2026-06-29T12:56:19+00:00,k3s-s1,Ready
2026-06-29T12:56:19+00:00,k3s-s2,Ready
2026-06-29T12:56:19+00:00,k3s-s3,Ready
2026-06-29T12:56:19+00:00,k3s-w1,Ready
2026-06-29T12:56:19+00:00,k3s-w2,Ready
2026-06-29T12:56:20+00:00,k3s-s1,Ready
2026-06-29T12:56:20+00:00,k3s-s2,Ready
2026-06-29T12:56:20+00:00,k3s-s3,Ready
2026-06-29T12:56:20+00:00,k3s-w1,Ready
2026-06-29T12:56:20+00:00,k3s-w2,Ready
2026-06-29T12:56:21+00:00,k3s-s1,Ready
2026-06-29T12:56:21+00:00,k3s-s2,Ready
2026-06-29T12:56:21+00:00,k3s-s3,Ready
2026-06-29T12:56:21+00:00,k3s-w1,Ready
2026-06-29T12:56:21+00:00,k3s-w2,Ready
2026-06-29T12:56:22+00:00,k3s-s1,Ready
2026-06-29T12:56:22+00:00,k3s-s2,Ready
2026-06-29T12:56:22+00:00,k3s-s3,Ready
2026-06-29T12:56:22+00:00,k3s-w1,Ready
2026-06-29T12:56:22+00:00,k3s-w2,Ready
2026-06-29T12:56:23+00:00,k3s-s1,Ready
2026-06-29T12:56:23+00:00,k3s-s2,Ready
2026-06-29T12:56:23+00:00,k3s-s3,Ready
2026-06-29T12:56:23+00:00,k3s-w1,Ready
2026-06-29T12:56:23+00:00,k3s-w2,Ready
2026-06-29T12:56:24+00:00,k3s-s1,Ready
2026-06-29T12:56:24+00:00,k3s-s2,Ready
2026-06-29T12:56:24+00:00,k3s-s3,Ready
2026-06-29T12:56:24+00:00,k3s-w1,Ready
2026-06-29T12:56:24+00:00,k3s-w2,Ready
2026-06-29T12:56:25+00:00,k3s-s1,Ready
2026-06-29T12:56:25+00:00,k3s-s2,Ready
2026-06-29T12:56:25+00:00,k3s-s3,Ready
2026-06-29T12:56:25+00:00,k3s-w1,Ready
2026-06-29T12:56:25+00:00,k3s-w2,Ready
2026-06-29T12:56:26+00:00,k3s-s1,Ready
2026-06-29T12:56:26+00:00,k3s-s2,Ready
2026-06-29T12:56:26+00:00,k3s-s3,Ready
2026-06-29T12:56:26+00:00,k3s-w1,Ready
2026-06-29T12:56:26+00:00,k3s-w2,Ready
2026-06-29T12:56:27+00:00,k3s-s1,Ready
2026-06-29T12:56:27+00:00,k3s-s2,Ready
2026-06-29T12:56:27+00:00,k3s-s3,Ready
2026-06-29T12:56:27+00:00,k3s-w1,Ready
2026-06-29T12:56:27+00:00,k3s-w2,Ready
2026-06-29T12:56:28+00:00,k3s-s1,Ready
2026-06-29T12:56:28+00:00,k3s-s2,Ready
2026-06-29T12:56:28+00:00,k3s-s3,Ready
2026-06-29T12:56:28+00:00,k3s-w1,Ready
2026-06-29T12:56:28+00:00,k3s-w2,Ready
2026-06-29T12:56:29+00:00,k3s-s1,Ready
2026-06-29T12:56:29+00:00,k3s-s2,Ready
2026-06-29T12:56:29+00:00,k3s-s3,Ready
2026-06-29T12:56:29+00:00,k3s-w1,Ready
2026-06-29T12:56:29+00:00,k3s-w2,Ready
2026-06-29T12:56:30+00:00,k3s-s1,Ready
2026-06-29T12:56:30+00:00,k3s-s2,Ready
2026-06-29T12:56:30+00:00,k3s-s3,Ready
2026-06-29T12:56:30+00:00,k3s-w1,Ready
2026-06-29T12:56:30+00:00,k3s-w2,Ready
2026-06-29T12:56:31+00:00,k3s-s1,Ready
2026-06-29T12:56:31+00:00,k3s-s2,Ready
2026-06-29T12:56:31+00:00,k3s-s3,Ready
2026-06-29T12:56:31+00:00,k3s-w1,Ready
2026-06-29T12:56:31+00:00,k3s-w2,Ready
2026-06-29T12:56:33+00:00,k3s-s1,Ready
2026-06-29T12:56:33+00:00,k3s-s2,Ready
2026-06-29T12:56:33+00:00,k3s-s3,Ready
2026-06-29T12:56:33+00:00,k3s-w1,Ready
2026-06-29T12:56:33+00:00,k3s-w2,Ready
2026-06-29T12:56:34+00:00,k3s-s1,Ready
2026-06-29T12:56:34+00:00,k3s-s2,Ready
2026-06-29T12:56:34+00:00,k3s-s3,Ready
2026-06-29T12:56:34+00:00,k3s-w1,Ready
2026-06-29T12:56:34+00:00,k3s-w2,Ready
2026-06-29T12:56:35+00:00,k3s-s1,Ready
2026-06-29T12:56:35+00:00,k3s-s2,Ready
2026-06-29T12:56:35+00:00,k3s-s3,Ready
2026-06-29T12:56:35+00:00,k3s-w1,Ready
2026-06-29T12:56:35+00:00,k3s-w2,Ready
2026-06-29T12:56:36+00:00,k3s-s1,Ready
2026-06-29T12:56:36+00:00,k3s-s2,Ready
2026-06-29T12:56:36+00:00,k3s-s3,Ready
2026-06-29T12:56:36+00:00,k3s-w1,Ready
2026-06-29T12:56:36+00:00,k3s-w2,Ready
2026-06-29T12:56:37+00:00,k3s-s1,Ready
2026-06-29T12:56:37+00:00,k3s-s2,Ready
2026-06-29T12:56:37+00:00,k3s-s3,Ready
2026-06-29T12:56:37+00:00,k3s-w1,Ready
2026-06-29T12:56:37+00:00,k3s-w2,Ready
2026-06-29T12:56:38+00:00,k3s-s1,Ready
2026-06-29T12:56:38+00:00,k3s-s2,Ready
2026-06-29T12:56:38+00:00,k3s-s3,Ready
2026-06-29T12:56:38+00:00,k3s-w1,Ready
2026-06-29T12:56:38+00:00,k3s-w2,Ready
2026-06-29T12:56:39+00:00,k3s-s1,Ready
2026-06-29T12:56:39+00:00,k3s-s2,Ready
2026-06-29T12:56:39+00:00,k3s-s3,Ready
2026-06-29T12:56:39+00:00,k3s-w1,Ready
2026-06-29T12:56:39+00:00,k3s-w2,Ready
2026-06-29T12:56:40+00:00,k3s-s1,Ready
2026-06-29T12:56:40+00:00,k3s-s2,Ready
2026-06-29T12:56:40+00:00,k3s-s3,Ready
2026-06-29T12:56:40+00:00,k3s-w1,Ready
2026-06-29T12:56:40+00:00,k3s-w2,Ready
2026-06-29T12:56:41+00:00,k3s-s1,Ready
2026-06-29T12:56:41+00:00,k3s-s2,Ready
2026-06-29T12:56:41+00:00,k3s-s3,Ready
2026-06-29T12:56:41+00:00,k3s-w1,Ready
2026-06-29T12:56:41+00:00,k3s-w2,Ready
2026-06-29T12:56:42+00:00,k3s-s1,Ready
2026-06-29T12:56:42+00:00,k3s-s2,Ready
2026-06-29T12:56:42+00:00,k3s-s3,Ready
2026-06-29T12:56:42+00:00,k3s-w1,Ready
2026-06-29T12:56:42+00:00,k3s-w2,Ready
2026-06-29T12:56:43+00:00,k3s-s1,Ready
2026-06-29T12:56:43+00:00,k3s-s2,Ready
2026-06-29T12:56:43+00:00,k3s-s3,Ready
2026-06-29T12:56:43+00:00,k3s-w1,Ready
2026-06-29T12:56:43+00:00,k3s-w2,Ready
2026-06-29T12:56:44+00:00,k3s-s1,Ready
2026-06-29T12:56:44+00:00,k3s-s2,Ready
2026-06-29T12:56:44+00:00,k3s-s3,Ready
2026-06-29T12:56:44+00:00,k3s-w1,Ready
2026-06-29T12:56:44+00:00,k3s-w2,Ready
2026-06-29T12:56:45+00:00,k3s-s1,Ready
2026-06-29T12:56:45+00:00,k3s-s2,Ready
2026-06-29T12:56:45+00:00,k3s-s3,Ready
2026-06-29T12:56:45+00:00,k3s-w1,Ready
2026-06-29T12:56:45+00:00,k3s-w2,Ready
2026-06-29T12:56:46+00:00,k3s-s1,Ready
2026-06-29T12:56:46+00:00,k3s-s2,Ready
2026-06-29T12:56:46+00:00,k3s-s3,Ready
2026-06-29T12:56:46+00:00,k3s-w1,Ready
2026-06-29T12:56:46+00:00,k3s-w2,Ready
2026-06-29T12:56:48+00:00,k3s-s1,Ready
2026-06-29T12:56:48+00:00,k3s-s2,Ready
2026-06-29T12:56:48+00:00,k3s-s3,Ready
2026-06-29T12:56:48+00:00,k3s-w1,Ready
2026-06-29T12:56:48+00:00,k3s-w2,Ready
2026-06-29T12:56:49+00:00,k3s-s1,Ready
2026-06-29T12:56:49+00:00,k3s-s2,Ready
2026-06-29T12:56:49+00:00,k3s-s3,Ready
2026-06-29T12:56:49+00:00,k3s-w1,Ready
2026-06-29T12:56:49+00:00,k3s-w2,Ready
2026-06-29T12:56:50+00:00,k3s-s1,Ready
2026-06-29T12:56:50+00:00,k3s-s2,Ready
2026-06-29T12:56:50+00:00,k3s-s3,Ready
2026-06-29T12:56:50+00:00,k3s-w1,Ready
2026-06-29T12:56:50+00:00,k3s-w2,Ready
2026-06-29T12:56:51+00:00,k3s-s1,Ready
2026-06-29T12:56:51+00:00,k3s-s2,Ready
2026-06-29T12:56:51+00:00,k3s-s3,Ready
2026-06-29T12:56:51+00:00,k3s-w1,Ready
2026-06-29T12:56:51+00:00,k3s-w2,Ready
2026-06-29T12:56:52+00:00,k3s-s1,Ready
2026-06-29T12:56:52+00:00,k3s-s2,Ready
2026-06-29T12:56:52+00:00,k3s-s3,Ready
2026-06-29T12:56:52+00:00,k3s-w1,Ready
2026-06-29T12:56:52+00:00,k3s-w2,Ready
2026-06-29T12:56:53+00:00,k3s-s1,Ready
2026-06-29T12:56:53+00:00,k3s-s2,Ready
2026-06-29T12:56:53+00:00,k3s-s3,Ready
2026-06-29T12:56:53+00:00,k3s-w1,Ready
2026-06-29T12:56:53+00:00,k3s-w2,Ready
2026-06-29T12:56:54+00:00,k3s-s1,Ready
2026-06-29T12:56:54+00:00,k3s-s2,Ready
2026-06-29T12:56:54+00:00,k3s-s3,Ready
2026-06-29T12:56:54+00:00,k3s-w1,Ready
2026-06-29T12:56:54+00:00,k3s-w2,Ready
2026-06-29T12:56:55+00:00,k3s-s1,Ready
2026-06-29T12:56:55+00:00,k3s-s2,Ready
2026-06-29T12:56:55+00:00,k3s-s3,Ready
2026-06-29T12:56:55+00:00,k3s-w1,Ready
2026-06-29T12:56:55+00:00,k3s-w2,Ready
2026-06-29T12:56:56+00:00,k3s-s1,Ready
2026-06-29T12:56:56+00:00,k3s-s2,Ready
2026-06-29T12:56:56+00:00,k3s-s3,Ready
2026-06-29T12:56:56+00:00,k3s-w1,Ready
2026-06-29T12:56:56+00:00,k3s-w2,Ready
2026-06-29T12:56:57+00:00,k3s-s1,Ready
2026-06-29T12:56:57+00:00,k3s-s2,Ready
2026-06-29T12:56:57+00:00,k3s-s3,Ready
2026-06-29T12:56:57+00:00,k3s-w1,Ready
2026-06-29T12:56:57+00:00,k3s-w2,Ready
2026-06-29T12:56:58+00:00,k3s-s1,Ready
2026-06-29T12:56:58+00:00,k3s-s2,Ready
2026-06-29T12:56:58+00:00,k3s-s3,Ready
2026-06-29T12:56:58+00:00,k3s-w1,Ready
2026-06-29T12:56:58+00:00,k3s-w2,Ready
2026-06-29T12:56:59+00:00,k3s-s1,Ready
2026-06-29T12:56:59+00:00,k3s-s2,Ready
2026-06-29T12:56:59+00:00,k3s-s3,Ready
2026-06-29T12:56:59+00:00,k3s-w1,Ready
2026-06-29T12:56:59+00:00,k3s-w2,Ready
2026-06-29T12:57:00+00:00,k3s-s1,Ready
2026-06-29T12:57:00+00:00,k3s-s2,Ready
2026-06-29T12:57:00+00:00,k3s-s3,Ready
2026-06-29T12:57:00+00:00,k3s-w1,Ready
2026-06-29T12:57:00+00:00,k3s-w2,Ready
2026-06-29T12:57:02+00:00,k3s-s1,Ready
2026-06-29T12:57:02+00:00,k3s-s2,Ready
2026-06-29T12:57:02+00:00,k3s-s3,Ready
2026-06-29T12:57:02+00:00,k3s-w1,Ready
2026-06-29T12:57:02+00:00,k3s-w2,Ready
2026-06-29T12:57:03+00:00,k3s-s1,Ready
2026-06-29T12:57:03+00:00,k3s-s2,Ready
2026-06-29T12:57:03+00:00,k3s-s3,Ready
2026-06-29T12:57:03+00:00,k3s-w1,Ready
2026-06-29T12:57:03+00:00,k3s-w2,Ready
2026-06-29T12:57:04+00:00,k3s-s1,Ready
2026-06-29T12:57:04+00:00,k3s-s2,Ready
2026-06-29T12:57:04+00:00,k3s-s3,Ready
2026-06-29T12:57:04+00:00,k3s-w1,Ready
2026-06-29T12:57:04+00:00,k3s-w2,Ready
2026-06-29T12:57:05+00:00,k3s-s1,Ready
2026-06-29T12:57:05+00:00,k3s-s2,Ready
2026-06-29T12:57:05+00:00,k3s-s3,Ready
2026-06-29T12:57:05+00:00,k3s-w1,Ready
2026-06-29T12:57:05+00:00,k3s-w2,Ready
2026-06-29T12:57:06+00:00,k3s-s1,Ready
2026-06-29T12:57:06+00:00,k3s-s2,Ready
2026-06-29T12:57:06+00:00,k3s-s3,Ready
2026-06-29T12:57:06+00:00,k3s-w1,Ready
2026-06-29T12:57:06+00:00,k3s-w2,Ready
2026-06-29T12:57:07+00:00,k3s-s1,Ready
2026-06-29T12:57:07+00:00,k3s-s2,Ready
2026-06-29T12:57:07+00:00,k3s-s3,Ready
2026-06-29T12:57:07+00:00,k3s-w1,Ready
2026-06-29T12:57:07+00:00,k3s-w2,Ready
2026-06-29T12:57:08+00:00,k3s-s1,Ready
2026-06-29T12:57:08+00:00,k3s-s2,Ready
2026-06-29T12:57:08+00:00,k3s-s3,Ready
2026-06-29T12:57:08+00:00,k3s-w1,Ready
2026-06-29T12:57:08+00:00,k3s-w2,Ready
2026-06-29T12:57:09+00:00,k3s-s1,Ready
2026-06-29T12:57:09+00:00,k3s-s2,Ready
2026-06-29T12:57:09+00:00,k3s-s3,Ready
2026-06-29T12:57:09+00:00,k3s-w1,Ready
2026-06-29T12:57:09+00:00,k3s-w2,Ready
2026-06-29T12:57:10+00:00,k3s-s1,Ready
2026-06-29T12:57:10+00:00,k3s-s2,Ready
2026-06-29T12:57:10+00:00,k3s-s3,Ready
2026-06-29T12:57:10+00:00,k3s-w1,Ready
2026-06-29T12:57:10+00:00,k3s-w2,Ready
2026-06-29T12:57:11+00:00,k3s-s1,Ready
2026-06-29T12:57:11+00:00,k3s-s2,Ready
2026-06-29T12:57:11+00:00,k3s-s3,Ready
2026-06-29T12:57:11+00:00,k3s-w1,Ready
2026-06-29T12:57:11+00:00,k3s-w2,Ready
