request_start_time,request_end_time,status_code,duration_ms,success,error
2026-06-29T12:34:43.853451+00:00,2026-06-29T12:34:43.855595+00:00,200,2.14,True,
2026-06-29T12:34:44.853967+00:00,2026-06-29T12:34:44.859808+00:00,200,5.84,True,
2026-06-29T12:34:45.854183+00:00,2026-06-29T12:34:45.860422+00:00,200,6.24,True,
2026-06-29T12:34:46.854307+00:00,2026-06-29T12:34:46.860051+00:00,200,5.74,True,
2026-06-29T12:34:47.855361+00:00,2026-06-29T12:34:47.858843+00:00,200,3.48,True,
2026-06-29T12:34:48.855981+00:00,2026-06-29T12:34:48.858044+00:00,200,2.06,True,
2026-06-29T12:34:49.856448+00:00,2026-06-29T12:34:49.861113+00:00,200,4.67,True,
2026-06-29T12:34:50.856767+00:00,2026-06-29T12:34:50.859553+00:00,200,2.79,True,
2026-06-29T12:34:51.856933+00:00,2026-06-29T12:34:51.860276+00:00,200,3.34,True,
2026-06-29T12:34:52.858075+00:00,2026-06-29T12:34:52.863278+00:00,200,5.2,True,
2026-06-29T12:34:53.858184+00:00,2026-06-29T12:34:53.860891+00:00,200,2.71,True,
2026-06-29T12:34:54.858578+00:00,2026-06-29T12:34:54.860888+00:00,200,2.31,True,
2026-06-29T12:34:55.858703+00:00,2026-06-29T12:34:55.860701+00:00,200,2.0,True,
2026-06-29T12:34:56.858831+00:00,2026-06-29T12:34:56.860217+00:00,200,1.39,True,
2026-06-29T12:34:57.858933+00:00,2026-06-29T12:34:57.860187+00:00,200,1.25,True,
2026-06-29T12:34:58.859029+00:00,2026-06-29T12:34:58.861880+00:00,200,2.85,True,
2026-06-29T12:34:59.859186+00:00,2026-06-29T12:34:59.864276+00:00,200,5.09,True,
2026-06-29T12:35:00.859532+00:00,2026-06-29T12:35:00.864432+00:00,200,4.9,True,
2026-06-29T12:35:01.859768+00:00,2026-06-29T12:35:01.862751+00:00,200,2.98,True,
2026-06-29T12:35:02.859940+00:00,2026-06-29T12:35:02.864403+00:00,200,4.46,True,
2026-06-29T12:35:03.860142+00:00,2026-06-29T12:35:03.865810+00:00,200,5.67,True,
2026-06-29T12:35:04.860386+00:00,2026-06-29T12:35:04.863717+00:00,200,3.33,True,
2026-06-29T12:35:05.860685+00:00,2026-06-29T12:35:05.863798+00:00,200,3.11,True,
2026-06-29T12:35:06.861127+00:00,2026-06-29T12:35:06.868102+00:00,200,6.98,True,
2026-06-29T12:35:07.861685+00:00,2026-06-29T12:35:07.864405+00:00,200,2.72,True,
2026-06-29T12:35:08.862601+00:00,2026-06-29T12:35:08.864760+00:00,200,2.16,True,
2026-06-29T12:35:09.862703+00:00,2026-06-29T12:35:09.864159+00:00,200,1.46,True,
2026-06-29T12:35:10.863146+00:00,2026-06-29T12:35:10.865270+00:00,200,2.12,True,
2026-06-29T12:35:11.864132+00:00,2026-06-29T12:35:11.865385+00:00,200,1.25,True,
2026-06-29T12:35:12.864237+00:00,2026-06-29T12:35:12.867756+00:00,200,3.52,True,
2026-06-29T12:35:13.864382+00:00,2026-06-29T12:35:13.867547+00:00,200,3.17,True,
2026-06-29T12:35:14.864516+00:00,2026-06-29T12:35:14.867831+00:00,200,3.31,True,
2026-06-29T12:35:15.865973+00:00,2026-06-29T12:35:15.869803+00:00,200,3.83,True,
2026-06-29T12:35:16.866109+00:00,2026-06-29T12:35:16.871938+00:00,200,5.83,True,
2026-06-29T12:35:17.866249+00:00,2026-06-29T12:35:17.872733+00:00,200,6.48,True,
2026-06-29T12:35:18.866446+00:00,2026-06-29T12:35:18.873953+00:00,200,7.51,True,
2026-06-29T12:35:19.866581+00:00,2026-06-29T12:35:19.868697+00:00,200,2.12,True,
2026-06-29T12:35:20.866757+00:00,2026-06-29T12:35:20.869699+00:00,200,2.94,True,
2026-06-29T12:35:21.866947+00:00,2026-06-29T12:35:21.873096+00:00,200,6.15,True,
2026-06-29T12:35:22.867201+00:00,2026-06-29T12:35:22.873022+00:00,200,5.82,True,
2026-06-29T12:35:23.867753+00:00,2026-06-29T12:35:23.870386+00:00,200,2.63,True,
2026-06-29T12:35:24.867805+00:00,2026-06-29T12:35:24.869923+00:00,200,2.12,True,
2026-06-29T12:35:25.867915+00:00,2026-06-29T12:35:25.869745+00:00,200,1.83,True,
2026-06-29T12:35:26.868071+00:00,2026-06-29T12:35:26.869698+00:00,200,1.63,True,
2026-06-29T12:35:27.868315+00:00,2026-06-29T12:35:27.871609+00:00,200,3.29,True,
2026-06-29T12:35:28.868619+00:00,2026-06-29T12:35:28.872260+00:00,200,3.64,True,
2026-06-29T12:35:29.868731+00:00,2026-06-29T12:35:29.871516+00:00,200,2.79,True,
2026-06-29T12:35:30.868878+00:00,2026-06-29T12:35:30.874772+00:00,200,5.89,True,
2026-06-29T12:35:31.868996+00:00,2026-06-29T12:35:31.872514+00:00,200,3.52,True,
2026-06-29T12:35:32.869203+00:00,2026-06-29T12:35:32.872957+00:00,200,3.75,True,
2026-06-29T12:35:33.869389+00:00,2026-06-29T12:35:33.875806+00:00,200,6.42,True,
2026-06-29T12:35:34.869737+00:00,2026-06-29T12:35:34.876594+00:00,200,6.86,True,
2026-06-29T12:35:35.869821+00:00,2026-06-29T12:35:35.872786+00:00,200,2.97,True,
2026-06-29T12:35:36.869980+00:00,2026-06-29T12:35:36.873661+00:00,200,3.68,True,
2026-06-29T12:35:37.870212+00:00,2026-06-29T12:35:37.876041+00:00,200,5.83,True,
2026-06-29T12:35:38.870336+00:00,2026-06-29T12:35:38.872706+00:00,200,2.37,True,
2026-06-29T12:35:39.870452+00:00,2026-06-29T12:35:39.872392+00:00,200,1.94,True,
2026-06-29T12:35:40.870775+00:00,2026-06-29T12:35:40.872377+00:00,200,1.6,True,
2026-06-29T12:35:41.871141+00:00,2026-06-29T12:35:41.872684+00:00,200,1.54,True,
2026-06-29T12:35:42.871201+00:00,2026-06-29T12:35:42.874907+00:00,200,3.71,True,
2026-06-29T12:35:43.871533+00:00,2026-06-29T12:35:43.877877+00:00,200,6.34,True,
2026-06-29T12:35:44.871634+00:00,2026-06-29T12:35:44.873222+00:00,200,1.59,True,
2026-06-29T12:35:45.871826+00:00,2026-06-29T12:35:45.876257+00:00,200,4.43,True,
2026-06-29T12:35:46.872074+00:00,2026-06-29T12:35:46.878148+00:00,200,6.07,True,
2026-06-29T12:35:47.872321+00:00,2026-06-29T12:35:47.877095+00:00,200,4.77,True,
2026-06-29T12:35:48.872451+00:00,2026-06-29T12:35:48.878022+00:00,200,5.57,True,
2026-06-29T12:35:49.872756+00:00,2026-06-29T12:35:49.878435+00:00,200,5.68,True,
2026-06-29T12:35:50.872935+00:00,2026-06-29T12:35:50.875431+00:00,200,2.5,True,
2026-06-29T12:35:51.873166+00:00,2026-06-29T12:35:51.876083+00:00,200,2.92,True,
2026-06-29T12:35:52.873454+00:00,2026-06-29T12:35:52.875849+00:00,200,2.4,True,
2026-06-29T12:35:53.873794+00:00,2026-06-29T12:35:53.875599+00:00,200,1.8,True,
2026-06-29T12:35:54.873952+00:00,2026-06-29T12:35:54.875768+00:00,200,1.82,True,
2026-06-29T12:35:55.874442+00:00,2026-06-29T12:35:55.876058+00:00,200,1.62,True,
2026-06-29T12:35:56.874990+00:00,2026-06-29T12:35:56.876802+00:00,200,1.81,True,
2026-06-29T12:35:57.875193+00:00,2026-06-29T12:35:57.878892+00:00,200,3.7,True,
2026-06-29T12:35:58.875979+00:00,2026-06-29T12:35:58.880081+00:00,200,4.1,True,
2026-06-29T12:35:59.876124+00:00,2026-06-29T12:35:59.880132+00:00,200,4.01,True,
2026-06-29T12:36:00.876653+00:00,2026-06-29T12:36:00.881869+00:00,200,5.22,True,
2026-06-29T12:36:01.877680+00:00,2026-06-29T12:36:01.881181+00:00,200,3.5,True,
2026-06-29T12:36:02.878245+00:00,2026-06-29T12:36:02.885273+00:00,200,7.03,True,
2026-06-29T12:36:03.878540+00:00,2026-06-29T12:36:03.886112+00:00,200,7.57,True,
2026-06-29T12:36:04.879265+00:00,2026-06-29T12:36:04.886709+00:00,200,7.44,True,
2026-06-29T12:36:05.880808+00:00,2026-06-29T12:36:05.884637+00:00,200,3.83,True,
2026-06-29T12:36:06.880943+00:00,2026-06-29T12:36:06.883294+00:00,200,2.35,True,
2026-06-29T12:36:07.881045+00:00,2026-06-29T12:36:07.883200+00:00,200,2.15,True,
2026-06-29T12:36:08.881174+00:00,2026-06-29T12:36:08.883271+00:00,200,2.1,True,
2026-06-29T12:36:09.881472+00:00,2026-06-29T12:36:09.883112+00:00,200,1.64,True,
2026-06-29T12:36:10.881832+00:00,2026-06-29T12:36:10.883307+00:00,200,1.47,True,
2026-06-29T12:36:11.881972+00:00,2026-06-29T12:36:11.884768+00:00,200,2.8,True,
2026-06-29T12:36:12.882183+00:00,2026-06-29T12:36:12.884944+00:00,200,2.76,True,
2026-06-29T12:36:13.882808+00:00,2026-06-29T12:36:13.892669+00:00,200,9.86,True,
2026-06-29T12:36:14.883057+00:00,2026-06-29T12:36:14.888575+00:00,200,5.52,True,
2026-06-29T12:36:15.883245+00:00,2026-06-29T12:36:15.891613+00:00,200,8.37,True,
2026-06-29T12:36:16.883535+00:00,2026-06-29T12:36:16.887474+00:00,200,3.94,True,
2026-06-29T12:36:17.883749+00:00,2026-06-29T12:36:17.889568+00:00,200,5.82,True,
2026-06-29T12:36:18.884680+00:00,2026-06-29T12:36:18.887832+00:00,200,3.15,True,
2026-06-29T12:36:19.885309+00:00,2026-06-29T12:36:19.888544+00:00,200,3.23,True,
2026-06-29T12:36:20.885613+00:00,2026-06-29T12:36:20.887865+00:00,200,2.25,True,
2026-06-29T12:36:21.885884+00:00,2026-06-29T12:36:21.890125+00:00,200,4.24,True,
2026-06-29T12:36:22.886041+00:00,2026-06-29T12:36:22.888367+00:00,200,2.33,True,
2026-06-29T12:36:23.886581+00:00,2026-06-29T12:36:23.888179+00:00,200,1.6,True,
2026-06-29T12:36:24.886663+00:00,2026-06-29T12:36:24.887878+00:00,200,1.21,True,
2026-06-29T12:36:25.886740+00:00,2026-06-29T12:36:25.889759+00:00,200,3.02,True,
2026-06-29T12:36:26.887081+00:00,2026-06-29T12:36:26.891384+00:00,200,4.3,True,
2026-06-29T12:36:27.887292+00:00,2026-06-29T12:36:27.890751+00:00,200,3.46,True,
2026-06-29T12:36:28.887865+00:00,2026-06-29T12:36:28.890562+00:00,200,2.7,True,
2026-06-29T12:36:29.888229+00:00,2026-06-29T12:36:29.891217+00:00,200,2.99,True,
2026-06-29T12:36:30.889213+00:00,2026-06-29T12:36:30.895919+00:00,200,6.71,True,
2026-06-29T12:36:31.889384+00:00,2026-06-29T12:36:31.894783+00:00,200,5.4,True,
2026-06-29T12:36:32.889490+00:00,2026-06-29T12:36:32.892285+00:00,200,2.8,True,
2026-06-29T12:36:33.891388+00:00,2026-06-29T12:36:33.895897+00:00,200,4.51,True,
2026-06-29T12:36:34.891648+00:00,2026-06-29T12:36:34.895174+00:00,200,3.53,True,
2026-06-29T12:36:35.891868+00:00,2026-06-29T12:36:35.895067+00:00,200,3.2,True,
2026-06-29T12:36:36.892098+00:00,2026-06-29T12:36:36.893850+00:00,200,1.75,True,
2026-06-29T12:36:37.892581+00:00,2026-06-29T12:36:37.894134+00:00,200,1.55,True,
2026-06-29T12:36:38.892643+00:00,2026-06-29T12:36:38.894189+00:00,200,1.55,True,
2026-06-29T12:36:39.892732+00:00,2026-06-29T12:36:39.894405+00:00,200,1.67,True,
2026-06-29T12:36:40.892881+00:00,2026-06-29T12:36:40.896387+00:00,200,3.51,True,
2026-06-29T12:36:41.893107+00:00,2026-06-29T12:36:41.900291+00:00,200,7.18,True,
2026-06-29T12:36:42.893685+00:00,2026-06-29T12:36:42.900319+00:00,200,6.63,True,
2026-06-29T12:36:43.894047+00:00,2026-06-29T12:36:43.898579+00:00,200,4.53,True,
2026-06-29T12:36:44.894267+00:00,2026-06-29T12:36:44.897405+00:00,200,3.14,True,
2026-06-29T12:36:45.895366+00:00,2026-06-29T12:36:45.900341+00:00,200,4.98,True,
2026-06-29T12:36:46.895634+00:00,2026-06-29T12:36:46.898864+00:00,200,3.23,True,
2026-06-29T12:36:47.895884+00:00,2026-06-29T12:36:47.902451+00:00,200,6.57,True,
2026-06-29T12:36:48.896804+00:00,2026-06-29T12:36:48.900812+00:00,200,4.01,True,
2026-06-29T12:36:49.897438+00:00,2026-06-29T12:36:49.899525+00:00,200,2.09,True,
2026-06-29T12:36:50.897784+00:00,2026-06-29T12:36:50.899688+00:00,200,1.9,True,
2026-06-29T12:36:51.898962+00:00,2026-06-29T12:36:51.901200+00:00,200,2.24,True,
2026-06-29T12:36:52.899120+00:00,2026-06-29T12:36:52.900935+00:00,200,1.81,True,
2026-06-29T12:36:53.899229+00:00,2026-06-29T12:36:53.900600+00:00,200,1.37,True,
2026-06-29T12:36:54.899326+00:00,2026-06-29T12:36:54.901120+00:00,200,1.79,True,
2026-06-29T12:36:55.899527+00:00,2026-06-29T12:36:55.901809+00:00,200,2.28,True,
2026-06-29T12:36:56.899822+00:00,2026-06-29T12:36:56.905850+00:00,200,6.03,True,
2026-06-29T12:36:57.900951+00:00,2026-06-29T12:36:57.905467+00:00,200,4.52,True,
2026-06-29T12:36:58.901169+00:00,2026-06-29T12:36:58.907936+00:00,200,6.77,True,
2026-06-29T12:36:59.901420+00:00,2026-06-29T12:36:59.903927+00:00,200,2.51,True,
2026-06-29T12:37:00.901768+00:00,2026-06-29T12:37:00.905021+00:00,200,3.25,True,
2026-06-29T12:37:01.902001+00:00,2026-06-29T12:37:01.906180+00:00,200,4.18,True,
2026-06-29T12:37:02.902156+00:00,2026-06-29T12:37:02.907742+00:00,200,5.59,True,
2026-06-29T12:37:03.902736+00:00,2026-06-29T12:37:03.908743+00:00,200,6.01,True,
2026-06-29T12:37:04.902915+00:00,2026-06-29T12:37:04.905294+00:00,200,2.38,True,
2026-06-29T12:37:05.903083+00:00,2026-06-29T12:37:05.905018+00:00,200,1.94,True,
2026-06-29T12:37:06.903373+00:00,2026-06-29T12:37:06.905121+00:00,200,1.75,True,
2026-06-29T12:37:07.903699+00:00,2026-06-29T12:37:07.905046+00:00,200,1.35,True,
2026-06-29T12:37:08.904025+00:00,2026-06-29T12:37:08.906192+00:00,200,2.17,True,
2026-06-29T12:37:09.904279+00:00,2026-06-29T12:37:09.907399+00:00,200,3.12,True,
2026-06-29T12:37:10.904594+00:00,2026-06-29T12:37:10.907898+00:00,200,3.3,True,
2026-06-29T12:37:11.904740+00:00,2026-06-29T12:37:11.908039+00:00,200,3.3,True,
2026-06-29T12:37:12.904922+00:00,2026-06-29T12:37:12.910894+00:00,200,5.97,True,
2026-06-29T12:37:13.905165+00:00,2026-06-29T12:37:13.912119+00:00,200,6.95,True,
2026-06-29T12:37:14.905259+00:00,2026-06-29T12:37:14.909007+00:00,200,3.75,True,
2026-06-29T12:37:15.905581+00:00,2026-06-29T12:37:15.911755+00:00,200,6.17,True,
2026-06-29T12:37:16.905732+00:00,2026-06-29T12:37:16.909526+00:00,200,3.79,True,
2026-06-29T12:37:17.905884+00:00,2026-06-29T12:37:17.909635+00:00,200,3.75,True,
2026-06-29T12:37:18.906351+00:00,2026-06-29T12:37:18.909013+00:00,200,2.66,True,
2026-06-29T12:37:19.906469+00:00,2026-06-29T12:37:19.908357+00:00,200,1.89,True,
2026-06-29T12:37:20.906713+00:00,2026-06-29T12:37:20.908419+00:00,200,1.71,True,
2026-06-29T12:37:21.906820+00:00,2026-06-29T12:37:21.908128+00:00,200,1.31,True,
2026-06-29T12:37:22.906903+00:00,2026-06-29T12:37:22.908206+00:00,200,1.3,True,
2026-06-29T12:37:23.907049+00:00,2026-06-29T12:37:23.912824+00:00,200,5.77,True,
2026-06-29T12:37:24.907371+00:00,2026-06-29T12:37:24.910781+00:00,200,3.41,True,
2026-06-29T12:37:25.907554+00:00,2026-06-29T12:37:25.911057+00:00,200,3.5,True,
2026-06-29T12:37:26.908197+00:00,2026-06-29T12:37:26.910722+00:00,200,2.52,True,
2026-06-29T12:37:27.908491+00:00,2026-06-29T12:37:27.911295+00:00,200,2.8,True,
2026-06-29T12:37:28.908563+00:00,2026-06-29T12:37:28.911558+00:00,200,2.99,True,
2026-06-29T12:37:29.908779+00:00,2026-06-29T12:37:29.912539+00:00,200,3.76,True,
2026-06-29T12:37:30.908990+00:00,2026-06-29T12:37:30.913100+00:00,200,4.11,True,
2026-06-29T12:37:31.910799+00:00,2026-06-29T12:37:31.915568+00:00,200,4.77,True,
2026-06-29T12:37:32.910981+00:00,2026-06-29T12:37:32.913778+00:00,200,2.8,True,
2026-06-29T12:37:33.911120+00:00,2026-06-29T12:37:33.914105+00:00,200,2.98,True,
2026-06-29T12:37:34.911313+00:00,2026-06-29T12:37:34.913451+00:00,200,2.14,True,
2026-06-29T12:37:35.911803+00:00,2026-06-29T12:37:35.913649+00:00,200,1.85,True,
2026-06-29T12:37:36.913707+00:00,2026-06-29T12:37:36.915018+00:00,200,1.31,True,
2026-06-29T12:37:37.914230+00:00,2026-06-29T12:37:37.916478+00:00,200,2.25,True,
2026-06-29T12:37:38.914779+00:00,2026-06-29T12:37:38.917441+00:00,200,2.66,True,
2026-06-29T12:37:39.914937+00:00,2026-06-29T12:37:39.918052+00:00,200,3.12,True,
2026-06-29T12:37:40.915124+00:00,2026-06-29T12:37:40.920072+00:00,200,4.95,True,
2026-06-29T12:37:41.915373+00:00,2026-06-29T12:37:41.919306+00:00,200,3.93,True,
2026-06-29T12:37:42.915681+00:00,2026-06-29T12:37:42.918482+00:00,200,2.8,True,
2026-06-29T12:37:43.916620+00:00,2026-06-29T12:37:43.922589+00:00,200,5.97,True,
2026-06-29T12:37:44.916722+00:00,2026-06-29T12:37:44.918816+00:00,200,2.09,True,
2026-06-29T12:37:45.916887+00:00,2026-06-29T12:37:45.920094+00:00,200,3.21,True,
2026-06-29T12:37:46.917221+00:00,2026-06-29T12:37:46.919541+00:00,200,2.32,True,
2026-06-29T12:37:47.917366+00:00,2026-06-29T12:37:47.919753+00:00,200,2.39,True,
2026-06-29T12:37:48.917540+00:00,2026-06-29T12:37:48.921044+00:00,200,3.5,True,
2026-06-29T12:37:49.917861+00:00,2026-06-29T12:37:49.919530+00:00,200,1.67,True,
2026-06-29T12:37:50.917992+00:00,2026-06-29T12:37:50.919992+00:00,200,2.0,True,
2026-06-29T12:37:51.918384+00:00,2026-06-29T12:37:51.920130+00:00,200,1.75,True,
2026-06-29T12:37:52.918509+00:00,2026-06-29T12:37:52.921675+00:00,200,3.17,True,
2026-06-29T12:37:53.918688+00:00,2026-06-29T12:37:53.924403+00:00,200,5.71,True,
2026-06-29T12:37:54.918948+00:00,2026-06-29T12:37:54.923037+00:00,200,4.09,True,
2026-06-29T12:37:55.919200+00:00,2026-06-29T12:37:55.928419+00:00,200,9.22,True,
2026-06-29T12:37:56.919551+00:00,2026-06-29T12:37:58.922849+00:00,,2003.3,False,ConnectTimeout
2026-06-29T12:37:58.923196+00:00,2026-06-29T12:37:58.929920+00:00,200,6.72,True,
2026-06-29T12:37:59.923388+00:00,2026-06-29T12:37:59.925638+00:00,200,2.25,True,
2026-06-29T12:38:00.923566+00:00,2026-06-29T12:38:02.927907+00:00,,2004.34,False,ConnectTimeout
2026-06-29T12:38:02.928086+00:00,2026-06-29T12:38:02.932211+00:00,200,4.12,True,
2026-06-29T12:38:03.928389+00:00,2026-06-29T12:38:05.932273+00:00,,2003.88,False,ConnectTimeout
2026-06-29T12:38:05.932402+00:00,2026-06-29T12:38:05.934245+00:00,200,1.84,True,
2026-06-29T12:38:06.932718+00:00,2026-06-29T12:38:06.934540+00:00,200,1.82,True,
2026-06-29T12:38:07.932805+00:00,2026-06-29T12:38:09.935800+00:00,,2002.99,False,ConnectTimeout
2026-06-29T12:38:09.935930+00:00,2026-06-29T12:38:11.938890+00:00,,2002.96,False,ConnectTimeout
2026-06-29T12:38:11.939047+00:00,2026-06-29T12:38:11.941957+00:00,200,2.91,True,
2026-06-29T12:38:12.939231+00:00,2026-06-29T12:38:12.942242+00:00,200,3.01,True,
2026-06-29T12:38:13.940069+00:00,2026-06-29T12:38:13.942115+00:00,200,2.05,True,
2026-06-29T12:38:14.940411+00:00,2026-06-29T12:38:14.947454+00:00,200,7.04,True,
2026-06-29T12:38:15.940587+00:00,2026-06-29T12:38:17.942817+00:00,,2002.23,False,ConnectTimeout
2026-06-29T12:38:17.942920+00:00,2026-06-29T12:38:19.944679+00:00,,2001.76,False,ConnectTimeout
2026-06-29T12:38:19.944794+00:00,2026-06-29T12:38:21.946706+00:00,,2001.91,False,ConnectTimeout
2026-06-29T12:38:21.946820+00:00,2026-06-29T12:38:21.948602+00:00,200,1.78,True,
2026-06-29T12:38:22.946960+00:00,2026-06-29T12:38:22.950793+00:00,200,3.83,True,
2026-06-29T12:38:23.947141+00:00,2026-06-29T12:38:23.951880+00:00,200,4.74,True,
2026-06-29T12:38:24.947355+00:00,2026-06-29T12:38:24.950791+00:00,200,3.44,True,
2026-06-29T12:38:25.947573+00:00,2026-06-29T12:38:27.951835+00:00,,2004.26,False,ConnectTimeout
2026-06-29T12:38:27.952146+00:00,2026-06-29T12:38:27.959856+00:00,200,7.71,True,
2026-06-29T12:38:28.952322+00:00,2026-06-29T12:38:28.958257+00:00,200,5.94,True,
2026-06-29T12:38:29.952647+00:00,2026-06-29T12:38:29.962008+00:00,200,9.36,True,
2026-06-29T12:38:30.952944+00:00,2026-06-29T12:38:32.957310+00:00,,2004.37,False,ConnectTimeout
2026-06-29T12:38:32.957479+00:00,2026-06-29T12:38:32.961402+00:00,200,3.92,True,
2026-06-29T12:38:33.957990+00:00,2026-06-29T12:38:33.961351+00:00,200,3.36,True,
2026-06-29T12:38:34.958392+00:00,2026-06-29T12:38:34.960570+00:00,200,2.18,True,
2026-06-29T12:38:35.958489+00:00,2026-06-29T12:38:37.961045+00:00,,2002.56,False,ConnectTimeout
2026-06-29T12:38:37.961163+00:00,2026-06-29T12:38:37.963773+00:00,200,2.61,True,
2026-06-29T12:38:38.961328+00:00,2026-06-29T12:38:38.963085+00:00,200,1.76,True,
2026-06-29T12:38:39.961473+00:00,2026-06-29T12:38:39.964317+00:00,200,2.84,True,
2026-06-29T12:38:40.961628+00:00,2026-06-29T12:38:40.963340+00:00,200,1.71,True,
2026-06-29T12:38:41.961776+00:00,2026-06-29T12:38:41.969052+00:00,200,7.28,True,
2026-06-29T12:38:42.961905+00:00,2026-06-29T12:38:42.968395+00:00,200,6.49,True,
2026-06-29T12:38:43.962222+00:00,2026-06-29T12:38:43.969033+00:00,200,6.81,True,
2026-06-29T12:38:44.962322+00:00,2026-06-29T12:38:44.966340+00:00,200,4.02,True,
2026-06-29T12:38:45.962528+00:00,2026-06-29T12:38:45.965979+00:00,200,3.45,True,
2026-06-29T12:38:46.962653+00:00,2026-06-29T12:38:46.968426+00:00,200,5.77,True,
2026-06-29T12:38:47.962758+00:00,2026-06-29T12:38:47.965490+00:00,200,2.73,True,
2026-06-29T12:38:48.962914+00:00,2026-06-29T12:38:48.965897+00:00,200,2.98,True,
2026-06-29T12:38:49.963005+00:00,2026-06-29T12:38:49.964725+00:00,200,1.72,True,
2026-06-29T12:38:50.963181+00:00,2026-06-29T12:38:50.964792+00:00,200,1.61,True,
2026-06-29T12:38:51.963276+00:00,2026-06-29T12:38:51.967060+00:00,200,3.78,True,
2026-06-29T12:38:52.963412+00:00,2026-06-29T12:38:52.966697+00:00,200,3.29,True,
2026-06-29T12:38:53.963608+00:00,2026-06-29T12:38:53.966978+00:00,200,3.37,True,
2026-06-29T12:38:54.963756+00:00,2026-06-29T12:38:54.968562+00:00,200,4.81,True,
2026-06-29T12:38:55.963888+00:00,2026-06-29T12:38:55.970690+00:00,200,6.8,True,
2026-06-29T12:38:56.964032+00:00,2026-06-29T12:38:56.967786+00:00,200,3.75,True,
2026-06-29T12:38:57.964176+00:00,2026-06-29T12:38:57.970248+00:00,200,6.07,True,
2026-06-29T12:38:58.964309+00:00,2026-06-29T12:38:58.968520+00:00,200,4.21,True,
2026-06-29T12:38:59.964487+00:00,2026-06-29T12:38:59.967998+00:00,200,3.51,True,
2026-06-29T12:39:00.964569+00:00,2026-06-29T12:39:00.967298+00:00,200,2.73,True,
2026-06-29T12:39:01.964650+00:00,2026-06-29T12:39:01.967240+00:00,200,2.59,True,
2026-06-29T12:39:02.964750+00:00,2026-06-29T12:39:02.966815+00:00,200,2.06,True,
2026-06-29T12:39:03.964865+00:00,2026-06-29T12:39:03.966740+00:00,200,1.88,True,
2026-06-29T12:39:04.964951+00:00,2026-06-29T12:39:04.966637+00:00,200,1.69,True,
2026-06-29T12:39:05.965093+00:00,2026-06-29T12:39:05.969965+00:00,200,4.87,True,
2026-06-29T12:39:06.965245+00:00,2026-06-29T12:39:06.971774+00:00,200,6.53,True,
2026-06-29T12:39:07.965424+00:00,2026-06-29T12:39:07.969656+00:00,200,4.23,True,
2026-06-29T12:39:08.965579+00:00,2026-06-29T12:39:08.969375+00:00,200,3.8,True,
2026-06-29T12:39:09.965719+00:00,2026-06-29T12:39:09.971831+00:00,200,6.11,True,
2026-06-29T12:39:10.965870+00:00,2026-06-29T12:39:10.969599+00:00,200,3.73,True,
2026-06-29T12:39:11.965984+00:00,2026-06-29T12:39:11.971814+00:00,200,5.83,True,
2026-06-29T12:39:12.966104+00:00,2026-06-29T12:39:12.969254+00:00,200,3.15,True,
2026-06-29T12:39:13.966270+00:00,2026-06-29T12:39:13.971336+00:00,200,5.07,True,
2026-06-29T12:39:14.966436+00:00,2026-06-29T12:39:14.970039+00:00,200,3.6,True,
2026-06-29T12:39:15.966512+00:00,2026-06-29T12:39:15.968731+00:00,200,2.22,True,
2026-06-29T12:39:16.966603+00:00,2026-06-29T12:39:16.968357+00:00,200,1.75,True,
2026-06-29T12:39:17.966700+00:00,2026-06-29T12:39:17.968467+00:00,200,1.77,True,
2026-06-29T12:39:18.968179+00:00,2026-06-29T12:39:18.969934+00:00,200,1.76,True,
2026-06-29T12:39:19.968325+00:00,2026-06-29T12:39:19.975449+00:00,200,7.12,True,
2026-06-29T12:39:20.968539+00:00,2026-06-29T12:39:20.974129+00:00,200,5.59,True,
2026-06-29T12:39:21.968663+00:00,2026-06-29T12:39:21.975074+00:00,200,6.41,True,
2026-06-29T12:39:22.968807+00:00,2026-06-29T12:39:22.972372+00:00,200,3.56,True,
2026-06-29T12:39:23.968962+00:00,2026-06-29T12:39:23.975242+00:00,200,6.28,True,
2026-06-29T12:39:24.969216+00:00,2026-06-29T12:39:24.978157+00:00,200,8.94,True,
2026-06-29T12:39:25.969440+00:00,2026-06-29T12:39:25.975470+00:00,200,6.03,True,
2026-06-29T12:39:26.969725+00:00,2026-06-29T12:39:26.975766+00:00,200,6.04,True,
2026-06-29T12:39:27.969896+00:00,2026-06-29T12:39:27.976307+00:00,200,6.41,True,
2026-06-29T12:39:28.970046+00:00,2026-06-29T12:39:28.973230+00:00,200,3.18,True,
2026-06-29T12:39:29.970186+00:00,2026-06-29T12:39:29.972556+00:00,200,2.37,True,
2026-06-29T12:39:30.970281+00:00,2026-06-29T12:39:30.972170+00:00,200,1.89,True,
2026-06-29T12:39:31.970466+00:00,2026-06-29T12:39:31.972289+00:00,200,1.82,True,
2026-06-29T12:39:32.971838+00:00,2026-06-29T12:39:32.973948+00:00,200,2.11,True,
2026-06-29T12:39:33.972002+00:00,2026-06-29T12:39:33.975221+00:00,200,3.22,True,
2026-06-29T12:39:34.972203+00:00,2026-06-29T12:39:34.976738+00:00,200,4.54,True,
2026-06-29T12:39:35.972440+00:00,2026-06-29T12:39:35.978475+00:00,200,6.04,True,
2026-06-29T12:39:36.972659+00:00,2026-06-29T12:39:36.978676+00:00,200,6.02,True,
2026-06-29T12:39:37.972776+00:00,2026-06-29T12:39:37.979127+00:00,200,6.35,True,
2026-06-29T12:39:38.973010+00:00,2026-06-29T12:39:38.979923+00:00,200,6.91,True,
2026-06-29T12:39:39.973291+00:00,2026-06-29T12:39:39.976355+00:00,200,3.06,True,
2026-06-29T12:39:40.973473+00:00,2026-06-29T12:39:40.976987+00:00,200,3.51,True,
2026-06-29T12:39:41.973564+00:00,2026-06-29T12:39:41.977854+00:00,200,4.29,True,
2026-06-29T12:39:42.973649+00:00,2026-06-29T12:39:42.976370+00:00,200,2.72,True,
2026-06-29T12:39:43.974051+00:00,2026-06-29T12:39:43.976040+00:00,200,1.99,True,
2026-06-29T12:39:44.974135+00:00,2026-06-29T12:39:44.975780+00:00,200,1.65,True,
2026-06-29T12:39:45.974583+00:00,2026-06-29T12:39:45.976165+00:00,200,1.58,True,
2026-06-29T12:39:46.974677+00:00,2026-06-29T12:39:46.977935+00:00,200,3.26,True,
2026-06-29T12:39:47.974827+00:00,2026-06-29T12:39:47.978423+00:00,200,3.6,True,
2026-06-29T12:39:48.974991+00:00,2026-06-29T12:39:48.978312+00:00,200,3.32,True,
2026-06-29T12:39:49.975202+00:00,2026-06-29T12:39:49.979220+00:00,200,4.02,True,
2026-06-29T12:39:50.975421+00:00,2026-06-29T12:39:50.982678+00:00,200,7.26,True,
2026-06-29T12:39:51.975549+00:00,2026-06-29T12:39:51.986005+00:00,200,10.46,True,
2026-06-29T12:39:52.975731+00:00,2026-06-29T12:39:52.982001+00:00,200,6.27,True,
2026-06-29T12:39:53.975892+00:00,2026-06-29T12:39:53.981076+00:00,200,5.18,True,
2026-06-29T12:39:54.976021+00:00,2026-06-29T12:39:54.979574+00:00,200,3.55,True,
2026-06-29T12:39:55.976198+00:00,2026-06-29T12:39:55.980841+00:00,200,4.64,True,
2026-06-29T12:39:56.976423+00:00,2026-06-29T12:39:56.980573+00:00,200,4.15,True,
2026-06-29T12:39:57.976633+00:00,2026-06-29T12:39:57.979537+00:00,200,2.9,True,
2026-06-29T12:39:58.976744+00:00,2026-06-29T12:39:58.978705+00:00,200,1.96,True,
2026-06-29T12:39:59.976833+00:00,2026-06-29T12:39:59.978592+00:00,200,1.76,True,
2026-06-29T12:40:00.976998+00:00,2026-06-29T12:40:00.978858+00:00,200,1.86,True,
2026-06-29T12:40:01.977148+00:00,2026-06-29T12:40:01.981138+00:00,200,3.99,True,
2026-06-29T12:40:02.977295+00:00,2026-06-29T12:40:02.983586+00:00,200,6.29,True,
2026-06-29T12:40:03.977549+00:00,2026-06-29T12:40:03.983771+00:00,200,6.22,True,
2026-06-29T12:40:04.977689+00:00,2026-06-29T12:40:04.981287+00:00,200,3.6,True,
2026-06-29T12:40:05.978055+00:00,2026-06-29T12:40:05.981596+00:00,200,3.54,True,
2026-06-29T12:40:06.978335+00:00,2026-06-29T12:40:06.984823+00:00,200,6.49,True,
2026-06-29T12:40:07.978586+00:00,2026-06-29T12:40:07.984876+00:00,200,6.29,True,
2026-06-29T12:40:08.978736+00:00,2026-06-29T12:40:08.984016+00:00,200,5.28,True,
2026-06-29T12:40:09.979751+00:00,2026-06-29T12:40:09.983282+00:00,200,3.53,True,
2026-06-29T12:40:10.979852+00:00,2026-06-29T12:40:10.983076+00:00,200,3.22,True,
2026-06-29T12:40:11.979938+00:00,2026-06-29T12:40:11.982852+00:00,200,2.91,True,
2026-06-29T12:40:12.980062+00:00,2026-06-29T12:40:12.982027+00:00,200,1.97,True,
2026-06-29T12:40:13.980146+00:00,2026-06-29T12:40:13.981773+00:00,200,1.63,True,
2026-06-29T12:40:14.980534+00:00,2026-06-29T12:40:14.983671+00:00,200,3.14,True,
2026-06-29T12:40:15.980755+00:00,2026-06-29T12:40:15.984459+00:00,200,3.7,True,
2026-06-29T12:40:16.980943+00:00,2026-06-29T12:40:16.984724+00:00,200,3.78,True,
2026-06-29T12:40:17.981314+00:00,2026-06-29T12:40:17.987931+00:00,200,6.62,True,
2026-06-29T12:40:18.981444+00:00,2026-06-29T12:40:18.987576+00:00,200,6.13,True,
2026-06-29T12:40:19.981614+00:00,2026-06-29T12:40:19.986924+00:00,200,5.31,True,
2026-06-29T12:40:20.981755+00:00,2026-06-29T12:40:20.987207+00:00,200,5.45,True,
2026-06-29T12:40:21.981891+00:00,2026-06-29T12:40:21.985193+00:00,200,3.3,True,
2026-06-29T12:40:22.982821+00:00,2026-06-29T12:40:22.987925+00:00,200,5.1,True,
2026-06-29T12:40:23.983544+00:00,2026-06-29T12:40:23.989261+00:00,200,5.72,True,
2026-06-29T12:40:24.983798+00:00,2026-06-29T12:40:24.985987+00:00,200,2.19,True,
2026-06-29T12:40:25.983917+00:00,2026-06-29T12:40:25.985968+00:00,200,2.05,True,
2026-06-29T12:40:26.984551+00:00,2026-06-29T12:40:26.986434+00:00,200,1.88,True,
2026-06-29T12:40:27.984696+00:00,2026-06-29T12:40:27.986117+00:00,200,1.42,True,
2026-06-29T12:40:28.984809+00:00,2026-06-29T12:40:28.987767+00:00,200,2.96,True,
2026-06-29T12:40:29.985237+00:00,2026-06-29T12:40:29.991422+00:00,200,6.19,True,
2026-06-29T12:40:30.985430+00:00,2026-06-29T12:40:30.990340+00:00,200,4.91,True,
2026-06-29T12:40:31.985669+00:00,2026-06-29T12:40:31.989020+00:00,200,3.35,True,
2026-06-29T12:40:32.985830+00:00,2026-06-29T12:40:32.990943+00:00,200,5.11,True,
2026-06-29T12:40:33.986000+00:00,2026-06-29T12:40:33.989271+00:00,200,3.27,True,
2026-06-29T12:40:34.986117+00:00,2026-06-29T12:40:34.988883+00:00,200,2.77,True,
2026-06-29T12:40:35.986392+00:00,2026-06-29T12:40:35.987974+00:00,200,1.58,True,
2026-06-29T12:40:36.986947+00:00,2026-06-29T12:40:36.988381+00:00,200,1.43,True,
2026-06-29T12:40:37.987080+00:00,2026-06-29T12:40:37.988683+00:00,200,1.6,True,
2026-06-29T12:40:38.987166+00:00,2026-06-29T12:40:38.988953+00:00,200,1.79,True,
2026-06-29T12:40:39.987401+00:00,2026-06-29T12:40:39.989049+00:00,200,1.65,True,
2026-06-29T12:40:40.987592+00:00,2026-06-29T12:40:40.989265+00:00,200,1.67,True,
2026-06-29T12:40:41.987642+00:00,2026-06-29T12:40:41.989077+00:00,200,1.44,True,
2026-06-29T12:40:42.987732+00:00,2026-06-29T12:40:42.989625+00:00,200,1.89,True,
2026-06-29T12:40:43.988099+00:00,2026-06-29T12:40:43.989912+00:00,200,1.81,True,
2026-06-29T12:40:44.988145+00:00,2026-06-29T12:40:44.989982+00:00,200,1.84,True,
2026-06-29T12:40:45.988228+00:00,2026-06-29T12:40:45.990562+00:00,200,2.33,True,
2026-06-29T12:40:46.988331+00:00,2026-06-29T12:40:46.989881+00:00,200,1.55,True,
2026-06-29T12:40:47.988512+00:00,2026-06-29T12:40:47.990140+00:00,200,1.63,True,
2026-06-29T12:40:48.988879+00:00,2026-06-29T12:40:48.990472+00:00,200,1.59,True,
2026-06-29T12:40:49.988988+00:00,2026-06-29T12:40:49.990582+00:00,200,1.59,True,
2026-06-29T12:40:50.989122+00:00,2026-06-29T12:40:50.990745+00:00,200,1.62,True,
2026-06-29T12:40:51.989208+00:00,2026-06-29T12:40:51.990885+00:00,200,1.68,True,
2026-06-29T12:40:52.989752+00:00,2026-06-29T12:40:52.991268+00:00,200,1.52,True,
2026-06-29T12:40:53.989982+00:00,2026-06-29T12:40:53.991472+00:00,200,1.49,True,
2026-06-29T12:40:54.990066+00:00,2026-06-29T12:40:54.991658+00:00,200,1.59,True,
2026-06-29T12:40:55.990570+00:00,2026-06-29T12:40:55.992134+00:00,200,1.56,True,
2026-06-29T12:40:56.991155+00:00,2026-06-29T12:40:56.992733+00:00,200,1.58,True,
2026-06-29T12:40:57.991263+00:00,2026-06-29T12:40:57.992844+00:00,200,1.58,True,
2026-06-29T12:40:58.991571+00:00,2026-06-29T12:40:58.993123+00:00,200,1.55,True,
2026-06-29T12:40:59.992264+00:00,2026-06-29T12:40:59.993836+00:00,200,1.57,True,
2026-06-29T12:41:00.992435+00:00,2026-06-29T12:41:00.994083+00:00,200,1.65,True,
2026-06-29T12:41:01.992655+00:00,2026-06-29T12:41:01.994278+00:00,200,1.62,True,
2026-06-29T12:41:02.992827+00:00,2026-06-29T12:41:02.994464+00:00,200,1.64,True,
2026-06-29T12:41:03.992950+00:00,2026-06-29T12:41:03.994463+00:00,200,1.51,True,
2026-06-29T12:41:04.993223+00:00,2026-06-29T12:41:04.994832+00:00,200,1.61,True,
2026-06-29T12:41:05.993309+00:00,2026-06-29T12:41:05.995046+00:00,200,1.74,True,
2026-06-29T12:41:06.993527+00:00,2026-06-29T12:41:06.995119+00:00,200,1.59,True,
2026-06-29T12:41:07.994122+00:00,2026-06-29T12:41:07.995734+00:00,200,1.61,True,
2026-06-29T12:41:08.994230+00:00,2026-06-29T12:41:08.995780+00:00,200,1.55,True,
2026-06-29T12:41:09.994701+00:00,2026-06-29T12:41:09.996306+00:00,200,1.6,True,
2026-06-29T12:41:10.994803+00:00,2026-06-29T12:41:10.996320+00:00,200,1.52,True,
2026-06-29T12:41:11.995542+00:00,2026-06-29T12:41:11.997259+00:00,200,1.72,True,
2026-06-29T12:41:12.995630+00:00,2026-06-29T12:41:12.997199+00:00,200,1.57,True,
2026-06-29T12:41:13.995726+00:00,2026-06-29T12:41:13.997180+00:00,200,1.45,True,
2026-06-29T12:41:14.995955+00:00,2026-06-29T12:41:14.997482+00:00,200,1.53,True,
2026-06-29T12:41:15.996068+00:00,2026-06-29T12:41:15.997647+00:00,200,1.58,True,
2026-06-29T12:41:16.996221+00:00,2026-06-29T12:41:16.997760+00:00,200,1.54,True,
2026-06-29T12:41:17.996309+00:00,2026-06-29T12:41:17.997987+00:00,200,1.68,True,
2026-06-29T12:41:18.996428+00:00,2026-06-29T12:41:18.997981+00:00,200,1.55,True,
2026-06-29T12:41:19.996594+00:00,2026-06-29T12:41:19.998103+00:00,200,1.51,True,
2026-06-29T12:41:20.997444+00:00,2026-06-29T12:41:20.998840+00:00,200,1.4,True,
2026-06-29T12:41:21.997857+00:00,2026-06-29T12:41:21.999420+00:00,200,1.56,True,
2026-06-29T12:41:22.997985+00:00,2026-06-29T12:41:22.999540+00:00,200,1.55,True,
2026-06-29T12:41:23.998240+00:00,2026-06-29T12:41:24.000034+00:00,200,1.79,True,
2026-06-29T12:41:24.998407+00:00,2026-06-29T12:41:25.000090+00:00,200,1.68,True,
2026-06-29T12:41:25.998538+00:00,2026-06-29T12:41:26.000143+00:00,200,1.6,True,
2026-06-29T12:41:26.998622+00:00,2026-06-29T12:41:27.000230+00:00,200,1.61,True,
2026-06-29T12:41:27.998744+00:00,2026-06-29T12:41:28.000262+00:00,200,1.52,True,
2026-06-29T12:41:28.998838+00:00,2026-06-29T12:41:29.000369+00:00,200,1.53,True,
2026-06-29T12:41:29.999213+00:00,2026-06-29T12:41:30.000831+00:00,200,1.62,True,
2026-06-29T12:41:30.999385+00:00,2026-06-29T12:41:31.000983+00:00,200,1.6,True,
2026-06-29T12:41:31.999552+00:00,2026-06-29T12:41:32.001138+00:00,200,1.59,True,
2026-06-29T12:41:32.999622+00:00,2026-06-29T12:41:33.001221+00:00,200,1.6,True,
2026-06-29T12:41:33.999838+00:00,2026-06-29T12:41:34.001526+00:00,200,1.69,True,
2026-06-29T12:41:34.999923+00:00,2026-06-29T12:41:35.001853+00:00,200,1.93,True,
2026-06-29T12:41:36.000029+00:00,2026-06-29T12:41:36.001551+00:00,200,1.52,True,
2026-06-29T12:41:37.000118+00:00,2026-06-29T12:41:37.001761+00:00,200,1.64,True,
2026-06-29T12:41:38.000206+00:00,2026-06-29T12:41:38.001843+00:00,200,1.64,True,
2026-06-29T12:41:39.000271+00:00,2026-06-29T12:41:39.001805+00:00,200,1.53,True,
2026-06-29T12:41:40.000503+00:00,2026-06-29T12:41:40.002142+00:00,200,1.64,True,
2026-06-29T12:41:41.000587+00:00,2026-06-29T12:41:41.002062+00:00,200,1.47,True,
2026-06-29T12:41:42.000675+00:00,2026-06-29T12:41:42.002262+00:00,200,1.59,True,
2026-06-29T12:41:43.000760+00:00,2026-06-29T12:41:43.002235+00:00,200,1.47,True,
2026-06-29T12:41:44.000785+00:00,2026-06-29T12:41:44.002255+00:00,200,1.47,True,
2026-06-29T12:41:45.000956+00:00,2026-06-29T12:41:45.002670+00:00,200,1.71,True,
2026-06-29T12:41:46.001114+00:00,2026-06-29T12:41:46.003088+00:00,200,1.97,True,
2026-06-29T12:41:47.001232+00:00,2026-06-29T12:41:47.002652+00:00,200,1.42,True,
2026-06-29T12:41:48.001337+00:00,2026-06-29T12:41:48.002861+00:00,200,1.52,True,
2026-06-29T12:41:49.001416+00:00,2026-06-29T12:41:49.003021+00:00,200,1.6,True,
2026-06-29T12:41:50.001530+00:00,2026-06-29T12:41:50.003013+00:00,200,1.48,True,
2026-06-29T12:41:51.001613+00:00,2026-06-29T12:41:51.003143+00:00,200,1.53,True,
2026-06-29T12:41:52.001703+00:00,2026-06-29T12:41:52.003158+00:00,200,1.45,True,
2026-06-29T12:41:53.001800+00:00,2026-06-29T12:41:53.003382+00:00,200,1.58,True,
2026-06-29T12:41:54.001897+00:00,2026-06-29T12:41:54.003476+00:00,200,1.58,True,
2026-06-29T12:41:55.002030+00:00,2026-06-29T12:41:55.003666+00:00,200,1.64,True,
2026-06-29T12:41:56.002185+00:00,2026-06-29T12:41:56.003877+00:00,200,1.69,True,
2026-06-29T12:41:57.002298+00:00,2026-06-29T12:41:57.003749+00:00,200,1.45,True,
2026-06-29T12:41:58.002421+00:00,2026-06-29T12:41:58.003919+00:00,200,1.5,True,
2026-06-29T12:41:59.002543+00:00,2026-06-29T12:41:59.004174+00:00,200,1.63,True,
2026-06-29T12:42:00.002579+00:00,2026-06-29T12:42:00.004075+00:00,200,1.5,True,
2026-06-29T12:42:01.002666+00:00,2026-06-29T12:42:01.004149+00:00,200,1.48,True,
2026-06-29T12:42:02.002750+00:00,2026-06-29T12:42:02.004254+00:00,200,1.5,True,
2026-06-29T12:42:03.002809+00:00,2026-06-29T12:42:03.004275+00:00,200,1.47,True,
2026-06-29T12:42:04.002906+00:00,2026-06-29T12:42:04.004533+00:00,200,1.63,True,
2026-06-29T12:42:05.002984+00:00,2026-06-29T12:42:05.004487+00:00,200,1.5,True,
2026-06-29T12:42:06.003064+00:00,2026-06-29T12:42:06.004588+00:00,200,1.52,True,
2026-06-29T12:42:07.003148+00:00,2026-06-29T12:42:07.004909+00:00,200,1.76,True,
2026-06-29T12:42:08.003299+00:00,2026-06-29T12:42:08.004872+00:00,200,1.57,True,
2026-06-29T12:42:09.003425+00:00,2026-06-29T12:42:09.004955+00:00,200,1.53,True,
2026-06-29T12:42:10.003539+00:00,2026-06-29T12:42:10.005137+00:00,200,1.6,True,
2026-06-29T12:42:11.003631+00:00,2026-06-29T12:42:11.005161+00:00,200,1.53,True,
2026-06-29T12:42:12.003723+00:00,2026-06-29T12:42:12.005388+00:00,200,1.67,True,
2026-06-29T12:42:13.003834+00:00,2026-06-29T12:42:13.005372+00:00,200,1.54,True,
2026-06-29T12:42:14.003950+00:00,2026-06-29T12:42:14.005605+00:00,200,1.66,True,
2026-06-29T12:42:15.004063+00:00,2026-06-29T12:42:15.005782+00:00,200,1.72,True,
2026-06-29T12:42:16.004214+00:00,2026-06-29T12:42:16.005855+00:00,200,1.64,True,
2026-06-29T12:42:17.004376+00:00,2026-06-29T12:42:17.005847+00:00,200,1.47,True,
2026-06-29T12:42:18.004546+00:00,2026-06-29T12:42:18.006085+00:00,200,1.54,True,
2026-06-29T12:42:19.004589+00:00,2026-06-29T12:42:19.006106+00:00,200,1.52,True,
2026-06-29T12:42:20.004671+00:00,2026-06-29T12:42:20.006193+00:00,200,1.52,True,
2026-06-29T12:42:21.004761+00:00,2026-06-29T12:42:21.006363+00:00,200,1.6,True,
2026-06-29T12:42:22.004879+00:00,2026-06-29T12:42:22.006399+00:00,200,1.52,True,
2026-06-29T12:42:23.005000+00:00,2026-06-29T12:42:23.006471+00:00,200,1.47,True,
2026-06-29T12:42:24.005146+00:00,2026-06-29T12:42:24.006703+00:00,200,1.56,True,
2026-06-29T12:42:25.005301+00:00,2026-06-29T12:42:25.006862+00:00,200,1.56,True,
2026-06-29T12:42:26.005506+00:00,2026-06-29T12:42:26.006963+00:00,200,1.46,True,
2026-06-29T12:42:27.005596+00:00,2026-06-29T12:42:27.007131+00:00,200,1.53,True,
2026-06-29T12:42:28.005808+00:00,2026-06-29T12:42:28.007372+00:00,200,1.56,True,
2026-06-29T12:42:29.005925+00:00,2026-06-29T12:42:29.007339+00:00,200,1.41,True,
2026-06-29T12:42:30.006049+00:00,2026-06-29T12:42:30.007580+00:00,200,1.53,True,
2026-06-29T12:42:31.006192+00:00,2026-06-29T12:42:31.007722+00:00,200,1.53,True,
2026-06-29T12:42:32.006352+00:00,2026-06-29T12:42:32.007928+00:00,200,1.58,True,
2026-06-29T12:42:33.006545+00:00,2026-06-29T12:42:33.008082+00:00,200,1.54,True,
2026-06-29T12:42:34.006582+00:00,2026-06-29T12:42:34.008221+00:00,200,1.64,True,
2026-06-29T12:42:35.006670+00:00,2026-06-29T12:42:35.008107+00:00,200,1.44,True,
2026-06-29T12:42:36.006773+00:00,2026-06-29T12:42:36.008335+00:00,200,1.56,True,
2026-06-29T12:42:37.006886+00:00,2026-06-29T12:42:37.008343+00:00,200,1.46,True,
2026-06-29T12:42:38.006970+00:00,2026-06-29T12:42:38.008386+00:00,200,1.42,True,
2026-06-29T12:42:39.007097+00:00,2026-06-29T12:42:39.008655+00:00,200,1.56,True,
2026-06-29T12:42:40.007184+00:00,2026-06-29T12:42:40.008768+00:00,200,1.58,True,
2026-06-29T12:42:41.007291+00:00,2026-06-29T12:42:41.008764+00:00,200,1.47,True,
2026-06-29T12:42:42.007417+00:00,2026-06-29T12:42:42.008993+00:00,200,1.58,True,
2026-06-29T12:42:43.007531+00:00,2026-06-29T12:42:43.009097+00:00,200,1.57,True,
2026-06-29T12:42:44.007581+00:00,2026-06-29T12:42:44.009063+00:00,200,1.48,True,
2026-06-29T12:42:45.007672+00:00,2026-06-29T12:42:45.009134+00:00,200,1.46,True,
2026-06-29T12:42:46.007778+00:00,2026-06-29T12:42:46.009344+00:00,200,1.57,True,
2026-06-29T12:42:47.007910+00:00,2026-06-29T12:42:47.009832+00:00,200,1.92,True,
2026-06-29T12:42:48.008042+00:00,2026-06-29T12:42:48.009640+00:00,200,1.6,True,
2026-06-29T12:42:49.008144+00:00,2026-06-29T12:42:49.011077+00:00,200,2.93,True,
2026-06-29T12:42:50.008241+00:00,2026-06-29T12:42:50.009807+00:00,200,1.57,True,
2026-06-29T12:42:51.008323+00:00,2026-06-29T12:42:51.009873+00:00,200,1.55,True,
2026-06-29T12:42:52.008410+00:00,2026-06-29T12:42:52.009923+00:00,200,1.51,True,
2026-06-29T12:42:53.008603+00:00,2026-06-29T12:42:53.010061+00:00,200,1.46,True,
2026-06-29T12:42:54.008726+00:00,2026-06-29T12:42:54.010224+00:00,200,1.5,True,
2026-06-29T12:42:55.008840+00:00,2026-06-29T12:42:55.010240+00:00,200,1.4,True,
2026-06-29T12:42:56.008961+00:00,2026-06-29T12:42:56.010444+00:00,200,1.48,True,
2026-06-29T12:42:57.009058+00:00,2026-06-29T12:42:57.010634+00:00,200,1.58,True,
2026-06-29T12:42:58.009225+00:00,2026-06-29T12:42:58.010734+00:00,200,1.51,True,
2026-06-29T12:42:59.009399+00:00,2026-06-29T12:42:59.011014+00:00,200,1.61,True,
2026-06-29T12:43:00.009554+00:00,2026-06-29T12:43:00.011041+00:00,200,1.49,True,
2026-06-29T12:43:01.009641+00:00,2026-06-29T12:43:01.011126+00:00,200,1.49,True,
2026-06-29T12:43:02.009735+00:00,2026-06-29T12:43:02.011440+00:00,200,1.7,True,
2026-06-29T12:43:03.009850+00:00,2026-06-29T12:43:03.011550+00:00,200,1.7,True,
2026-06-29T12:43:04.009967+00:00,2026-06-29T12:43:04.011557+00:00,200,1.59,True,
2026-06-29T12:43:05.010108+00:00,2026-06-29T12:43:05.011696+00:00,200,1.59,True,
2026-06-29T12:43:06.010509+00:00,2026-06-29T12:43:06.012083+00:00,200,1.57,True,
2026-06-29T12:43:07.010862+00:00,2026-06-29T12:43:07.013586+00:00,200,2.72,True,
2026-06-29T12:43:08.010954+00:00,2026-06-29T12:43:08.012491+00:00,200,1.54,True,
2026-06-29T12:43:09.011045+00:00,2026-06-29T12:43:09.012867+00:00,200,1.82,True,
2026-06-29T12:43:10.011151+00:00,2026-06-29T12:43:10.012685+00:00,200,1.53,True,
2026-06-29T12:43:11.011303+00:00,2026-06-29T12:43:11.013065+00:00,200,1.76,True,
2026-06-29T12:43:12.011448+00:00,2026-06-29T12:43:12.012957+00:00,200,1.51,True,
2026-06-29T12:43:13.011528+00:00,2026-06-29T12:43:13.013809+00:00,200,2.28,True,
2026-06-29T12:43:14.011976+00:00,2026-06-29T12:43:14.013550+00:00,200,1.57,True,
2026-06-29T12:43:15.012070+00:00,2026-06-29T12:43:15.013699+00:00,200,1.63,True,
2026-06-29T12:43:16.012310+00:00,2026-06-29T12:43:16.013848+00:00,200,1.54,True,
2026-06-29T12:43:17.012480+00:00,2026-06-29T12:43:17.014010+00:00,200,1.53,True,
2026-06-29T12:43:18.012565+00:00,2026-06-29T12:43:18.014173+00:00,200,1.61,True,
2026-06-29T12:43:19.012653+00:00,2026-06-29T12:43:19.014069+00:00,200,1.42,True,
2026-06-29T12:43:20.012750+00:00,2026-06-29T12:43:20.014242+00:00,200,1.49,True,
2026-06-29T12:43:21.012985+00:00,2026-06-29T12:43:21.014437+00:00,200,1.45,True,
2026-06-29T12:43:22.013128+00:00,2026-06-29T12:43:22.014727+00:00,200,1.6,True,
2026-06-29T12:43:23.013236+00:00,2026-06-29T12:43:23.014790+00:00,200,1.55,True,
2026-06-29T12:43:24.013375+00:00,2026-06-29T12:43:24.014913+00:00,200,1.54,True,
2026-06-29T12:43:25.013647+00:00,2026-06-29T12:43:25.015105+00:00,200,1.46,True,
2026-06-29T12:43:26.014098+00:00,2026-06-29T12:43:26.015738+00:00,200,1.64,True,
2026-06-29T12:43:27.014250+00:00,2026-06-29T12:43:27.015849+00:00,200,1.6,True,
2026-06-29T12:43:28.014332+00:00,2026-06-29T12:43:28.016242+00:00,200,1.91,True,
2026-06-29T12:43:29.014508+00:00,2026-06-29T12:43:29.016021+00:00,200,1.51,True,
2026-06-29T12:43:30.014556+00:00,2026-06-29T12:43:30.016141+00:00,200,1.58,True,
2026-06-29T12:43:31.014646+00:00,2026-06-29T12:43:31.016158+00:00,200,1.51,True,
2026-06-29T12:43:32.014875+00:00,2026-06-29T12:43:32.016347+00:00,200,1.47,True,
2026-06-29T12:43:33.015126+00:00,2026-06-29T12:43:33.016696+00:00,200,1.57,True,
2026-06-29T12:43:34.015417+00:00,2026-06-29T12:43:34.017026+00:00,200,1.61,True,
2026-06-29T12:43:35.015556+00:00,2026-06-29T12:43:35.017169+00:00,200,1.61,True,
2026-06-29T12:43:36.015645+00:00,2026-06-29T12:43:36.017172+00:00,200,1.53,True,
2026-06-29T12:43:37.015745+00:00,2026-06-29T12:43:37.017262+00:00,200,1.52,True,
2026-06-29T12:43:38.015867+00:00,2026-06-29T12:43:38.017483+00:00,200,1.62,True,
2026-06-29T12:43:39.016002+00:00,2026-06-29T12:43:39.017532+00:00,200,1.53,True,
2026-06-29T12:43:40.016149+00:00,2026-06-29T12:43:40.017751+00:00,200,1.6,True,
2026-06-29T12:43:41.016302+00:00,2026-06-29T12:43:41.017807+00:00,200,1.51,True,
2026-06-29T12:43:42.016398+00:00,2026-06-29T12:43:42.018067+00:00,200,1.67,True,
2026-06-29T12:43:43.016574+00:00,2026-06-29T12:43:43.018176+00:00,200,1.6,True,
2026-06-29T12:43:44.016728+00:00,2026-06-29T12:43:44.019074+00:00,200,2.35,True,
2026-06-29T12:43:45.016841+00:00,2026-06-29T12:43:45.018412+00:00,200,1.57,True,
2026-06-29T12:43:46.016957+00:00,2026-06-29T12:43:46.018625+00:00,200,1.67,True,
2026-06-29T12:43:47.017098+00:00,2026-06-29T12:43:47.018714+00:00,200,1.62,True,
2026-06-29T12:43:48.017698+00:00,2026-06-29T12:43:48.019145+00:00,200,1.45,True,
2026-06-29T12:43:49.017831+00:00,2026-06-29T12:43:49.019577+00:00,200,1.75,True,
2026-06-29T12:43:50.017910+00:00,2026-06-29T12:43:50.019038+00:00,200,1.13,True,
2026-06-29T12:43:51.017997+00:00,2026-06-29T12:43:51.019651+00:00,200,1.65,True,
2026-06-29T12:43:52.018095+00:00,2026-06-29T12:43:52.019707+00:00,200,1.61,True,
2026-06-29T12:43:53.018190+00:00,2026-06-29T12:43:53.019707+00:00,200,1.52,True,
2026-06-29T12:43:54.018290+00:00,2026-06-29T12:43:54.020266+00:00,200,1.98,True,
2026-06-29T12:43:55.018369+00:00,2026-06-29T12:43:55.019572+00:00,200,1.2,True,
2026-06-29T12:43:56.018480+00:00,2026-06-29T12:43:56.020048+00:00,200,1.57,True,
2026-06-29T12:43:57.018536+00:00,2026-06-29T12:43:57.019739+00:00,200,1.2,True,
2026-06-29T12:43:58.018654+00:00,2026-06-29T12:43:58.020202+00:00,200,1.55,True,
2026-06-29T12:43:59.018744+00:00,2026-06-29T12:43:59.020462+00:00,200,1.72,True,
2026-06-29T12:44:00.018826+00:00,2026-06-29T12:44:00.021585+00:00,200,2.76,True,
2026-06-29T12:44:01.018931+00:00,2026-06-29T12:44:01.020096+00:00,200,1.17,True,
2026-06-29T12:44:02.019015+00:00,2026-06-29T12:44:02.020244+00:00,200,1.23,True,
2026-06-29T12:44:03.019159+00:00,2026-06-29T12:44:03.020552+00:00,200,1.39,True,
2026-06-29T12:44:04.019302+00:00,2026-06-29T12:44:04.020865+00:00,200,1.56,True,
2026-06-29T12:44:05.019416+00:00,2026-06-29T12:44:05.020880+00:00,200,1.46,True,
2026-06-29T12:44:06.019530+00:00,2026-06-29T12:44:06.021006+00:00,200,1.48,True,
2026-06-29T12:44:07.019618+00:00,2026-06-29T12:44:07.021160+00:00,200,1.54,True,
2026-06-29T12:44:08.019694+00:00,2026-06-29T12:44:08.021482+00:00,200,1.79,True,
2026-06-29T12:44:09.019792+00:00,2026-06-29T12:44:09.021307+00:00,200,1.52,True,
2026-06-29T12:44:10.019918+00:00,2026-06-29T12:44:10.021353+00:00,200,1.44,True,
2026-06-29T12:44:11.020026+00:00,2026-06-29T12:44:11.021730+00:00,200,1.7,True,
2026-06-29T12:44:12.020169+00:00,2026-06-29T12:44:12.021339+00:00,200,1.17,True,
2026-06-29T12:44:13.020326+00:00,2026-06-29T12:44:13.021565+00:00,200,1.24,True,
2026-06-29T12:44:14.020514+00:00,2026-06-29T12:44:14.022023+00:00,200,1.51,True,
2026-06-29T12:44:15.020556+00:00,2026-06-29T12:44:15.021794+00:00,200,1.24,True,
2026-06-29T12:44:16.020645+00:00,2026-06-29T12:44:16.022197+00:00,200,1.55,True,
2026-06-29T12:44:17.020872+00:00,2026-06-29T12:44:17.022299+00:00,200,1.43,True,
2026-06-29T12:44:18.021117+00:00,2026-06-29T12:44:18.022329+00:00,200,1.21,True,
2026-06-29T12:44:19.021329+00:00,2026-06-29T12:44:19.022926+00:00,200,1.6,True,
2026-06-29T12:44:20.021480+00:00,2026-06-29T12:44:20.023048+00:00,200,1.57,True,
2026-06-29T12:44:21.021638+00:00,2026-06-29T12:44:21.023175+00:00,200,1.54,True,
2026-06-29T12:44:22.021729+00:00,2026-06-29T12:44:22.022984+00:00,200,1.26,True,
2026-06-29T12:44:23.021952+00:00,2026-06-29T12:44:23.023435+00:00,200,1.48,True,
2026-06-29T12:44:24.022144+00:00,2026-06-29T12:44:24.023796+00:00,200,1.65,True,
2026-06-29T12:44:25.022293+00:00,2026-06-29T12:44:25.024036+00:00,200,1.74,True,
2026-06-29T12:44:26.022466+00:00,2026-06-29T12:44:26.023669+00:00,200,1.2,True,
2026-06-29T12:44:27.022632+00:00,2026-06-29T12:44:27.024193+00:00,200,1.56,True,
2026-06-29T12:44:28.022712+00:00,2026-06-29T12:44:28.024003+00:00,200,1.29,True,
2026-06-29T12:44:29.022797+00:00,2026-06-29T12:44:29.025145+00:00,200,2.35,True,
2026-06-29T12:44:30.022909+00:00,2026-06-29T12:44:30.024456+00:00,200,1.55,True,
2026-06-29T12:44:31.023028+00:00,2026-06-29T12:44:31.024557+00:00,200,1.53,True,
2026-06-29T12:44:32.023291+00:00,2026-06-29T12:44:32.024519+00:00,200,1.23,True,
2026-06-29T12:44:33.023425+00:00,2026-06-29T12:44:33.024908+00:00,200,1.48,True,
2026-06-29T12:44:34.023525+00:00,2026-06-29T12:44:34.025114+00:00,200,1.59,True,
2026-06-29T12:44:35.023909+00:00,2026-06-29T12:44:35.025344+00:00,200,1.44,True,
2026-06-29T12:44:36.024176+00:00,2026-06-29T12:44:36.025850+00:00,200,1.67,True,
2026-06-29T12:44:37.024335+00:00,2026-06-29T12:44:37.025954+00:00,200,1.62,True,
2026-06-29T12:44:38.024533+00:00,2026-06-29T12:44:38.026088+00:00,200,1.55,True,
2026-06-29T12:44:39.024866+00:00,2026-06-29T12:44:39.026529+00:00,200,1.66,True,
2026-06-29T12:44:40.024987+00:00,2026-06-29T12:44:40.026172+00:00,200,1.19,True,
2026-06-29T12:44:41.025120+00:00,2026-06-29T12:44:41.026360+00:00,200,1.24,True,
2026-06-29T12:44:42.025266+00:00,2026-06-29T12:44:42.026844+00:00,200,1.58,True,
2026-06-29T12:44:43.025464+00:00,2026-06-29T12:44:43.027301+00:00,200,1.84,True,
2026-06-29T12:44:44.025642+00:00,2026-06-29T12:44:44.027179+00:00,200,1.54,True,
2026-06-29T12:44:45.025801+00:00,2026-06-29T12:44:45.027615+00:00,200,1.81,True,
2026-06-29T12:44:46.025922+00:00,2026-06-29T12:44:46.027471+00:00,200,1.55,True,
2026-06-29T12:44:47.026032+00:00,2026-06-29T12:44:47.027276+00:00,200,1.24,True,
2026-06-29T12:44:48.026109+00:00,2026-06-29T12:44:48.027334+00:00,200,1.22,True,
2026-06-29T12:44:49.026190+00:00,2026-06-29T12:44:49.027363+00:00,200,1.17,True,
2026-06-29T12:44:50.026282+00:00,2026-06-29T12:44:50.028129+00:00,200,1.85,True,
2026-06-29T12:44:51.026368+00:00,2026-06-29T12:44:51.027625+00:00,200,1.26,True,
2026-06-29T12:44:52.026485+00:00,2026-06-29T12:44:52.027718+00:00,200,1.23,True,
2026-06-29T12:44:53.026559+00:00,2026-06-29T12:44:53.027955+00:00,200,1.4,True,
2026-06-29T12:44:54.026646+00:00,2026-06-29T12:44:54.028224+00:00,200,1.58,True,
2026-06-29T12:44:55.026750+00:00,2026-06-29T12:44:55.027857+00:00,200,1.11,True,
2026-06-29T12:44:56.026808+00:00,2026-06-29T12:44:56.028344+00:00,200,1.54,True,
2026-06-29T12:44:57.026925+00:00,2026-06-29T12:44:57.028092+00:00,200,1.17,True,
2026-06-29T12:44:58.027089+00:00,2026-06-29T12:44:58.028545+00:00,200,1.46,True,
2026-06-29T12:44:59.027251+00:00,2026-06-29T12:44:59.028917+00:00,200,1.67,True,
2026-06-29T12:45:00.027396+00:00,2026-06-29T12:45:00.028934+00:00,200,1.54,True,
2026-06-29T12:45:01.027529+00:00,2026-06-29T12:45:01.028733+00:00,200,1.2,True,
2026-06-29T12:45:02.027634+00:00,2026-06-29T12:45:02.029251+00:00,200,1.62,True,
2026-06-29T12:45:03.027809+00:00,2026-06-29T12:45:03.029617+00:00,200,1.81,True,
2026-06-29T12:45:04.027929+00:00,2026-06-29T12:45:04.029131+00:00,200,1.2,True,
2026-06-29T12:45:05.028067+00:00,2026-06-29T12:45:05.029643+00:00,200,1.58,True,
2026-06-29T12:45:06.028223+00:00,2026-06-29T12:45:06.029520+00:00,200,1.3,True,
2026-06-29T12:45:07.028515+00:00,2026-06-29T12:45:07.030042+00:00,200,1.53,True,
2026-06-29T12:45:08.028591+00:00,2026-06-29T12:45:08.030954+00:00,200,2.36,True,
2026-06-29T12:45:09.028676+00:00,2026-06-29T12:45:09.030317+00:00,200,1.64,True,
2026-06-29T12:45:10.029026+00:00,2026-06-29T12:45:10.030435+00:00,200,1.41,True,
2026-06-29T12:45:11.029204+00:00,2026-06-29T12:45:11.030444+00:00,200,1.24,True,
2026-06-29T12:45:12.029280+00:00,2026-06-29T12:45:12.030567+00:00,200,1.29,True,
2026-06-29T12:45:13.029384+00:00,2026-06-29T12:45:13.030616+00:00,200,1.23,True,
2026-06-29T12:45:14.029702+00:00,2026-06-29T12:45:14.031280+00:00,200,1.58,True,
2026-06-29T12:45:15.029921+00:00,2026-06-29T12:45:15.031067+00:00,200,1.15,True,
2026-06-29T12:45:16.030046+00:00,2026-06-29T12:45:16.031259+00:00,200,1.21,True,
2026-06-29T12:45:17.030315+00:00,2026-06-29T12:45:17.031822+00:00,200,1.51,True,
2026-06-29T12:45:18.030512+00:00,2026-06-29T12:45:18.032021+00:00,200,1.51,True,
2026-06-29T12:45:19.030970+00:00,2026-06-29T12:45:19.032516+00:00,200,1.55,True,
2026-06-29T12:45:20.031101+00:00,2026-06-29T12:45:20.032694+00:00,200,1.59,True,
2026-06-29T12:45:21.031253+00:00,2026-06-29T12:45:21.032422+00:00,200,1.17,True,
2026-06-29T12:45:22.031336+00:00,2026-06-29T12:45:22.032790+00:00,200,1.45,True,
2026-06-29T12:45:23.031418+00:00,2026-06-29T12:45:23.032953+00:00,200,1.53,True,
2026-06-29T12:45:24.031528+00:00,2026-06-29T12:45:24.033086+00:00,200,1.56,True,
2026-06-29T12:45:25.031613+00:00,2026-06-29T12:45:25.033151+00:00,200,1.54,True,
2026-06-29T12:45:26.031688+00:00,2026-06-29T12:45:26.032843+00:00,200,1.16,True,
2026-06-29T12:45:27.031779+00:00,2026-06-29T12:45:27.033252+00:00,200,1.47,True,
2026-06-29T12:45:28.031909+00:00,2026-06-29T12:45:28.034767+00:00,200,2.86,True,
2026-06-29T12:45:29.032047+00:00,2026-06-29T12:45:29.033437+00:00,200,1.39,True,
2026-06-29T12:45:30.032143+00:00,2026-06-29T12:45:30.033420+00:00,200,1.28,True,
2026-06-29T12:45:31.032278+00:00,2026-06-29T12:45:31.033896+00:00,200,1.62,True,
2026-06-29T12:45:32.032443+00:00,2026-06-29T12:45:32.033777+00:00,200,1.33,True,
2026-06-29T12:45:33.032531+00:00,2026-06-29T12:45:33.033917+00:00,200,1.39,True,
2026-06-29T12:45:34.032619+00:00,2026-06-29T12:45:34.034154+00:00,200,1.53,True,
2026-06-29T12:45:35.032715+00:00,2026-06-29T12:45:35.033999+00:00,200,1.28,True,
2026-06-29T12:45:36.032816+00:00,2026-06-29T12:45:36.034358+00:00,200,1.54,True,
2026-06-29T12:45:37.032979+00:00,2026-06-29T12:45:37.034535+00:00,200,1.56,True,
2026-06-29T12:45:38.033172+00:00,2026-06-29T12:45:38.034733+00:00,200,1.56,True,
2026-06-29T12:45:39.033304+00:00,2026-06-29T12:45:39.034924+00:00,200,1.62,True,
2026-06-29T12:45:40.033842+00:00,2026-06-29T12:45:40.035193+00:00,200,1.35,True,
2026-06-29T12:45:41.033971+00:00,2026-06-29T12:45:41.035595+00:00,200,1.62,True,
2026-06-29T12:45:42.034371+00:00,2026-06-29T12:45:42.035684+00:00,200,1.31,True,
2026-06-29T12:45:43.034974+00:00,2026-06-29T12:45:43.036521+00:00,200,1.55,True,
2026-06-29T12:45:44.035146+00:00,2026-06-29T12:45:44.036625+00:00,200,1.48,True,
2026-06-29T12:45:45.035584+00:00,2026-06-29T12:45:45.036848+00:00,200,1.26,True,
2026-06-29T12:45:46.035898+00:00,2026-06-29T12:45:46.037406+00:00,200,1.51,True,
2026-06-29T12:45:47.035920+00:00,2026-06-29T12:45:47.037700+00:00,200,1.78,True,
2026-06-29T12:45:48.036035+00:00,2026-06-29T12:45:48.037411+00:00,200,1.38,True,
2026-06-29T12:45:49.036156+00:00,2026-06-29T12:45:49.037389+00:00,200,1.23,True,
2026-06-29T12:45:50.036253+00:00,2026-06-29T12:45:50.037513+00:00,200,1.26,True,
2026-06-29T12:45:51.036559+00:00,2026-06-29T12:45:51.038008+00:00,200,1.45,True,
2026-06-29T12:45:52.036887+00:00,2026-06-29T12:45:52.038487+00:00,200,1.6,True,
2026-06-29T12:45:53.038024+00:00,2026-06-29T12:45:53.039463+00:00,200,1.44,True,
2026-06-29T12:45:54.038663+00:00,2026-06-29T12:45:54.040049+00:00,200,1.39,True,
2026-06-29T12:45:55.038781+00:00,2026-06-29T12:45:55.040140+00:00,200,1.36,True,
2026-06-29T12:45:56.038936+00:00,2026-06-29T12:45:56.040293+00:00,200,1.36,True,
2026-06-29T12:45:57.039382+00:00,2026-06-29T12:45:57.040658+00:00,200,1.28,True,
2026-06-29T12:45:58.039659+00:00,2026-06-29T12:45:58.041135+00:00,200,1.48,True,
2026-06-29T12:45:59.039731+00:00,2026-06-29T12:45:59.041279+00:00,200,1.55,True,
2026-06-29T12:46:00.039842+00:00,2026-06-29T12:46:00.041393+00:00,200,1.55,True,
2026-06-29T12:46:01.039995+00:00,2026-06-29T12:46:01.041262+00:00,200,1.27,True,
2026-06-29T12:46:02.040274+00:00,2026-06-29T12:46:02.041970+00:00,200,1.7,True,
2026-06-29T12:46:03.041563+00:00,2026-06-29T12:46:03.043167+00:00,200,1.6,True,
2026-06-29T12:46:04.041713+00:00,2026-06-29T12:46:04.042927+00:00,200,1.21,True,
2026-06-29T12:46:05.041869+00:00,2026-06-29T12:46:05.043141+00:00,200,1.27,True,
2026-06-29T12:46:06.042012+00:00,2026-06-29T12:46:06.043573+00:00,200,1.56,True,
2026-06-29T12:46:07.042189+00:00,2026-06-29T12:46:07.043859+00:00,200,1.67,True,
2026-06-29T12:46:08.042278+00:00,2026-06-29T12:46:08.044121+00:00,200,1.84,True,
2026-06-29T12:46:09.042524+00:00,2026-06-29T12:46:09.043826+00:00,200,1.3,True,
2026-06-29T12:46:10.042624+00:00,2026-06-29T12:46:10.044220+00:00,200,1.6,True,
2026-06-29T12:46:11.042705+00:00,2026-06-29T12:46:11.044168+00:00,200,1.46,True,
2026-06-29T12:46:12.044065+00:00,2026-06-29T12:46:12.045667+00:00,200,1.6,True,
2026-06-29T12:46:13.044518+00:00,2026-06-29T12:46:13.046063+00:00,200,1.54,True,
2026-06-29T12:46:14.044760+00:00,2026-06-29T12:46:14.046384+00:00,200,1.62,True,
2026-06-29T12:46:15.045104+00:00,2026-06-29T12:46:15.046454+00:00,200,1.35,True,
2026-06-29T12:46:16.045568+00:00,2026-06-29T12:46:16.046783+00:00,200,1.21,True,
2026-06-29T12:46:17.045670+00:00,2026-06-29T12:46:17.046886+00:00,200,1.22,True,
2026-06-29T12:46:18.046028+00:00,2026-06-29T12:46:18.047575+00:00,200,1.55,True,
2026-06-29T12:46:19.046242+00:00,2026-06-29T12:46:19.047664+00:00,200,1.42,True,
2026-06-29T12:46:20.046995+00:00,2026-06-29T12:46:20.048678+00:00,200,1.68,True,
2026-06-29T12:46:21.047164+00:00,2026-06-29T12:46:21.048362+00:00,200,1.2,True,
2026-06-29T12:46:22.047381+00:00,2026-06-29T12:46:22.048949+00:00,200,1.57,True,
2026-06-29T12:46:23.048150+00:00,2026-06-29T12:46:23.049724+00:00,200,1.57,True,
2026-06-29T12:46:24.048469+00:00,2026-06-29T12:46:24.050021+00:00,200,1.55,True,
2026-06-29T12:46:25.048549+00:00,2026-06-29T12:46:25.050088+00:00,200,1.54,True,
2026-06-29T12:46:26.048642+00:00,2026-06-29T12:46:26.050364+00:00,200,1.72,True,
2026-06-29T12:46:27.048987+00:00,2026-06-29T12:46:27.050171+00:00,200,1.18,True,
2026-06-29T12:46:28.049794+00:00,2026-06-29T12:46:28.051779+00:00,200,1.98,True,
2026-06-29T12:46:29.049993+00:00,2026-06-29T12:46:29.051225+00:00,200,1.23,True,
2026-06-29T12:46:30.050091+00:00,2026-06-29T12:46:30.052097+00:00,200,2.01,True,
2026-06-29T12:46:31.050663+00:00,2026-06-29T12:46:31.051876+00:00,200,1.21,True,
2026-06-29T12:46:32.051517+00:00,2026-06-29T12:46:32.053157+00:00,200,1.64,True,
2026-06-29T12:46:33.051681+00:00,2026-06-29T12:46:33.053292+00:00,200,1.61,True,
2026-06-29T12:46:34.051818+00:00,2026-06-29T12:46:34.053283+00:00,200,1.46,True,
2026-06-29T12:46:35.052505+00:00,2026-06-29T12:46:35.054010+00:00,200,1.51,True,
2026-06-29T12:46:36.052574+00:00,2026-06-29T12:46:36.054234+00:00,200,1.66,True,
2026-06-29T12:46:37.052636+00:00,2026-06-29T12:46:37.053887+00:00,200,1.25,True,
2026-06-29T12:46:38.053260+00:00,2026-06-29T12:46:38.054580+00:00,200,1.32,True,
2026-06-29T12:46:39.053559+00:00,2026-06-29T12:46:39.054748+00:00,200,1.19,True,
2026-06-29T12:46:40.053692+00:00,2026-06-29T12:46:40.055350+00:00,200,1.66,True,
2026-06-29T12:46:41.053832+00:00,2026-06-29T12:46:41.055156+00:00,200,1.32,True,
2026-06-29T12:46:42.053936+00:00,2026-06-29T12:46:42.055508+00:00,200,1.57,True,
2026-06-29T12:46:43.054130+00:00,2026-06-29T12:46:43.055715+00:00,200,1.58,True,
2026-06-29T12:46:44.055025+00:00,2026-06-29T12:46:44.056578+00:00,200,1.55,True,
2026-06-29T12:46:45.055965+00:00,2026-06-29T12:46:45.057484+00:00,200,1.52,True,
2026-06-29T12:46:46.056134+00:00,2026-06-29T12:46:46.057822+00:00,200,1.69,True,
2026-06-29T12:46:47.056625+00:00,2026-06-29T12:46:47.057907+00:00,200,1.28,True,
2026-06-29T12:46:48.057213+00:00,2026-06-29T12:46:48.058929+00:00,200,1.72,True,
2026-06-29T12:46:49.058342+00:00,2026-06-29T12:46:49.059571+00:00,200,1.23,True,
2026-06-29T12:46:50.058895+00:00,2026-06-29T12:46:50.060445+00:00,200,1.55,True,
2026-06-29T12:46:51.059054+00:00,2026-06-29T12:46:51.060626+00:00,200,1.57,True,
2026-06-29T12:46:52.059519+00:00,2026-06-29T12:46:52.060705+00:00,200,1.19,True,
2026-06-29T12:46:53.059702+00:00,2026-06-29T12:46:53.061229+00:00,200,1.53,True,
2026-06-29T12:46:54.059837+00:00,2026-06-29T12:46:54.061408+00:00,200,1.57,True,
2026-06-29T12:46:55.060521+00:00,2026-06-29T12:46:55.061899+00:00,200,1.38,True,
2026-06-29T12:46:56.060928+00:00,2026-06-29T12:46:56.062553+00:00,200,1.62,True,
2026-06-29T12:46:57.061077+00:00,2026-06-29T12:46:57.062846+00:00,200,1.77,True,
2026-06-29T12:46:58.061664+00:00,2026-06-29T12:46:58.063149+00:00,200,1.49,True,
2026-06-29T12:46:59.062428+00:00,2026-06-29T12:46:59.063932+00:00,200,1.5,True,
2026-06-29T12:47:00.063099+00:00,2026-06-29T12:47:00.064695+00:00,200,1.6,True,
2026-06-29T12:47:01.063276+00:00,2026-06-29T12:47:01.064758+00:00,200,1.48,True,
2026-06-29T12:47:02.063509+00:00,2026-06-29T12:47:02.064825+00:00,200,1.32,True,
2026-06-29T12:47:03.063696+00:00,2026-06-29T12:47:03.065254+00:00,200,1.56,True,
2026-06-29T12:47:04.063815+00:00,2026-06-29T12:47:04.065357+00:00,200,1.54,True,
2026-06-29T12:47:05.063976+00:00,2026-06-29T12:47:05.065522+00:00,200,1.55,True,
2026-06-29T12:47:06.064076+00:00,2026-06-29T12:47:06.065502+00:00,200,1.43,True,
2026-06-29T12:47:07.065069+00:00,2026-06-29T12:47:07.066694+00:00,200,1.62,True,
2026-06-29T12:47:08.065153+00:00,2026-06-29T12:47:08.067214+00:00,200,2.06,True,
2026-06-29T12:47:09.066630+00:00,2026-06-29T12:47:09.068126+00:00,200,1.5,True,
2026-06-29T12:47:10.066730+00:00,2026-06-29T12:47:10.068033+00:00,200,1.3,True,
2026-06-29T12:47:11.066917+00:00,2026-06-29T12:47:11.068219+00:00,200,1.3,True,
2026-06-29T12:47:12.067084+00:00,2026-06-29T12:47:12.068458+00:00,200,1.37,True,
2026-06-29T12:47:13.067178+00:00,2026-06-29T12:47:13.068470+00:00,200,1.29,True,
2026-06-29T12:47:14.067428+00:00,2026-06-29T12:47:14.069093+00:00,200,1.67,True,
2026-06-29T12:47:15.067559+00:00,2026-06-29T12:47:15.068855+00:00,200,1.3,True,
2026-06-29T12:47:16.068443+00:00,2026-06-29T12:47:16.070080+00:00,200,1.64,True,
2026-06-29T12:47:17.068705+00:00,2026-06-29T12:47:17.069943+00:00,200,1.24,True,
2026-06-29T12:47:18.068816+00:00,2026-06-29T12:47:18.070559+00:00,200,1.74,True,
2026-06-29T12:47:19.068926+00:00,2026-06-29T12:47:19.070606+00:00,200,1.68,True,
2026-06-29T12:47:20.069372+00:00,2026-06-29T12:47:20.071164+00:00,200,1.79,True,
2026-06-29T12:47:21.069889+00:00,2026-06-29T12:47:21.071417+00:00,200,1.53,True,
2026-06-29T12:47:22.070534+00:00,2026-06-29T12:47:22.071806+00:00,200,1.27,True,
2026-06-29T12:47:23.070681+00:00,2026-06-29T12:47:23.072004+00:00,200,1.32,True,
2026-06-29T12:47:24.070751+00:00,2026-06-29T12:47:24.072367+00:00,200,1.62,True,
2026-06-29T12:47:25.070854+00:00,2026-06-29T12:47:25.072019+00:00,200,1.17,True,
2026-06-29T12:47:26.071253+00:00,2026-06-29T12:47:26.072482+00:00,200,1.23,True,
2026-06-29T12:47:27.072236+00:00,2026-06-29T12:47:27.073837+00:00,200,1.6,True,
2026-06-29T12:47:28.072313+00:00,2026-06-29T12:47:28.075904+00:00,200,3.59,True,
2026-06-29T12:47:29.072853+00:00,2026-06-29T12:47:29.074078+00:00,200,1.22,True,
2026-06-29T12:47:30.074283+00:00,2026-06-29T12:47:30.075988+00:00,200,1.7,True,
2026-06-29T12:47:31.074373+00:00,2026-06-29T12:47:31.075614+00:00,200,1.24,True,
2026-06-29T12:47:32.074597+00:00,2026-06-29T12:47:32.075825+00:00,200,1.23,True,
2026-06-29T12:47:33.074742+00:00,2026-06-29T12:47:33.076257+00:00,200,1.52,True,
2026-06-29T12:47:34.075139+00:00,2026-06-29T12:47:34.076660+00:00,200,1.52,True,
2026-06-29T12:47:35.075179+00:00,2026-06-29T12:47:35.076471+00:00,200,1.29,True,
2026-06-29T12:47:36.075408+00:00,2026-06-29T12:47:36.076857+00:00,200,1.45,True,
2026-06-29T12:47:37.075525+00:00,2026-06-29T12:47:37.077046+00:00,200,1.52,True,
2026-06-29T12:47:38.075614+00:00,2026-06-29T12:47:38.077101+00:00,200,1.49,True,
2026-06-29T12:47:39.075710+00:00,2026-06-29T12:47:39.077306+00:00,200,1.6,True,
2026-06-29T12:47:40.076740+00:00,2026-06-29T12:47:40.078103+00:00,200,1.36,True,
2026-06-29T12:47:41.076841+00:00,2026-06-29T12:47:41.078173+00:00,200,1.33,True,
2026-06-29T12:47:42.076990+00:00,2026-06-29T12:47:42.078555+00:00,200,1.56,True,
2026-06-29T12:47:43.077415+00:00,2026-06-29T12:47:43.078753+00:00,200,1.34,True,
2026-06-29T12:47:44.077628+00:00,2026-06-29T12:47:44.079271+00:00,200,1.64,True,
2026-06-29T12:47:45.077926+00:00,2026-06-29T12:47:45.079343+00:00,200,1.42,True,
2026-06-29T12:47:46.078077+00:00,2026-06-29T12:47:46.079570+00:00,200,1.49,True,
2026-06-29T12:47:47.078213+00:00,2026-06-29T12:47:47.079707+00:00,200,1.49,True,
2026-06-29T12:47:48.078348+00:00,2026-06-29T12:47:48.079538+00:00,200,1.19,True,
2026-06-29T12:47:49.078893+00:00,2026-06-29T12:47:49.080393+00:00,200,1.5,True,
2026-06-29T12:47:50.079824+00:00,2026-06-29T12:47:50.081517+00:00,200,1.69,True,
2026-06-29T12:47:51.079976+00:00,2026-06-29T12:47:51.081425+00:00,200,1.45,True,
2026-06-29T12:47:52.080667+00:00,2026-06-29T12:47:52.082255+00:00,200,1.59,True,
2026-06-29T12:47:53.081773+00:00,2026-06-29T12:47:53.083194+00:00,200,1.42,True,
2026-06-29T12:47:54.081864+00:00,2026-06-29T12:47:54.083414+00:00,200,1.55,True,
2026-06-29T12:47:55.082273+00:00,2026-06-29T12:47:55.084075+00:00,200,1.8,True,
2026-06-29T12:47:56.082646+00:00,2026-06-29T12:47:56.084213+00:00,200,1.57,True,
2026-06-29T12:47:57.082872+00:00,2026-06-29T12:47:57.084113+00:00,200,1.24,True,
2026-06-29T12:47:58.083513+00:00,2026-06-29T12:47:58.084941+00:00,200,1.43,True,
2026-06-29T12:47:59.083656+00:00,2026-06-29T12:47:59.085128+00:00,200,1.47,True,
2026-06-29T12:48:00.083738+00:00,2026-06-29T12:48:00.085060+00:00,200,1.32,True,
2026-06-29T12:48:01.084123+00:00,2026-06-29T12:48:01.085329+00:00,200,1.21,True,
2026-06-29T12:48:02.084340+00:00,2026-06-29T12:48:02.085733+00:00,200,1.39,True,
2026-06-29T12:48:03.085173+00:00,2026-06-29T12:48:03.086765+00:00,200,1.59,True,
2026-06-29T12:48:04.085320+00:00,2026-06-29T12:48:04.086877+00:00,200,1.56,True,
2026-06-29T12:48:05.085825+00:00,2026-06-29T12:48:05.087225+00:00,200,1.4,True,
2026-06-29T12:48:06.087021+00:00,2026-06-29T12:48:06.088609+00:00,200,1.59,True,
2026-06-29T12:48:07.087962+00:00,2026-06-29T12:48:07.089422+00:00,200,1.46,True,
2026-06-29T12:48:08.088045+00:00,2026-06-29T12:48:08.089767+00:00,200,1.72,True,
2026-06-29T12:48:09.088276+00:00,2026-06-29T12:48:09.089948+00:00,200,1.67,True,
2026-06-29T12:48:10.088571+00:00,2026-06-29T12:48:10.090225+00:00,200,1.65,True,
2026-06-29T12:48:11.088657+00:00,2026-06-29T12:48:11.090617+00:00,200,1.96,True,
2026-06-29T12:48:12.088726+00:00,2026-06-29T12:48:12.090439+00:00,200,1.71,True,
2026-06-29T12:48:13.088846+00:00,2026-06-29T12:48:13.090261+00:00,200,1.42,True,
2026-06-29T12:48:14.088995+00:00,2026-06-29T12:48:14.090606+00:00,200,1.61,True,
2026-06-29T12:48:15.089065+00:00,2026-06-29T12:48:15.090689+00:00,200,1.62,True,
2026-06-29T12:48:16.089154+00:00,2026-06-29T12:48:16.090775+00:00,200,1.62,True,
2026-06-29T12:48:17.089245+00:00,2026-06-29T12:48:17.090789+00:00,200,1.54,True,
2026-06-29T12:48:18.089386+00:00,2026-06-29T12:48:18.090984+00:00,200,1.6,True,
2026-06-29T12:48:19.089459+00:00,2026-06-29T12:48:19.091314+00:00,200,1.86,True,
2026-06-29T12:48:20.089532+00:00,2026-06-29T12:48:20.091098+00:00,200,1.57,True,
2026-06-29T12:48:21.089629+00:00,2026-06-29T12:48:21.091428+00:00,200,1.8,True,
2026-06-29T12:48:22.089729+00:00,2026-06-29T12:48:22.091291+00:00,200,1.56,True,
2026-06-29T12:48:23.089816+00:00,2026-06-29T12:48:23.091124+00:00,200,1.31,True,
2026-06-29T12:48:24.089947+00:00,2026-06-29T12:48:24.091513+00:00,200,1.57,True,
2026-06-29T12:48:25.090051+00:00,2026-06-29T12:48:25.091241+00:00,200,1.19,True,
2026-06-29T12:48:26.090212+00:00,2026-06-29T12:48:26.091521+00:00,200,1.31,True,
2026-06-29T12:48:27.090334+00:00,2026-06-29T12:48:27.091895+00:00,200,1.56,True,
2026-06-29T12:48:28.090646+00:00,2026-06-29T12:48:28.092095+00:00,200,1.45,True,
2026-06-29T12:48:29.091301+00:00,2026-06-29T12:48:29.092648+00:00,200,1.35,True,
2026-06-29T12:48:30.091581+00:00,2026-06-29T12:48:30.093213+00:00,200,1.63,True,
2026-06-29T12:48:31.091835+00:00,2026-06-29T12:48:31.093112+00:00,200,1.28,True,
2026-06-29T12:48:32.092206+00:00,2026-06-29T12:48:32.093540+00:00,200,1.33,True,
2026-06-29T12:48:33.092677+00:00,2026-06-29T12:48:33.094053+00:00,200,1.38,True,
2026-06-29T12:48:34.093279+00:00,2026-06-29T12:48:34.094851+00:00,200,1.57,True,
2026-06-29T12:48:35.093509+00:00,2026-06-29T12:48:35.095103+00:00,200,1.59,True,
2026-06-29T12:48:36.093646+00:00,2026-06-29T12:48:36.095008+00:00,200,1.36,True,
2026-06-29T12:48:37.093745+00:00,2026-06-29T12:48:37.095365+00:00,200,1.62,True,
2026-06-29T12:48:38.093826+00:00,2026-06-29T12:48:38.095486+00:00,200,1.66,True,
2026-06-29T12:48:39.093997+00:00,2026-06-29T12:48:39.095515+00:00,200,1.52,True,
2026-06-29T12:48:40.094238+00:00,2026-06-29T12:48:40.095741+00:00,200,1.5,True,
2026-06-29T12:48:41.094723+00:00,2026-06-29T12:48:41.096275+00:00,200,1.55,True,
2026-06-29T12:48:42.095611+00:00,2026-06-29T12:48:42.097227+00:00,200,1.62,True,
2026-06-29T12:48:43.096435+00:00,2026-06-29T12:48:43.097922+00:00,200,1.49,True,
2026-06-29T12:48:44.097234+00:00,2026-06-29T12:48:44.098474+00:00,200,1.24,True,
2026-06-29T12:48:45.097348+00:00,2026-06-29T12:48:45.098945+00:00,200,1.6,True,
2026-06-29T12:48:46.097512+00:00,2026-06-29T12:48:46.098704+00:00,200,1.19,True,
2026-06-29T12:48:47.097602+00:00,2026-06-29T12:48:47.099320+00:00,200,1.72,True,
2026-06-29T12:48:48.097713+00:00,2026-06-29T12:48:48.099388+00:00,200,1.68,True,
2026-06-29T12:48:49.097796+00:00,2026-06-29T12:48:49.099593+00:00,200,1.8,True,
2026-06-29T12:48:50.097941+00:00,2026-06-29T12:48:50.099246+00:00,200,1.3,True,
2026-06-29T12:48:51.098943+00:00,2026-06-29T12:48:51.100535+00:00,200,1.59,True,
2026-06-29T12:48:52.099069+00:00,2026-06-29T12:48:52.100706+00:00,200,1.64,True,
2026-06-29T12:48:53.099225+00:00,2026-06-29T12:48:53.100823+00:00,200,1.6,True,
2026-06-29T12:48:54.099368+00:00,2026-06-29T12:48:54.101124+00:00,200,1.76,True,
2026-06-29T12:48:55.099872+00:00,2026-06-29T12:48:55.101381+00:00,200,1.51,True,
2026-06-29T12:48:56.099967+00:00,2026-06-29T12:48:56.101445+00:00,200,1.48,True,
2026-06-29T12:48:57.100484+00:00,2026-06-29T12:48:57.101737+00:00,200,1.25,True,
2026-06-29T12:48:58.100533+00:00,2026-06-29T12:48:58.102002+00:00,200,1.47,True,
2026-06-29T12:48:59.102344+00:00,2026-06-29T12:48:59.103980+00:00,200,1.64,True,
2026-06-29T12:49:00.102882+00:00,2026-06-29T12:49:00.104341+00:00,200,1.46,True,
2026-06-29T12:49:01.103373+00:00,2026-06-29T12:49:01.104929+00:00,200,1.56,True,
2026-06-29T12:49:02.103500+00:00,2026-06-29T12:49:02.105045+00:00,200,1.54,True,
2026-06-29T12:49:03.105333+00:00,2026-06-29T12:49:03.106977+00:00,200,1.64,True,
2026-06-29T12:49:04.105474+00:00,2026-06-29T12:49:04.107095+00:00,200,1.62,True,
2026-06-29T12:49:05.106799+00:00,2026-06-29T12:49:05.108295+00:00,200,1.5,True,
2026-06-29T12:49:06.107430+00:00,2026-06-29T12:49:06.109015+00:00,200,1.58,True,
2026-06-29T12:49:07.107573+00:00,2026-06-29T12:49:07.109117+00:00,200,1.54,True,
2026-06-29T12:49:08.107665+00:00,2026-06-29T12:49:08.108977+00:00,200,1.31,True,
2026-06-29T12:49:09.108500+00:00,2026-06-29T12:49:09.110448+00:00,200,1.95,True,
2026-06-29T12:49:10.108848+00:00,2026-06-29T12:49:10.110512+00:00,200,1.66,True,
2026-06-29T12:49:11.110523+00:00,2026-06-29T12:49:11.112151+00:00,200,1.63,True,
2026-06-29T12:49:12.110850+00:00,2026-06-29T12:49:12.112417+00:00,200,1.57,True,
2026-06-29T12:49:13.112935+00:00,2026-06-29T12:49:13.114512+00:00,200,1.58,True,
2026-06-29T12:49:14.113130+00:00,2026-06-29T12:49:14.114614+00:00,200,1.48,True,
2026-06-29T12:49:15.113374+00:00,2026-06-29T12:49:15.114985+00:00,200,1.61,True,
2026-06-29T12:49:16.113477+00:00,2026-06-29T12:49:16.114987+00:00,200,1.51,True,
2026-06-29T12:49:17.113631+00:00,2026-06-29T12:49:17.115114+00:00,200,1.48,True,
2026-06-29T12:49:18.113723+00:00,2026-06-29T12:49:18.115506+00:00,200,1.78,True,
2026-06-29T12:49:19.114099+00:00,2026-06-29T12:49:19.115391+00:00,200,1.29,True,
2026-06-29T12:49:20.114206+00:00,2026-06-29T12:49:20.115754+00:00,200,1.55,True,
2026-06-29T12:49:21.114381+00:00,2026-06-29T12:49:21.115920+00:00,200,1.54,True,
2026-06-29T12:49:22.114475+00:00,2026-06-29T12:49:22.115814+00:00,200,1.34,True,
2026-06-29T12:49:23.114723+00:00,2026-06-29T12:49:23.115955+00:00,200,1.23,True,
2026-06-29T12:49:24.114821+00:00,2026-06-29T12:49:24.116054+00:00,200,1.23,True,
2026-06-29T12:49:25.115478+00:00,2026-06-29T12:49:25.117162+00:00,200,1.68,True,
2026-06-29T12:49:26.115540+00:00,2026-06-29T12:49:26.117187+00:00,200,1.65,True,
2026-06-29T12:49:27.115625+00:00,2026-06-29T12:49:27.116896+00:00,200,1.27,True,
2026-06-29T12:49:28.115711+00:00,2026-06-29T12:49:28.117234+00:00,200,1.52,True,
2026-06-29T12:49:29.116521+00:00,2026-06-29T12:49:29.118262+00:00,200,1.74,True,
2026-06-29T12:49:30.116596+00:00,2026-06-29T12:49:30.118237+00:00,200,1.64,True,
2026-06-29T12:49:31.116655+00:00,2026-06-29T12:49:31.118259+00:00,200,1.6,True,
2026-06-29T12:49:32.117028+00:00,2026-06-29T12:49:32.118555+00:00,200,1.53,True,
2026-06-29T12:49:33.117175+00:00,2026-06-29T12:49:33.118368+00:00,200,1.19,True,
2026-06-29T12:49:34.117410+00:00,2026-06-29T12:49:34.119045+00:00,200,1.64,True,
2026-06-29T12:49:35.117716+00:00,2026-06-29T12:49:35.119230+00:00,200,1.51,True,
2026-06-29T12:49:36.118044+00:00,2026-06-29T12:49:36.119219+00:00,200,1.18,True,
2026-06-29T12:49:37.118183+00:00,2026-06-29T12:49:37.119567+00:00,200,1.38,True,
2026-06-29T12:49:38.118399+00:00,2026-06-29T12:49:38.119880+00:00,200,1.48,True,
2026-06-29T12:49:39.118551+00:00,2026-06-29T12:49:39.120044+00:00,200,1.49,True,
2026-06-29T12:49:40.118648+00:00,2026-06-29T12:49:40.120233+00:00,200,1.58,True,
2026-06-29T12:49:41.118860+00:00,2026-06-29T12:49:41.120349+00:00,200,1.49,True,
2026-06-29T12:49:42.119462+00:00,2026-06-29T12:49:42.121054+00:00,200,1.59,True,
2026-06-29T12:49:43.119652+00:00,2026-06-29T12:49:43.120981+00:00,200,1.33,True,
2026-06-29T12:49:44.119744+00:00,2026-06-29T12:49:44.121163+00:00,200,1.42,True,
2026-06-29T12:49:45.119881+00:00,2026-06-29T12:49:45.121326+00:00,200,1.45,True,
2026-06-29T12:49:46.120083+00:00,2026-06-29T12:49:46.121340+00:00,200,1.26,True,
2026-06-29T12:49:47.120212+00:00,2026-06-29T12:49:47.121863+00:00,200,1.65,True,
2026-06-29T12:49:48.120359+00:00,2026-06-29T12:49:48.121969+00:00,200,1.61,True,
2026-06-29T12:49:49.120455+00:00,2026-06-29T12:49:49.122342+00:00,200,1.89,True,
2026-06-29T12:49:50.120553+00:00,2026-06-29T12:49:50.121832+00:00,200,1.28,True,
2026-06-29T12:49:51.120631+00:00,2026-06-29T12:49:51.122123+00:00,200,1.49,True,
2026-06-29T12:49:52.120734+00:00,2026-06-29T12:49:52.122365+00:00,200,1.63,True,
2026-06-29T12:49:53.120881+00:00,2026-06-29T12:49:53.122112+00:00,200,1.23,True,
2026-06-29T12:49:54.121049+00:00,2026-06-29T12:49:54.122296+00:00,200,1.25,True,
2026-06-29T12:49:55.121145+00:00,2026-06-29T12:49:55.122697+00:00,200,1.55,True,
2026-06-29T12:49:56.121276+00:00,2026-06-29T12:49:56.122894+00:00,200,1.62,True,
2026-06-29T12:49:57.121499+00:00,2026-06-29T12:49:57.122728+00:00,200,1.23,True,
2026-06-29T12:49:58.121685+00:00,2026-06-29T12:49:58.122935+00:00,200,1.25,True,
2026-06-29T12:49:59.121807+00:00,2026-06-29T12:49:59.123361+00:00,200,1.55,True,
2026-06-29T12:50:00.121943+00:00,2026-06-29T12:50:00.123594+00:00,200,1.65,True,
2026-06-29T12:50:01.122000+00:00,2026-06-29T12:50:01.123531+00:00,200,1.53,True,
2026-06-29T12:50:02.122142+00:00,2026-06-29T12:50:02.123718+00:00,200,1.58,True,
2026-06-29T12:50:03.122439+00:00,2026-06-29T12:50:03.123991+00:00,200,1.55,True,
2026-06-29T12:50:04.122749+00:00,2026-06-29T12:50:04.123852+00:00,200,1.1,True,
2026-06-29T12:50:05.122882+00:00,2026-06-29T12:50:05.124625+00:00,200,1.74,True,
2026-06-29T12:50:06.123020+00:00,2026-06-29T12:50:06.124464+00:00,200,1.44,True,
2026-06-29T12:50:07.123487+00:00,2026-06-29T12:50:07.125139+00:00,200,1.65,True,
2026-06-29T12:50:08.123613+00:00,2026-06-29T12:50:08.124769+00:00,200,1.16,True,
2026-06-29T12:50:09.123722+00:00,2026-06-29T12:50:09.125097+00:00,200,1.38,True,
2026-06-29T12:50:10.123820+00:00,2026-06-29T12:50:10.125479+00:00,200,1.66,True,
2026-06-29T12:50:11.123975+00:00,2026-06-29T12:50:11.125483+00:00,200,1.51,True,
2026-06-29T12:50:12.124174+00:00,2026-06-29T12:50:12.125700+00:00,200,1.53,True,
2026-06-29T12:50:13.124316+00:00,2026-06-29T12:50:13.125857+00:00,200,1.54,True,
2026-06-29T12:50:14.124454+00:00,2026-06-29T12:50:14.125823+00:00,200,1.37,True,
2026-06-29T12:50:15.125067+00:00,2026-06-29T12:50:15.126541+00:00,200,1.47,True,
2026-06-29T12:50:16.125151+00:00,2026-06-29T12:50:16.126306+00:00,200,1.16,True,
2026-06-29T12:50:17.125275+00:00,2026-06-29T12:50:17.126412+00:00,200,1.14,True,
2026-06-29T12:50:18.125516+00:00,2026-06-29T12:50:18.127076+00:00,200,1.56,True,
2026-06-29T12:50:19.125581+00:00,2026-06-29T12:50:19.126763+00:00,200,1.18,True,
2026-06-29T12:50:20.125679+00:00,2026-06-29T12:50:20.127204+00:00,200,1.53,True,
2026-06-29T12:50:21.125766+00:00,2026-06-29T12:50:21.127104+00:00,200,1.34,True,
2026-06-29T12:50:22.125885+00:00,2026-06-29T12:50:22.127307+00:00,200,1.42,True,
2026-06-29T12:50:23.125991+00:00,2026-06-29T12:50:23.127679+00:00,200,1.69,True,
2026-06-29T12:50:24.126129+00:00,2026-06-29T12:50:24.127650+00:00,200,1.52,True,
2026-06-29T12:50:25.126360+00:00,2026-06-29T12:50:25.127663+00:00,200,1.3,True,
2026-06-29T12:50:26.126637+00:00,2026-06-29T12:50:26.128129+00:00,200,1.49,True,
2026-06-29T12:50:27.126753+00:00,2026-06-29T12:50:27.128195+00:00,200,1.44,True,
2026-06-29T12:50:28.126855+00:00,2026-06-29T12:50:28.128416+00:00,200,1.56,True,
2026-06-29T12:50:29.126959+00:00,2026-06-29T12:50:29.129093+00:00,200,2.13,True,
2026-06-29T12:50:30.127369+00:00,2026-06-29T12:50:30.128919+00:00,200,1.55,True,
2026-06-29T12:50:31.127931+00:00,2026-06-29T12:50:31.129082+00:00,200,1.15,True,
2026-06-29T12:50:32.128054+00:00,2026-06-29T12:50:32.129212+00:00,200,1.16,True,
2026-06-29T12:50:33.128279+00:00,2026-06-29T12:50:33.129604+00:00,200,1.32,True,
2026-06-29T12:50:34.128779+00:00,2026-06-29T12:50:34.129954+00:00,200,1.18,True,
2026-06-29T12:50:35.128894+00:00,2026-06-29T12:50:35.130510+00:00,200,1.62,True,
2026-06-29T12:50:36.129033+00:00,2026-06-29T12:50:36.130287+00:00,200,1.25,True,
2026-06-29T12:50:37.129700+00:00,2026-06-29T12:50:37.130984+00:00,200,1.28,True,
2026-06-29T12:50:38.129917+00:00,2026-06-29T12:50:38.131483+00:00,200,1.57,True,
2026-06-29T12:50:39.130046+00:00,2026-06-29T12:50:39.131401+00:00,200,1.35,True,
2026-06-29T12:50:40.130138+00:00,2026-06-29T12:50:40.131669+00:00,200,1.53,True,
2026-06-29T12:50:41.130339+00:00,2026-06-29T12:50:41.131823+00:00,200,1.48,True,
2026-06-29T12:50:42.130564+00:00,2026-06-29T12:50:42.132045+00:00,200,1.48,True,
2026-06-29T12:50:43.130907+00:00,2026-06-29T12:50:43.132421+00:00,200,1.51,True,
2026-06-29T12:50:44.131035+00:00,2026-06-29T12:50:44.132542+00:00,200,1.51,True,
2026-06-29T12:50:45.131714+00:00,2026-06-29T12:50:45.132992+00:00,200,1.28,True,
2026-06-29T12:50:46.131836+00:00,2026-06-29T12:50:46.133175+00:00,200,1.34,True,
2026-06-29T12:50:47.131969+00:00,2026-06-29T12:50:47.133580+00:00,200,1.61,True,
2026-06-29T12:50:48.132178+00:00,2026-06-29T12:50:48.133598+00:00,200,1.42,True,
2026-06-29T12:50:49.132252+00:00,2026-06-29T12:50:49.134109+00:00,200,1.86,True,
2026-06-29T12:50:50.132751+00:00,2026-06-29T12:50:50.134047+00:00,200,1.3,True,
2026-06-29T12:50:51.132896+00:00,2026-06-29T12:50:51.134696+00:00,200,1.8,True,
2026-06-29T12:50:52.133024+00:00,2026-06-29T12:50:52.134127+00:00,200,1.1,True,
2026-06-29T12:50:53.133105+00:00,2026-06-29T12:50:53.135120+00:00,200,2.01,True,
2026-06-29T12:50:54.133300+00:00,2026-06-29T12:50:54.134485+00:00,200,1.19,True,
2026-06-29T12:50:55.133579+00:00,2026-06-29T12:50:55.134868+00:00,200,1.29,True,
2026-06-29T12:50:56.134184+00:00,2026-06-29T12:50:56.135743+00:00,200,1.56,True,
2026-06-29T12:50:57.134266+00:00,2026-06-29T12:50:57.135814+00:00,200,1.55,True,
2026-06-29T12:50:58.134514+00:00,2026-06-29T12:50:58.135845+00:00,200,1.33,True,
2026-06-29T12:50:59.134602+00:00,2026-06-29T12:50:59.135959+00:00,200,1.36,True,
2026-06-29T12:51:00.134694+00:00,2026-06-29T12:51:00.136159+00:00,200,1.46,True,
2026-06-29T12:51:01.134926+00:00,2026-06-29T12:51:01.136338+00:00,200,1.41,True,
2026-06-29T12:51:02.135116+00:00,2026-06-29T12:51:02.136707+00:00,200,1.59,True,
2026-06-29T12:51:03.135223+00:00,2026-06-29T12:51:03.136773+00:00,200,1.55,True,
2026-06-29T12:51:04.135306+00:00,2026-06-29T12:51:04.136757+00:00,200,1.45,True,
2026-06-29T12:51:05.135457+00:00,2026-06-29T12:51:05.137094+00:00,200,1.64,True,
2026-06-29T12:51:06.135563+00:00,2026-06-29T12:51:06.137116+00:00,200,1.55,True,
2026-06-29T12:51:07.135649+00:00,2026-06-29T12:51:07.137306+00:00,200,1.66,True,
2026-06-29T12:51:08.135770+00:00,2026-06-29T12:51:08.137279+00:00,200,1.51,True,
2026-06-29T12:51:09.135860+00:00,2026-06-29T12:51:09.137445+00:00,200,1.58,True,
2026-06-29T12:51:10.135943+00:00,2026-06-29T12:51:10.137449+00:00,200,1.51,True,
2026-06-29T12:51:11.136036+00:00,2026-06-29T12:51:11.137295+00:00,200,1.26,True,
2026-06-29T12:51:12.136234+00:00,2026-06-29T12:51:12.137828+00:00,200,1.59,True,
2026-06-29T12:51:13.136381+00:00,2026-06-29T12:51:13.137964+00:00,200,1.58,True,
2026-06-29T12:51:14.136687+00:00,2026-06-29T12:51:14.137841+00:00,200,1.15,True,
2026-06-29T12:51:15.136826+00:00,2026-06-29T12:51:15.138359+00:00,200,1.53,True,
2026-06-29T12:51:16.136978+00:00,2026-06-29T12:51:16.138485+00:00,200,1.51,True,
2026-06-29T12:51:17.137144+00:00,2026-06-29T12:51:17.138724+00:00,200,1.58,True,
2026-06-29T12:51:18.137285+00:00,2026-06-29T12:51:18.138905+00:00,200,1.62,True,
2026-06-29T12:51:19.137380+00:00,2026-06-29T12:51:19.138601+00:00,200,1.22,True,
2026-06-29T12:51:20.137488+00:00,2026-06-29T12:51:20.139244+00:00,200,1.76,True,
2026-06-29T12:51:21.137716+00:00,2026-06-29T12:51:21.139229+00:00,200,1.51,True,
2026-06-29T12:51:22.137794+00:00,2026-06-29T12:51:22.139379+00:00,200,1.58,True,
2026-06-29T12:51:23.137899+00:00,2026-06-29T12:51:23.139487+00:00,200,1.59,True,
2026-06-29T12:51:24.137992+00:00,2026-06-29T12:51:24.139706+00:00,200,1.71,True,
2026-06-29T12:51:25.138445+00:00,2026-06-29T12:51:25.140159+00:00,200,1.71,True,
2026-06-29T12:51:26.138622+00:00,2026-06-29T12:51:26.139756+00:00,200,1.13,True,
2026-06-29T12:51:27.138703+00:00,2026-06-29T12:51:27.140226+00:00,200,1.52,True,
2026-06-29T12:51:28.139082+00:00,2026-06-29T12:51:28.140290+00:00,200,1.21,True,
2026-06-29T12:51:29.139266+00:00,2026-06-29T12:51:29.140888+00:00,200,1.62,True,
2026-06-29T12:51:30.139349+00:00,2026-06-29T12:51:30.140865+00:00,200,1.52,True,
2026-06-29T12:51:31.139570+00:00,2026-06-29T12:51:31.141151+00:00,200,1.58,True,
2026-06-29T12:51:32.140514+00:00,2026-06-29T12:51:32.143339+00:00,200,2.82,True,
2026-06-29T12:51:33.140738+00:00,2026-06-29T12:51:33.142164+00:00,200,1.43,True,
2026-06-29T12:51:34.141335+00:00,2026-06-29T12:51:34.142450+00:00,200,1.12,True,
2026-06-29T12:51:35.141420+00:00,2026-06-29T12:51:35.143003+00:00,200,1.58,True,
2026-06-29T12:51:36.141704+00:00,2026-06-29T12:51:36.143161+00:00,200,1.46,True,
2026-06-29T12:51:37.141844+00:00,2026-06-29T12:51:37.143474+00:00,200,1.63,True,
2026-06-29T12:51:38.141926+00:00,2026-06-29T12:51:38.143220+00:00,200,1.29,True,
2026-06-29T12:51:39.142252+00:00,2026-06-29T12:51:39.144415+00:00,200,2.16,True,
2026-06-29T12:51:40.142395+00:00,2026-06-29T12:51:40.143818+00:00,200,1.42,True,
2026-06-29T12:51:41.143679+00:00,2026-06-29T12:51:41.144854+00:00,200,1.18,True,
2026-06-29T12:51:42.144048+00:00,2026-06-29T12:51:42.145649+00:00,200,1.6,True,
2026-06-29T12:51:43.144243+00:00,2026-06-29T12:51:43.145475+00:00,200,1.23,True,
2026-06-29T12:51:44.144387+00:00,2026-06-29T12:51:44.145991+00:00,200,1.6,True,
2026-06-29T12:51:45.145019+00:00,2026-06-29T12:51:45.146510+00:00,200,1.49,True,
2026-06-29T12:51:46.145586+00:00,2026-06-29T12:51:46.146965+00:00,200,1.38,True,
2026-06-29T12:51:47.146420+00:00,2026-06-29T12:51:47.147752+00:00,200,1.33,True,
2026-06-29T12:51:48.147117+00:00,2026-06-29T12:51:48.148587+00:00,200,1.47,True,
2026-06-29T12:51:49.147204+00:00,2026-06-29T12:51:49.148851+00:00,200,1.65,True,
2026-06-29T12:51:50.147295+00:00,2026-06-29T12:51:50.149338+00:00,200,2.04,True,
2026-06-29T12:51:51.147459+00:00,2026-06-29T12:51:51.149064+00:00,200,1.6,True,
2026-06-29T12:51:52.147712+00:00,2026-06-29T12:51:52.149257+00:00,200,1.54,True,
2026-06-29T12:51:53.147855+00:00,2026-06-29T12:51:53.149451+00:00,200,1.6,True,
2026-06-29T12:51:54.148008+00:00,2026-06-29T12:51:54.149548+00:00,200,1.54,True,
2026-06-29T12:51:55.149024+00:00,2026-06-29T12:51:55.150487+00:00,200,1.46,True,
2026-06-29T12:51:56.149519+00:00,2026-06-29T12:51:56.150837+00:00,200,1.32,True,
2026-06-29T12:51:57.150152+00:00,2026-06-29T12:51:57.151784+00:00,200,1.63,True,
2026-06-29T12:51:58.150385+00:00,2026-06-29T12:51:58.152185+00:00,200,1.8,True,
2026-06-29T12:51:59.150672+00:00,2026-06-29T12:51:59.151882+00:00,200,1.21,True,
2026-06-29T12:52:00.151517+00:00,2026-06-29T12:52:00.153005+00:00,200,1.49,True,
2026-06-29T12:52:01.151839+00:00,2026-06-29T12:52:01.153182+00:00,200,1.34,True,
2026-06-29T12:52:02.152007+00:00,2026-06-29T12:52:02.153198+00:00,200,1.19,True,
2026-06-29T12:52:03.152545+00:00,2026-06-29T12:52:03.154016+00:00,200,1.47,True,
2026-06-29T12:52:04.152821+00:00,2026-06-29T12:52:04.154348+00:00,200,1.53,True,
2026-06-29T12:52:05.153284+00:00,2026-06-29T12:52:05.154929+00:00,200,1.65,True,
2026-06-29T12:52:06.153811+00:00,2026-06-29T12:52:06.155392+00:00,200,1.58,True,
2026-06-29T12:52:07.153976+00:00,2026-06-29T12:52:07.155564+00:00,200,1.59,True,
2026-06-29T12:52:08.154409+00:00,2026-06-29T12:52:08.155852+00:00,200,1.44,True,
2026-06-29T12:52:09.154679+00:00,2026-06-29T12:52:09.156377+00:00,200,1.7,True,
2026-06-29T12:52:10.154793+00:00,2026-06-29T12:52:10.156444+00:00,200,1.65,True,
2026-06-29T12:52:11.155557+00:00,2026-06-29T12:52:11.158471+00:00,200,2.91,True,
2026-06-29T12:52:12.155845+00:00,2026-06-29T12:52:12.157291+00:00,200,1.45,True,
2026-06-29T12:52:13.156003+00:00,2026-06-29T12:52:13.157225+00:00,200,1.22,True,
2026-06-29T12:52:14.156171+00:00,2026-06-29T12:52:14.157372+00:00,200,1.2,True,
2026-06-29T12:52:15.156673+00:00,2026-06-29T12:52:15.157899+00:00,200,1.23,True,
2026-06-29T12:52:16.157059+00:00,2026-06-29T12:52:16.158154+00:00,200,1.09,True,
2026-06-29T12:52:17.158459+00:00,2026-06-29T12:52:17.159606+00:00,200,1.15,True,
2026-06-29T12:52:18.158625+00:00,2026-06-29T12:52:18.160027+00:00,200,1.4,True,
2026-06-29T12:52:19.158731+00:00,2026-06-29T12:52:19.160222+00:00,200,1.49,True,
2026-06-29T12:52:20.158872+00:00,2026-06-29T12:52:20.160343+00:00,200,1.47,True,
2026-06-29T12:52:21.159303+00:00,2026-06-29T12:52:21.160813+00:00,200,1.51,True,
2026-06-29T12:52:22.159514+00:00,2026-06-29T12:52:22.161122+00:00,200,1.61,True,
2026-06-29T12:52:23.159905+00:00,2026-06-29T12:52:23.161554+00:00,200,1.65,True,
2026-06-29T12:52:24.160001+00:00,2026-06-29T12:52:24.161366+00:00,200,1.36,True,
2026-06-29T12:52:25.160203+00:00,2026-06-29T12:52:25.161829+00:00,200,1.63,True,
2026-06-29T12:52:26.160461+00:00,2026-06-29T12:52:26.161791+00:00,200,1.33,True,
2026-06-29T12:52:27.160636+00:00,2026-06-29T12:52:27.161838+00:00,200,1.2,True,
2026-06-29T12:52:28.160747+00:00,2026-06-29T12:52:28.162329+00:00,200,1.58,True,
2026-06-29T12:52:29.162109+00:00,2026-06-29T12:52:29.163676+00:00,200,1.57,True,
2026-06-29T12:52:30.162311+00:00,2026-06-29T12:52:30.163794+00:00,200,1.48,True,
2026-06-29T12:52:31.162393+00:00,2026-06-29T12:52:31.163889+00:00,200,1.5,True,
2026-06-29T12:52:32.163159+00:00,2026-06-29T12:52:32.164215+00:00,200,1.06,True,
2026-06-29T12:52:33.163388+00:00,2026-06-29T12:52:33.164965+00:00,200,1.58,True,
2026-06-29T12:52:34.164455+00:00,2026-06-29T12:52:34.165726+00:00,200,1.27,True,
2026-06-29T12:52:35.164672+00:00,2026-06-29T12:52:35.166224+00:00,200,1.55,True,
2026-06-29T12:52:36.165037+00:00,2026-06-29T12:52:36.166523+00:00,200,1.49,True,
2026-06-29T12:52:37.165157+00:00,2026-06-29T12:52:37.166827+00:00,200,1.67,True,
2026-06-29T12:52:38.165642+00:00,2026-06-29T12:52:38.167250+00:00,200,1.61,True,
2026-06-29T12:52:39.167730+00:00,2026-06-29T12:52:39.169297+00:00,200,1.57,True,
2026-06-29T12:52:40.167866+00:00,2026-06-29T12:52:40.169011+00:00,200,1.15,True,
2026-06-29T12:52:41.168063+00:00,2026-06-29T12:52:41.169358+00:00,200,1.29,True,
2026-06-29T12:52:42.168187+00:00,2026-06-29T12:52:42.169828+00:00,200,1.64,True,
2026-06-29T12:52:43.168297+00:00,2026-06-29T12:52:43.169530+00:00,200,1.23,True,
2026-06-29T12:52:44.168337+00:00,2026-06-29T12:52:44.170022+00:00,200,1.69,True,
2026-06-29T12:52:45.168624+00:00,2026-06-29T12:52:45.170327+00:00,200,1.7,True,
2026-06-29T12:52:46.168689+00:00,2026-06-29T12:52:46.169897+00:00,200,1.21,True,
2026-06-29T12:52:47.168821+00:00,2026-06-29T12:52:47.170211+00:00,200,1.39,True,
2026-06-29T12:52:48.168976+00:00,2026-06-29T12:52:48.170484+00:00,200,1.51,True,
2026-06-29T12:52:49.169036+00:00,2026-06-29T12:52:49.170380+00:00,200,1.34,True,
2026-06-29T12:52:50.169126+00:00,2026-06-29T12:52:50.171284+00:00,200,2.16,True,
2026-06-29T12:52:51.169226+00:00,2026-06-29T12:52:51.171178+00:00,200,1.95,True,
2026-06-29T12:52:52.169404+00:00,2026-06-29T12:52:52.170949+00:00,200,1.54,True,
2026-06-29T12:52:53.169551+00:00,2026-06-29T12:52:53.171151+00:00,200,1.6,True,
2026-06-29T12:52:54.169868+00:00,2026-06-29T12:52:54.171427+00:00,200,1.56,True,
2026-06-29T12:52:55.170025+00:00,2026-06-29T12:52:55.171447+00:00,200,1.42,True,
2026-06-29T12:52:56.170165+00:00,2026-06-29T12:52:56.171383+00:00,200,1.22,True,
2026-06-29T12:52:57.170298+00:00,2026-06-29T12:52:57.171569+00:00,200,1.27,True,
2026-06-29T12:52:58.170394+00:00,2026-06-29T12:52:58.171756+00:00,200,1.36,True,
2026-06-29T12:52:59.170487+00:00,2026-06-29T12:52:59.172345+00:00,200,1.86,True,
2026-06-29T12:53:00.170692+00:00,2026-06-29T12:53:00.172230+00:00,200,1.54,True,
2026-06-29T12:53:01.170716+00:00,2026-06-29T12:53:01.171986+00:00,200,1.27,True,
2026-06-29T12:53:02.170825+00:00,2026-06-29T12:53:02.172096+00:00,200,1.27,True,
2026-06-29T12:53:03.170963+00:00,2026-06-29T12:53:03.172189+00:00,200,1.23,True,
2026-06-29T12:53:04.171175+00:00,2026-06-29T12:53:04.172430+00:00,200,1.26,True,
2026-06-29T12:53:05.171269+00:00,2026-06-29T12:53:05.172635+00:00,200,1.37,True,
2026-06-29T12:53:06.171491+00:00,2026-06-29T12:53:06.172755+00:00,200,1.26,True,
2026-06-29T12:53:07.171558+00:00,2026-06-29T12:53:07.172981+00:00,200,1.42,True,
2026-06-29T12:53:08.171661+00:00,2026-06-29T12:53:08.172906+00:00,200,1.25,True,
2026-06-29T12:53:09.171739+00:00,2026-06-29T12:53:09.173039+00:00,200,1.3,True,
2026-06-29T12:53:10.171852+00:00,2026-06-29T12:53:10.173672+00:00,200,1.82,True,
2026-06-29T12:53:11.171906+00:00,2026-06-29T12:53:11.173724+00:00,200,1.82,True,
2026-06-29T12:53:12.172034+00:00,2026-06-29T12:53:12.173660+00:00,200,1.63,True,
2026-06-29T12:53:13.172189+00:00,2026-06-29T12:53:13.173525+00:00,200,1.34,True,
2026-06-29T12:53:14.172360+00:00,2026-06-29T12:53:14.173529+00:00,200,1.17,True,
2026-06-29T12:53:15.172550+00:00,2026-06-29T12:53:15.173832+00:00,200,1.28,True,
2026-06-29T12:53:16.172642+00:00,2026-06-29T12:53:16.174240+00:00,200,1.6,True,
2026-06-29T12:53:17.172700+00:00,2026-06-29T12:53:17.174363+00:00,200,1.66,True,
2026-06-29T12:53:18.172829+00:00,2026-06-29T12:53:18.174138+00:00,200,1.31,True,
2026-06-29T12:53:19.172963+00:00,2026-06-29T12:53:19.174401+00:00,200,1.44,True,
2026-06-29T12:53:20.173145+00:00,2026-06-29T12:53:20.175093+00:00,200,1.95,True,
2026-06-29T12:53:21.173372+00:00,2026-06-29T12:53:21.175022+00:00,200,1.65,True,
2026-06-29T12:53:22.173633+00:00,2026-06-29T12:53:22.175330+00:00,200,1.7,True,
2026-06-29T12:53:23.173715+00:00,2026-06-29T12:53:23.174871+00:00,200,1.16,True,
2026-06-29T12:53:24.173737+00:00,2026-06-29T12:53:24.175312+00:00,200,1.57,True,
2026-06-29T12:53:25.173847+00:00,2026-06-29T12:53:25.175463+00:00,200,1.62,True,
2026-06-29T12:53:26.174055+00:00,2026-06-29T12:53:26.175609+00:00,200,1.55,True,
2026-06-29T12:53:27.174303+00:00,2026-06-29T12:53:27.175916+00:00,200,1.61,True,
2026-06-29T12:53:28.174420+00:00,2026-06-29T12:53:28.175722+00:00,200,1.3,True,
2026-06-29T12:53:29.174513+00:00,2026-06-29T12:53:29.175742+00:00,200,1.23,True,
2026-06-29T12:53:30.174711+00:00,2026-06-29T12:53:30.175951+00:00,200,1.24,True,
2026-06-29T12:53:31.174738+00:00,2026-06-29T12:53:31.176724+00:00,200,1.99,True,
2026-06-29T12:53:32.175350+00:00,2026-06-29T12:53:32.176878+00:00,200,1.53,True,
2026-06-29T12:53:33.175581+00:00,2026-06-29T12:53:33.177292+00:00,200,1.71,True,
2026-06-29T12:53:34.175677+00:00,2026-06-29T12:53:34.177361+00:00,200,1.68,True,
2026-06-29T12:53:35.176173+00:00,2026-06-29T12:53:35.177719+00:00,200,1.55,True,
2026-06-29T12:53:36.177142+00:00,2026-06-29T12:53:36.178443+00:00,200,1.3,True,
2026-06-29T12:53:37.177395+00:00,2026-06-29T12:53:37.179036+00:00,200,1.64,True,
2026-06-29T12:53:38.177696+00:00,2026-06-29T12:53:38.179365+00:00,200,1.67,True,
2026-06-29T12:53:39.177795+00:00,2026-06-29T12:53:39.179402+00:00,200,1.61,True,
2026-06-29T12:53:40.177938+00:00,2026-06-29T12:53:40.179538+00:00,200,1.6,True,
2026-06-29T12:53:41.178026+00:00,2026-06-29T12:53:41.179336+00:00,200,1.31,True,
2026-06-29T12:53:42.178255+00:00,2026-06-29T12:53:42.179844+00:00,200,1.59,True,
2026-06-29T12:53:43.179419+00:00,2026-06-29T12:53:43.181091+00:00,200,1.67,True,
2026-06-29T12:53:44.179982+00:00,2026-06-29T12:53:44.181831+00:00,200,1.85,True,
2026-06-29T12:53:45.180422+00:00,2026-06-29T12:53:45.181694+00:00,200,1.27,True,
2026-06-29T12:53:46.180702+00:00,2026-06-29T12:53:46.181995+00:00,200,1.29,True,
2026-06-29T12:53:47.180823+00:00,2026-06-29T12:53:47.182453+00:00,200,1.63,True,
2026-06-29T12:53:48.181212+00:00,2026-06-29T12:53:48.182563+00:00,200,1.35,True,
2026-06-29T12:53:49.182035+00:00,2026-06-29T12:53:49.183523+00:00,200,1.49,True,
2026-06-29T12:53:50.182430+00:00,2026-06-29T12:53:50.183880+00:00,200,1.45,True,
2026-06-29T12:53:51.182505+00:00,2026-06-29T12:53:51.184833+00:00,200,2.33,True,
2026-06-29T12:53:52.182843+00:00,2026-06-29T12:53:52.184392+00:00,200,1.55,True,
2026-06-29T12:53:53.182989+00:00,2026-06-29T12:53:53.184588+00:00,200,1.6,True,
2026-06-29T12:53:54.183679+00:00,2026-06-29T12:53:54.185067+00:00,200,1.39,True,
2026-06-29T12:53:55.183793+00:00,2026-06-29T12:53:55.185237+00:00,200,1.44,True,
2026-06-29T12:53:56.183930+00:00,2026-06-29T12:53:56.185206+00:00,200,1.28,True,
2026-06-29T12:53:57.185098+00:00,2026-06-29T12:53:57.186722+00:00,200,1.62,True,
2026-06-29T12:53:58.185253+00:00,2026-06-29T12:53:58.186947+00:00,200,1.69,True,
2026-06-29T12:53:59.185382+00:00,2026-06-29T12:53:59.186695+00:00,200,1.31,True,
2026-06-29T12:54:00.185524+00:00,2026-06-29T12:54:00.186734+00:00,200,1.21,True,
2026-06-29T12:54:01.186330+00:00,2026-06-29T12:54:01.187584+00:00,200,1.25,True,
2026-06-29T12:54:02.186489+00:00,2026-06-29T12:54:02.187842+00:00,200,1.35,True,
2026-06-29T12:54:03.186986+00:00,2026-06-29T12:54:03.188458+00:00,200,1.47,True,
2026-06-29T12:54:04.187686+00:00,2026-06-29T12:54:04.189255+00:00,200,1.57,True,
2026-06-29T12:54:05.187785+00:00,2026-06-29T12:54:05.188900+00:00,200,1.12,True,
2026-06-29T12:54:06.187881+00:00,2026-06-29T12:54:06.189635+00:00,200,1.75,True,
2026-06-29T12:54:07.188182+00:00,2026-06-29T12:54:07.189345+00:00,200,1.16,True,
2026-06-29T12:54:08.188442+00:00,2026-06-29T12:54:08.189932+00:00,200,1.49,True,
2026-06-29T12:54:09.188548+00:00,2026-06-29T12:54:09.190184+00:00,200,1.64,True,
2026-06-29T12:54:10.188794+00:00,2026-06-29T12:54:10.190441+00:00,200,1.65,True,
2026-06-29T12:54:11.189304+00:00,2026-06-29T12:54:11.190735+00:00,200,1.43,True,
2026-06-29T12:54:12.189471+00:00,2026-06-29T12:54:12.190940+00:00,200,1.47,True,
2026-06-29T12:54:13.189518+00:00,2026-06-29T12:54:13.191102+00:00,200,1.58,True,
2026-06-29T12:54:14.189997+00:00,2026-06-29T12:54:14.191247+00:00,200,1.25,True,
2026-06-29T12:54:15.190849+00:00,2026-06-29T12:54:15.192512+00:00,200,1.66,True,
2026-06-29T12:54:16.191288+00:00,2026-06-29T12:54:16.192862+00:00,200,1.57,True,
2026-06-29T12:54:17.191755+00:00,2026-06-29T12:54:17.192897+00:00,200,1.14,True,
2026-06-29T12:54:18.193856+00:00,2026-06-29T12:54:18.195146+00:00,200,1.29,True,
2026-06-29T12:54:19.193947+00:00,2026-06-29T12:54:19.195464+00:00,200,1.52,True,
2026-06-29T12:54:20.194038+00:00,2026-06-29T12:54:20.195506+00:00,200,1.47,True,
2026-06-29T12:54:21.194168+00:00,2026-06-29T12:54:21.195352+00:00,200,1.18,True,
2026-06-29T12:54:22.194286+00:00,2026-06-29T12:54:22.195450+00:00,200,1.16,True,
2026-06-29T12:54:23.194504+00:00,2026-06-29T12:54:23.195795+00:00,200,1.29,True,
2026-06-29T12:54:24.194576+00:00,2026-06-29T12:54:24.196131+00:00,200,1.55,True,
2026-06-29T12:54:25.194676+00:00,2026-06-29T12:54:25.196297+00:00,200,1.62,True,
2026-06-29T12:54:26.194773+00:00,2026-06-29T12:54:26.196454+00:00,200,1.68,True,
2026-06-29T12:54:27.194918+00:00,2026-06-29T12:54:27.196515+00:00,200,1.6,True,
2026-06-29T12:54:28.195108+00:00,2026-06-29T12:54:28.196772+00:00,200,1.66,True,
2026-06-29T12:54:29.195311+00:00,2026-06-29T12:54:29.196840+00:00,200,1.53,True,
2026-06-29T12:54:30.195568+00:00,2026-06-29T12:54:30.197127+00:00,200,1.56,True,
2026-06-29T12:54:31.195650+00:00,2026-06-29T12:54:31.197401+00:00,200,1.75,True,
2026-06-29T12:54:32.195701+00:00,2026-06-29T12:54:32.197292+00:00,200,1.59,True,
2026-06-29T12:54:33.195824+00:00,2026-06-29T12:54:33.197377+00:00,200,1.55,True,
2026-06-29T12:54:34.195999+00:00,2026-06-29T12:54:34.197168+00:00,200,1.17,True,
2026-06-29T12:54:35.196198+00:00,2026-06-29T12:54:35.197833+00:00,200,1.64,True,
2026-06-29T12:54:36.196519+00:00,2026-06-29T12:54:36.198054+00:00,200,1.53,True,
2026-06-29T12:54:37.196658+00:00,2026-06-29T12:54:37.198236+00:00,200,1.58,True,
2026-06-29T12:54:38.196747+00:00,2026-06-29T12:54:38.198381+00:00,200,1.63,True,
2026-06-29T12:54:39.196870+00:00,2026-06-29T12:54:39.198394+00:00,200,1.52,True,
2026-06-29T12:54:40.197530+00:00,2026-06-29T12:54:40.198846+00:00,200,1.32,True,
2026-06-29T12:54:41.197657+00:00,2026-06-29T12:54:41.199005+00:00,200,1.35,True,
2026-06-29T12:54:42.197735+00:00,2026-06-29T12:54:42.199206+00:00,200,1.47,True,
2026-06-29T12:54:43.198108+00:00,2026-06-29T12:54:43.199463+00:00,200,1.35,True,
2026-06-29T12:54:44.198235+00:00,2026-06-29T12:54:44.199665+00:00,200,1.43,True,
2026-06-29T12:54:45.198456+00:00,2026-06-29T12:54:45.200338+00:00,200,1.88,True,
2026-06-29T12:54:46.199357+00:00,2026-06-29T12:54:46.200947+00:00,200,1.59,True,
2026-06-29T12:54:47.199557+00:00,2026-06-29T12:54:47.200835+00:00,200,1.28,True,
2026-06-29T12:54:48.199626+00:00,2026-06-29T12:54:48.200921+00:00,200,1.29,True,
2026-06-29T12:54:49.199716+00:00,2026-06-29T12:54:49.201051+00:00,200,1.33,True,
2026-06-29T12:54:50.199854+00:00,2026-06-29T12:54:50.201461+00:00,200,1.61,True,
2026-06-29T12:54:51.200001+00:00,2026-06-29T12:54:51.201183+00:00,200,1.18,True,
2026-06-29T12:54:52.200075+00:00,2026-06-29T12:54:52.201380+00:00,200,1.3,True,
2026-06-29T12:54:53.200573+00:00,2026-06-29T12:54:53.202072+00:00,200,1.5,True,
2026-06-29T12:54:54.200669+00:00,2026-06-29T12:54:54.201829+00:00,200,1.16,True,
2026-06-29T12:54:55.200745+00:00,2026-06-29T12:54:55.202215+00:00,200,1.47,True,
2026-06-29T12:54:56.200833+00:00,2026-06-29T12:54:56.202221+00:00,200,1.39,True,
2026-06-29T12:54:57.200930+00:00,2026-06-29T12:54:57.202248+00:00,200,1.32,True,
2026-06-29T12:54:58.201068+00:00,2026-06-29T12:54:58.202431+00:00,200,1.36,True,
2026-06-29T12:54:59.201156+00:00,2026-06-29T12:54:59.202359+00:00,200,1.2,True,
2026-06-29T12:55:00.201356+00:00,2026-06-29T12:55:00.202901+00:00,200,1.54,True,
2026-06-29T12:55:01.201585+00:00,2026-06-29T12:55:01.203122+00:00,200,1.54,True,
2026-06-29T12:55:02.201732+00:00,2026-06-29T12:55:02.203341+00:00,200,1.61,True,
2026-06-29T12:55:03.201854+00:00,2026-06-29T12:55:03.203391+00:00,200,1.54,True,
2026-06-29T12:55:04.201969+00:00,2026-06-29T12:55:04.203213+00:00,200,1.24,True,
2026-06-29T12:55:05.202085+00:00,2026-06-29T12:55:05.203400+00:00,200,1.31,True,
2026-06-29T12:55:06.202265+00:00,2026-06-29T12:55:06.203538+00:00,200,1.27,True,
2026-06-29T12:55:07.202472+00:00,2026-06-29T12:55:07.203648+00:00,200,1.18,True,
2026-06-29T12:55:08.202606+00:00,2026-06-29T12:55:08.204164+00:00,200,1.56,True,
2026-06-29T12:55:09.202715+00:00,2026-06-29T12:55:09.203986+00:00,200,1.27,True,
2026-06-29T12:55:10.202809+00:00,2026-06-29T12:55:10.204463+00:00,200,1.65,True,
2026-06-29T12:55:11.202894+00:00,2026-06-29T12:55:11.204584+00:00,200,1.69,True,
2026-06-29T12:55:12.203081+00:00,2026-06-29T12:55:12.204298+00:00,200,1.22,True,
2026-06-29T12:55:13.203281+00:00,2026-06-29T12:55:13.204591+00:00,200,1.31,True,
2026-06-29T12:55:14.203395+00:00,2026-06-29T12:55:14.204910+00:00,200,1.52,True,
2026-06-29T12:55:15.203485+00:00,2026-06-29T12:55:15.205099+00:00,200,1.61,True,
2026-06-29T12:55:16.203708+00:00,2026-06-29T12:55:16.205341+00:00,200,1.63,True,
2026-06-29T12:55:17.203801+00:00,2026-06-29T12:55:17.205262+00:00,200,1.46,True,
2026-06-29T12:55:18.203931+00:00,2026-06-29T12:55:18.205247+00:00,200,1.32,True,
2026-06-29T12:55:19.204105+00:00,2026-06-29T12:55:19.205675+00:00,200,1.57,True,
2026-06-29T12:55:20.204287+00:00,2026-06-29T12:55:20.205592+00:00,200,1.3,True,
2026-06-29T12:55:21.204536+00:00,2026-06-29T12:55:21.206047+00:00,200,1.51,True,
2026-06-29T12:55:22.204717+00:00,2026-06-29T12:55:22.206321+00:00,200,1.6,True,
2026-06-29T12:55:23.204796+00:00,2026-06-29T12:55:23.206033+00:00,200,1.24,True,
2026-06-29T12:55:24.204953+00:00,2026-06-29T12:55:24.206333+00:00,200,1.38,True,
2026-06-29T12:55:25.205123+00:00,2026-06-29T12:55:25.206528+00:00,200,1.41,True,
2026-06-29T12:55:26.205309+00:00,2026-06-29T12:55:26.206631+00:00,200,1.32,True,
2026-06-29T12:55:27.205567+00:00,2026-06-29T12:55:27.206981+00:00,200,1.41,True,
2026-06-29T12:55:28.206432+00:00,2026-06-29T12:55:28.208081+00:00,200,1.65,True,
2026-06-29T12:55:29.207061+00:00,2026-06-29T12:55:29.208648+00:00,200,1.59,True,
2026-06-29T12:55:30.207165+00:00,2026-06-29T12:55:30.208755+00:00,200,1.59,True,
2026-06-29T12:55:31.207398+00:00,2026-06-29T12:55:31.208724+00:00,200,1.33,True,
2026-06-29T12:55:32.207487+00:00,2026-06-29T12:55:32.209051+00:00,200,1.56,True,
2026-06-29T12:55:33.208816+00:00,2026-06-29T12:55:33.210077+00:00,200,1.26,True,
2026-06-29T12:55:34.209730+00:00,2026-06-29T12:55:34.211001+00:00,200,1.27,True,
2026-06-29T12:55:35.209855+00:00,2026-06-29T12:55:35.211310+00:00,200,1.45,True,
2026-06-29T12:55:36.209988+00:00,2026-06-29T12:55:36.211516+00:00,200,1.53,True,
2026-06-29T12:55:37.210151+00:00,2026-06-29T12:55:37.211362+00:00,200,1.21,True,
2026-06-29T12:55:38.210658+00:00,2026-06-29T12:55:38.212259+00:00,200,1.6,True,
2026-06-29T12:55:39.211250+00:00,2026-06-29T12:55:39.212717+00:00,200,1.47,True,
2026-06-29T12:55:40.211421+00:00,2026-06-29T12:55:40.212938+00:00,200,1.52,True,
2026-06-29T12:55:41.211652+00:00,2026-06-29T12:55:41.213205+00:00,200,1.55,True,
2026-06-29T12:55:42.211950+00:00,2026-06-29T12:55:42.213569+00:00,200,1.62,True,
2026-06-29T12:55:43.212042+00:00,2026-06-29T12:55:43.213552+00:00,200,1.51,True,
2026-06-29T12:55:44.212230+00:00,2026-06-29T12:55:44.214331+00:00,200,2.1,True,
2026-06-29T12:55:45.212480+00:00,2026-06-29T12:55:45.214782+00:00,200,2.3,True,
2026-06-29T12:55:46.212814+00:00,2026-06-29T12:55:46.214976+00:00,200,2.16,True,
2026-06-29T12:55:47.212938+00:00,2026-06-29T12:55:47.214888+00:00,200,1.95,True,
2026-06-29T12:55:48.214237+00:00,2026-06-29T12:55:48.215964+00:00,200,1.73,True,
2026-06-29T12:55:49.214571+00:00,2026-06-29T12:55:49.216247+00:00,200,1.68,True,
2026-06-29T12:55:50.214653+00:00,2026-06-29T12:55:50.217019+00:00,200,2.37,True,
2026-06-29T12:55:51.214768+00:00,2026-06-29T12:55:51.216449+00:00,200,1.68,True,
2026-06-29T12:55:52.214937+00:00,2026-06-29T12:55:52.218398+00:00,200,3.46,True,
2026-06-29T12:55:53.215198+00:00,2026-06-29T12:55:53.216830+00:00,200,1.63,True,
2026-06-29T12:55:54.215485+00:00,2026-06-29T12:55:54.222894+00:00,200,7.41,True,
2026-06-29T12:55:55.215729+00:00,2026-06-29T12:55:55.217486+00:00,200,1.76,True,
2026-06-29T12:55:56.215855+00:00,2026-06-29T12:55:56.217791+00:00,200,1.94,True,
2026-06-29T12:55:57.215939+00:00,2026-06-29T12:55:57.217581+00:00,200,1.64,True,
2026-06-29T12:55:58.216114+00:00,2026-06-29T12:55:58.217695+00:00,200,1.58,True,
2026-06-29T12:55:59.216309+00:00,2026-06-29T12:55:59.217727+00:00,200,1.42,True,
2026-06-29T12:56:00.216408+00:00,2026-06-29T12:56:00.218057+00:00,200,1.65,True,
2026-06-29T12:56:01.216508+00:00,2026-06-29T12:56:01.218249+00:00,200,1.74,True,
2026-06-29T12:56:02.216599+00:00,2026-06-29T12:56:02.218219+00:00,200,1.62,True,
2026-06-29T12:56:03.216934+00:00,2026-06-29T12:56:03.218645+00:00,200,1.71,True,
2026-06-29T12:56:04.217551+00:00,2026-06-29T12:56:04.219421+00:00,200,1.87,True,
2026-06-29T12:56:05.217652+00:00,2026-06-29T12:56:05.219571+00:00,200,1.92,True,
2026-06-29T12:56:06.217690+00:00,2026-06-29T12:56:06.218972+00:00,200,1.28,True,
2026-06-29T12:56:07.217790+00:00,2026-06-29T12:56:07.221308+00:00,200,3.52,True,
2026-06-29T12:56:08.217972+00:00,2026-06-29T12:56:08.222250+00:00,200,4.28,True,
2026-06-29T12:56:09.218149+00:00,2026-06-29T12:56:09.225662+00:00,200,7.51,True,
2026-06-29T12:56:10.218371+00:00,2026-06-29T12:56:10.221629+00:00,200,3.26,True,
2026-06-29T12:56:11.218540+00:00,2026-06-29T12:56:11.222558+00:00,200,4.02,True,
2026-06-29T12:56:12.218818+00:00,2026-06-29T12:56:12.221809+00:00,200,2.99,True,
2026-06-29T12:56:13.218958+00:00,2026-06-29T12:56:13.222796+00:00,200,3.84,True,
2026-06-29T12:56:14.219116+00:00,2026-06-29T12:56:14.221284+00:00,200,2.17,True,
2026-06-29T12:56:15.219387+00:00,2026-06-29T12:56:15.222677+00:00,200,3.29,True,
2026-06-29T12:56:16.219724+00:00,2026-06-29T12:56:16.221737+00:00,200,2.01,True,
2026-06-29T12:56:17.219831+00:00,2026-06-29T12:56:17.221695+00:00,200,1.86,True,
2026-06-29T12:56:18.219949+00:00,2026-06-29T12:56:18.222075+00:00,200,2.13,True,
2026-06-29T12:56:19.220391+00:00,2026-06-29T12:56:19.222416+00:00,200,2.02,True,
2026-06-29T12:56:20.220744+00:00,2026-06-29T12:56:20.222420+00:00,200,1.68,True,
2026-06-29T12:56:21.220829+00:00,2026-06-29T12:56:21.222511+00:00,200,1.68,True,
2026-06-29T12:56:22.221549+00:00,2026-06-29T12:56:22.228103+00:00,200,6.55,True,
2026-06-29T12:56:23.221703+00:00,2026-06-29T12:56:23.224855+00:00,200,3.15,True,
2026-06-29T12:56:24.222232+00:00,2026-06-29T12:56:24.227944+00:00,200,5.71,True,
2026-06-29T12:56:25.222483+00:00,2026-06-29T12:56:25.229351+00:00,200,6.87,True,
2026-06-29T12:56:26.222674+00:00,2026-06-29T12:56:26.224792+00:00,200,2.12,True,
2026-06-29T12:56:27.222838+00:00,2026-06-29T12:56:27.226334+00:00,200,3.5,True,
2026-06-29T12:56:28.223000+00:00,2026-06-29T12:56:28.225916+00:00,200,2.92,True,
2026-06-29T12:56:29.223101+00:00,2026-06-29T12:56:29.225330+00:00,200,2.23,True,
2026-06-29T12:56:30.223415+00:00,2026-06-29T12:56:30.228831+00:00,200,5.42,True,
2026-06-29T12:56:31.223525+00:00,2026-06-29T12:56:31.226238+00:00,200,2.71,True,
2026-06-29T12:56:32.223661+00:00,2026-06-29T12:56:32.225943+00:00,200,2.28,True,
2026-06-29T12:56:33.223781+00:00,2026-06-29T12:56:33.225370+00:00,200,1.59,True,
2026-06-29T12:56:34.223895+00:00,2026-06-29T12:56:34.225565+00:00,200,1.67,True,
2026-06-29T12:56:35.224010+00:00,2026-06-29T12:56:35.225619+00:00,200,1.61,True,
2026-06-29T12:56:36.224475+00:00,2026-06-29T12:56:36.230143+00:00,200,5.67,True,
2026-06-29T12:56:37.224710+00:00,2026-06-29T12:56:37.229961+00:00,200,5.25,True,
2026-06-29T12:56:38.224888+00:00,2026-06-29T12:56:38.228285+00:00,200,3.4,True,
2026-06-29T12:56:39.225175+00:00,2026-06-29T12:56:39.228969+00:00,200,3.79,True,
2026-06-29T12:56:40.225311+00:00,2026-06-29T12:56:40.228594+00:00,200,3.28,True,
2026-06-29T12:56:41.225615+00:00,2026-06-29T12:56:41.229126+00:00,200,3.51,True,
2026-06-29T12:56:42.226264+00:00,2026-06-29T12:56:42.228883+00:00,200,2.62,True,
2026-06-29T12:56:43.226821+00:00,2026-06-29T12:56:43.229416+00:00,200,2.6,True,
2026-06-29T12:56:44.226958+00:00,2026-06-29T12:56:44.228773+00:00,200,1.81,True,
2026-06-29T12:56:45.227276+00:00,2026-06-29T12:56:45.230623+00:00,200,3.35,True,
2026-06-29T12:56:46.227858+00:00,2026-06-29T12:56:46.229867+00:00,200,2.01,True,
2026-06-29T12:56:47.228028+00:00,2026-06-29T12:56:47.230278+00:00,200,2.25,True,
2026-06-29T12:56:48.228164+00:00,2026-06-29T12:56:48.229911+00:00,200,1.75,True,
2026-06-29T12:56:49.228421+00:00,2026-06-29T12:56:49.230204+00:00,200,1.78,True,
2026-06-29T12:56:50.228537+00:00,2026-06-29T12:56:50.230122+00:00,200,1.58,True,
2026-06-29T12:56:51.229545+00:00,2026-06-29T12:56:51.235741+00:00,200,6.2,True,
2026-06-29T12:56:52.229760+00:00,2026-06-29T12:56:52.237748+00:00,200,7.99,True,
2026-06-29T12:56:53.230126+00:00,2026-06-29T12:56:53.232658+00:00,200,2.53,True,
2026-06-29T12:56:54.230279+00:00,2026-06-29T12:56:54.234612+00:00,200,4.33,True,
2026-06-29T12:56:55.230463+00:00,2026-06-29T12:56:55.233526+00:00,200,3.06,True,
2026-06-29T12:56:56.230785+00:00,2026-06-29T12:56:56.236845+00:00,200,6.06,True,
2026-06-29T12:56:57.230940+00:00,2026-06-29T12:56:57.235804+00:00,200,4.86,True,
2026-06-29T12:56:58.231106+00:00,2026-06-29T12:56:58.233921+00:00,200,2.81,True,
2026-06-29T12:56:59.231365+00:00,2026-06-29T12:56:59.233740+00:00,200,2.38,True,
2026-06-29T12:57:00.231570+00:00,2026-06-29T12:57:00.233853+00:00,200,2.28,True,
2026-06-29T12:57:01.231663+00:00,2026-06-29T12:57:01.233412+00:00,200,1.75,True,
2026-06-29T12:57:02.231780+00:00,2026-06-29T12:57:02.233314+00:00,200,1.53,True,
2026-06-29T12:57:03.231936+00:00,2026-06-29T12:57:03.233255+00:00,200,1.32,True,
2026-06-29T12:57:04.232070+00:00,2026-06-29T12:57:04.233981+00:00,200,1.91,True,
2026-06-29T12:57:05.232205+00:00,2026-06-29T12:57:05.234973+00:00,200,2.77,True,
2026-06-29T12:57:06.232479+00:00,2026-06-29T12:57:06.234851+00:00,200,2.37,True,
2026-06-29T12:57:07.232743+00:00,2026-06-29T12:57:07.238645+00:00,200,5.9,True,
2026-06-29T12:57:08.232860+00:00,2026-06-29T12:57:08.234712+00:00,200,1.85,True,
2026-06-29T12:57:09.233044+00:00,2026-06-29T12:57:09.235041+00:00,200,2.0,True,
2026-06-29T12:57:10.233317+00:00,2026-06-29T12:57:10.236049+00:00,200,2.73,True,
