timestamp,node,status
2026-06-29T11:25:00+00:00,k3s-s1,Ready
2026-06-29T11:25:00+00:00,k3s-s2,Ready
2026-06-29T11:25:00+00:00,k3s-s3,Ready
2026-06-29T11:25:00+00:00,k3s-w1,Ready
2026-06-29T11:25:00+00:00,k3s-w2,Ready
2026-06-29T11:25:01+00:00,k3s-s1,Ready
2026-06-29T11:25:01+00:00,k3s-s2,Ready
2026-06-29T11:25:01+00:00,k3s-s3,Ready
2026-06-29T11:25:01+00:00,k3s-w1,Ready
2026-06-29T11:25:01+00:00,k3s-w2,Ready
2026-06-29T11:25:02+00:00,k3s-s1,Ready
2026-06-29T11:25:02+00:00,k3s-s2,Ready
2026-06-29T11:25:02+00:00,k3s-s3,Ready
2026-06-29T11:25:02+00:00,k3s-w1,Ready
2026-06-29T11:25:02+00:00,k3s-w2,Ready
2026-06-29T11:25:03+00:00,k3s-s1,Ready
2026-06-29T11:25:03+00:00,k3s-s2,Ready
2026-06-29T11:25:03+00:00,k3s-s3,Ready
2026-06-29T11:25:03+00:00,k3s-w1,Ready
2026-06-29T11:25:03+00:00,k3s-w2,Ready
2026-06-29T11:25:04+00:00,k3s-s1,Ready
2026-06-29T11:25:04+00:00,k3s-s2,Ready
2026-06-29T11:25:04+00:00,k3s-s3,Ready
2026-06-29T11:25:04+00:00,k3s-w1,Ready
2026-06-29T11:25:04+00:00,k3s-w2,Ready
2026-06-29T11:25:05+00:00,k3s-s1,Ready
2026-06-29T11:25:05+00:00,k3s-s2,Ready
2026-06-29T11:25:05+00:00,k3s-s3,Ready
2026-06-29T11:25:05+00:00,k3s-w1,Ready
2026-06-29T11:25:05+00:00,k3s-w2,Ready
2026-06-29T11:25:06+00:00,k3s-s1,Ready
2026-06-29T11:25:06+00:00,k3s-s2,Ready
2026-06-29T11:25:06+00:00,k3s-s3,Ready
2026-06-29T11:25:06+00:00,k3s-w1,Ready
2026-06-29T11:25:06+00:00,k3s-w2,Ready
2026-06-29T11:25:07+00:00,k3s-s1,Ready
2026-06-29T11:25:07+00:00,k3s-s2,Ready
2026-06-29T11:25:07+00:00,k3s-s3,Ready
2026-06-29T11:25:07+00:00,k3s-w1,Ready
2026-06-29T11:25:07+00:00,k3s-w2,Ready
2026-06-29T11:25:08+00:00,k3s-s1,Ready
2026-06-29T11:25:08+00:00,k3s-s2,Ready
2026-06-29T11:25:08+00:00,k3s-s3,Ready
2026-06-29T11:25:08+00:00,k3s-w1,Ready
2026-06-29T11:25:08+00:00,k3s-w2,Ready
2026-06-29T11:25:09+00:00,k3s-s1,Ready
2026-06-29T11:25:09+00:00,k3s-s2,Ready
2026-06-29T11:25:09+00:00,k3s-s3,Ready
2026-06-29T11:25:09+00:00,k3s-w1,Ready
2026-06-29T11:25:09+00:00,k3s-w2,Ready
2026-06-29T11:25:10+00:00,k3s-s1,Ready
2026-06-29T11:25:10+00:00,k3s-s2,Ready
2026-06-29T11:25:10+00:00,k3s-s3,Ready
2026-06-29T11:25:10+00:00,k3s-w1,Ready
2026-06-29T11:25:10+00:00,k3s-w2,Ready
2026-06-29T11:25:11+00:00,k3s-s1,Ready
2026-06-29T11:25:11+00:00,k3s-s2,Ready
2026-06-29T11:25:11+00:00,k3s-s3,Ready
2026-06-29T11:25:11+00:00,k3s-w1,Ready
2026-06-29T11:25:11+00:00,k3s-w2,Ready
2026-06-29T11:25:12+00:00,k3s-s1,Ready
2026-06-29T11:25:12+00:00,k3s-s2,Ready
2026-06-29T11:25:12+00:00,k3s-s3,Ready
2026-06-29T11:25:12+00:00,k3s-w1,Ready
2026-06-29T11:25:12+00:00,k3s-w2,Ready
2026-06-29T11:25:14+00:00,k3s-s1,Ready
2026-06-29T11:25:14+00:00,k3s-s2,Ready
2026-06-29T11:25:14+00:00,k3s-s3,Ready
2026-06-29T11:25:14+00:00,k3s-w1,Ready
2026-06-29T11:25:14+00:00,k3s-w2,Ready
2026-06-29T11:25:15+00:00,k3s-s1,Ready
2026-06-29T11:25:15+00:00,k3s-s2,Ready
2026-06-29T11:25:15+00:00,k3s-s3,Ready
2026-06-29T11:25:15+00:00,k3s-w1,Ready
2026-06-29T11:25:15+00:00,k3s-w2,Ready
2026-06-29T11:25:16+00:00,k3s-s1,Ready
2026-06-29T11:25:16+00:00,k3s-s2,Ready
2026-06-29T11:25:16+00:00,k3s-s3,Ready
2026-06-29T11:25:16+00:00,k3s-w1,Ready
2026-06-29T11:25:16+00:00,k3s-w2,Ready
2026-06-29T11:25:17+00:00,k3s-s1,Ready
2026-06-29T11:25:17+00:00,k3s-s2,Ready
2026-06-29T11:25:17+00:00,k3s-s3,Ready
2026-06-29T11:25:17+00:00,k3s-w1,Ready
2026-06-29T11:25:17+00:00,k3s-w2,Ready
2026-06-29T11:25:18+00:00,k3s-s1,Ready
2026-06-29T11:25:18+00:00,k3s-s2,Ready
2026-06-29T11:25:18+00:00,k3s-s3,Ready
2026-06-29T11:25:18+00:00,k3s-w1,Ready
2026-06-29T11:25:18+00:00,k3s-w2,Ready
2026-06-29T11:25:19+00:00,k3s-s1,Ready
2026-06-29T11:25:19+00:00,k3s-s2,Ready
2026-06-29T11:25:19+00:00,k3s-s3,Ready
2026-06-29T11:25:19+00:00,k3s-w1,Ready
2026-06-29T11:25:19+00:00,k3s-w2,Ready
2026-06-29T11:25:20+00:00,k3s-s1,Ready
2026-06-29T11:25:20+00:00,k3s-s2,Ready
2026-06-29T11:25:20+00:00,k3s-s3,Ready
2026-06-29T11:25:20+00:00,k3s-w1,Ready
2026-06-29T11:25:20+00:00,k3s-w2,Ready
2026-06-29T11:25:21+00:00,k3s-s1,Ready
2026-06-29T11:25:21+00:00,k3s-s2,Ready
2026-06-29T11:25:21+00:00,k3s-s3,Ready
2026-06-29T11:25:21+00:00,k3s-w1,Ready
2026-06-29T11:25:21+00:00,k3s-w2,Ready
2026-06-29T11:25:22+00:00,k3s-s1,Ready
2026-06-29T11:25:22+00:00,k3s-s2,Ready
2026-06-29T11:25:22+00:00,k3s-s3,Ready
2026-06-29T11:25:22+00:00,k3s-w1,Ready
2026-06-29T11:25:22+00:00,k3s-w2,Ready
2026-06-29T11:25:23+00:00,k3s-s1,Ready
2026-06-29T11:25:23+00:00,k3s-s2,Ready
2026-06-29T11:25:23+00:00,k3s-s3,Ready
2026-06-29T11:25:23+00:00,k3s-w1,Ready
2026-06-29T11:25:23+00:00,k3s-w2,Ready
2026-06-29T11:25:24+00:00,k3s-s1,Ready
2026-06-29T11:25:24+00:00,k3s-s2,Ready
2026-06-29T11:25:24+00:00,k3s-s3,Ready
2026-06-29T11:25:24+00:00,k3s-w1,Ready
2026-06-29T11:25:24+00:00,k3s-w2,Ready
2026-06-29T11:25:25+00:00,k3s-s1,Ready
2026-06-29T11:25:25+00:00,k3s-s2,Ready
2026-06-29T11:25:25+00:00,k3s-s3,Ready
2026-06-29T11:25:25+00:00,k3s-w1,Ready
2026-06-29T11:25:25+00:00,k3s-w2,Ready
2026-06-29T11:25:26+00:00,k3s-s1,Ready
2026-06-29T11:25:26+00:00,k3s-s2,Ready
2026-06-29T11:25:26+00:00,k3s-s3,Ready
2026-06-29T11:25:26+00:00,k3s-w1,Ready
2026-06-29T11:25:26+00:00,k3s-w2,Ready
2026-06-29T11:25:28+00:00,k3s-s1,Ready
2026-06-29T11:25:28+00:00,k3s-s2,Ready
2026-06-29T11:25:28+00:00,k3s-s3,Ready
2026-06-29T11:25:28+00:00,k3s-w1,Ready
2026-06-29T11:25:28+00:00,k3s-w2,Ready
2026-06-29T11:25:29+00:00,k3s-s1,Ready
2026-06-29T11:25:29+00:00,k3s-s2,Ready
2026-06-29T11:25:29+00:00,k3s-s3,Ready
2026-06-29T11:25:29+00:00,k3s-w1,Ready
2026-06-29T11:25:29+00:00,k3s-w2,Ready
2026-06-29T11:25:30+00:00,k3s-s1,Ready
2026-06-29T11:25:30+00:00,k3s-s2,Ready
2026-06-29T11:25:30+00:00,k3s-s3,Ready
2026-06-29T11:25:30+00:00,k3s-w1,Ready
2026-06-29T11:25:30+00:00,k3s-w2,Ready
2026-06-29T11:25:31+00:00,k3s-s1,Ready
2026-06-29T11:25:31+00:00,k3s-s2,Ready
2026-06-29T11:25:31+00:00,k3s-s3,Ready
2026-06-29T11:25:31+00:00,k3s-w1,Ready
2026-06-29T11:25:31+00:00,k3s-w2,Ready
2026-06-29T11:25:32+00:00,k3s-s1,Ready
2026-06-29T11:25:32+00:00,k3s-s2,Ready
2026-06-29T11:25:32+00:00,k3s-s3,Ready
2026-06-29T11:25:32+00:00,k3s-w1,Ready
2026-06-29T11:25:32+00:00,k3s-w2,Ready
2026-06-29T11:25:33+00:00,k3s-s1,Ready
2026-06-29T11:25:33+00:00,k3s-s2,Ready
2026-06-29T11:25:33+00:00,k3s-s3,Ready
2026-06-29T11:25:33+00:00,k3s-w1,Ready
2026-06-29T11:25:33+00:00,k3s-w2,Ready
2026-06-29T11:25:34+00:00,k3s-s1,Ready
2026-06-29T11:25:34+00:00,k3s-s2,Ready
2026-06-29T11:25:34+00:00,k3s-s3,Ready
2026-06-29T11:25:34+00:00,k3s-w1,Ready
2026-06-29T11:25:34+00:00,k3s-w2,Ready
2026-06-29T11:25:35+00:00,k3s-s1,Ready
2026-06-29T11:25:35+00:00,k3s-s2,Ready
2026-06-29T11:25:35+00:00,k3s-s3,Ready
2026-06-29T11:25:35+00:00,k3s-w1,Ready
2026-06-29T11:25:35+00:00,k3s-w2,Ready
2026-06-29T11:25:36+00:00,k3s-s1,Ready
2026-06-29T11:25:36+00:00,k3s-s2,Ready
2026-06-29T11:25:36+00:00,k3s-s3,Ready
2026-06-29T11:25:36+00:00,k3s-w1,Ready
2026-06-29T11:25:36+00:00,k3s-w2,Ready
2026-06-29T11:25:37+00:00,k3s-s1,Ready
2026-06-29T11:25:37+00:00,k3s-s2,Ready
2026-06-29T11:25:37+00:00,k3s-s3,Ready
2026-06-29T11:25:37+00:00,k3s-w1,Ready
2026-06-29T11:25:37+00:00,k3s-w2,Ready
2026-06-29T11:25:38+00:00,k3s-s1,Ready
2026-06-29T11:25:38+00:00,k3s-s2,Ready
2026-06-29T11:25:38+00:00,k3s-s3,Ready
2026-06-29T11:25:38+00:00,k3s-w1,Ready
2026-06-29T11:25:38+00:00,k3s-w2,Ready
2026-06-29T11:25:39+00:00,k3s-s1,Ready
2026-06-29T11:25:39+00:00,k3s-s2,Ready
2026-06-29T11:25:39+00:00,k3s-s3,Ready
2026-06-29T11:25:39+00:00,k3s-w1,Ready
2026-06-29T11:25:39+00:00,k3s-w2,Ready
2026-06-29T11:25:40+00:00,k3s-s1,Ready
2026-06-29T11:25:40+00:00,k3s-s2,Ready
2026-06-29T11:25:40+00:00,k3s-s3,Ready
2026-06-29T11:25:40+00:00,k3s-w1,Ready
2026-06-29T11:25:40+00:00,k3s-w2,Ready
2026-06-29T11:25:42+00:00,k3s-s1,Ready
2026-06-29T11:25:42+00:00,k3s-s2,Ready
2026-06-29T11:25:42+00:00,k3s-s3,Ready
2026-06-29T11:25:42+00:00,k3s-w1,Ready
2026-06-29T11:25:42+00:00,k3s-w2,Ready
2026-06-29T11:25:43+00:00,k3s-s1,Ready
2026-06-29T11:25:43+00:00,k3s-s2,Ready
2026-06-29T11:25:43+00:00,k3s-s3,Ready
2026-06-29T11:25:43+00:00,k3s-w1,Ready
2026-06-29T11:25:43+00:00,k3s-w2,Ready
2026-06-29T11:25:44+00:00,k3s-s1,Ready
2026-06-29T11:25:44+00:00,k3s-s2,Ready
2026-06-29T11:25:44+00:00,k3s-s3,Ready
2026-06-29T11:25:44+00:00,k3s-w1,Ready
2026-06-29T11:25:44+00:00,k3s-w2,Ready
2026-06-29T11:25:45+00:00,k3s-s1,Ready
2026-06-29T11:25:45+00:00,k3s-s2,Ready
2026-06-29T11:25:45+00:00,k3s-s3,Ready
2026-06-29T11:25:45+00:00,k3s-w1,Ready
2026-06-29T11:25:45+00:00,k3s-w2,Ready
2026-06-29T11:25:46+00:00,k3s-s1,Ready
2026-06-29T11:25:46+00:00,k3s-s2,Ready
2026-06-29T11:25:46+00:00,k3s-s3,Ready
2026-06-29T11:25:46+00:00,k3s-w1,Ready
2026-06-29T11:25:46+00:00,k3s-w2,Ready
2026-06-29T11:25:47+00:00,k3s-s1,Ready
2026-06-29T11:25:47+00:00,k3s-s2,Ready
2026-06-29T11:25:47+00:00,k3s-s3,Ready
2026-06-29T11:25:47+00:00,k3s-w1,Ready
2026-06-29T11:25:47+00:00,k3s-w2,Ready
2026-06-29T11:25:48+00:00,k3s-s1,Ready
2026-06-29T11:25:48+00:00,k3s-s2,Ready
2026-06-29T11:25:48+00:00,k3s-s3,Ready
2026-06-29T11:25:48+00:00,k3s-w1,Ready
2026-06-29T11:25:48+00:00,k3s-w2,Ready
2026-06-29T11:25:49+00:00,k3s-s1,Ready
2026-06-29T11:25:49+00:00,k3s-s2,Ready
2026-06-29T11:25:49+00:00,k3s-s3,Ready
2026-06-29T11:25:49+00:00,k3s-w1,Ready
2026-06-29T11:25:49+00:00,k3s-w2,Ready
2026-06-29T11:25:50+00:00,k3s-s1,Ready
2026-06-29T11:25:50+00:00,k3s-s2,Ready
2026-06-29T11:25:50+00:00,k3s-s3,Ready
2026-06-29T11:25:50+00:00,k3s-w1,Ready
2026-06-29T11:25:50+00:00,k3s-w2,Ready
2026-06-29T11:25:51+00:00,k3s-s1,Ready
2026-06-29T11:25:51+00:00,k3s-s2,Ready
2026-06-29T11:25:51+00:00,k3s-s3,Ready
2026-06-29T11:25:51+00:00,k3s-w1,Ready
2026-06-29T11:25:51+00:00,k3s-w2,Ready
2026-06-29T11:25:52+00:00,k3s-s1,Ready
2026-06-29T11:25:52+00:00,k3s-s2,Ready
2026-06-29T11:25:52+00:00,k3s-s3,Ready
2026-06-29T11:25:52+00:00,k3s-w1,Ready
2026-06-29T11:25:52+00:00,k3s-w2,Ready
2026-06-29T11:25:53+00:00,k3s-s1,Ready
2026-06-29T11:25:53+00:00,k3s-s2,Ready
2026-06-29T11:25:53+00:00,k3s-s3,Ready
2026-06-29T11:25:53+00:00,k3s-w1,Ready
2026-06-29T11:25:53+00:00,k3s-w2,Ready
2026-06-29T11:25:54+00:00,k3s-s1,Ready
2026-06-29T11:25:54+00:00,k3s-s2,Ready
2026-06-29T11:25:54+00:00,k3s-s3,Ready
2026-06-29T11:25:54+00:00,k3s-w1,Ready
2026-06-29T11:25:54+00:00,k3s-w2,Ready
2026-06-29T11:25:56+00:00,k3s-s1,Ready
2026-06-29T11:25:56+00:00,k3s-s2,Ready
2026-06-29T11:25:56+00:00,k3s-s3,Ready
2026-06-29T11:25:56+00:00,k3s-w1,Ready
2026-06-29T11:25:56+00:00,k3s-w2,Ready
2026-06-29T11:25:57+00:00,k3s-s1,Ready
2026-06-29T11:25:57+00:00,k3s-s2,Ready
2026-06-29T11:25:57+00:00,k3s-s3,Ready
2026-06-29T11:25:57+00:00,k3s-w1,Ready
2026-06-29T11:25:57+00:00,k3s-w2,Ready
2026-06-29T11:25:58+00:00,k3s-s1,Ready
2026-06-29T11:25:58+00:00,k3s-s2,Ready
2026-06-29T11:25:58+00:00,k3s-s3,Ready
2026-06-29T11:25:58+00:00,k3s-w1,Ready
2026-06-29T11:25:58+00:00,k3s-w2,Ready
2026-06-29T11:25:59+00:00,k3s-s1,Ready
2026-06-29T11:25:59+00:00,k3s-s2,Ready
2026-06-29T11:25:59+00:00,k3s-s3,Ready
2026-06-29T11:25:59+00:00,k3s-w1,Ready
2026-06-29T11:25:59+00:00,k3s-w2,Ready
2026-06-29T11:26:00+00:00,k3s-s1,Ready
2026-06-29T11:26:00+00:00,k3s-s2,Ready
2026-06-29T11:26:00+00:00,k3s-s3,Ready
2026-06-29T11:26:00+00:00,k3s-w1,Ready
2026-06-29T11:26:00+00:00,k3s-w2,Ready
2026-06-29T11:26:01+00:00,k3s-s1,Ready
2026-06-29T11:26:01+00:00,k3s-s2,Ready
2026-06-29T11:26:01+00:00,k3s-s3,Ready
2026-06-29T11:26:01+00:00,k3s-w1,Ready
2026-06-29T11:26:01+00:00,k3s-w2,Ready
2026-06-29T11:26:02+00:00,k3s-s1,Ready
2026-06-29T11:26:02+00:00,k3s-s2,Ready
2026-06-29T11:26:02+00:00,k3s-s3,Ready
2026-06-29T11:26:02+00:00,k3s-w1,Ready
2026-06-29T11:26:02+00:00,k3s-w2,Ready
2026-06-29T11:26:03+00:00,k3s-s1,Ready
2026-06-29T11:26:03+00:00,k3s-s2,Ready
2026-06-29T11:26:03+00:00,k3s-s3,Ready
2026-06-29T11:26:03+00:00,k3s-w1,Ready
2026-06-29T11:26:03+00:00,k3s-w2,Ready
2026-06-29T11:26:04+00:00,k3s-s1,Ready
2026-06-29T11:26:04+00:00,k3s-s2,Ready
2026-06-29T11:26:04+00:00,k3s-s3,Ready
2026-06-29T11:26:04+00:00,k3s-w1,Ready
2026-06-29T11:26:04+00:00,k3s-w2,Ready
2026-06-29T11:26:05+00:00,k3s-s1,Ready
2026-06-29T11:26:05+00:00,k3s-s2,Ready
2026-06-29T11:26:05+00:00,k3s-s3,Ready
2026-06-29T11:26:05+00:00,k3s-w1,Ready
2026-06-29T11:26:05+00:00,k3s-w2,Ready
2026-06-29T11:26:06+00:00,k3s-s1,Ready
2026-06-29T11:26:06+00:00,k3s-s2,Ready
2026-06-29T11:26:06+00:00,k3s-s3,Ready
2026-06-29T11:26:06+00:00,k3s-w1,Ready
2026-06-29T11:26:06+00:00,k3s-w2,Ready
2026-06-29T11:26:07+00:00,k3s-s1,Ready
2026-06-29T11:26:07+00:00,k3s-s2,Ready
2026-06-29T11:26:07+00:00,k3s-s3,Ready
2026-06-29T11:26:07+00:00,k3s-w1,Ready
2026-06-29T11:26:07+00:00,k3s-w2,Ready
2026-06-29T11:26:08+00:00,k3s-s1,Ready
2026-06-29T11:26:08+00:00,k3s-s2,Ready
2026-06-29T11:26:08+00:00,k3s-s3,Ready
2026-06-29T11:26:08+00:00,k3s-w1,Ready
2026-06-29T11:26:08+00:00,k3s-w2,Ready
2026-06-29T11:26:09+00:00,k3s-s1,Ready
2026-06-29T11:26:09+00:00,k3s-s2,Ready
2026-06-29T11:26:09+00:00,k3s-s3,Ready
2026-06-29T11:26:09+00:00,k3s-w1,Ready
2026-06-29T11:26:09+00:00,k3s-w2,Ready
2026-06-29T11:26:11+00:00,k3s-s1,Ready
2026-06-29T11:26:11+00:00,k3s-s2,Ready
2026-06-29T11:26:11+00:00,k3s-s3,Ready
2026-06-29T11:26:11+00:00,k3s-w1,Ready
2026-06-29T11:26:11+00:00,k3s-w2,Ready
2026-06-29T11:26:12+00:00,k3s-s1,Ready
2026-06-29T11:26:12+00:00,k3s-s2,Ready
2026-06-29T11:26:12+00:00,k3s-s3,Ready
2026-06-29T11:26:12+00:00,k3s-w1,Ready
2026-06-29T11:26:12+00:00,k3s-w2,Ready
2026-06-29T11:26:13+00:00,k3s-s1,Ready
2026-06-29T11:26:13+00:00,k3s-s2,Ready
2026-06-29T11:26:13+00:00,k3s-s3,Ready
2026-06-29T11:26:13+00:00,k3s-w1,Ready
2026-06-29T11:26:13+00:00,k3s-w2,Ready
2026-06-29T11:26:14+00:00,k3s-s1,Ready
2026-06-29T11:26:14+00:00,k3s-s2,Ready
2026-06-29T11:26:14+00:00,k3s-s3,Ready
2026-06-29T11:26:14+00:00,k3s-w1,Ready
2026-06-29T11:26:14+00:00,k3s-w2,Ready
2026-06-29T11:26:15+00:00,k3s-s1,Ready
2026-06-29T11:26:15+00:00,k3s-s2,Ready
2026-06-29T11:26:15+00:00,k3s-s3,Ready
2026-06-29T11:26:15+00:00,k3s-w1,Ready
2026-06-29T11:26:15+00:00,k3s-w2,Ready
2026-06-29T11:26:16+00:00,k3s-s1,Ready
2026-06-29T11:26:16+00:00,k3s-s2,Ready
2026-06-29T11:26:16+00:00,k3s-s3,Ready
2026-06-29T11:26:16+00:00,k3s-w1,Ready
2026-06-29T11:26:16+00:00,k3s-w2,Ready
2026-06-29T11:26:17+00:00,k3s-s1,Ready
2026-06-29T11:26:17+00:00,k3s-s2,Ready
2026-06-29T11:26:17+00:00,k3s-s3,Ready
2026-06-29T11:26:17+00:00,k3s-w1,Ready
2026-06-29T11:26:17+00:00,k3s-w2,Ready
2026-06-29T11:26:18+00:00,k3s-s1,Ready
2026-06-29T11:26:18+00:00,k3s-s2,Ready
2026-06-29T11:26:18+00:00,k3s-s3,Ready
2026-06-29T11:26:18+00:00,k3s-w1,Ready
2026-06-29T11:26:18+00:00,k3s-w2,Ready
2026-06-29T11:26:19+00:00,k3s-s1,Ready
2026-06-29T11:26:19+00:00,k3s-s2,Ready
2026-06-29T11:26:19+00:00,k3s-s3,Ready
2026-06-29T11:26:19+00:00,k3s-w1,Ready
2026-06-29T11:26:19+00:00,k3s-w2,Ready
2026-06-29T11:26:20+00:00,k3s-s1,Ready
2026-06-29T11:26:20+00:00,k3s-s2,Ready
2026-06-29T11:26:20+00:00,k3s-s3,Ready
2026-06-29T11:26:20+00:00,k3s-w1,Ready
2026-06-29T11:26:20+00:00,k3s-w2,Ready
2026-06-29T11:26:21+00:00,k3s-s1,Ready
2026-06-29T11:26:21+00:00,k3s-s2,Ready
2026-06-29T11:26:21+00:00,k3s-s3,Ready
2026-06-29T11:26:21+00:00,k3s-w1,Ready
2026-06-29T11:26:21+00:00,k3s-w2,Ready
2026-06-29T11:26:22+00:00,k3s-s1,Ready
2026-06-29T11:26:22+00:00,k3s-s2,Ready
2026-06-29T11:26:22+00:00,k3s-s3,Ready
2026-06-29T11:26:22+00:00,k3s-w1,Ready
2026-06-29T11:26:22+00:00,k3s-w2,Ready
2026-06-29T11:26:23+00:00,k3s-s1,Ready
2026-06-29T11:26:23+00:00,k3s-s2,Ready
2026-06-29T11:26:23+00:00,k3s-s3,Ready
2026-06-29T11:26:23+00:00,k3s-w1,Ready
2026-06-29T11:26:23+00:00,k3s-w2,Ready
2026-06-29T11:26:25+00:00,k3s-s1,Ready
2026-06-29T11:26:25+00:00,k3s-s2,Ready
2026-06-29T11:26:25+00:00,k3s-s3,Ready
2026-06-29T11:26:25+00:00,k3s-w1,Ready
2026-06-29T11:26:25+00:00,k3s-w2,Ready
2026-06-29T11:26:26+00:00,k3s-s1,Ready
2026-06-29T11:26:26+00:00,k3s-s2,Ready
2026-06-29T11:26:26+00:00,k3s-s3,Ready
2026-06-29T11:26:26+00:00,k3s-w1,Ready
2026-06-29T11:26:26+00:00,k3s-w2,Ready
2026-06-29T11:26:27+00:00,k3s-s1,Ready
2026-06-29T11:26:27+00:00,k3s-s2,Ready
2026-06-29T11:26:27+00:00,k3s-s3,Ready
2026-06-29T11:26:27+00:00,k3s-w1,Ready
2026-06-29T11:26:27+00:00,k3s-w2,Ready
2026-06-29T11:26:28+00:00,k3s-s1,Ready
2026-06-29T11:26:28+00:00,k3s-s2,Ready
2026-06-29T11:26:28+00:00,k3s-s3,Ready
2026-06-29T11:26:28+00:00,k3s-w1,Ready
2026-06-29T11:26:28+00:00,k3s-w2,Ready
2026-06-29T11:26:29+00:00,k3s-s1,Ready
2026-06-29T11:26:29+00:00,k3s-s2,Ready
2026-06-29T11:26:29+00:00,k3s-s3,Ready
2026-06-29T11:26:29+00:00,k3s-w1,Ready
2026-06-29T11:26:29+00:00,k3s-w2,Ready
2026-06-29T11:26:30+00:00,k3s-s1,Ready
2026-06-29T11:26:30+00:00,k3s-s2,Ready
2026-06-29T11:26:30+00:00,k3s-s3,Ready
2026-06-29T11:26:30+00:00,k3s-w1,Ready
2026-06-29T11:26:30+00:00,k3s-w2,Ready
2026-06-29T11:26:31+00:00,k3s-s1,Ready
2026-06-29T11:26:31+00:00,k3s-s2,Ready
2026-06-29T11:26:31+00:00,k3s-s3,Ready
2026-06-29T11:26:31+00:00,k3s-w1,Ready
2026-06-29T11:26:31+00:00,k3s-w2,Ready
2026-06-29T11:26:32+00:00,k3s-s1,Ready
2026-06-29T11:26:32+00:00,k3s-s2,Ready
2026-06-29T11:26:32+00:00,k3s-s3,Ready
2026-06-29T11:26:32+00:00,k3s-w1,Ready
2026-06-29T11:26:32+00:00,k3s-w2,Ready
2026-06-29T11:26:33+00:00,k3s-s1,Ready
2026-06-29T11:26:33+00:00,k3s-s2,Ready
2026-06-29T11:26:33+00:00,k3s-s3,Ready
2026-06-29T11:26:33+00:00,k3s-w1,Ready
2026-06-29T11:26:33+00:00,k3s-w2,Ready
2026-06-29T11:26:34+00:00,k3s-s1,Ready
2026-06-29T11:26:34+00:00,k3s-s2,Ready
2026-06-29T11:26:34+00:00,k3s-s3,Ready
2026-06-29T11:26:34+00:00,k3s-w1,Ready
2026-06-29T11:26:34+00:00,k3s-w2,Ready
2026-06-29T11:26:35+00:00,k3s-s1,Ready
2026-06-29T11:26:35+00:00,k3s-s2,Ready
2026-06-29T11:26:35+00:00,k3s-s3,Ready
2026-06-29T11:26:35+00:00,k3s-w1,Ready
2026-06-29T11:26:35+00:00,k3s-w2,Ready
2026-06-29T11:26:36+00:00,k3s-s1,Ready
2026-06-29T11:26:36+00:00,k3s-s2,Ready
2026-06-29T11:26:36+00:00,k3s-s3,Ready
2026-06-29T11:26:36+00:00,k3s-w1,Ready
2026-06-29T11:26:36+00:00,k3s-w2,Ready
2026-06-29T11:26:37+00:00,k3s-s1,Ready
2026-06-29T11:26:37+00:00,k3s-s2,Ready
2026-06-29T11:26:37+00:00,k3s-s3,Ready
2026-06-29T11:26:37+00:00,k3s-w1,Ready
2026-06-29T11:26:37+00:00,k3s-w2,Ready
2026-06-29T11:26:38+00:00,k3s-s1,Ready
2026-06-29T11:26:38+00:00,k3s-s2,Ready
2026-06-29T11:26:38+00:00,k3s-s3,Ready
2026-06-29T11:26:38+00:00,k3s-w1,Ready
2026-06-29T11:26:38+00:00,k3s-w2,Ready
2026-06-29T11:26:39+00:00,k3s-s1,Ready
2026-06-29T11:26:39+00:00,k3s-s2,Ready
2026-06-29T11:26:39+00:00,k3s-s3,Ready
2026-06-29T11:26:39+00:00,k3s-w1,Ready
2026-06-29T11:26:39+00:00,k3s-w2,Ready
2026-06-29T11:26:41+00:00,k3s-s1,Ready
2026-06-29T11:26:41+00:00,k3s-s2,Ready
2026-06-29T11:26:41+00:00,k3s-s3,Ready
2026-06-29T11:26:41+00:00,k3s-w1,Ready
2026-06-29T11:26:41+00:00,k3s-w2,Ready
2026-06-29T11:26:42+00:00,k3s-s1,Ready
2026-06-29T11:26:42+00:00,k3s-s2,Ready
2026-06-29T11:26:42+00:00,k3s-s3,Ready
2026-06-29T11:26:42+00:00,k3s-w1,Ready
2026-06-29T11:26:42+00:00,k3s-w2,Ready
2026-06-29T11:26:43+00:00,k3s-s1,Ready
2026-06-29T11:26:43+00:00,k3s-s2,Ready
2026-06-29T11:26:43+00:00,k3s-s3,Ready
2026-06-29T11:26:43+00:00,k3s-w1,Ready
2026-06-29T11:26:43+00:00,k3s-w2,Ready
2026-06-29T11:26:44+00:00,k3s-s1,Ready
2026-06-29T11:26:44+00:00,k3s-s2,Ready
2026-06-29T11:26:44+00:00,k3s-s3,Ready
2026-06-29T11:26:44+00:00,k3s-w1,Ready
2026-06-29T11:26:44+00:00,k3s-w2,Ready
2026-06-29T11:26:45+00:00,k3s-s1,Ready
2026-06-29T11:26:45+00:00,k3s-s2,Ready
2026-06-29T11:26:45+00:00,k3s-s3,Ready
2026-06-29T11:26:45+00:00,k3s-w1,Ready
2026-06-29T11:26:45+00:00,k3s-w2,Ready
2026-06-29T11:26:46+00:00,k3s-s1,Ready
2026-06-29T11:26:46+00:00,k3s-s2,Ready
2026-06-29T11:26:46+00:00,k3s-s3,Ready
2026-06-29T11:26:46+00:00,k3s-w1,Ready
2026-06-29T11:26:46+00:00,k3s-w2,Ready
2026-06-29T11:26:47+00:00,k3s-s1,Ready
2026-06-29T11:26:47+00:00,k3s-s2,Ready
2026-06-29T11:26:47+00:00,k3s-s3,Ready
2026-06-29T11:26:47+00:00,k3s-w1,Ready
2026-06-29T11:26:47+00:00,k3s-w2,Ready
2026-06-29T11:26:48+00:00,k3s-s1,Ready
2026-06-29T11:26:48+00:00,k3s-s2,Ready
2026-06-29T11:26:48+00:00,k3s-s3,NotReady
2026-06-29T11:26:48+00:00,k3s-w1,Ready
2026-06-29T11:26:48+00:00,k3s-w2,Ready
2026-06-29T11:26:49+00:00,k3s-s1,Ready
2026-06-29T11:26:49+00:00,k3s-s2,Ready
2026-06-29T11:26:49+00:00,k3s-s3,NotReady
2026-06-29T11:26:49+00:00,k3s-w1,Ready
2026-06-29T11:26:49+00:00,k3s-w2,Ready
2026-06-29T11:26:50+00:00,k3s-s1,Ready
2026-06-29T11:26:50+00:00,k3s-s2,Ready
2026-06-29T11:26:50+00:00,k3s-s3,NotReady
2026-06-29T11:26:50+00:00,k3s-w1,Ready
2026-06-29T11:26:50+00:00,k3s-w2,Ready
2026-06-29T11:26:51+00:00,k3s-s1,Ready
2026-06-29T11:26:51+00:00,k3s-s2,Ready
2026-06-29T11:26:51+00:00,k3s-s3,NotReady
2026-06-29T11:26:51+00:00,k3s-w1,Ready
2026-06-29T11:26:51+00:00,k3s-w2,Ready
2026-06-29T11:26:52+00:00,k3s-s1,Ready
2026-06-29T11:26:52+00:00,k3s-s2,Ready
2026-06-29T11:26:52+00:00,k3s-s3,NotReady
2026-06-29T11:26:52+00:00,k3s-w1,Ready
2026-06-29T11:26:52+00:00,k3s-w2,Ready
2026-06-29T11:26:54+00:00,k3s-s1,Ready
2026-06-29T11:26:54+00:00,k3s-s2,Ready
2026-06-29T11:26:54+00:00,k3s-s3,NotReady
2026-06-29T11:26:54+00:00,k3s-w1,Ready
2026-06-29T11:26:54+00:00,k3s-w2,Ready
2026-06-29T11:26:55+00:00,k3s-s1,Ready
2026-06-29T11:26:55+00:00,k3s-s2,Ready
2026-06-29T11:26:55+00:00,k3s-s3,NotReady
2026-06-29T11:26:55+00:00,k3s-w1,Ready
2026-06-29T11:26:55+00:00,k3s-w2,Ready
2026-06-29T11:26:56+00:00,k3s-s1,Ready
2026-06-29T11:26:56+00:00,k3s-s2,Ready
2026-06-29T11:26:56+00:00,k3s-s3,NotReady
2026-06-29T11:26:56+00:00,k3s-w1,Ready
2026-06-29T11:26:56+00:00,k3s-w2,Ready
2026-06-29T11:26:57+00:00,k3s-s1,Ready
2026-06-29T11:26:57+00:00,k3s-s2,Ready
2026-06-29T11:26:57+00:00,k3s-s3,NotReady
2026-06-29T11:26:57+00:00,k3s-w1,Ready
2026-06-29T11:26:57+00:00,k3s-w2,Ready
2026-06-29T11:26:58+00:00,k3s-s1,Ready
2026-06-29T11:26:58+00:00,k3s-s2,Ready
2026-06-29T11:26:58+00:00,k3s-s3,NotReady
2026-06-29T11:26:58+00:00,k3s-w1,Ready
2026-06-29T11:26:58+00:00,k3s-w2,Ready
2026-06-29T11:26:59+00:00,k3s-s1,Ready
2026-06-29T11:26:59+00:00,k3s-s2,Ready
2026-06-29T11:26:59+00:00,k3s-s3,NotReady
2026-06-29T11:26:59+00:00,k3s-w1,Ready
2026-06-29T11:26:59+00:00,k3s-w2,Ready
2026-06-29T11:27:00+00:00,k3s-s1,Ready
2026-06-29T11:27:00+00:00,k3s-s2,Ready
2026-06-29T11:27:00+00:00,k3s-s3,NotReady
2026-06-29T11:27:00+00:00,k3s-w1,Ready
2026-06-29T11:27:00+00:00,k3s-w2,Ready
2026-06-29T11:27:01+00:00,k3s-s1,Ready
2026-06-29T11:27:01+00:00,k3s-s2,Ready
2026-06-29T11:27:01+00:00,k3s-s3,NotReady
2026-06-29T11:27:01+00:00,k3s-w1,Ready
2026-06-29T11:27:01+00:00,k3s-w2,Ready
2026-06-29T11:27:02+00:00,k3s-s1,Ready
2026-06-29T11:27:02+00:00,k3s-s2,Ready
2026-06-29T11:27:02+00:00,k3s-s3,NotReady
2026-06-29T11:27:02+00:00,k3s-w1,Ready
2026-06-29T11:27:02+00:00,k3s-w2,Ready
2026-06-29T11:27:03+00:00,k3s-s1,Ready
2026-06-29T11:27:03+00:00,k3s-s2,Ready
2026-06-29T11:27:03+00:00,k3s-s3,NotReady
2026-06-29T11:27:03+00:00,k3s-w1,Ready
2026-06-29T11:27:03+00:00,k3s-w2,Ready
2026-06-29T11:27:04+00:00,k3s-s1,Ready
2026-06-29T11:27:04+00:00,k3s-s2,Ready
2026-06-29T11:27:04+00:00,k3s-s3,NotReady
2026-06-29T11:27:04+00:00,k3s-w1,Ready
2026-06-29T11:27:04+00:00,k3s-w2,Ready
2026-06-29T11:27:05+00:00,k3s-s1,Ready
2026-06-29T11:27:05+00:00,k3s-s2,Ready
2026-06-29T11:27:05+00:00,k3s-s3,NotReady
2026-06-29T11:27:05+00:00,k3s-w1,Ready
2026-06-29T11:27:05+00:00,k3s-w2,Ready
2026-06-29T11:27:06+00:00,k3s-s1,Ready
2026-06-29T11:27:06+00:00,k3s-s2,Ready
2026-06-29T11:27:06+00:00,k3s-s3,NotReady
2026-06-29T11:27:06+00:00,k3s-w1,Ready
2026-06-29T11:27:06+00:00,k3s-w2,Ready
2026-06-29T11:27:08+00:00,k3s-s1,Ready
2026-06-29T11:27:08+00:00,k3s-s2,Ready
2026-06-29T11:27:08+00:00,k3s-s3,NotReady
2026-06-29T11:27:08+00:00,k3s-w1,Ready
2026-06-29T11:27:08+00:00,k3s-w2,Ready
2026-06-29T11:27:09+00:00,k3s-s1,Ready
2026-06-29T11:27:09+00:00,k3s-s2,Ready
2026-06-29T11:27:09+00:00,k3s-s3,NotReady
2026-06-29T11:27:09+00:00,k3s-w1,Ready
2026-06-29T11:27:09+00:00,k3s-w2,Ready
2026-06-29T11:27:10+00:00,k3s-s1,Ready
2026-06-29T11:27:10+00:00,k3s-s2,Ready
2026-06-29T11:27:10+00:00,k3s-s3,NotReady
2026-06-29T11:27:10+00:00,k3s-w1,Ready
2026-06-29T11:27:10+00:00,k3s-w2,Ready
2026-06-29T11:27:11+00:00,k3s-s1,Ready
2026-06-29T11:27:11+00:00,k3s-s2,Ready
2026-06-29T11:27:11+00:00,k3s-s3,NotReady
2026-06-29T11:27:11+00:00,k3s-w1,Ready
2026-06-29T11:27:11+00:00,k3s-w2,Ready
2026-06-29T11:27:12+00:00,k3s-s1,Ready
2026-06-29T11:27:12+00:00,k3s-s2,Ready
2026-06-29T11:27:12+00:00,k3s-s3,NotReady
2026-06-29T11:27:12+00:00,k3s-w1,Ready
2026-06-29T11:27:12+00:00,k3s-w2,Ready
2026-06-29T11:27:13+00:00,k3s-s1,Ready
2026-06-29T11:27:13+00:00,k3s-s2,Ready
2026-06-29T11:27:13+00:00,k3s-s3,NotReady
2026-06-29T11:27:13+00:00,k3s-w1,Ready
2026-06-29T11:27:13+00:00,k3s-w2,Ready
2026-06-29T11:27:14+00:00,k3s-s1,Ready
2026-06-29T11:27:14+00:00,k3s-s2,Ready
2026-06-29T11:27:14+00:00,k3s-s3,NotReady
2026-06-29T11:27:14+00:00,k3s-w1,Ready
2026-06-29T11:27:14+00:00,k3s-w2,Ready
2026-06-29T11:27:15+00:00,k3s-s1,Ready
2026-06-29T11:27:15+00:00,k3s-s2,Ready
2026-06-29T11:27:15+00:00,k3s-s3,NotReady
2026-06-29T11:27:15+00:00,k3s-w1,Ready
2026-06-29T11:27:15+00:00,k3s-w2,Ready
2026-06-29T11:27:16+00:00,k3s-s1,Ready
2026-06-29T11:27:16+00:00,k3s-s2,Ready
2026-06-29T11:27:16+00:00,k3s-s3,NotReady
2026-06-29T11:27:16+00:00,k3s-w1,Ready
2026-06-29T11:27:16+00:00,k3s-w2,Ready
2026-06-29T11:27:17+00:00,k3s-s1,Ready
2026-06-29T11:27:17+00:00,k3s-s2,Ready
2026-06-29T11:27:17+00:00,k3s-s3,NotReady
2026-06-29T11:27:17+00:00,k3s-w1,Ready
2026-06-29T11:27:17+00:00,k3s-w2,Ready
2026-06-29T11:27:18+00:00,k3s-s1,Ready
2026-06-29T11:27:18+00:00,k3s-s2,Ready
2026-06-29T11:27:18+00:00,k3s-s3,NotReady
2026-06-29T11:27:18+00:00,k3s-w1,Ready
2026-06-29T11:27:18+00:00,k3s-w2,Ready
2026-06-29T11:27:19+00:00,k3s-s1,Ready
2026-06-29T11:27:19+00:00,k3s-s2,Ready
2026-06-29T11:27:19+00:00,k3s-s3,NotReady
2026-06-29T11:27:19+00:00,k3s-w1,Ready
2026-06-29T11:27:19+00:00,k3s-w2,Ready
2026-06-29T11:27:20+00:00,k3s-s1,Ready
2026-06-29T11:27:20+00:00,k3s-s2,Ready
2026-06-29T11:27:20+00:00,k3s-s3,NotReady
2026-06-29T11:27:20+00:00,k3s-w1,Ready
2026-06-29T11:27:20+00:00,k3s-w2,Ready
2026-06-29T11:27:22+00:00,k3s-s1,Ready
2026-06-29T11:27:22+00:00,k3s-s2,Ready
2026-06-29T11:27:22+00:00,k3s-s3,NotReady
2026-06-29T11:27:22+00:00,k3s-w1,Ready
2026-06-29T11:27:22+00:00,k3s-w2,Ready
2026-06-29T11:27:23+00:00,k3s-s1,Ready
2026-06-29T11:27:23+00:00,k3s-s2,Ready
2026-06-29T11:27:23+00:00,k3s-s3,NotReady
2026-06-29T11:27:23+00:00,k3s-w1,Ready
2026-06-29T11:27:23+00:00,k3s-w2,Ready
2026-06-29T11:27:24+00:00,k3s-s1,Ready
2026-06-29T11:27:24+00:00,k3s-s2,Ready
2026-06-29T11:27:24+00:00,k3s-s3,NotReady
2026-06-29T11:27:24+00:00,k3s-w1,Ready
2026-06-29T11:27:24+00:00,k3s-w2,Ready
2026-06-29T11:27:25+00:00,k3s-s1,Ready
2026-06-29T11:27:25+00:00,k3s-s2,Ready
2026-06-29T11:27:25+00:00,k3s-s3,NotReady
2026-06-29T11:27:25+00:00,k3s-w1,Ready
2026-06-29T11:27:25+00:00,k3s-w2,Ready
2026-06-29T11:27:26+00:00,k3s-s1,Ready
2026-06-29T11:27:26+00:00,k3s-s2,Ready
2026-06-29T11:27:26+00:00,k3s-s3,NotReady
2026-06-29T11:27:26+00:00,k3s-w1,Ready
2026-06-29T11:27:26+00:00,k3s-w2,Ready
2026-06-29T11:27:27+00:00,k3s-s1,Ready
2026-06-29T11:27:27+00:00,k3s-s2,Ready
2026-06-29T11:27:27+00:00,k3s-s3,NotReady
2026-06-29T11:27:27+00:00,k3s-w1,Ready
2026-06-29T11:27:27+00:00,k3s-w2,Ready
2026-06-29T11:27:28+00:00,k3s-s1,Ready
2026-06-29T11:27:28+00:00,k3s-s2,Ready
2026-06-29T11:27:28+00:00,k3s-s3,NotReady
2026-06-29T11:27:28+00:00,k3s-w1,Ready
2026-06-29T11:27:28+00:00,k3s-w2,Ready
2026-06-29T11:27:29+00:00,k3s-s1,Ready
2026-06-29T11:27:29+00:00,k3s-s2,Ready
2026-06-29T11:27:29+00:00,k3s-s3,NotReady
2026-06-29T11:27:29+00:00,k3s-w1,Ready
2026-06-29T11:27:29+00:00,k3s-w2,Ready
2026-06-29T11:27:30+00:00,k3s-s1,Ready
2026-06-29T11:27:30+00:00,k3s-s2,Ready
2026-06-29T11:27:30+00:00,k3s-s3,NotReady
2026-06-29T11:27:30+00:00,k3s-w1,Ready
2026-06-29T11:27:30+00:00,k3s-w2,Ready
2026-06-29T11:27:31+00:00,k3s-s1,Ready
2026-06-29T11:27:31+00:00,k3s-s2,Ready
2026-06-29T11:27:31+00:00,k3s-s3,NotReady
2026-06-29T11:27:31+00:00,k3s-w1,Ready
2026-06-29T11:27:31+00:00,k3s-w2,Ready
2026-06-29T11:27:32+00:00,k3s-s1,Ready
2026-06-29T11:27:32+00:00,k3s-s2,Ready
2026-06-29T11:27:32+00:00,k3s-s3,NotReady
2026-06-29T11:27:32+00:00,k3s-w1,Ready
2026-06-29T11:27:32+00:00,k3s-w2,Ready
2026-06-29T11:27:33+00:00,k3s-s1,Ready
2026-06-29T11:27:33+00:00,k3s-s2,Ready
2026-06-29T11:27:33+00:00,k3s-s3,NotReady
2026-06-29T11:27:33+00:00,k3s-w1,Ready
2026-06-29T11:27:33+00:00,k3s-w2,Ready
2026-06-29T11:27:34+00:00,k3s-s1,Ready
2026-06-29T11:27:34+00:00,k3s-s2,Ready
2026-06-29T11:27:34+00:00,k3s-s3,NotReady
2026-06-29T11:27:34+00:00,k3s-w1,Ready
2026-06-29T11:27:34+00:00,k3s-w2,Ready
2026-06-29T11:27:36+00:00,k3s-s1,Ready
2026-06-29T11:27:36+00:00,k3s-s2,Ready
2026-06-29T11:27:36+00:00,k3s-s3,NotReady
2026-06-29T11:27:36+00:00,k3s-w1,Ready
2026-06-29T11:27:36+00:00,k3s-w2,Ready
2026-06-29T11:27:37+00:00,k3s-s1,Ready
2026-06-29T11:27:37+00:00,k3s-s2,Ready
2026-06-29T11:27:37+00:00,k3s-s3,NotReady
2026-06-29T11:27:37+00:00,k3s-w1,Ready
2026-06-29T11:27:37+00:00,k3s-w2,Ready
2026-06-29T11:27:38+00:00,k3s-s1,Ready
2026-06-29T11:27:38+00:00,k3s-s2,Ready
2026-06-29T11:27:38+00:00,k3s-s3,NotReady
2026-06-29T11:27:38+00:00,k3s-w1,Ready
2026-06-29T11:27:38+00:00,k3s-w2,Ready
2026-06-29T11:27:39+00:00,k3s-s1,Ready
2026-06-29T11:27:39+00:00,k3s-s2,Ready
2026-06-29T11:27:39+00:00,k3s-s3,NotReady
2026-06-29T11:27:39+00:00,k3s-w1,Ready
2026-06-29T11:27:39+00:00,k3s-w2,Ready
2026-06-29T11:27:40+00:00,k3s-s1,Ready
2026-06-29T11:27:40+00:00,k3s-s2,Ready
2026-06-29T11:27:40+00:00,k3s-s3,NotReady
2026-06-29T11:27:40+00:00,k3s-w1,Ready
2026-06-29T11:27:40+00:00,k3s-w2,Ready
2026-06-29T11:27:41+00:00,k3s-s1,Ready
2026-06-29T11:27:41+00:00,k3s-s2,Ready
2026-06-29T11:27:41+00:00,k3s-s3,NotReady
2026-06-29T11:27:41+00:00,k3s-w1,Ready
2026-06-29T11:27:41+00:00,k3s-w2,Ready
2026-06-29T11:27:42+00:00,k3s-s1,Ready
2026-06-29T11:27:42+00:00,k3s-s2,Ready
2026-06-29T11:27:42+00:00,k3s-s3,NotReady
2026-06-29T11:27:42+00:00,k3s-w1,Ready
2026-06-29T11:27:42+00:00,k3s-w2,Ready
2026-06-29T11:27:43+00:00,k3s-s1,Ready
2026-06-29T11:27:43+00:00,k3s-s2,Ready
2026-06-29T11:27:43+00:00,k3s-s3,NotReady
2026-06-29T11:27:43+00:00,k3s-w1,Ready
2026-06-29T11:27:43+00:00,k3s-w2,Ready
2026-06-29T11:27:44+00:00,k3s-s1,Ready
2026-06-29T11:27:44+00:00,k3s-s2,Ready
2026-06-29T11:27:44+00:00,k3s-s3,NotReady
2026-06-29T11:27:44+00:00,k3s-w1,Ready
2026-06-29T11:27:44+00:00,k3s-w2,Ready
2026-06-29T11:27:45+00:00,k3s-s1,Ready
2026-06-29T11:27:45+00:00,k3s-s2,Ready
2026-06-29T11:27:45+00:00,k3s-s3,NotReady
2026-06-29T11:27:45+00:00,k3s-w1,Ready
2026-06-29T11:27:45+00:00,k3s-w2,Ready
2026-06-29T11:27:46+00:00,k3s-s1,Ready
2026-06-29T11:27:46+00:00,k3s-s2,Ready
2026-06-29T11:27:46+00:00,k3s-s3,NotReady
2026-06-29T11:27:46+00:00,k3s-w1,Ready
2026-06-29T11:27:46+00:00,k3s-w2,Ready
2026-06-29T11:27:47+00:00,k3s-s1,Ready
2026-06-29T11:27:47+00:00,k3s-s2,Ready
2026-06-29T11:27:47+00:00,k3s-s3,NotReady
2026-06-29T11:27:47+00:00,k3s-w1,Ready
2026-06-29T11:27:47+00:00,k3s-w2,Ready
2026-06-29T11:27:48+00:00,k3s-s1,Ready
2026-06-29T11:27:48+00:00,k3s-s2,Ready
2026-06-29T11:27:48+00:00,k3s-s3,NotReady
2026-06-29T11:27:48+00:00,k3s-w1,Ready
2026-06-29T11:27:48+00:00,k3s-w2,Ready
2026-06-29T11:27:50+00:00,k3s-s1,Ready
2026-06-29T11:27:50+00:00,k3s-s2,Ready
2026-06-29T11:27:50+00:00,k3s-s3,NotReady
2026-06-29T11:27:50+00:00,k3s-w1,Ready
2026-06-29T11:27:50+00:00,k3s-w2,Ready
2026-06-29T11:27:51+00:00,k3s-s1,Ready
2026-06-29T11:27:51+00:00,k3s-s2,Ready
2026-06-29T11:27:51+00:00,k3s-s3,NotReady
2026-06-29T11:27:51+00:00,k3s-w1,Ready
2026-06-29T11:27:51+00:00,k3s-w2,Ready
2026-06-29T11:27:52+00:00,k3s-s1,Ready
2026-06-29T11:27:52+00:00,k3s-s2,Ready
2026-06-29T11:27:52+00:00,k3s-s3,NotReady
2026-06-29T11:27:52+00:00,k3s-w1,Ready
2026-06-29T11:27:52+00:00,k3s-w2,Ready
2026-06-29T11:27:53+00:00,k3s-s1,Ready
2026-06-29T11:27:53+00:00,k3s-s2,Ready
2026-06-29T11:27:53+00:00,k3s-s3,NotReady
2026-06-29T11:27:53+00:00,k3s-w1,Ready
2026-06-29T11:27:53+00:00,k3s-w2,Ready
2026-06-29T11:27:54+00:00,k3s-s1,Ready
2026-06-29T11:27:54+00:00,k3s-s2,Ready
2026-06-29T11:27:54+00:00,k3s-s3,NotReady
2026-06-29T11:27:54+00:00,k3s-w1,Ready
2026-06-29T11:27:54+00:00,k3s-w2,Ready
2026-06-29T11:27:55+00:00,k3s-s1,Ready
2026-06-29T11:27:55+00:00,k3s-s2,Ready
2026-06-29T11:27:55+00:00,k3s-s3,NotReady
2026-06-29T11:27:55+00:00,k3s-w1,Ready
2026-06-29T11:27:55+00:00,k3s-w2,Ready
2026-06-29T11:27:56+00:00,k3s-s1,Ready
2026-06-29T11:27:56+00:00,k3s-s2,Ready
2026-06-29T11:27:56+00:00,k3s-s3,NotReady
2026-06-29T11:27:56+00:00,k3s-w1,Ready
2026-06-29T11:27:56+00:00,k3s-w2,Ready
2026-06-29T11:27:57+00:00,k3s-s1,Ready
2026-06-29T11:27:57+00:00,k3s-s2,Ready
2026-06-29T11:27:57+00:00,k3s-s3,NotReady
2026-06-29T11:27:57+00:00,k3s-w1,Ready
2026-06-29T11:27:57+00:00,k3s-w2,Ready
2026-06-29T11:27:58+00:00,k3s-s1,Ready
2026-06-29T11:27:58+00:00,k3s-s2,Ready
2026-06-29T11:27:58+00:00,k3s-s3,NotReady
2026-06-29T11:27:58+00:00,k3s-w1,Ready
2026-06-29T11:27:58+00:00,k3s-w2,Ready
2026-06-29T11:27:59+00:00,k3s-s1,Ready
2026-06-29T11:27:59+00:00,k3s-s2,Ready
2026-06-29T11:27:59+00:00,k3s-s3,NotReady
2026-06-29T11:27:59+00:00,k3s-w1,Ready
2026-06-29T11:27:59+00:00,k3s-w2,Ready
2026-06-29T11:28:00+00:00,k3s-s1,Ready
2026-06-29T11:28:00+00:00,k3s-s2,Ready
2026-06-29T11:28:00+00:00,k3s-s3,NotReady
2026-06-29T11:28:00+00:00,k3s-w1,Ready
2026-06-29T11:28:00+00:00,k3s-w2,Ready
2026-06-29T11:28:01+00:00,k3s-s1,Ready
2026-06-29T11:28:01+00:00,k3s-s2,Ready
2026-06-29T11:28:01+00:00,k3s-s3,NotReady
2026-06-29T11:28:01+00:00,k3s-w1,Ready
2026-06-29T11:28:01+00:00,k3s-w2,Ready
2026-06-29T11:28:02+00:00,k3s-s1,Ready
2026-06-29T11:28:02+00:00,k3s-s2,Ready
2026-06-29T11:28:02+00:00,k3s-s3,NotReady
2026-06-29T11:28:02+00:00,k3s-w1,Ready
2026-06-29T11:28:02+00:00,k3s-w2,Ready
2026-06-29T11:28:04+00:00,k3s-s1,Ready
2026-06-29T11:28:04+00:00,k3s-s2,Ready
2026-06-29T11:28:04+00:00,k3s-s3,NotReady
2026-06-29T11:28:04+00:00,k3s-w1,Ready
2026-06-29T11:28:04+00:00,k3s-w2,Ready
2026-06-29T11:28:05+00:00,k3s-s1,Ready
2026-06-29T11:28:05+00:00,k3s-s2,Ready
2026-06-29T11:28:05+00:00,k3s-s3,NotReady
2026-06-29T11:28:05+00:00,k3s-w1,Ready
2026-06-29T11:28:05+00:00,k3s-w2,Ready
2026-06-29T11:28:06+00:00,k3s-s1,Ready
2026-06-29T11:28:06+00:00,k3s-s2,Ready
2026-06-29T11:28:06+00:00,k3s-s3,NotReady
2026-06-29T11:28:06+00:00,k3s-w1,Ready
2026-06-29T11:28:06+00:00,k3s-w2,Ready
2026-06-29T11:28:07+00:00,k3s-s1,Ready
2026-06-29T11:28:07+00:00,k3s-s2,Ready
2026-06-29T11:28:07+00:00,k3s-s3,NotReady
2026-06-29T11:28:07+00:00,k3s-w1,Ready
2026-06-29T11:28:07+00:00,k3s-w2,Ready
2026-06-29T11:28:08+00:00,k3s-s1,Ready
2026-06-29T11:28:08+00:00,k3s-s2,Ready
2026-06-29T11:28:08+00:00,k3s-s3,NotReady
2026-06-29T11:28:08+00:00,k3s-w1,Ready
2026-06-29T11:28:08+00:00,k3s-w2,Ready
2026-06-29T11:28:09+00:00,k3s-s1,Ready
2026-06-29T11:28:09+00:00,k3s-s2,Ready
2026-06-29T11:28:09+00:00,k3s-s3,NotReady
2026-06-29T11:28:09+00:00,k3s-w1,Ready
2026-06-29T11:28:09+00:00,k3s-w2,Ready
2026-06-29T11:28:10+00:00,k3s-s1,Ready
2026-06-29T11:28:10+00:00,k3s-s2,Ready
2026-06-29T11:28:10+00:00,k3s-s3,NotReady
2026-06-29T11:28:10+00:00,k3s-w1,Ready
2026-06-29T11:28:10+00:00,k3s-w2,Ready
2026-06-29T11:28:11+00:00,k3s-s1,Ready
2026-06-29T11:28:11+00:00,k3s-s2,Ready
2026-06-29T11:28:11+00:00,k3s-s3,NotReady
2026-06-29T11:28:11+00:00,k3s-w1,Ready
2026-06-29T11:28:11+00:00,k3s-w2,Ready
2026-06-29T11:28:12+00:00,k3s-s1,Ready
2026-06-29T11:28:12+00:00,k3s-s2,Ready
2026-06-29T11:28:12+00:00,k3s-s3,NotReady
2026-06-29T11:28:12+00:00,k3s-w1,Ready
2026-06-29T11:28:12+00:00,k3s-w2,Ready
2026-06-29T11:28:13+00:00,k3s-s1,Ready
2026-06-29T11:28:13+00:00,k3s-s2,Ready
2026-06-29T11:28:13+00:00,k3s-s3,NotReady
2026-06-29T11:28:13+00:00,k3s-w1,Ready
2026-06-29T11:28:13+00:00,k3s-w2,Ready
2026-06-29T11:28:14+00:00,k3s-s1,Ready
2026-06-29T11:28:14+00:00,k3s-s2,Ready
2026-06-29T11:28:14+00:00,k3s-s3,NotReady
2026-06-29T11:28:14+00:00,k3s-w1,Ready
2026-06-29T11:28:14+00:00,k3s-w2,Ready
2026-06-29T11:28:15+00:00,k3s-s1,Ready
2026-06-29T11:28:15+00:00,k3s-s2,Ready
2026-06-29T11:28:15+00:00,k3s-s3,NotReady
2026-06-29T11:28:15+00:00,k3s-w1,Ready
2026-06-29T11:28:15+00:00,k3s-w2,Ready
2026-06-29T11:28:16+00:00,k3s-s1,Ready
2026-06-29T11:28:16+00:00,k3s-s2,Ready
2026-06-29T11:28:16+00:00,k3s-s3,NotReady
2026-06-29T11:28:16+00:00,k3s-w1,Ready
2026-06-29T11:28:16+00:00,k3s-w2,Ready
2026-06-29T11:28:17+00:00,k3s-s1,Ready
2026-06-29T11:28:17+00:00,k3s-s2,Ready
2026-06-29T11:28:17+00:00,k3s-s3,NotReady
2026-06-29T11:28:17+00:00,k3s-w1,Ready
2026-06-29T11:28:17+00:00,k3s-w2,Ready
2026-06-29T11:28:18+00:00,k3s-s1,Ready
2026-06-29T11:28:18+00:00,k3s-s2,Ready
2026-06-29T11:28:18+00:00,k3s-s3,NotReady
2026-06-29T11:28:18+00:00,k3s-w1,Ready
2026-06-29T11:28:18+00:00,k3s-w2,Ready
2026-06-29T11:28:19+00:00,k3s-s1,Ready
2026-06-29T11:28:19+00:00,k3s-s2,Ready
2026-06-29T11:28:19+00:00,k3s-s3,NotReady
2026-06-29T11:28:19+00:00,k3s-w1,Ready
2026-06-29T11:28:19+00:00,k3s-w2,Ready
2026-06-29T11:28:20+00:00,k3s-s1,Ready
2026-06-29T11:28:20+00:00,k3s-s2,Ready
2026-06-29T11:28:20+00:00,k3s-s3,NotReady
2026-06-29T11:28:20+00:00,k3s-w1,Ready
2026-06-29T11:28:20+00:00,k3s-w2,Ready
2026-06-29T11:28:21+00:00,k3s-s1,Ready
2026-06-29T11:28:21+00:00,k3s-s2,Ready
2026-06-29T11:28:21+00:00,k3s-s3,NotReady
2026-06-29T11:28:21+00:00,k3s-w1,Ready
2026-06-29T11:28:21+00:00,k3s-w2,Ready
2026-06-29T11:28:23+00:00,k3s-s1,Ready
2026-06-29T11:28:23+00:00,k3s-s2,Ready
2026-06-29T11:28:23+00:00,k3s-s3,NotReady
2026-06-29T11:28:23+00:00,k3s-w1,Ready
2026-06-29T11:28:23+00:00,k3s-w2,Ready
2026-06-29T11:28:24+00:00,k3s-s1,Ready
2026-06-29T11:28:24+00:00,k3s-s2,Ready
2026-06-29T11:28:24+00:00,k3s-s3,NotReady
2026-06-29T11:28:24+00:00,k3s-w1,Ready
2026-06-29T11:28:24+00:00,k3s-w2,Ready
2026-06-29T11:28:25+00:00,k3s-s1,Ready
2026-06-29T11:28:25+00:00,k3s-s2,Ready
2026-06-29T11:28:25+00:00,k3s-s3,NotReady
2026-06-29T11:28:25+00:00,k3s-w1,Ready
2026-06-29T11:28:25+00:00,k3s-w2,Ready
2026-06-29T11:28:26+00:00,k3s-s1,Ready
2026-06-29T11:28:26+00:00,k3s-s2,Ready
2026-06-29T11:28:26+00:00,k3s-s3,NotReady
2026-06-29T11:28:26+00:00,k3s-w1,Ready
2026-06-29T11:28:26+00:00,k3s-w2,Ready
2026-06-29T11:28:27+00:00,k3s-s1,Ready
2026-06-29T11:28:27+00:00,k3s-s2,Ready
2026-06-29T11:28:27+00:00,k3s-s3,NotReady
2026-06-29T11:28:27+00:00,k3s-w1,Ready
2026-06-29T11:28:27+00:00,k3s-w2,Ready
2026-06-29T11:28:28+00:00,k3s-s1,Ready
2026-06-29T11:28:28+00:00,k3s-s2,Ready
2026-06-29T11:28:28+00:00,k3s-s3,NotReady
2026-06-29T11:28:28+00:00,k3s-w1,Ready
2026-06-29T11:28:28+00:00,k3s-w2,Ready
2026-06-29T11:28:29+00:00,k3s-s1,Ready
2026-06-29T11:28:29+00:00,k3s-s2,Ready
2026-06-29T11:28:29+00:00,k3s-s3,NotReady
2026-06-29T11:28:29+00:00,k3s-w1,Ready
2026-06-29T11:28:29+00:00,k3s-w2,Ready
2026-06-29T11:28:30+00:00,k3s-s1,Ready
2026-06-29T11:28:30+00:00,k3s-s2,Ready
2026-06-29T11:28:30+00:00,k3s-s3,NotReady
2026-06-29T11:28:30+00:00,k3s-w1,Ready
2026-06-29T11:28:30+00:00,k3s-w2,Ready
2026-06-29T11:28:31+00:00,k3s-s1,Ready
2026-06-29T11:28:31+00:00,k3s-s2,Ready
2026-06-29T11:28:31+00:00,k3s-s3,NotReady
2026-06-29T11:28:31+00:00,k3s-w1,Ready
2026-06-29T11:28:31+00:00,k3s-w2,Ready
2026-06-29T11:28:32+00:00,k3s-s1,Ready
2026-06-29T11:28:32+00:00,k3s-s2,Ready
2026-06-29T11:28:32+00:00,k3s-s3,NotReady
2026-06-29T11:28:32+00:00,k3s-w1,Ready
2026-06-29T11:28:32+00:00,k3s-w2,Ready
2026-06-29T11:28:33+00:00,k3s-s1,Ready
2026-06-29T11:28:33+00:00,k3s-s2,Ready
2026-06-29T11:28:33+00:00,k3s-s3,NotReady
2026-06-29T11:28:33+00:00,k3s-w1,Ready
2026-06-29T11:28:33+00:00,k3s-w2,Ready
2026-06-29T11:28:34+00:00,k3s-s1,Ready
2026-06-29T11:28:34+00:00,k3s-s2,Ready
2026-06-29T11:28:34+00:00,k3s-s3,NotReady
2026-06-29T11:28:34+00:00,k3s-w1,Ready
2026-06-29T11:28:34+00:00,k3s-w2,Ready
2026-06-29T11:28:35+00:00,k3s-s1,Ready
2026-06-29T11:28:35+00:00,k3s-s2,Ready
2026-06-29T11:28:35+00:00,k3s-s3,NotReady
2026-06-29T11:28:35+00:00,k3s-w1,Ready
2026-06-29T11:28:35+00:00,k3s-w2,Ready
2026-06-29T11:28:36+00:00,k3s-s1,Ready
2026-06-29T11:28:36+00:00,k3s-s2,Ready
2026-06-29T11:28:36+00:00,k3s-s3,NotReady
2026-06-29T11:28:36+00:00,k3s-w1,Ready
2026-06-29T11:28:36+00:00,k3s-w2,Ready
2026-06-29T11:28:37+00:00,k3s-s1,Ready
2026-06-29T11:28:37+00:00,k3s-s2,Ready
2026-06-29T11:28:37+00:00,k3s-s3,NotReady
2026-06-29T11:28:37+00:00,k3s-w1,Ready
2026-06-29T11:28:37+00:00,k3s-w2,Ready
2026-06-29T11:28:38+00:00,k3s-s1,Ready
2026-06-29T11:28:38+00:00,k3s-s2,Ready
2026-06-29T11:28:38+00:00,k3s-s3,NotReady
2026-06-29T11:28:38+00:00,k3s-w1,Ready
2026-06-29T11:28:38+00:00,k3s-w2,Ready
2026-06-29T11:28:39+00:00,k3s-s1,Ready
2026-06-29T11:28:39+00:00,k3s-s2,Ready
2026-06-29T11:28:39+00:00,k3s-s3,NotReady
2026-06-29T11:28:39+00:00,k3s-w1,Ready
2026-06-29T11:28:39+00:00,k3s-w2,Ready
2026-06-29T11:28:40+00:00,k3s-s1,Ready
2026-06-29T11:28:40+00:00,k3s-s2,Ready
2026-06-29T11:28:40+00:00,k3s-s3,NotReady
2026-06-29T11:28:40+00:00,k3s-w1,Ready
2026-06-29T11:28:40+00:00,k3s-w2,Ready
2026-06-29T11:28:42+00:00,k3s-s1,Ready
2026-06-29T11:28:42+00:00,k3s-s2,Ready
2026-06-29T11:28:42+00:00,k3s-s3,NotReady
2026-06-29T11:28:42+00:00,k3s-w1,Ready
2026-06-29T11:28:42+00:00,k3s-w2,Ready
2026-06-29T11:28:43+00:00,k3s-s1,Ready
2026-06-29T11:28:43+00:00,k3s-s2,Ready
2026-06-29T11:28:43+00:00,k3s-s3,NotReady
2026-06-29T11:28:43+00:00,k3s-w1,Ready
2026-06-29T11:28:43+00:00,k3s-w2,Ready
2026-06-29T11:28:44+00:00,k3s-s1,Ready
2026-06-29T11:28:44+00:00,k3s-s2,Ready
2026-06-29T11:28:44+00:00,k3s-s3,NotReady
2026-06-29T11:28:44+00:00,k3s-w1,Ready
2026-06-29T11:28:44+00:00,k3s-w2,Ready
2026-06-29T11:28:45+00:00,k3s-s1,Ready
2026-06-29T11:28:45+00:00,k3s-s2,Ready
2026-06-29T11:28:45+00:00,k3s-s3,NotReady
2026-06-29T11:28:45+00:00,k3s-w1,Ready
2026-06-29T11:28:45+00:00,k3s-w2,Ready
2026-06-29T11:28:46+00:00,k3s-s1,Ready
2026-06-29T11:28:46+00:00,k3s-s2,Ready
2026-06-29T11:28:46+00:00,k3s-s3,NotReady
2026-06-29T11:28:46+00:00,k3s-w1,Ready
2026-06-29T11:28:46+00:00,k3s-w2,Ready
2026-06-29T11:28:47+00:00,k3s-s1,Ready
2026-06-29T11:28:47+00:00,k3s-s2,Ready
2026-06-29T11:28:47+00:00,k3s-s3,NotReady
2026-06-29T11:28:47+00:00,k3s-w1,Ready
2026-06-29T11:28:47+00:00,k3s-w2,Ready
2026-06-29T11:28:48+00:00,k3s-s1,Ready
2026-06-29T11:28:48+00:00,k3s-s2,Ready
2026-06-29T11:28:48+00:00,k3s-s3,NotReady
2026-06-29T11:28:48+00:00,k3s-w1,Ready
2026-06-29T11:28:48+00:00,k3s-w2,Ready
2026-06-29T11:28:49+00:00,k3s-s1,Ready
2026-06-29T11:28:49+00:00,k3s-s2,Ready
2026-06-29T11:28:49+00:00,k3s-s3,NotReady
2026-06-29T11:28:49+00:00,k3s-w1,Ready
2026-06-29T11:28:49+00:00,k3s-w2,Ready
2026-06-29T11:28:50+00:00,k3s-s1,Ready
2026-06-29T11:28:50+00:00,k3s-s2,Ready
2026-06-29T11:28:50+00:00,k3s-s3,NotReady
2026-06-29T11:28:50+00:00,k3s-w1,Ready
2026-06-29T11:28:50+00:00,k3s-w2,Ready
2026-06-29T11:28:51+00:00,k3s-s1,Ready
2026-06-29T11:28:51+00:00,k3s-s2,Ready
2026-06-29T11:28:51+00:00,k3s-s3,NotReady
2026-06-29T11:28:51+00:00,k3s-w1,Ready
2026-06-29T11:28:51+00:00,k3s-w2,Ready
2026-06-29T11:28:52+00:00,k3s-s1,Ready
2026-06-29T11:28:52+00:00,k3s-s2,Ready
2026-06-29T11:28:52+00:00,k3s-s3,NotReady
2026-06-29T11:28:52+00:00,k3s-w1,Ready
2026-06-29T11:28:52+00:00,k3s-w2,Ready
2026-06-29T11:28:53+00:00,k3s-s1,Ready
2026-06-29T11:28:53+00:00,k3s-s2,Ready
2026-06-29T11:28:53+00:00,k3s-s3,NotReady
2026-06-29T11:28:53+00:00,k3s-w1,Ready
2026-06-29T11:28:53+00:00,k3s-w2,Ready
2026-06-29T11:28:54+00:00,k3s-s1,Ready
2026-06-29T11:28:54+00:00,k3s-s2,Ready
2026-06-29T11:28:54+00:00,k3s-s3,NotReady
2026-06-29T11:28:54+00:00,k3s-w1,Ready
2026-06-29T11:28:54+00:00,k3s-w2,Ready
2026-06-29T11:28:55+00:00,k3s-s1,Ready
2026-06-29T11:28:55+00:00,k3s-s2,Ready
2026-06-29T11:28:55+00:00,k3s-s3,NotReady
2026-06-29T11:28:55+00:00,k3s-w1,Ready
2026-06-29T11:28:55+00:00,k3s-w2,Ready
2026-06-29T11:28:56+00:00,k3s-s1,Ready
2026-06-29T11:28:56+00:00,k3s-s2,Ready
2026-06-29T11:28:56+00:00,k3s-s3,NotReady
2026-06-29T11:28:56+00:00,k3s-w1,Ready
2026-06-29T11:28:56+00:00,k3s-w2,Ready
2026-06-29T11:28:57+00:00,k3s-s1,Ready
2026-06-29T11:28:57+00:00,k3s-s2,Ready
2026-06-29T11:28:57+00:00,k3s-s3,NotReady
2026-06-29T11:28:57+00:00,k3s-w1,Ready
2026-06-29T11:28:57+00:00,k3s-w2,Ready
2026-06-29T11:28:58+00:00,k3s-s1,Ready
2026-06-29T11:28:58+00:00,k3s-s2,Ready
2026-06-29T11:28:58+00:00,k3s-s3,NotReady
2026-06-29T11:28:58+00:00,k3s-w1,Ready
2026-06-29T11:28:58+00:00,k3s-w2,Ready
2026-06-29T11:28:59+00:00,k3s-s1,Ready
2026-06-29T11:28:59+00:00,k3s-s2,Ready
2026-06-29T11:28:59+00:00,k3s-s3,NotReady
2026-06-29T11:28:59+00:00,k3s-w1,Ready
2026-06-29T11:28:59+00:00,k3s-w2,Ready
2026-06-29T11:29:00+00:00,k3s-s1,Ready
2026-06-29T11:29:00+00:00,k3s-s2,Ready
2026-06-29T11:29:00+00:00,k3s-s3,NotReady
2026-06-29T11:29:00+00:00,k3s-w1,Ready
2026-06-29T11:29:00+00:00,k3s-w2,Ready
2026-06-29T11:29:02+00:00,k3s-s1,Ready
2026-06-29T11:29:02+00:00,k3s-s2,Ready
2026-06-29T11:29:02+00:00,k3s-s3,NotReady
2026-06-29T11:29:02+00:00,k3s-w1,Ready
2026-06-29T11:29:02+00:00,k3s-w2,Ready
2026-06-29T11:29:03+00:00,k3s-s1,Ready
2026-06-29T11:29:03+00:00,k3s-s2,Ready
2026-06-29T11:29:03+00:00,k3s-s3,NotReady
2026-06-29T11:29:03+00:00,k3s-w1,Ready
2026-06-29T11:29:03+00:00,k3s-w2,Ready
2026-06-29T11:29:04+00:00,k3s-s1,Ready
2026-06-29T11:29:04+00:00,k3s-s2,Ready
2026-06-29T11:29:04+00:00,k3s-s3,NotReady
2026-06-29T11:29:04+00:00,k3s-w1,Ready
2026-06-29T11:29:04+00:00,k3s-w2,Ready
2026-06-29T11:29:05+00:00,k3s-s1,Ready
2026-06-29T11:29:05+00:00,k3s-s2,Ready
2026-06-29T11:29:05+00:00,k3s-s3,NotReady
2026-06-29T11:29:05+00:00,k3s-w1,Ready
2026-06-29T11:29:05+00:00,k3s-w2,Ready
2026-06-29T11:29:06+00:00,k3s-s1,Ready
2026-06-29T11:29:06+00:00,k3s-s2,Ready
2026-06-29T11:29:06+00:00,k3s-s3,NotReady
2026-06-29T11:29:06+00:00,k3s-w1,Ready
2026-06-29T11:29:06+00:00,k3s-w2,Ready
2026-06-29T11:29:07+00:00,k3s-s1,Ready
2026-06-29T11:29:07+00:00,k3s-s2,Ready
2026-06-29T11:29:07+00:00,k3s-s3,NotReady
2026-06-29T11:29:07+00:00,k3s-w1,Ready
2026-06-29T11:29:07+00:00,k3s-w2,Ready
2026-06-29T11:29:08+00:00,k3s-s1,Ready
2026-06-29T11:29:08+00:00,k3s-s2,Ready
2026-06-29T11:29:08+00:00,k3s-s3,NotReady
2026-06-29T11:29:08+00:00,k3s-w1,Ready
2026-06-29T11:29:08+00:00,k3s-w2,Ready
2026-06-29T11:29:09+00:00,k3s-s1,Ready
2026-06-29T11:29:09+00:00,k3s-s2,Ready
2026-06-29T11:29:09+00:00,k3s-s3,NotReady
2026-06-29T11:29:09+00:00,k3s-w1,Ready
2026-06-29T11:29:09+00:00,k3s-w2,Ready
2026-06-29T11:29:10+00:00,k3s-s1,Ready
2026-06-29T11:29:10+00:00,k3s-s2,Ready
2026-06-29T11:29:10+00:00,k3s-s3,NotReady
2026-06-29T11:29:10+00:00,k3s-w1,Ready
2026-06-29T11:29:10+00:00,k3s-w2,Ready
2026-06-29T11:29:11+00:00,k3s-s1,Ready
2026-06-29T11:29:11+00:00,k3s-s2,Ready
2026-06-29T11:29:11+00:00,k3s-s3,NotReady
2026-06-29T11:29:11+00:00,k3s-w1,Ready
2026-06-29T11:29:11+00:00,k3s-w2,Ready
2026-06-29T11:29:12+00:00,k3s-s1,Ready
2026-06-29T11:29:12+00:00,k3s-s2,Ready
2026-06-29T11:29:12+00:00,k3s-s3,NotReady
2026-06-29T11:29:12+00:00,k3s-w1,Ready
2026-06-29T11:29:12+00:00,k3s-w2,Ready
2026-06-29T11:29:13+00:00,k3s-s1,Ready
2026-06-29T11:29:13+00:00,k3s-s2,Ready
2026-06-29T11:29:13+00:00,k3s-s3,NotReady
2026-06-29T11:29:13+00:00,k3s-w1,Ready
2026-06-29T11:29:13+00:00,k3s-w2,Ready
2026-06-29T11:29:14+00:00,k3s-s1,Ready
2026-06-29T11:29:14+00:00,k3s-s2,Ready
2026-06-29T11:29:14+00:00,k3s-s3,NotReady
2026-06-29T11:29:14+00:00,k3s-w1,Ready
2026-06-29T11:29:14+00:00,k3s-w2,Ready
2026-06-29T11:29:15+00:00,k3s-s1,Ready
2026-06-29T11:29:15+00:00,k3s-s2,Ready
2026-06-29T11:29:15+00:00,k3s-s3,NotReady
2026-06-29T11:29:15+00:00,k3s-w1,Ready
2026-06-29T11:29:15+00:00,k3s-w2,Ready
2026-06-29T11:29:16+00:00,k3s-s1,Ready
2026-06-29T11:29:16+00:00,k3s-s2,Ready
2026-06-29T11:29:16+00:00,k3s-s3,NotReady
2026-06-29T11:29:16+00:00,k3s-w1,Ready
2026-06-29T11:29:16+00:00,k3s-w2,Ready
2026-06-29T11:29:17+00:00,k3s-s1,Ready
2026-06-29T11:29:17+00:00,k3s-s2,Ready
2026-06-29T11:29:17+00:00,k3s-s3,NotReady
2026-06-29T11:29:17+00:00,k3s-w1,Ready
2026-06-29T11:29:17+00:00,k3s-w2,Ready
2026-06-29T11:29:18+00:00,k3s-s1,Ready
2026-06-29T11:29:18+00:00,k3s-s2,Ready
2026-06-29T11:29:18+00:00,k3s-s3,NotReady
2026-06-29T11:29:18+00:00,k3s-w1,Ready
2026-06-29T11:29:18+00:00,k3s-w2,Ready
2026-06-29T11:29:19+00:00,k3s-s1,Ready
2026-06-29T11:29:19+00:00,k3s-s2,Ready
2026-06-29T11:29:19+00:00,k3s-s3,NotReady
2026-06-29T11:29:19+00:00,k3s-w1,Ready
2026-06-29T11:29:19+00:00,k3s-w2,Ready
2026-06-29T11:29:20+00:00,k3s-s1,Ready
2026-06-29T11:29:20+00:00,k3s-s2,Ready
2026-06-29T11:29:20+00:00,k3s-s3,NotReady
2026-06-29T11:29:20+00:00,k3s-w1,Ready
2026-06-29T11:29:20+00:00,k3s-w2,Ready
2026-06-29T11:29:22+00:00,k3s-s1,Ready
2026-06-29T11:29:22+00:00,k3s-s2,Ready
2026-06-29T11:29:22+00:00,k3s-s3,NotReady
2026-06-29T11:29:22+00:00,k3s-w1,Ready
2026-06-29T11:29:22+00:00,k3s-w2,Ready
2026-06-29T11:29:23+00:00,k3s-s1,Ready
2026-06-29T11:29:23+00:00,k3s-s2,Ready
2026-06-29T11:29:23+00:00,k3s-s3,NotReady
2026-06-29T11:29:23+00:00,k3s-w1,Ready
2026-06-29T11:29:23+00:00,k3s-w2,Ready
2026-06-29T11:29:24+00:00,k3s-s1,Ready
2026-06-29T11:29:24+00:00,k3s-s2,Ready
2026-06-29T11:29:24+00:00,k3s-s3,NotReady
2026-06-29T11:29:24+00:00,k3s-w1,Ready
2026-06-29T11:29:24+00:00,k3s-w2,Ready
2026-06-29T11:29:25+00:00,k3s-s1,Ready
2026-06-29T11:29:25+00:00,k3s-s2,Ready
2026-06-29T11:29:25+00:00,k3s-s3,NotReady
2026-06-29T11:29:25+00:00,k3s-w1,Ready
2026-06-29T11:29:25+00:00,k3s-w2,Ready
2026-06-29T11:29:26+00:00,k3s-s1,Ready
2026-06-29T11:29:26+00:00,k3s-s2,Ready
2026-06-29T11:29:26+00:00,k3s-s3,NotReady
2026-06-29T11:29:26+00:00,k3s-w1,Ready
2026-06-29T11:29:26+00:00,k3s-w2,Ready
2026-06-29T11:29:27+00:00,k3s-s1,Ready
2026-06-29T11:29:27+00:00,k3s-s2,Ready
2026-06-29T11:29:27+00:00,k3s-s3,NotReady
2026-06-29T11:29:27+00:00,k3s-w1,Ready
2026-06-29T11:29:27+00:00,k3s-w2,Ready
2026-06-29T11:29:28+00:00,k3s-s1,Ready
2026-06-29T11:29:28+00:00,k3s-s2,Ready
2026-06-29T11:29:28+00:00,k3s-s3,NotReady
2026-06-29T11:29:28+00:00,k3s-w1,Ready
2026-06-29T11:29:28+00:00,k3s-w2,Ready
2026-06-29T11:29:29+00:00,k3s-s1,Ready
2026-06-29T11:29:29+00:00,k3s-s2,Ready
2026-06-29T11:29:29+00:00,k3s-s3,NotReady
2026-06-29T11:29:29+00:00,k3s-w1,Ready
2026-06-29T11:29:29+00:00,k3s-w2,Ready
2026-06-29T11:29:30+00:00,k3s-s1,Ready
2026-06-29T11:29:30+00:00,k3s-s2,Ready
2026-06-29T11:29:30+00:00,k3s-s3,NotReady
2026-06-29T11:29:30+00:00,k3s-w1,Ready
2026-06-29T11:29:30+00:00,k3s-w2,Ready
2026-06-29T11:29:31+00:00,k3s-s1,Ready
2026-06-29T11:29:31+00:00,k3s-s2,Ready
2026-06-29T11:29:31+00:00,k3s-s3,NotReady
2026-06-29T11:29:31+00:00,k3s-w1,Ready
2026-06-29T11:29:31+00:00,k3s-w2,Ready
2026-06-29T11:29:32+00:00,k3s-s1,Ready
2026-06-29T11:29:32+00:00,k3s-s2,Ready
2026-06-29T11:29:32+00:00,k3s-s3,NotReady
2026-06-29T11:29:32+00:00,k3s-w1,Ready
2026-06-29T11:29:32+00:00,k3s-w2,Ready
2026-06-29T11:29:33+00:00,k3s-s1,Ready
2026-06-29T11:29:33+00:00,k3s-s2,Ready
2026-06-29T11:29:33+00:00,k3s-s3,NotReady
2026-06-29T11:29:33+00:00,k3s-w1,Ready
2026-06-29T11:29:33+00:00,k3s-w2,Ready
2026-06-29T11:29:34+00:00,k3s-s1,Ready
2026-06-29T11:29:34+00:00,k3s-s2,Ready
2026-06-29T11:29:34+00:00,k3s-s3,NotReady
2026-06-29T11:29:34+00:00,k3s-w1,Ready
2026-06-29T11:29:34+00:00,k3s-w2,Ready
2026-06-29T11:29:35+00:00,k3s-s1,Ready
2026-06-29T11:29:35+00:00,k3s-s2,Ready
2026-06-29T11:29:35+00:00,k3s-s3,NotReady
2026-06-29T11:29:35+00:00,k3s-w1,Ready
2026-06-29T11:29:35+00:00,k3s-w2,Ready
2026-06-29T11:29:36+00:00,k3s-s1,Ready
2026-06-29T11:29:36+00:00,k3s-s2,Ready
2026-06-29T11:29:36+00:00,k3s-s3,NotReady
2026-06-29T11:29:36+00:00,k3s-w1,Ready
2026-06-29T11:29:36+00:00,k3s-w2,Ready
2026-06-29T11:29:37+00:00,k3s-s1,Ready
2026-06-29T11:29:37+00:00,k3s-s2,Ready
2026-06-29T11:29:37+00:00,k3s-s3,NotReady
2026-06-29T11:29:37+00:00,k3s-w1,Ready
2026-06-29T11:29:37+00:00,k3s-w2,Ready
2026-06-29T11:29:38+00:00,k3s-s1,Ready
2026-06-29T11:29:38+00:00,k3s-s2,Ready
2026-06-29T11:29:38+00:00,k3s-s3,NotReady
2026-06-29T11:29:38+00:00,k3s-w1,Ready
2026-06-29T11:29:38+00:00,k3s-w2,Ready
2026-06-29T11:29:39+00:00,k3s-s1,Ready
2026-06-29T11:29:39+00:00,k3s-s2,Ready
2026-06-29T11:29:39+00:00,k3s-s3,NotReady
2026-06-29T11:29:39+00:00,k3s-w1,Ready
2026-06-29T11:29:39+00:00,k3s-w2,Ready
2026-06-29T11:29:40+00:00,k3s-s1,Ready
2026-06-29T11:29:40+00:00,k3s-s2,Ready
2026-06-29T11:29:40+00:00,k3s-s3,NotReady
2026-06-29T11:29:40+00:00,k3s-w1,Ready
2026-06-29T11:29:40+00:00,k3s-w2,Ready
2026-06-29T11:29:42+00:00,k3s-s1,Ready
2026-06-29T11:29:42+00:00,k3s-s2,Ready
2026-06-29T11:29:42+00:00,k3s-s3,NotReady
2026-06-29T11:29:42+00:00,k3s-w1,Ready
2026-06-29T11:29:42+00:00,k3s-w2,Ready
2026-06-29T11:29:43+00:00,k3s-s1,Ready
2026-06-29T11:29:43+00:00,k3s-s2,Ready
2026-06-29T11:29:43+00:00,k3s-s3,NotReady
2026-06-29T11:29:43+00:00,k3s-w1,Ready
2026-06-29T11:29:43+00:00,k3s-w2,Ready
2026-06-29T11:29:44+00:00,k3s-s1,Ready
2026-06-29T11:29:44+00:00,k3s-s2,Ready
2026-06-29T11:29:44+00:00,k3s-s3,NotReady
2026-06-29T11:29:44+00:00,k3s-w1,Ready
2026-06-29T11:29:44+00:00,k3s-w2,Ready
2026-06-29T11:29:45+00:00,k3s-s1,Ready
2026-06-29T11:29:45+00:00,k3s-s2,Ready
2026-06-29T11:29:45+00:00,k3s-s3,NotReady
2026-06-29T11:29:45+00:00,k3s-w1,Ready
2026-06-29T11:29:45+00:00,k3s-w2,Ready
2026-06-29T11:29:46+00:00,k3s-s1,Ready
2026-06-29T11:29:46+00:00,k3s-s2,Ready
2026-06-29T11:29:46+00:00,k3s-s3,NotReady
2026-06-29T11:29:46+00:00,k3s-w1,Ready
2026-06-29T11:29:46+00:00,k3s-w2,Ready
2026-06-29T11:29:47+00:00,k3s-s1,Ready
2026-06-29T11:29:47+00:00,k3s-s2,Ready
2026-06-29T11:29:47+00:00,k3s-s3,NotReady
2026-06-29T11:29:47+00:00,k3s-w1,Ready
2026-06-29T11:29:47+00:00,k3s-w2,Ready
2026-06-29T11:29:48+00:00,k3s-s1,Ready
2026-06-29T11:29:48+00:00,k3s-s2,Ready
2026-06-29T11:29:48+00:00,k3s-s3,NotReady
2026-06-29T11:29:48+00:00,k3s-w1,Ready
2026-06-29T11:29:48+00:00,k3s-w2,Ready
2026-06-29T11:29:49+00:00,k3s-s1,Ready
2026-06-29T11:29:49+00:00,k3s-s2,Ready
2026-06-29T11:29:49+00:00,k3s-s3,NotReady
2026-06-29T11:29:49+00:00,k3s-w1,Ready
2026-06-29T11:29:49+00:00,k3s-w2,Ready
2026-06-29T11:29:50+00:00,k3s-s1,Ready
2026-06-29T11:29:50+00:00,k3s-s2,Ready
2026-06-29T11:29:50+00:00,k3s-s3,NotReady
2026-06-29T11:29:50+00:00,k3s-w1,Ready
2026-06-29T11:29:50+00:00,k3s-w2,Ready
2026-06-29T11:29:51+00:00,k3s-s1,Ready
2026-06-29T11:29:51+00:00,k3s-s2,Ready
2026-06-29T11:29:51+00:00,k3s-s3,NotReady
2026-06-29T11:29:51+00:00,k3s-w1,Ready
2026-06-29T11:29:51+00:00,k3s-w2,Ready
2026-06-29T11:29:52+00:00,k3s-s1,Ready
2026-06-29T11:29:52+00:00,k3s-s2,Ready
2026-06-29T11:29:52+00:00,k3s-s3,NotReady
2026-06-29T11:29:52+00:00,k3s-w1,Ready
2026-06-29T11:29:52+00:00,k3s-w2,Ready
2026-06-29T11:29:53+00:00,k3s-s1,Ready
2026-06-29T11:29:53+00:00,k3s-s2,Ready
2026-06-29T11:29:53+00:00,k3s-s3,NotReady
2026-06-29T11:29:53+00:00,k3s-w1,Ready
2026-06-29T11:29:53+00:00,k3s-w2,Ready
2026-06-29T11:29:54+00:00,k3s-s1,Ready
2026-06-29T11:29:54+00:00,k3s-s2,Ready
2026-06-29T11:29:54+00:00,k3s-s3,NotReady
2026-06-29T11:29:54+00:00,k3s-w1,Ready
2026-06-29T11:29:54+00:00,k3s-w2,Ready
2026-06-29T11:29:55+00:00,k3s-s1,Ready
2026-06-29T11:29:55+00:00,k3s-s2,Ready
2026-06-29T11:29:55+00:00,k3s-s3,NotReady
2026-06-29T11:29:55+00:00,k3s-w1,Ready
2026-06-29T11:29:55+00:00,k3s-w2,Ready
2026-06-29T11:29:56+00:00,k3s-s1,Ready
2026-06-29T11:29:56+00:00,k3s-s2,Ready
2026-06-29T11:29:56+00:00,k3s-s3,NotReady
2026-06-29T11:29:56+00:00,k3s-w1,Ready
2026-06-29T11:29:56+00:00,k3s-w2,Ready
2026-06-29T11:29:57+00:00,k3s-s1,Ready
2026-06-29T11:29:57+00:00,k3s-s2,Ready
2026-06-29T11:29:57+00:00,k3s-s3,NotReady
2026-06-29T11:29:57+00:00,k3s-w1,Ready
2026-06-29T11:29:57+00:00,k3s-w2,Ready
2026-06-29T11:29:58+00:00,k3s-s1,Ready
2026-06-29T11:29:58+00:00,k3s-s2,Ready
2026-06-29T11:29:58+00:00,k3s-s3,NotReady
2026-06-29T11:29:58+00:00,k3s-w1,Ready
2026-06-29T11:29:58+00:00,k3s-w2,Ready
2026-06-29T11:29:59+00:00,k3s-s1,Ready
2026-06-29T11:29:59+00:00,k3s-s2,Ready
2026-06-29T11:29:59+00:00,k3s-s3,NotReady
2026-06-29T11:29:59+00:00,k3s-w1,Ready
2026-06-29T11:29:59+00:00,k3s-w2,Ready
2026-06-29T11:30:00+00:00,k3s-s1,Ready
2026-06-29T11:30:00+00:00,k3s-s2,Ready
2026-06-29T11:30:00+00:00,k3s-s3,NotReady
2026-06-29T11:30:00+00:00,k3s-w1,Ready
2026-06-29T11:30:00+00:00,k3s-w2,Ready
2026-06-29T11:30:02+00:00,k3s-s1,Ready
2026-06-29T11:30:02+00:00,k3s-s2,Ready
2026-06-29T11:30:02+00:00,k3s-s3,NotReady
2026-06-29T11:30:02+00:00,k3s-w1,Ready
2026-06-29T11:30:02+00:00,k3s-w2,Ready
2026-06-29T11:30:03+00:00,k3s-s1,Ready
2026-06-29T11:30:03+00:00,k3s-s2,Ready
2026-06-29T11:30:03+00:00,k3s-s3,NotReady
2026-06-29T11:30:03+00:00,k3s-w1,Ready
2026-06-29T11:30:03+00:00,k3s-w2,Ready
2026-06-29T11:30:04+00:00,k3s-s1,Ready
2026-06-29T11:30:04+00:00,k3s-s2,Ready
2026-06-29T11:30:04+00:00,k3s-s3,NotReady
2026-06-29T11:30:04+00:00,k3s-w1,Ready
2026-06-29T11:30:04+00:00,k3s-w2,Ready
2026-06-29T11:30:05+00:00,k3s-s1,Ready
2026-06-29T11:30:05+00:00,k3s-s2,Ready
2026-06-29T11:30:05+00:00,k3s-s3,NotReady
2026-06-29T11:30:05+00:00,k3s-w1,Ready
2026-06-29T11:30:05+00:00,k3s-w2,Ready
2026-06-29T11:30:06+00:00,k3s-s1,Ready
2026-06-29T11:30:06+00:00,k3s-s2,Ready
2026-06-29T11:30:06+00:00,k3s-s3,NotReady
2026-06-29T11:30:06+00:00,k3s-w1,Ready
2026-06-29T11:30:06+00:00,k3s-w2,Ready
2026-06-29T11:30:07+00:00,k3s-s1,Ready
2026-06-29T11:30:07+00:00,k3s-s2,Ready
2026-06-29T11:30:07+00:00,k3s-s3,NotReady
2026-06-29T11:30:07+00:00,k3s-w1,Ready
2026-06-29T11:30:07+00:00,k3s-w2,Ready
2026-06-29T11:30:08+00:00,k3s-s1,Ready
2026-06-29T11:30:08+00:00,k3s-s2,Ready
2026-06-29T11:30:08+00:00,k3s-s3,NotReady
2026-06-29T11:30:08+00:00,k3s-w1,Ready
2026-06-29T11:30:08+00:00,k3s-w2,Ready
2026-06-29T11:30:09+00:00,k3s-s1,Ready
2026-06-29T11:30:09+00:00,k3s-s2,Ready
2026-06-29T11:30:09+00:00,k3s-s3,NotReady
2026-06-29T11:30:09+00:00,k3s-w1,Ready
2026-06-29T11:30:09+00:00,k3s-w2,Ready
2026-06-29T11:30:10+00:00,k3s-s1,Ready
2026-06-29T11:30:10+00:00,k3s-s2,Ready
2026-06-29T11:30:10+00:00,k3s-s3,NotReady
2026-06-29T11:30:10+00:00,k3s-w1,Ready
2026-06-29T11:30:10+00:00,k3s-w2,Ready
2026-06-29T11:30:11+00:00,k3s-s1,Ready
2026-06-29T11:30:11+00:00,k3s-s2,Ready
2026-06-29T11:30:11+00:00,k3s-s3,NotReady
2026-06-29T11:30:11+00:00,k3s-w1,Ready
2026-06-29T11:30:11+00:00,k3s-w2,Ready
2026-06-29T11:30:12+00:00,k3s-s1,Ready
2026-06-29T11:30:12+00:00,k3s-s2,Ready
2026-06-29T11:30:12+00:00,k3s-s3,NotReady
2026-06-29T11:30:12+00:00,k3s-w1,Ready
2026-06-29T11:30:12+00:00,k3s-w2,Ready
2026-06-29T11:30:13+00:00,k3s-s1,Ready
2026-06-29T11:30:13+00:00,k3s-s2,Ready
2026-06-29T11:30:13+00:00,k3s-s3,NotReady
2026-06-29T11:30:13+00:00,k3s-w1,Ready
2026-06-29T11:30:13+00:00,k3s-w2,Ready
2026-06-29T11:30:14+00:00,k3s-s1,Ready
2026-06-29T11:30:14+00:00,k3s-s2,Ready
2026-06-29T11:30:14+00:00,k3s-s3,NotReady
2026-06-29T11:30:14+00:00,k3s-w1,Ready
2026-06-29T11:30:14+00:00,k3s-w2,Ready
2026-06-29T11:30:15+00:00,k3s-s1,Ready
2026-06-29T11:30:15+00:00,k3s-s2,Ready
2026-06-29T11:30:15+00:00,k3s-s3,NotReady
2026-06-29T11:30:15+00:00,k3s-w1,Ready
2026-06-29T11:30:15+00:00,k3s-w2,Ready
2026-06-29T11:30:16+00:00,k3s-s1,Ready
2026-06-29T11:30:16+00:00,k3s-s2,Ready
2026-06-29T11:30:16+00:00,k3s-s3,NotReady
2026-06-29T11:30:16+00:00,k3s-w1,Ready
2026-06-29T11:30:16+00:00,k3s-w2,Ready
2026-06-29T11:30:17+00:00,k3s-s1,Ready
2026-06-29T11:30:17+00:00,k3s-s2,Ready
2026-06-29T11:30:17+00:00,k3s-s3,NotReady
2026-06-29T11:30:17+00:00,k3s-w1,Ready
2026-06-29T11:30:17+00:00,k3s-w2,Ready
2026-06-29T11:30:18+00:00,k3s-s1,Ready
2026-06-29T11:30:18+00:00,k3s-s2,Ready
2026-06-29T11:30:18+00:00,k3s-s3,NotReady
2026-06-29T11:30:18+00:00,k3s-w1,Ready
2026-06-29T11:30:18+00:00,k3s-w2,Ready
2026-06-29T11:30:19+00:00,k3s-s1,Ready
2026-06-29T11:30:19+00:00,k3s-s2,Ready
2026-06-29T11:30:19+00:00,k3s-s3,NotReady
2026-06-29T11:30:19+00:00,k3s-w1,Ready
2026-06-29T11:30:19+00:00,k3s-w2,Ready
2026-06-29T11:30:20+00:00,k3s-s1,Ready
2026-06-29T11:30:20+00:00,k3s-s2,Ready
2026-06-29T11:30:20+00:00,k3s-s3,NotReady
2026-06-29T11:30:20+00:00,k3s-w1,Ready
2026-06-29T11:30:20+00:00,k3s-w2,Ready
2026-06-29T11:30:22+00:00,k3s-s1,Ready
2026-06-29T11:30:22+00:00,k3s-s2,Ready
2026-06-29T11:30:22+00:00,k3s-s3,NotReady
2026-06-29T11:30:22+00:00,k3s-w1,Ready
2026-06-29T11:30:22+00:00,k3s-w2,Ready
2026-06-29T11:30:23+00:00,k3s-s1,Ready
2026-06-29T11:30:23+00:00,k3s-s2,Ready
2026-06-29T11:30:23+00:00,k3s-s3,NotReady
2026-06-29T11:30:23+00:00,k3s-w1,Ready
2026-06-29T11:30:23+00:00,k3s-w2,Ready
2026-06-29T11:30:24+00:00,k3s-s1,Ready
2026-06-29T11:30:24+00:00,k3s-s2,Ready
2026-06-29T11:30:24+00:00,k3s-s3,NotReady
2026-06-29T11:30:24+00:00,k3s-w1,Ready
2026-06-29T11:30:24+00:00,k3s-w2,Ready
2026-06-29T11:30:25+00:00,k3s-s1,Ready
2026-06-29T11:30:25+00:00,k3s-s2,Ready
2026-06-29T11:30:25+00:00,k3s-s3,NotReady
2026-06-29T11:30:25+00:00,k3s-w1,Ready
2026-06-29T11:30:25+00:00,k3s-w2,Ready
2026-06-29T11:30:26+00:00,k3s-s1,Ready
2026-06-29T11:30:26+00:00,k3s-s2,Ready
2026-06-29T11:30:26+00:00,k3s-s3,NotReady
2026-06-29T11:30:26+00:00,k3s-w1,Ready
2026-06-29T11:30:26+00:00,k3s-w2,Ready
2026-06-29T11:30:27+00:00,k3s-s1,Ready
2026-06-29T11:30:27+00:00,k3s-s2,Ready
2026-06-29T11:30:27+00:00,k3s-s3,NotReady
2026-06-29T11:30:27+00:00,k3s-w1,Ready
2026-06-29T11:30:27+00:00,k3s-w2,Ready
2026-06-29T11:30:28+00:00,k3s-s1,Ready
2026-06-29T11:30:28+00:00,k3s-s2,Ready
2026-06-29T11:30:28+00:00,k3s-s3,NotReady
2026-06-29T11:30:28+00:00,k3s-w1,Ready
2026-06-29T11:30:28+00:00,k3s-w2,Ready
2026-06-29T11:30:29+00:00,k3s-s1,Ready
2026-06-29T11:30:29+00:00,k3s-s2,Ready
2026-06-29T11:30:29+00:00,k3s-s3,NotReady
2026-06-29T11:30:29+00:00,k3s-w1,Ready
2026-06-29T11:30:29+00:00,k3s-w2,Ready
2026-06-29T11:30:30+00:00,k3s-s1,Ready
2026-06-29T11:30:30+00:00,k3s-s2,Ready
2026-06-29T11:30:30+00:00,k3s-s3,NotReady
2026-06-29T11:30:30+00:00,k3s-w1,Ready
2026-06-29T11:30:30+00:00,k3s-w2,Ready
2026-06-29T11:30:31+00:00,k3s-s1,Ready
2026-06-29T11:30:31+00:00,k3s-s2,Ready
2026-06-29T11:30:31+00:00,k3s-s3,NotReady
2026-06-29T11:30:31+00:00,k3s-w1,Ready
2026-06-29T11:30:31+00:00,k3s-w2,Ready
2026-06-29T11:30:32+00:00,k3s-s1,Ready
2026-06-29T11:30:32+00:00,k3s-s2,Ready
2026-06-29T11:30:32+00:00,k3s-s3,NotReady
2026-06-29T11:30:32+00:00,k3s-w1,Ready
2026-06-29T11:30:32+00:00,k3s-w2,Ready
2026-06-29T11:30:33+00:00,k3s-s1,Ready
2026-06-29T11:30:33+00:00,k3s-s2,Ready
2026-06-29T11:30:33+00:00,k3s-s3,NotReady
2026-06-29T11:30:33+00:00,k3s-w1,Ready
2026-06-29T11:30:33+00:00,k3s-w2,Ready
2026-06-29T11:30:34+00:00,k3s-s1,Ready
2026-06-29T11:30:34+00:00,k3s-s2,Ready
2026-06-29T11:30:34+00:00,k3s-s3,NotReady
2026-06-29T11:30:34+00:00,k3s-w1,Ready
2026-06-29T11:30:34+00:00,k3s-w2,Ready
2026-06-29T11:30:35+00:00,k3s-s1,Ready
2026-06-29T11:30:35+00:00,k3s-s2,Ready
2026-06-29T11:30:35+00:00,k3s-s3,NotReady
2026-06-29T11:30:35+00:00,k3s-w1,Ready
2026-06-29T11:30:35+00:00,k3s-w2,Ready
2026-06-29T11:30:36+00:00,k3s-s1,Ready
2026-06-29T11:30:36+00:00,k3s-s2,Ready
2026-06-29T11:30:36+00:00,k3s-s3,NotReady
2026-06-29T11:30:36+00:00,k3s-w1,Ready
2026-06-29T11:30:36+00:00,k3s-w2,Ready
2026-06-29T11:30:37+00:00,k3s-s1,Ready
2026-06-29T11:30:37+00:00,k3s-s2,Ready
2026-06-29T11:30:37+00:00,k3s-s3,NotReady
2026-06-29T11:30:37+00:00,k3s-w1,Ready
2026-06-29T11:30:37+00:00,k3s-w2,Ready
2026-06-29T11:30:38+00:00,k3s-s1,Ready
2026-06-29T11:30:38+00:00,k3s-s2,Ready
2026-06-29T11:30:38+00:00,k3s-s3,NotReady
2026-06-29T11:30:38+00:00,k3s-w1,Ready
2026-06-29T11:30:38+00:00,k3s-w2,Ready
2026-06-29T11:30:39+00:00,k3s-s1,Ready
2026-06-29T11:30:39+00:00,k3s-s2,Ready
2026-06-29T11:30:39+00:00,k3s-s3,NotReady
2026-06-29T11:30:39+00:00,k3s-w1,Ready
2026-06-29T11:30:39+00:00,k3s-w2,Ready
2026-06-29T11:30:40+00:00,k3s-s1,Ready
2026-06-29T11:30:40+00:00,k3s-s2,Ready
2026-06-29T11:30:40+00:00,k3s-s3,NotReady
2026-06-29T11:30:40+00:00,k3s-w1,Ready
2026-06-29T11:30:40+00:00,k3s-w2,Ready
2026-06-29T11:30:42+00:00,k3s-s1,Ready
2026-06-29T11:30:42+00:00,k3s-s2,Ready
2026-06-29T11:30:42+00:00,k3s-s3,NotReady
2026-06-29T11:30:42+00:00,k3s-w1,Ready
2026-06-29T11:30:42+00:00,k3s-w2,Ready
2026-06-29T11:30:43+00:00,k3s-s1,Ready
2026-06-29T11:30:43+00:00,k3s-s2,Ready
2026-06-29T11:30:43+00:00,k3s-s3,NotReady
2026-06-29T11:30:43+00:00,k3s-w1,Ready
2026-06-29T11:30:43+00:00,k3s-w2,Ready
2026-06-29T11:30:44+00:00,k3s-s1,Ready
2026-06-29T11:30:44+00:00,k3s-s2,Ready
2026-06-29T11:30:44+00:00,k3s-s3,NotReady
2026-06-29T11:30:44+00:00,k3s-w1,Ready
2026-06-29T11:30:44+00:00,k3s-w2,Ready
2026-06-29T11:30:45+00:00,k3s-s1,Ready
2026-06-29T11:30:45+00:00,k3s-s2,Ready
2026-06-29T11:30:45+00:00,k3s-s3,NotReady
2026-06-29T11:30:45+00:00,k3s-w1,Ready
2026-06-29T11:30:45+00:00,k3s-w2,Ready
2026-06-29T11:30:46+00:00,k3s-s1,Ready
2026-06-29T11:30:46+00:00,k3s-s2,Ready
2026-06-29T11:30:46+00:00,k3s-s3,NotReady
2026-06-29T11:30:46+00:00,k3s-w1,Ready
2026-06-29T11:30:46+00:00,k3s-w2,Ready
2026-06-29T11:30:47+00:00,k3s-s1,Ready
2026-06-29T11:30:47+00:00,k3s-s2,Ready
2026-06-29T11:30:47+00:00,k3s-s3,NotReady
2026-06-29T11:30:47+00:00,k3s-w1,Ready
2026-06-29T11:30:47+00:00,k3s-w2,Ready
2026-06-29T11:30:48+00:00,k3s-s1,Ready
2026-06-29T11:30:48+00:00,k3s-s2,Ready
2026-06-29T11:30:48+00:00,k3s-s3,NotReady
2026-06-29T11:30:48+00:00,k3s-w1,Ready
2026-06-29T11:30:48+00:00,k3s-w2,Ready
2026-06-29T11:30:49+00:00,k3s-s1,Ready
2026-06-29T11:30:49+00:00,k3s-s2,Ready
2026-06-29T11:30:49+00:00,k3s-s3,NotReady
2026-06-29T11:30:49+00:00,k3s-w1,Ready
2026-06-29T11:30:49+00:00,k3s-w2,Ready
2026-06-29T11:30:50+00:00,k3s-s1,Ready
2026-06-29T11:30:50+00:00,k3s-s2,Ready
2026-06-29T11:30:50+00:00,k3s-s3,NotReady
2026-06-29T11:30:50+00:00,k3s-w1,Ready
2026-06-29T11:30:50+00:00,k3s-w2,Ready
2026-06-29T11:30:51+00:00,k3s-s1,Ready
2026-06-29T11:30:51+00:00,k3s-s2,Ready
2026-06-29T11:30:51+00:00,k3s-s3,NotReady
2026-06-29T11:30:51+00:00,k3s-w1,Ready
2026-06-29T11:30:51+00:00,k3s-w2,Ready
2026-06-29T11:30:52+00:00,k3s-s1,Ready
2026-06-29T11:30:52+00:00,k3s-s2,Ready
2026-06-29T11:30:52+00:00,k3s-s3,NotReady
2026-06-29T11:30:52+00:00,k3s-w1,Ready
2026-06-29T11:30:52+00:00,k3s-w2,Ready
2026-06-29T11:30:53+00:00,k3s-s1,Ready
2026-06-29T11:30:53+00:00,k3s-s2,Ready
2026-06-29T11:30:53+00:00,k3s-s3,NotReady
2026-06-29T11:30:53+00:00,k3s-w1,Ready
2026-06-29T11:30:53+00:00,k3s-w2,Ready
2026-06-29T11:30:54+00:00,k3s-s1,Ready
2026-06-29T11:30:54+00:00,k3s-s2,Ready
2026-06-29T11:30:54+00:00,k3s-s3,NotReady
2026-06-29T11:30:54+00:00,k3s-w1,Ready
2026-06-29T11:30:54+00:00,k3s-w2,Ready
2026-06-29T11:30:55+00:00,k3s-s1,Ready
2026-06-29T11:30:55+00:00,k3s-s2,Ready
2026-06-29T11:30:55+00:00,k3s-s3,NotReady
2026-06-29T11:30:55+00:00,k3s-w1,Ready
2026-06-29T11:30:55+00:00,k3s-w2,Ready
2026-06-29T11:30:56+00:00,k3s-s1,Ready
2026-06-29T11:30:56+00:00,k3s-s2,Ready
2026-06-29T11:30:56+00:00,k3s-s3,NotReady
2026-06-29T11:30:56+00:00,k3s-w1,Ready
2026-06-29T11:30:56+00:00,k3s-w2,Ready
2026-06-29T11:30:57+00:00,k3s-s1,Ready
2026-06-29T11:30:57+00:00,k3s-s2,Ready
2026-06-29T11:30:57+00:00,k3s-s3,NotReady
2026-06-29T11:30:57+00:00,k3s-w1,Ready
2026-06-29T11:30:57+00:00,k3s-w2,Ready
2026-06-29T11:30:58+00:00,k3s-s1,Ready
2026-06-29T11:30:58+00:00,k3s-s2,Ready
2026-06-29T11:30:58+00:00,k3s-s3,NotReady
2026-06-29T11:30:58+00:00,k3s-w1,Ready
2026-06-29T11:30:58+00:00,k3s-w2,Ready
2026-06-29T11:30:59+00:00,k3s-s1,Ready
2026-06-29T11:30:59+00:00,k3s-s2,Ready
2026-06-29T11:30:59+00:00,k3s-s3,NotReady
2026-06-29T11:30:59+00:00,k3s-w1,Ready
2026-06-29T11:30:59+00:00,k3s-w2,Ready
2026-06-29T11:31:00+00:00,k3s-s1,Ready
2026-06-29T11:31:00+00:00,k3s-s2,Ready
2026-06-29T11:31:00+00:00,k3s-s3,NotReady
2026-06-29T11:31:00+00:00,k3s-w1,Ready
2026-06-29T11:31:00+00:00,k3s-w2,Ready
2026-06-29T11:31:02+00:00,k3s-s1,Ready
2026-06-29T11:31:02+00:00,k3s-s2,Ready
2026-06-29T11:31:02+00:00,k3s-s3,NotReady
2026-06-29T11:31:02+00:00,k3s-w1,Ready
2026-06-29T11:31:02+00:00,k3s-w2,Ready
2026-06-29T11:31:03+00:00,k3s-s1,Ready
2026-06-29T11:31:03+00:00,k3s-s2,Ready
2026-06-29T11:31:03+00:00,k3s-s3,NotReady
2026-06-29T11:31:03+00:00,k3s-w1,Ready
2026-06-29T11:31:03+00:00,k3s-w2,Ready
2026-06-29T11:31:04+00:00,k3s-s1,Ready
2026-06-29T11:31:04+00:00,k3s-s2,Ready
2026-06-29T11:31:04+00:00,k3s-s3,NotReady
2026-06-29T11:31:04+00:00,k3s-w1,Ready
2026-06-29T11:31:04+00:00,k3s-w2,Ready
2026-06-29T11:31:05+00:00,k3s-s1,Ready
2026-06-29T11:31:05+00:00,k3s-s2,Ready
2026-06-29T11:31:05+00:00,k3s-s3,NotReady
2026-06-29T11:31:05+00:00,k3s-w1,Ready
2026-06-29T11:31:05+00:00,k3s-w2,Ready
2026-06-29T11:31:06+00:00,k3s-s1,Ready
2026-06-29T11:31:06+00:00,k3s-s2,Ready
2026-06-29T11:31:06+00:00,k3s-s3,NotReady
2026-06-29T11:31:06+00:00,k3s-w1,Ready
2026-06-29T11:31:06+00:00,k3s-w2,Ready
2026-06-29T11:31:07+00:00,k3s-s1,Ready
2026-06-29T11:31:07+00:00,k3s-s2,Ready
2026-06-29T11:31:07+00:00,k3s-s3,NotReady
2026-06-29T11:31:07+00:00,k3s-w1,Ready
2026-06-29T11:31:07+00:00,k3s-w2,Ready
2026-06-29T11:31:08+00:00,k3s-s1,Ready
2026-06-29T11:31:08+00:00,k3s-s2,Ready
2026-06-29T11:31:08+00:00,k3s-s3,NotReady
2026-06-29T11:31:08+00:00,k3s-w1,Ready
2026-06-29T11:31:08+00:00,k3s-w2,Ready
2026-06-29T11:31:09+00:00,k3s-s1,Ready
2026-06-29T11:31:09+00:00,k3s-s2,Ready
2026-06-29T11:31:09+00:00,k3s-s3,NotReady
2026-06-29T11:31:09+00:00,k3s-w1,Ready
2026-06-29T11:31:09+00:00,k3s-w2,Ready
2026-06-29T11:31:10+00:00,k3s-s1,Ready
2026-06-29T11:31:10+00:00,k3s-s2,Ready
2026-06-29T11:31:10+00:00,k3s-s3,NotReady
2026-06-29T11:31:10+00:00,k3s-w1,Ready
2026-06-29T11:31:10+00:00,k3s-w2,Ready
2026-06-29T11:31:11+00:00,k3s-s1,Ready
2026-06-29T11:31:11+00:00,k3s-s2,Ready
2026-06-29T11:31:11+00:00,k3s-s3,NotReady
2026-06-29T11:31:11+00:00,k3s-w1,Ready
2026-06-29T11:31:11+00:00,k3s-w2,Ready
2026-06-29T11:31:12+00:00,k3s-s1,Ready
2026-06-29T11:31:12+00:00,k3s-s2,Ready
2026-06-29T11:31:12+00:00,k3s-s3,NotReady
2026-06-29T11:31:12+00:00,k3s-w1,Ready
2026-06-29T11:31:12+00:00,k3s-w2,Ready
2026-06-29T11:31:13+00:00,k3s-s1,Ready
2026-06-29T11:31:13+00:00,k3s-s2,Ready
2026-06-29T11:31:13+00:00,k3s-s3,NotReady
2026-06-29T11:31:13+00:00,k3s-w1,Ready
2026-06-29T11:31:13+00:00,k3s-w2,Ready
2026-06-29T11:31:14+00:00,k3s-s1,Ready
2026-06-29T11:31:14+00:00,k3s-s2,Ready
2026-06-29T11:31:14+00:00,k3s-s3,NotReady
2026-06-29T11:31:14+00:00,k3s-w1,Ready
2026-06-29T11:31:14+00:00,k3s-w2,Ready
2026-06-29T11:31:15+00:00,k3s-s1,Ready
2026-06-29T11:31:15+00:00,k3s-s2,Ready
2026-06-29T11:31:15+00:00,k3s-s3,NotReady
2026-06-29T11:31:15+00:00,k3s-w1,Ready
2026-06-29T11:31:15+00:00,k3s-w2,Ready
2026-06-29T11:31:16+00:00,k3s-s1,Ready
2026-06-29T11:31:16+00:00,k3s-s2,Ready
2026-06-29T11:31:16+00:00,k3s-s3,NotReady
2026-06-29T11:31:16+00:00,k3s-w1,Ready
2026-06-29T11:31:16+00:00,k3s-w2,Ready
2026-06-29T11:31:17+00:00,k3s-s1,Ready
2026-06-29T11:31:17+00:00,k3s-s2,Ready
2026-06-29T11:31:17+00:00,k3s-s3,NotReady
2026-06-29T11:31:17+00:00,k3s-w1,Ready
2026-06-29T11:31:17+00:00,k3s-w2,Ready
2026-06-29T11:31:18+00:00,k3s-s1,Ready
2026-06-29T11:31:18+00:00,k3s-s2,Ready
2026-06-29T11:31:18+00:00,k3s-s3,NotReady
2026-06-29T11:31:18+00:00,k3s-w1,Ready
2026-06-29T11:31:18+00:00,k3s-w2,Ready
2026-06-29T11:31:19+00:00,k3s-s1,Ready
2026-06-29T11:31:19+00:00,k3s-s2,Ready
2026-06-29T11:31:19+00:00,k3s-s3,NotReady
2026-06-29T11:31:19+00:00,k3s-w1,Ready
2026-06-29T11:31:19+00:00,k3s-w2,Ready
2026-06-29T11:31:20+00:00,k3s-s1,Ready
2026-06-29T11:31:20+00:00,k3s-s2,Ready
2026-06-29T11:31:20+00:00,k3s-s3,NotReady
2026-06-29T11:31:20+00:00,k3s-w1,Ready
2026-06-29T11:31:20+00:00,k3s-w2,Ready
2026-06-29T11:31:22+00:00,k3s-s1,Ready
2026-06-29T11:31:22+00:00,k3s-s2,Ready
2026-06-29T11:31:22+00:00,k3s-s3,NotReady
2026-06-29T11:31:22+00:00,k3s-w1,Ready
2026-06-29T11:31:22+00:00,k3s-w2,Ready
2026-06-29T11:31:23+00:00,k3s-s1,Ready
2026-06-29T11:31:23+00:00,k3s-s2,Ready
2026-06-29T11:31:23+00:00,k3s-s3,NotReady
2026-06-29T11:31:23+00:00,k3s-w1,Ready
2026-06-29T11:31:23+00:00,k3s-w2,Ready
2026-06-29T11:31:24+00:00,k3s-s1,Ready
2026-06-29T11:31:24+00:00,k3s-s2,Ready
2026-06-29T11:31:24+00:00,k3s-s3,NotReady
2026-06-29T11:31:24+00:00,k3s-w1,Ready
2026-06-29T11:31:24+00:00,k3s-w2,Ready
2026-06-29T11:31:25+00:00,k3s-s1,Ready
2026-06-29T11:31:25+00:00,k3s-s2,Ready
2026-06-29T11:31:25+00:00,k3s-s3,NotReady
2026-06-29T11:31:25+00:00,k3s-w1,Ready
2026-06-29T11:31:25+00:00,k3s-w2,Ready
2026-06-29T11:31:26+00:00,k3s-s1,Ready
2026-06-29T11:31:26+00:00,k3s-s2,Ready
2026-06-29T11:31:26+00:00,k3s-s3,NotReady
2026-06-29T11:31:26+00:00,k3s-w1,Ready
2026-06-29T11:31:26+00:00,k3s-w2,Ready
2026-06-29T11:31:27+00:00,k3s-s1,Ready
2026-06-29T11:31:27+00:00,k3s-s2,Ready
2026-06-29T11:31:27+00:00,k3s-s3,NotReady
2026-06-29T11:31:27+00:00,k3s-w1,Ready
2026-06-29T11:31:27+00:00,k3s-w2,Ready
2026-06-29T11:31:28+00:00,k3s-s1,Ready
2026-06-29T11:31:28+00:00,k3s-s2,Ready
2026-06-29T11:31:28+00:00,k3s-s3,NotReady
2026-06-29T11:31:28+00:00,k3s-w1,Ready
2026-06-29T11:31:28+00:00,k3s-w2,Ready
2026-06-29T11:31:29+00:00,k3s-s1,Ready
2026-06-29T11:31:29+00:00,k3s-s2,Ready
2026-06-29T11:31:29+00:00,k3s-s3,NotReady
2026-06-29T11:31:29+00:00,k3s-w1,Ready
2026-06-29T11:31:29+00:00,k3s-w2,Ready
2026-06-29T11:31:30+00:00,k3s-s1,Ready
2026-06-29T11:31:30+00:00,k3s-s2,Ready
2026-06-29T11:31:30+00:00,k3s-s3,NotReady
2026-06-29T11:31:30+00:00,k3s-w1,Ready
2026-06-29T11:31:30+00:00,k3s-w2,Ready
2026-06-29T11:31:31+00:00,k3s-s1,Ready
2026-06-29T11:31:31+00:00,k3s-s2,Ready
2026-06-29T11:31:31+00:00,k3s-s3,NotReady
2026-06-29T11:31:31+00:00,k3s-w1,Ready
2026-06-29T11:31:31+00:00,k3s-w2,Ready
2026-06-29T11:31:32+00:00,k3s-s1,Ready
2026-06-29T11:31:32+00:00,k3s-s2,Ready
2026-06-29T11:31:32+00:00,k3s-s3,NotReady
2026-06-29T11:31:32+00:00,k3s-w1,Ready
2026-06-29T11:31:32+00:00,k3s-w2,Ready
2026-06-29T11:31:33+00:00,k3s-s1,Ready
2026-06-29T11:31:33+00:00,k3s-s2,Ready
2026-06-29T11:31:33+00:00,k3s-s3,NotReady
2026-06-29T11:31:33+00:00,k3s-w1,Ready
2026-06-29T11:31:33+00:00,k3s-w2,Ready
2026-06-29T11:31:34+00:00,k3s-s1,Ready
2026-06-29T11:31:34+00:00,k3s-s2,Ready
2026-06-29T11:31:34+00:00,k3s-s3,NotReady
2026-06-29T11:31:34+00:00,k3s-w1,Ready
2026-06-29T11:31:34+00:00,k3s-w2,Ready
2026-06-29T11:31:35+00:00,k3s-s1,Ready
2026-06-29T11:31:35+00:00,k3s-s2,Ready
2026-06-29T11:31:35+00:00,k3s-s3,NotReady
2026-06-29T11:31:35+00:00,k3s-w1,Ready
2026-06-29T11:31:35+00:00,k3s-w2,Ready
2026-06-29T11:31:36+00:00,k3s-s1,Ready
2026-06-29T11:31:36+00:00,k3s-s2,Ready
2026-06-29T11:31:36+00:00,k3s-s3,NotReady
2026-06-29T11:31:36+00:00,k3s-w1,Ready
2026-06-29T11:31:36+00:00,k3s-w2,Ready
2026-06-29T11:31:37+00:00,k3s-s1,Ready
2026-06-29T11:31:37+00:00,k3s-s2,Ready
2026-06-29T11:31:37+00:00,k3s-s3,NotReady
2026-06-29T11:31:37+00:00,k3s-w1,Ready
2026-06-29T11:31:37+00:00,k3s-w2,Ready
2026-06-29T11:31:38+00:00,k3s-s1,Ready
2026-06-29T11:31:38+00:00,k3s-s2,Ready
2026-06-29T11:31:38+00:00,k3s-s3,NotReady
2026-06-29T11:31:38+00:00,k3s-w1,Ready
2026-06-29T11:31:38+00:00,k3s-w2,Ready
2026-06-29T11:31:39+00:00,k3s-s1,Ready
2026-06-29T11:31:39+00:00,k3s-s2,Ready
2026-06-29T11:31:39+00:00,k3s-s3,NotReady
2026-06-29T11:31:39+00:00,k3s-w1,Ready
2026-06-29T11:31:39+00:00,k3s-w2,Ready
2026-06-29T11:31:40+00:00,k3s-s1,Ready
2026-06-29T11:31:40+00:00,k3s-s2,Ready
2026-06-29T11:31:40+00:00,k3s-s3,NotReady
2026-06-29T11:31:40+00:00,k3s-w1,Ready
2026-06-29T11:31:40+00:00,k3s-w2,Ready
2026-06-29T11:31:42+00:00,k3s-s1,Ready
2026-06-29T11:31:42+00:00,k3s-s2,Ready
2026-06-29T11:31:42+00:00,k3s-s3,NotReady
2026-06-29T11:31:42+00:00,k3s-w1,Ready
2026-06-29T11:31:42+00:00,k3s-w2,Ready
2026-06-29T11:31:43+00:00,k3s-s1,Ready
2026-06-29T11:31:43+00:00,k3s-s2,Ready
2026-06-29T11:31:43+00:00,k3s-s3,NotReady
2026-06-29T11:31:43+00:00,k3s-w1,Ready
2026-06-29T11:31:43+00:00,k3s-w2,Ready
2026-06-29T11:31:44+00:00,k3s-s1,Ready
2026-06-29T11:31:44+00:00,k3s-s2,Ready
2026-06-29T11:31:44+00:00,k3s-s3,NotReady
2026-06-29T11:31:44+00:00,k3s-w1,Ready
2026-06-29T11:31:44+00:00,k3s-w2,Ready
2026-06-29T11:31:45+00:00,k3s-s1,Ready
2026-06-29T11:31:45+00:00,k3s-s2,Ready
2026-06-29T11:31:45+00:00,k3s-s3,NotReady
2026-06-29T11:31:45+00:00,k3s-w1,Ready
2026-06-29T11:31:45+00:00,k3s-w2,Ready
2026-06-29T11:31:46+00:00,k3s-s1,Ready
2026-06-29T11:31:46+00:00,k3s-s2,Ready
2026-06-29T11:31:46+00:00,k3s-s3,NotReady
2026-06-29T11:31:46+00:00,k3s-w1,Ready
2026-06-29T11:31:46+00:00,k3s-w2,Ready
2026-06-29T11:31:47+00:00,k3s-s1,Ready
2026-06-29T11:31:47+00:00,k3s-s2,Ready
2026-06-29T11:31:47+00:00,k3s-s3,NotReady
2026-06-29T11:31:47+00:00,k3s-w1,Ready
2026-06-29T11:31:47+00:00,k3s-w2,Ready
2026-06-29T11:31:48+00:00,k3s-s1,Ready
2026-06-29T11:31:48+00:00,k3s-s2,Ready
2026-06-29T11:31:48+00:00,k3s-s3,NotReady
2026-06-29T11:31:48+00:00,k3s-w1,Ready
2026-06-29T11:31:48+00:00,k3s-w2,Ready
2026-06-29T11:31:49+00:00,k3s-s1,Ready
2026-06-29T11:31:49+00:00,k3s-s2,Ready
2026-06-29T11:31:49+00:00,k3s-s3,NotReady
2026-06-29T11:31:49+00:00,k3s-w1,Ready
2026-06-29T11:31:49+00:00,k3s-w2,Ready
2026-06-29T11:31:50+00:00,k3s-s1,Ready
2026-06-29T11:31:50+00:00,k3s-s2,Ready
2026-06-29T11:31:50+00:00,k3s-s3,NotReady
2026-06-29T11:31:50+00:00,k3s-w1,Ready
2026-06-29T11:31:50+00:00,k3s-w2,Ready
2026-06-29T11:31:51+00:00,k3s-s1,Ready
2026-06-29T11:31:51+00:00,k3s-s2,Ready
2026-06-29T11:31:51+00:00,k3s-s3,NotReady
2026-06-29T11:31:51+00:00,k3s-w1,Ready
2026-06-29T11:31:51+00:00,k3s-w2,Ready
2026-06-29T11:31:52+00:00,k3s-s1,Ready
2026-06-29T11:31:52+00:00,k3s-s2,Ready
2026-06-29T11:31:52+00:00,k3s-s3,NotReady
2026-06-29T11:31:52+00:00,k3s-w1,Ready
2026-06-29T11:31:52+00:00,k3s-w2,Ready
2026-06-29T11:31:53+00:00,k3s-s1,Ready
2026-06-29T11:31:53+00:00,k3s-s2,Ready
2026-06-29T11:31:53+00:00,k3s-s3,NotReady
2026-06-29T11:31:53+00:00,k3s-w1,Ready
2026-06-29T11:31:53+00:00,k3s-w2,Ready
2026-06-29T11:31:54+00:00,k3s-s1,Ready
2026-06-29T11:31:54+00:00,k3s-s2,Ready
2026-06-29T11:31:54+00:00,k3s-s3,NotReady
2026-06-29T11:31:54+00:00,k3s-w1,Ready
2026-06-29T11:31:54+00:00,k3s-w2,Ready
2026-06-29T11:31:55+00:00,k3s-s1,Ready
2026-06-29T11:31:55+00:00,k3s-s2,Ready
2026-06-29T11:31:55+00:00,k3s-s3,NotReady
2026-06-29T11:31:55+00:00,k3s-w1,Ready
2026-06-29T11:31:55+00:00,k3s-w2,Ready
2026-06-29T11:31:56+00:00,k3s-s1,Ready
2026-06-29T11:31:56+00:00,k3s-s2,Ready
2026-06-29T11:31:56+00:00,k3s-s3,NotReady
2026-06-29T11:31:56+00:00,k3s-w1,Ready
2026-06-29T11:31:56+00:00,k3s-w2,Ready
2026-06-29T11:31:57+00:00,k3s-s1,Ready
2026-06-29T11:31:57+00:00,k3s-s2,Ready
2026-06-29T11:31:57+00:00,k3s-s3,NotReady
2026-06-29T11:31:57+00:00,k3s-w1,Ready
2026-06-29T11:31:57+00:00,k3s-w2,Ready
2026-06-29T11:31:58+00:00,k3s-s1,Ready
2026-06-29T11:31:58+00:00,k3s-s2,Ready
2026-06-29T11:31:58+00:00,k3s-s3,NotReady
2026-06-29T11:31:58+00:00,k3s-w1,Ready
2026-06-29T11:31:58+00:00,k3s-w2,Ready
2026-06-29T11:31:59+00:00,k3s-s1,Ready
2026-06-29T11:31:59+00:00,k3s-s2,Ready
2026-06-29T11:31:59+00:00,k3s-s3,NotReady
2026-06-29T11:31:59+00:00,k3s-w1,Ready
2026-06-29T11:31:59+00:00,k3s-w2,Ready
2026-06-29T11:32:00+00:00,k3s-s1,Ready
2026-06-29T11:32:00+00:00,k3s-s2,Ready
2026-06-29T11:32:00+00:00,k3s-s3,NotReady
2026-06-29T11:32:00+00:00,k3s-w1,Ready
2026-06-29T11:32:00+00:00,k3s-w2,Ready
2026-06-29T11:32:02+00:00,k3s-s1,Ready
2026-06-29T11:32:02+00:00,k3s-s2,Ready
2026-06-29T11:32:02+00:00,k3s-s3,NotReady
2026-06-29T11:32:02+00:00,k3s-w1,Ready
2026-06-29T11:32:02+00:00,k3s-w2,Ready
2026-06-29T11:32:03+00:00,k3s-s1,Ready
2026-06-29T11:32:03+00:00,k3s-s2,Ready
2026-06-29T11:32:03+00:00,k3s-s3,NotReady
2026-06-29T11:32:03+00:00,k3s-w1,Ready
2026-06-29T11:32:03+00:00,k3s-w2,Ready
2026-06-29T11:32:04+00:00,k3s-s1,Ready
2026-06-29T11:32:04+00:00,k3s-s2,Ready
2026-06-29T11:32:04+00:00,k3s-s3,NotReady
2026-06-29T11:32:04+00:00,k3s-w1,Ready
2026-06-29T11:32:04+00:00,k3s-w2,Ready
2026-06-29T11:32:05+00:00,k3s-s1,Ready
2026-06-29T11:32:05+00:00,k3s-s2,Ready
2026-06-29T11:32:05+00:00,k3s-s3,NotReady
2026-06-29T11:32:05+00:00,k3s-w1,Ready
2026-06-29T11:32:05+00:00,k3s-w2,Ready
2026-06-29T11:32:06+00:00,k3s-s1,Ready
2026-06-29T11:32:06+00:00,k3s-s2,Ready
2026-06-29T11:32:06+00:00,k3s-s3,NotReady
2026-06-29T11:32:06+00:00,k3s-w1,Ready
2026-06-29T11:32:06+00:00,k3s-w2,Ready
2026-06-29T11:32:07+00:00,k3s-s1,Ready
2026-06-29T11:32:07+00:00,k3s-s2,Ready
2026-06-29T11:32:07+00:00,k3s-s3,NotReady
2026-06-29T11:32:07+00:00,k3s-w1,Ready
2026-06-29T11:32:07+00:00,k3s-w2,Ready
2026-06-29T11:32:08+00:00,k3s-s1,Ready
2026-06-29T11:32:08+00:00,k3s-s2,Ready
2026-06-29T11:32:08+00:00,k3s-s3,NotReady
2026-06-29T11:32:08+00:00,k3s-w1,Ready
2026-06-29T11:32:08+00:00,k3s-w2,Ready
2026-06-29T11:32:09+00:00,k3s-s1,Ready
2026-06-29T11:32:09+00:00,k3s-s2,Ready
2026-06-29T11:32:09+00:00,k3s-s3,NotReady
2026-06-29T11:32:09+00:00,k3s-w1,Ready
2026-06-29T11:32:09+00:00,k3s-w2,Ready
2026-06-29T11:32:10+00:00,k3s-s1,Ready
2026-06-29T11:32:10+00:00,k3s-s2,Ready
2026-06-29T11:32:10+00:00,k3s-s3,NotReady
2026-06-29T11:32:10+00:00,k3s-w1,Ready
2026-06-29T11:32:10+00:00,k3s-w2,Ready
2026-06-29T11:32:11+00:00,k3s-s1,Ready
2026-06-29T11:32:11+00:00,k3s-s2,Ready
2026-06-29T11:32:11+00:00,k3s-s3,NotReady
2026-06-29T11:32:11+00:00,k3s-w1,Ready
2026-06-29T11:32:11+00:00,k3s-w2,Ready
2026-06-29T11:32:12+00:00,k3s-s1,Ready
2026-06-29T11:32:12+00:00,k3s-s2,Ready
2026-06-29T11:32:12+00:00,k3s-s3,NotReady
2026-06-29T11:32:12+00:00,k3s-w1,Ready
2026-06-29T11:32:12+00:00,k3s-w2,Ready
2026-06-29T11:32:13+00:00,k3s-s1,Ready
2026-06-29T11:32:13+00:00,k3s-s2,Ready
2026-06-29T11:32:13+00:00,k3s-s3,NotReady
2026-06-29T11:32:13+00:00,k3s-w1,Ready
2026-06-29T11:32:13+00:00,k3s-w2,Ready
2026-06-29T11:32:14+00:00,k3s-s1,Ready
2026-06-29T11:32:14+00:00,k3s-s2,Ready
2026-06-29T11:32:14+00:00,k3s-s3,NotReady
2026-06-29T11:32:14+00:00,k3s-w1,Ready
2026-06-29T11:32:14+00:00,k3s-w2,Ready
2026-06-29T11:32:15+00:00,k3s-s1,Ready
2026-06-29T11:32:15+00:00,k3s-s2,Ready
2026-06-29T11:32:15+00:00,k3s-s3,NotReady
2026-06-29T11:32:15+00:00,k3s-w1,Ready
2026-06-29T11:32:15+00:00,k3s-w2,Ready
2026-06-29T11:32:16+00:00,k3s-s1,Ready
2026-06-29T11:32:16+00:00,k3s-s2,Ready
2026-06-29T11:32:16+00:00,k3s-s3,NotReady
2026-06-29T11:32:16+00:00,k3s-w1,Ready
2026-06-29T11:32:16+00:00,k3s-w2,Ready
2026-06-29T11:32:17+00:00,k3s-s1,Ready
2026-06-29T11:32:17+00:00,k3s-s2,Ready
2026-06-29T11:32:17+00:00,k3s-s3,NotReady
2026-06-29T11:32:17+00:00,k3s-w1,Ready
2026-06-29T11:32:17+00:00,k3s-w2,Ready
2026-06-29T11:32:18+00:00,k3s-s1,Ready
2026-06-29T11:32:18+00:00,k3s-s2,Ready
2026-06-29T11:32:18+00:00,k3s-s3,NotReady
2026-06-29T11:32:18+00:00,k3s-w1,Ready
2026-06-29T11:32:18+00:00,k3s-w2,Ready
2026-06-29T11:32:19+00:00,k3s-s1,Ready
2026-06-29T11:32:19+00:00,k3s-s2,Ready
2026-06-29T11:32:19+00:00,k3s-s3,NotReady
2026-06-29T11:32:19+00:00,k3s-w1,Ready
2026-06-29T11:32:19+00:00,k3s-w2,Ready
2026-06-29T11:32:20+00:00,k3s-s1,Ready
2026-06-29T11:32:20+00:00,k3s-s2,Ready
2026-06-29T11:32:20+00:00,k3s-s3,NotReady
2026-06-29T11:32:20+00:00,k3s-w1,Ready
2026-06-29T11:32:20+00:00,k3s-w2,Ready
2026-06-29T11:32:22+00:00,k3s-s1,Ready
2026-06-29T11:32:22+00:00,k3s-s2,Ready
2026-06-29T11:32:22+00:00,k3s-s3,NotReady
2026-06-29T11:32:22+00:00,k3s-w1,Ready
2026-06-29T11:32:22+00:00,k3s-w2,Ready
2026-06-29T11:32:23+00:00,k3s-s1,Ready
2026-06-29T11:32:23+00:00,k3s-s2,Ready
2026-06-29T11:32:23+00:00,k3s-s3,NotReady
2026-06-29T11:32:23+00:00,k3s-w1,Ready
2026-06-29T11:32:23+00:00,k3s-w2,Ready
2026-06-29T11:32:24+00:00,k3s-s1,Ready
2026-06-29T11:32:24+00:00,k3s-s2,Ready
2026-06-29T11:32:24+00:00,k3s-s3,NotReady
2026-06-29T11:32:24+00:00,k3s-w1,Ready
2026-06-29T11:32:24+00:00,k3s-w2,Ready
2026-06-29T11:32:25+00:00,k3s-s1,Ready
2026-06-29T11:32:25+00:00,k3s-s2,Ready
2026-06-29T11:32:25+00:00,k3s-s3,NotReady
2026-06-29T11:32:25+00:00,k3s-w1,Ready
2026-06-29T11:32:25+00:00,k3s-w2,Ready
2026-06-29T11:32:26+00:00,k3s-s1,Ready
2026-06-29T11:32:26+00:00,k3s-s2,Ready
2026-06-29T11:32:26+00:00,k3s-s3,NotReady
2026-06-29T11:32:26+00:00,k3s-w1,Ready
2026-06-29T11:32:26+00:00,k3s-w2,Ready
2026-06-29T11:32:27+00:00,k3s-s1,Ready
2026-06-29T11:32:27+00:00,k3s-s2,Ready
2026-06-29T11:32:27+00:00,k3s-s3,NotReady
2026-06-29T11:32:27+00:00,k3s-w1,Ready
2026-06-29T11:32:27+00:00,k3s-w2,Ready
2026-06-29T11:32:28+00:00,k3s-s1,Ready
2026-06-29T11:32:28+00:00,k3s-s2,Ready
2026-06-29T11:32:28+00:00,k3s-s3,NotReady
2026-06-29T11:32:28+00:00,k3s-w1,Ready
2026-06-29T11:32:28+00:00,k3s-w2,Ready
2026-06-29T11:32:29+00:00,k3s-s1,Ready
2026-06-29T11:32:29+00:00,k3s-s2,Ready
2026-06-29T11:32:29+00:00,k3s-s3,NotReady
2026-06-29T11:32:29+00:00,k3s-w1,Ready
2026-06-29T11:32:29+00:00,k3s-w2,Ready
2026-06-29T11:32:30+00:00,k3s-s1,Ready
2026-06-29T11:32:30+00:00,k3s-s2,Ready
2026-06-29T11:32:30+00:00,k3s-s3,NotReady
2026-06-29T11:32:30+00:00,k3s-w1,Ready
2026-06-29T11:32:30+00:00,k3s-w2,Ready
2026-06-29T11:32:31+00:00,k3s-s1,Ready
2026-06-29T11:32:31+00:00,k3s-s2,Ready
2026-06-29T11:32:31+00:00,k3s-s3,NotReady
2026-06-29T11:32:31+00:00,k3s-w1,Ready
2026-06-29T11:32:31+00:00,k3s-w2,Ready
2026-06-29T11:32:32+00:00,k3s-s1,Ready
2026-06-29T11:32:32+00:00,k3s-s2,Ready
2026-06-29T11:32:32+00:00,k3s-s3,NotReady
2026-06-29T11:32:32+00:00,k3s-w1,Ready
2026-06-29T11:32:32+00:00,k3s-w2,Ready
2026-06-29T11:32:33+00:00,k3s-s1,Ready
2026-06-29T11:32:33+00:00,k3s-s2,Ready
2026-06-29T11:32:33+00:00,k3s-s3,NotReady
2026-06-29T11:32:33+00:00,k3s-w1,Ready
2026-06-29T11:32:33+00:00,k3s-w2,Ready
2026-06-29T11:32:34+00:00,k3s-s1,Ready
2026-06-29T11:32:34+00:00,k3s-s2,Ready
2026-06-29T11:32:34+00:00,k3s-s3,NotReady
2026-06-29T11:32:34+00:00,k3s-w1,Ready
2026-06-29T11:32:34+00:00,k3s-w2,Ready
2026-06-29T11:32:35+00:00,k3s-s1,Ready
2026-06-29T11:32:35+00:00,k3s-s2,Ready
2026-06-29T11:32:35+00:00,k3s-s3,NotReady
2026-06-29T11:32:35+00:00,k3s-w1,Ready
2026-06-29T11:32:35+00:00,k3s-w2,Ready
2026-06-29T11:32:36+00:00,k3s-s1,Ready
2026-06-29T11:32:36+00:00,k3s-s2,Ready
2026-06-29T11:32:36+00:00,k3s-s3,NotReady
2026-06-29T11:32:36+00:00,k3s-w1,Ready
2026-06-29T11:32:36+00:00,k3s-w2,Ready
2026-06-29T11:32:37+00:00,k3s-s1,Ready
2026-06-29T11:32:37+00:00,k3s-s2,Ready
2026-06-29T11:32:37+00:00,k3s-s3,NotReady
2026-06-29T11:32:37+00:00,k3s-w1,Ready
2026-06-29T11:32:37+00:00,k3s-w2,Ready
2026-06-29T11:32:38+00:00,k3s-s1,Ready
2026-06-29T11:32:38+00:00,k3s-s2,Ready
2026-06-29T11:32:38+00:00,k3s-s3,NotReady
2026-06-29T11:32:38+00:00,k3s-w1,Ready
2026-06-29T11:32:38+00:00,k3s-w2,Ready
2026-06-29T11:32:39+00:00,k3s-s1,Ready
2026-06-29T11:32:39+00:00,k3s-s2,Ready
2026-06-29T11:32:39+00:00,k3s-s3,NotReady
2026-06-29T11:32:39+00:00,k3s-w1,Ready
2026-06-29T11:32:39+00:00,k3s-w2,Ready
2026-06-29T11:32:40+00:00,k3s-s1,Ready
2026-06-29T11:32:40+00:00,k3s-s2,Ready
2026-06-29T11:32:40+00:00,k3s-s3,NotReady
2026-06-29T11:32:40+00:00,k3s-w1,Ready
2026-06-29T11:32:40+00:00,k3s-w2,Ready
2026-06-29T11:32:41+00:00,k3s-s1,Ready
2026-06-29T11:32:41+00:00,k3s-s2,Ready
2026-06-29T11:32:41+00:00,k3s-s3,NotReady
2026-06-29T11:32:41+00:00,k3s-w1,Ready
2026-06-29T11:32:41+00:00,k3s-w2,Ready
2026-06-29T11:32:43+00:00,k3s-s1,Ready
2026-06-29T11:32:43+00:00,k3s-s2,Ready
2026-06-29T11:32:43+00:00,k3s-s3,NotReady
2026-06-29T11:32:43+00:00,k3s-w1,Ready
2026-06-29T11:32:43+00:00,k3s-w2,Ready
2026-06-29T11:32:44+00:00,k3s-s1,Ready
2026-06-29T11:32:44+00:00,k3s-s2,Ready
2026-06-29T11:32:44+00:00,k3s-s3,NotReady
2026-06-29T11:32:44+00:00,k3s-w1,Ready
2026-06-29T11:32:44+00:00,k3s-w2,Ready
2026-06-29T11:32:45+00:00,k3s-s1,Ready
2026-06-29T11:32:45+00:00,k3s-s2,Ready
2026-06-29T11:32:45+00:00,k3s-s3,NotReady
2026-06-29T11:32:45+00:00,k3s-w1,Ready
2026-06-29T11:32:45+00:00,k3s-w2,Ready
2026-06-29T11:32:46+00:00,k3s-s1,Ready
2026-06-29T11:32:46+00:00,k3s-s2,Ready
2026-06-29T11:32:46+00:00,k3s-s3,NotReady
2026-06-29T11:32:46+00:00,k3s-w1,Ready
2026-06-29T11:32:46+00:00,k3s-w2,Ready
2026-06-29T11:32:47+00:00,k3s-s1,Ready
2026-06-29T11:32:47+00:00,k3s-s2,Ready
2026-06-29T11:32:47+00:00,k3s-s3,NotReady
2026-06-29T11:32:47+00:00,k3s-w1,Ready
2026-06-29T11:32:47+00:00,k3s-w2,Ready
2026-06-29T11:32:48+00:00,k3s-s1,Ready
2026-06-29T11:32:48+00:00,k3s-s2,Ready
2026-06-29T11:32:48+00:00,k3s-s3,NotReady
2026-06-29T11:32:48+00:00,k3s-w1,Ready
2026-06-29T11:32:48+00:00,k3s-w2,Ready
2026-06-29T11:32:49+00:00,k3s-s1,Ready
2026-06-29T11:32:49+00:00,k3s-s2,Ready
2026-06-29T11:32:49+00:00,k3s-s3,NotReady
2026-06-29T11:32:49+00:00,k3s-w1,Ready
2026-06-29T11:32:49+00:00,k3s-w2,Ready
2026-06-29T11:32:50+00:00,k3s-s1,Ready
2026-06-29T11:32:50+00:00,k3s-s2,Ready
2026-06-29T11:32:50+00:00,k3s-s3,NotReady
2026-06-29T11:32:50+00:00,k3s-w1,Ready
2026-06-29T11:32:50+00:00,k3s-w2,Ready
2026-06-29T11:32:51+00:00,k3s-s1,Ready
2026-06-29T11:32:51+00:00,k3s-s2,Ready
2026-06-29T11:32:51+00:00,k3s-s3,NotReady
2026-06-29T11:32:51+00:00,k3s-w1,Ready
2026-06-29T11:32:51+00:00,k3s-w2,Ready
2026-06-29T11:32:52+00:00,k3s-s1,Ready
2026-06-29T11:32:52+00:00,k3s-s2,Ready
2026-06-29T11:32:52+00:00,k3s-s3,NotReady
2026-06-29T11:32:52+00:00,k3s-w1,Ready
2026-06-29T11:32:52+00:00,k3s-w2,Ready
2026-06-29T11:32:53+00:00,k3s-s1,Ready
2026-06-29T11:32:53+00:00,k3s-s2,Ready
2026-06-29T11:32:53+00:00,k3s-s3,NotReady
2026-06-29T11:32:53+00:00,k3s-w1,Ready
2026-06-29T11:32:53+00:00,k3s-w2,Ready
2026-06-29T11:32:54+00:00,k3s-s1,Ready
2026-06-29T11:32:54+00:00,k3s-s2,Ready
2026-06-29T11:32:54+00:00,k3s-s3,NotReady
2026-06-29T11:32:54+00:00,k3s-w1,Ready
2026-06-29T11:32:54+00:00,k3s-w2,Ready
2026-06-29T11:32:55+00:00,k3s-s1,Ready
2026-06-29T11:32:55+00:00,k3s-s2,Ready
2026-06-29T11:32:55+00:00,k3s-s3,NotReady
2026-06-29T11:32:55+00:00,k3s-w1,Ready
2026-06-29T11:32:55+00:00,k3s-w2,Ready
2026-06-29T11:32:56+00:00,k3s-s1,Ready
2026-06-29T11:32:56+00:00,k3s-s2,Ready
2026-06-29T11:32:56+00:00,k3s-s3,NotReady
2026-06-29T11:32:56+00:00,k3s-w1,Ready
2026-06-29T11:32:56+00:00,k3s-w2,Ready
2026-06-29T11:32:57+00:00,k3s-s1,Ready
2026-06-29T11:32:57+00:00,k3s-s2,Ready
2026-06-29T11:32:57+00:00,k3s-s3,NotReady
2026-06-29T11:32:57+00:00,k3s-w1,Ready
2026-06-29T11:32:57+00:00,k3s-w2,Ready
2026-06-29T11:32:58+00:00,k3s-s1,Ready
2026-06-29T11:32:58+00:00,k3s-s2,Ready
2026-06-29T11:32:58+00:00,k3s-s3,NotReady
2026-06-29T11:32:58+00:00,k3s-w1,Ready
2026-06-29T11:32:58+00:00,k3s-w2,Ready
2026-06-29T11:32:59+00:00,k3s-s1,Ready
2026-06-29T11:32:59+00:00,k3s-s2,Ready
2026-06-29T11:32:59+00:00,k3s-s3,NotReady
2026-06-29T11:32:59+00:00,k3s-w1,Ready
2026-06-29T11:32:59+00:00,k3s-w2,Ready
2026-06-29T11:33:00+00:00,k3s-s1,Ready
2026-06-29T11:33:00+00:00,k3s-s2,Ready
2026-06-29T11:33:00+00:00,k3s-s3,NotReady
2026-06-29T11:33:00+00:00,k3s-w1,Ready
2026-06-29T11:33:00+00:00,k3s-w2,Ready
2026-06-29T11:33:02+00:00,k3s-s1,Ready
2026-06-29T11:33:02+00:00,k3s-s2,Ready
2026-06-29T11:33:02+00:00,k3s-s3,NotReady
2026-06-29T11:33:02+00:00,k3s-w1,Ready
2026-06-29T11:33:02+00:00,k3s-w2,Ready
2026-06-29T11:33:03+00:00,k3s-s1,Ready
2026-06-29T11:33:03+00:00,k3s-s2,Ready
2026-06-29T11:33:03+00:00,k3s-s3,NotReady
2026-06-29T11:33:03+00:00,k3s-w1,Ready
2026-06-29T11:33:03+00:00,k3s-w2,Ready
2026-06-29T11:33:04+00:00,k3s-s1,Ready
2026-06-29T11:33:04+00:00,k3s-s2,Ready
2026-06-29T11:33:04+00:00,k3s-s3,NotReady
2026-06-29T11:33:04+00:00,k3s-w1,Ready
2026-06-29T11:33:04+00:00,k3s-w2,Ready
2026-06-29T11:33:05+00:00,k3s-s1,Ready
2026-06-29T11:33:05+00:00,k3s-s2,Ready
2026-06-29T11:33:05+00:00,k3s-s3,NotReady
2026-06-29T11:33:05+00:00,k3s-w1,Ready
2026-06-29T11:33:05+00:00,k3s-w2,Ready
2026-06-29T11:33:06+00:00,k3s-s1,Ready
2026-06-29T11:33:06+00:00,k3s-s2,Ready
2026-06-29T11:33:06+00:00,k3s-s3,NotReady
2026-06-29T11:33:06+00:00,k3s-w1,Ready
2026-06-29T11:33:06+00:00,k3s-w2,Ready
2026-06-29T11:33:07+00:00,k3s-s1,Ready
2026-06-29T11:33:07+00:00,k3s-s2,Ready
2026-06-29T11:33:07+00:00,k3s-s3,NotReady
2026-06-29T11:33:07+00:00,k3s-w1,Ready
2026-06-29T11:33:07+00:00,k3s-w2,Ready
2026-06-29T11:33:08+00:00,k3s-s1,Ready
2026-06-29T11:33:08+00:00,k3s-s2,Ready
2026-06-29T11:33:08+00:00,k3s-s3,NotReady
2026-06-29T11:33:08+00:00,k3s-w1,Ready
2026-06-29T11:33:08+00:00,k3s-w2,Ready
2026-06-29T11:33:09+00:00,k3s-s1,Ready
2026-06-29T11:33:09+00:00,k3s-s2,Ready
2026-06-29T11:33:09+00:00,k3s-s3,NotReady
2026-06-29T11:33:09+00:00,k3s-w1,Ready
2026-06-29T11:33:09+00:00,k3s-w2,Ready
2026-06-29T11:33:10+00:00,k3s-s1,Ready
2026-06-29T11:33:10+00:00,k3s-s2,Ready
2026-06-29T11:33:10+00:00,k3s-s3,NotReady
2026-06-29T11:33:10+00:00,k3s-w1,Ready
2026-06-29T11:33:10+00:00,k3s-w2,Ready
2026-06-29T11:33:11+00:00,k3s-s1,Ready
2026-06-29T11:33:11+00:00,k3s-s2,Ready
2026-06-29T11:33:11+00:00,k3s-s3,NotReady
2026-06-29T11:33:11+00:00,k3s-w1,Ready
2026-06-29T11:33:11+00:00,k3s-w2,Ready
2026-06-29T11:33:12+00:00,k3s-s1,Ready
2026-06-29T11:33:12+00:00,k3s-s2,Ready
2026-06-29T11:33:12+00:00,k3s-s3,NotReady
2026-06-29T11:33:12+00:00,k3s-w1,Ready
2026-06-29T11:33:12+00:00,k3s-w2,Ready
2026-06-29T11:33:13+00:00,k3s-s1,Ready
2026-06-29T11:33:13+00:00,k3s-s2,Ready
2026-06-29T11:33:13+00:00,k3s-s3,NotReady
2026-06-29T11:33:13+00:00,k3s-w1,Ready
2026-06-29T11:33:13+00:00,k3s-w2,Ready
2026-06-29T11:33:14+00:00,k3s-s1,Ready
2026-06-29T11:33:14+00:00,k3s-s2,Ready
2026-06-29T11:33:14+00:00,k3s-s3,NotReady
2026-06-29T11:33:14+00:00,k3s-w1,Ready
2026-06-29T11:33:14+00:00,k3s-w2,Ready
2026-06-29T11:33:15+00:00,k3s-s1,Ready
2026-06-29T11:33:15+00:00,k3s-s2,Ready
2026-06-29T11:33:15+00:00,k3s-s3,NotReady
2026-06-29T11:33:15+00:00,k3s-w1,Ready
2026-06-29T11:33:15+00:00,k3s-w2,Ready
2026-06-29T11:33:16+00:00,k3s-s1,Ready
2026-06-29T11:33:16+00:00,k3s-s2,Ready
2026-06-29T11:33:16+00:00,k3s-s3,NotReady
2026-06-29T11:33:16+00:00,k3s-w1,Ready
2026-06-29T11:33:16+00:00,k3s-w2,Ready
2026-06-29T11:33:17+00:00,k3s-s1,Ready
2026-06-29T11:33:17+00:00,k3s-s2,Ready
2026-06-29T11:33:17+00:00,k3s-s3,NotReady
2026-06-29T11:33:17+00:00,k3s-w1,Ready
2026-06-29T11:33:17+00:00,k3s-w2,Ready
2026-06-29T11:33:18+00:00,k3s-s1,Ready
2026-06-29T11:33:18+00:00,k3s-s2,Ready
2026-06-29T11:33:18+00:00,k3s-s3,NotReady
2026-06-29T11:33:18+00:00,k3s-w1,Ready
2026-06-29T11:33:18+00:00,k3s-w2,Ready
2026-06-29T11:33:19+00:00,k3s-s1,Ready
2026-06-29T11:33:19+00:00,k3s-s2,Ready
2026-06-29T11:33:19+00:00,k3s-s3,NotReady
2026-06-29T11:33:19+00:00,k3s-w1,Ready
2026-06-29T11:33:19+00:00,k3s-w2,Ready
2026-06-29T11:33:20+00:00,k3s-s1,Ready
2026-06-29T11:33:20+00:00,k3s-s2,Ready
2026-06-29T11:33:20+00:00,k3s-s3,NotReady
2026-06-29T11:33:20+00:00,k3s-w1,Ready
2026-06-29T11:33:20+00:00,k3s-w2,Ready
2026-06-29T11:33:22+00:00,k3s-s1,Ready
2026-06-29T11:33:22+00:00,k3s-s2,Ready
2026-06-29T11:33:22+00:00,k3s-s3,NotReady
2026-06-29T11:33:22+00:00,k3s-w1,Ready
2026-06-29T11:33:22+00:00,k3s-w2,Ready
2026-06-29T11:33:23+00:00,k3s-s1,Ready
2026-06-29T11:33:23+00:00,k3s-s2,Ready
2026-06-29T11:33:23+00:00,k3s-s3,NotReady
2026-06-29T11:33:23+00:00,k3s-w1,Ready
2026-06-29T11:33:23+00:00,k3s-w2,Ready
2026-06-29T11:33:24+00:00,k3s-s1,Ready
2026-06-29T11:33:24+00:00,k3s-s2,Ready
2026-06-29T11:33:24+00:00,k3s-s3,NotReady
2026-06-29T11:33:24+00:00,k3s-w1,Ready
2026-06-29T11:33:24+00:00,k3s-w2,Ready
2026-06-29T11:33:25+00:00,k3s-s1,Ready
2026-06-29T11:33:25+00:00,k3s-s2,Ready
2026-06-29T11:33:25+00:00,k3s-s3,NotReady
2026-06-29T11:33:25+00:00,k3s-w1,Ready
2026-06-29T11:33:25+00:00,k3s-w2,Ready
2026-06-29T11:33:26+00:00,k3s-s1,Ready
2026-06-29T11:33:26+00:00,k3s-s2,Ready
2026-06-29T11:33:26+00:00,k3s-s3,NotReady
2026-06-29T11:33:26+00:00,k3s-w1,Ready
2026-06-29T11:33:26+00:00,k3s-w2,Ready
2026-06-29T11:33:27+00:00,k3s-s1,Ready
2026-06-29T11:33:27+00:00,k3s-s2,Ready
2026-06-29T11:33:27+00:00,k3s-s3,NotReady
2026-06-29T11:33:27+00:00,k3s-w1,Ready
2026-06-29T11:33:27+00:00,k3s-w2,Ready
2026-06-29T11:33:28+00:00,k3s-s1,Ready
2026-06-29T11:33:28+00:00,k3s-s2,Ready
2026-06-29T11:33:28+00:00,k3s-s3,NotReady
2026-06-29T11:33:28+00:00,k3s-w1,Ready
2026-06-29T11:33:28+00:00,k3s-w2,Ready
2026-06-29T11:33:29+00:00,k3s-s1,Ready
2026-06-29T11:33:29+00:00,k3s-s2,Ready
2026-06-29T11:33:29+00:00,k3s-s3,NotReady
2026-06-29T11:33:29+00:00,k3s-w1,Ready
2026-06-29T11:33:29+00:00,k3s-w2,Ready
2026-06-29T11:33:30+00:00,k3s-s1,Ready
2026-06-29T11:33:30+00:00,k3s-s2,Ready
2026-06-29T11:33:30+00:00,k3s-s3,NotReady
2026-06-29T11:33:30+00:00,k3s-w1,Ready
2026-06-29T11:33:30+00:00,k3s-w2,Ready
2026-06-29T11:33:31+00:00,k3s-s1,Ready
2026-06-29T11:33:31+00:00,k3s-s2,Ready
2026-06-29T11:33:31+00:00,k3s-s3,NotReady
2026-06-29T11:33:31+00:00,k3s-w1,Ready
2026-06-29T11:33:31+00:00,k3s-w2,Ready
2026-06-29T11:33:32+00:00,k3s-s1,Ready
2026-06-29T11:33:32+00:00,k3s-s2,Ready
2026-06-29T11:33:32+00:00,k3s-s3,NotReady
2026-06-29T11:33:32+00:00,k3s-w1,Ready
2026-06-29T11:33:32+00:00,k3s-w2,Ready
2026-06-29T11:33:33+00:00,k3s-s1,Ready
2026-06-29T11:33:33+00:00,k3s-s2,Ready
2026-06-29T11:33:33+00:00,k3s-s3,NotReady
2026-06-29T11:33:33+00:00,k3s-w1,Ready
2026-06-29T11:33:33+00:00,k3s-w2,Ready
2026-06-29T11:33:34+00:00,k3s-s1,Ready
2026-06-29T11:33:34+00:00,k3s-s2,Ready
2026-06-29T11:33:34+00:00,k3s-s3,NotReady
2026-06-29T11:33:34+00:00,k3s-w1,Ready
2026-06-29T11:33:34+00:00,k3s-w2,Ready
2026-06-29T11:33:35+00:00,k3s-s1,Ready
2026-06-29T11:33:35+00:00,k3s-s2,Ready
2026-06-29T11:33:35+00:00,k3s-s3,NotReady
2026-06-29T11:33:35+00:00,k3s-w1,Ready
2026-06-29T11:33:35+00:00,k3s-w2,Ready
2026-06-29T11:33:36+00:00,k3s-s1,Ready
2026-06-29T11:33:36+00:00,k3s-s2,Ready
2026-06-29T11:33:36+00:00,k3s-s3,NotReady
2026-06-29T11:33:36+00:00,k3s-w1,Ready
2026-06-29T11:33:36+00:00,k3s-w2,Ready
2026-06-29T11:33:37+00:00,k3s-s1,Ready
2026-06-29T11:33:37+00:00,k3s-s2,Ready
2026-06-29T11:33:37+00:00,k3s-s3,NotReady
2026-06-29T11:33:37+00:00,k3s-w1,Ready
2026-06-29T11:33:37+00:00,k3s-w2,Ready
2026-06-29T11:33:38+00:00,k3s-s1,Ready
2026-06-29T11:33:38+00:00,k3s-s2,Ready
2026-06-29T11:33:38+00:00,k3s-s3,NotReady
2026-06-29T11:33:38+00:00,k3s-w1,Ready
2026-06-29T11:33:38+00:00,k3s-w2,Ready
2026-06-29T11:33:39+00:00,k3s-s1,Ready
2026-06-29T11:33:39+00:00,k3s-s2,Ready
2026-06-29T11:33:39+00:00,k3s-s3,NotReady
2026-06-29T11:33:39+00:00,k3s-w1,Ready
2026-06-29T11:33:39+00:00,k3s-w2,Ready
2026-06-29T11:33:40+00:00,k3s-s1,Ready
2026-06-29T11:33:40+00:00,k3s-s2,Ready
2026-06-29T11:33:40+00:00,k3s-s3,NotReady
2026-06-29T11:33:40+00:00,k3s-w1,Ready
2026-06-29T11:33:40+00:00,k3s-w2,Ready
2026-06-29T11:33:42+00:00,k3s-s1,Ready
2026-06-29T11:33:42+00:00,k3s-s2,Ready
2026-06-29T11:33:42+00:00,k3s-s3,NotReady
2026-06-29T11:33:42+00:00,k3s-w1,Ready
2026-06-29T11:33:42+00:00,k3s-w2,Ready
2026-06-29T11:33:43+00:00,k3s-s1,Ready
2026-06-29T11:33:43+00:00,k3s-s2,Ready
2026-06-29T11:33:43+00:00,k3s-s3,NotReady
2026-06-29T11:33:43+00:00,k3s-w1,Ready
2026-06-29T11:33:43+00:00,k3s-w2,Ready
2026-06-29T11:33:44+00:00,k3s-s1,Ready
2026-06-29T11:33:44+00:00,k3s-s2,Ready
2026-06-29T11:33:44+00:00,k3s-s3,NotReady
2026-06-29T11:33:44+00:00,k3s-w1,Ready
2026-06-29T11:33:44+00:00,k3s-w2,Ready
2026-06-29T11:33:45+00:00,k3s-s1,Ready
2026-06-29T11:33:45+00:00,k3s-s2,Ready
2026-06-29T11:33:45+00:00,k3s-s3,NotReady
2026-06-29T11:33:45+00:00,k3s-w1,Ready
2026-06-29T11:33:45+00:00,k3s-w2,Ready
2026-06-29T11:33:46+00:00,k3s-s1,Ready
2026-06-29T11:33:46+00:00,k3s-s2,Ready
2026-06-29T11:33:46+00:00,k3s-s3,NotReady
2026-06-29T11:33:46+00:00,k3s-w1,Ready
2026-06-29T11:33:46+00:00,k3s-w2,Ready
2026-06-29T11:33:47+00:00,k3s-s1,Ready
2026-06-29T11:33:47+00:00,k3s-s2,Ready
2026-06-29T11:33:47+00:00,k3s-s3,NotReady
2026-06-29T11:33:47+00:00,k3s-w1,Ready
2026-06-29T11:33:47+00:00,k3s-w2,Ready
2026-06-29T11:33:48+00:00,k3s-s1,Ready
2026-06-29T11:33:48+00:00,k3s-s2,Ready
2026-06-29T11:33:48+00:00,k3s-s3,NotReady
2026-06-29T11:33:48+00:00,k3s-w1,Ready
2026-06-29T11:33:48+00:00,k3s-w2,Ready
2026-06-29T11:33:49+00:00,k3s-s1,Ready
2026-06-29T11:33:49+00:00,k3s-s2,Ready
2026-06-29T11:33:49+00:00,k3s-s3,NotReady
2026-06-29T11:33:49+00:00,k3s-w1,Ready
2026-06-29T11:33:49+00:00,k3s-w2,Ready
2026-06-29T11:33:50+00:00,k3s-s1,Ready
2026-06-29T11:33:50+00:00,k3s-s2,Ready
2026-06-29T11:33:50+00:00,k3s-s3,NotReady
2026-06-29T11:33:50+00:00,k3s-w1,Ready
2026-06-29T11:33:50+00:00,k3s-w2,Ready
2026-06-29T11:33:51+00:00,k3s-s1,Ready
2026-06-29T11:33:51+00:00,k3s-s2,Ready
2026-06-29T11:33:51+00:00,k3s-s3,NotReady
2026-06-29T11:33:51+00:00,k3s-w1,Ready
2026-06-29T11:33:51+00:00,k3s-w2,Ready
2026-06-29T11:33:52+00:00,k3s-s1,Ready
2026-06-29T11:33:52+00:00,k3s-s2,Ready
2026-06-29T11:33:52+00:00,k3s-s3,NotReady
2026-06-29T11:33:52+00:00,k3s-w1,Ready
2026-06-29T11:33:52+00:00,k3s-w2,Ready
2026-06-29T11:33:53+00:00,k3s-s1,Ready
2026-06-29T11:33:53+00:00,k3s-s2,Ready
2026-06-29T11:33:53+00:00,k3s-s3,NotReady
2026-06-29T11:33:53+00:00,k3s-w1,Ready
2026-06-29T11:33:53+00:00,k3s-w2,Ready
2026-06-29T11:33:54+00:00,k3s-s1,Ready
2026-06-29T11:33:54+00:00,k3s-s2,Ready
2026-06-29T11:33:54+00:00,k3s-s3,NotReady
2026-06-29T11:33:54+00:00,k3s-w1,Ready
2026-06-29T11:33:54+00:00,k3s-w2,Ready
2026-06-29T11:33:55+00:00,k3s-s1,Ready
2026-06-29T11:33:55+00:00,k3s-s2,Ready
2026-06-29T11:33:55+00:00,k3s-s3,NotReady
2026-06-29T11:33:55+00:00,k3s-w1,Ready
2026-06-29T11:33:55+00:00,k3s-w2,Ready
2026-06-29T11:33:56+00:00,k3s-s1,Ready
2026-06-29T11:33:56+00:00,k3s-s2,Ready
2026-06-29T11:33:56+00:00,k3s-s3,NotReady
2026-06-29T11:33:56+00:00,k3s-w1,Ready
2026-06-29T11:33:56+00:00,k3s-w2,Ready
2026-06-29T11:33:57+00:00,k3s-s1,Ready
2026-06-29T11:33:57+00:00,k3s-s2,Ready
2026-06-29T11:33:57+00:00,k3s-s3,NotReady
2026-06-29T11:33:57+00:00,k3s-w1,Ready
2026-06-29T11:33:57+00:00,k3s-w2,Ready
2026-06-29T11:33:58+00:00,k3s-s1,Ready
2026-06-29T11:33:58+00:00,k3s-s2,Ready
2026-06-29T11:33:58+00:00,k3s-s3,NotReady
2026-06-29T11:33:58+00:00,k3s-w1,Ready
2026-06-29T11:33:58+00:00,k3s-w2,Ready
2026-06-29T11:33:59+00:00,k3s-s1,Ready
2026-06-29T11:33:59+00:00,k3s-s2,Ready
2026-06-29T11:33:59+00:00,k3s-s3,NotReady
2026-06-29T11:33:59+00:00,k3s-w1,Ready
2026-06-29T11:33:59+00:00,k3s-w2,Ready
2026-06-29T11:34:00+00:00,k3s-s1,Ready
2026-06-29T11:34:00+00:00,k3s-s2,Ready
2026-06-29T11:34:00+00:00,k3s-s3,NotReady
2026-06-29T11:34:00+00:00,k3s-w1,Ready
2026-06-29T11:34:00+00:00,k3s-w2,Ready
2026-06-29T11:34:02+00:00,k3s-s1,Ready
2026-06-29T11:34:02+00:00,k3s-s2,Ready
2026-06-29T11:34:02+00:00,k3s-s3,NotReady
2026-06-29T11:34:02+00:00,k3s-w1,Ready
2026-06-29T11:34:02+00:00,k3s-w2,Ready
2026-06-29T11:34:03+00:00,k3s-s1,Ready
2026-06-29T11:34:03+00:00,k3s-s2,Ready
2026-06-29T11:34:03+00:00,k3s-s3,NotReady
2026-06-29T11:34:03+00:00,k3s-w1,Ready
2026-06-29T11:34:03+00:00,k3s-w2,Ready
2026-06-29T11:34:04+00:00,k3s-s1,Ready
2026-06-29T11:34:04+00:00,k3s-s2,Ready
2026-06-29T11:34:04+00:00,k3s-s3,NotReady
2026-06-29T11:34:04+00:00,k3s-w1,Ready
2026-06-29T11:34:04+00:00,k3s-w2,Ready
2026-06-29T11:34:05+00:00,k3s-s1,Ready
2026-06-29T11:34:05+00:00,k3s-s2,Ready
2026-06-29T11:34:05+00:00,k3s-s3,NotReady
2026-06-29T11:34:05+00:00,k3s-w1,Ready
2026-06-29T11:34:05+00:00,k3s-w2,Ready
2026-06-29T11:34:06+00:00,k3s-s1,Ready
2026-06-29T11:34:06+00:00,k3s-s2,Ready
2026-06-29T11:34:06+00:00,k3s-s3,NotReady
2026-06-29T11:34:06+00:00,k3s-w1,Ready
2026-06-29T11:34:06+00:00,k3s-w2,Ready
2026-06-29T11:34:07+00:00,k3s-s1,Ready
2026-06-29T11:34:07+00:00,k3s-s2,Ready
2026-06-29T11:34:07+00:00,k3s-s3,NotReady
2026-06-29T11:34:07+00:00,k3s-w1,Ready
2026-06-29T11:34:07+00:00,k3s-w2,Ready
2026-06-29T11:34:08+00:00,k3s-s1,Ready
2026-06-29T11:34:08+00:00,k3s-s2,Ready
2026-06-29T11:34:08+00:00,k3s-s3,NotReady
2026-06-29T11:34:08+00:00,k3s-w1,Ready
2026-06-29T11:34:08+00:00,k3s-w2,Ready
2026-06-29T11:34:09+00:00,k3s-s1,Ready
2026-06-29T11:34:09+00:00,k3s-s2,Ready
2026-06-29T11:34:09+00:00,k3s-s3,NotReady
2026-06-29T11:34:09+00:00,k3s-w1,Ready
2026-06-29T11:34:09+00:00,k3s-w2,Ready
2026-06-29T11:34:10+00:00,k3s-s1,Ready
2026-06-29T11:34:10+00:00,k3s-s2,Ready
2026-06-29T11:34:10+00:00,k3s-s3,NotReady
2026-06-29T11:34:10+00:00,k3s-w1,Ready
2026-06-29T11:34:10+00:00,k3s-w2,Ready
2026-06-29T11:34:11+00:00,k3s-s1,Ready
2026-06-29T11:34:11+00:00,k3s-s2,Ready
2026-06-29T11:34:11+00:00,k3s-s3,NotReady
2026-06-29T11:34:11+00:00,k3s-w1,Ready
2026-06-29T11:34:11+00:00,k3s-w2,Ready
2026-06-29T11:34:12+00:00,k3s-s1,Ready
2026-06-29T11:34:12+00:00,k3s-s2,Ready
2026-06-29T11:34:12+00:00,k3s-s3,NotReady
2026-06-29T11:34:12+00:00,k3s-w1,Ready
2026-06-29T11:34:12+00:00,k3s-w2,Ready
2026-06-29T11:34:13+00:00,k3s-s1,Ready
2026-06-29T11:34:13+00:00,k3s-s2,Ready
2026-06-29T11:34:13+00:00,k3s-s3,NotReady
2026-06-29T11:34:13+00:00,k3s-w1,Ready
2026-06-29T11:34:13+00:00,k3s-w2,Ready
2026-06-29T11:34:14+00:00,k3s-s1,Ready
2026-06-29T11:34:14+00:00,k3s-s2,Ready
2026-06-29T11:34:14+00:00,k3s-s3,NotReady
2026-06-29T11:34:14+00:00,k3s-w1,Ready
2026-06-29T11:34:14+00:00,k3s-w2,Ready
2026-06-29T11:34:15+00:00,k3s-s1,Ready
2026-06-29T11:34:15+00:00,k3s-s2,Ready
2026-06-29T11:34:15+00:00,k3s-s3,NotReady
2026-06-29T11:34:15+00:00,k3s-w1,Ready
2026-06-29T11:34:15+00:00,k3s-w2,Ready
2026-06-29T11:34:16+00:00,k3s-s1,Ready
2026-06-29T11:34:16+00:00,k3s-s2,Ready
2026-06-29T11:34:16+00:00,k3s-s3,NotReady
2026-06-29T11:34:16+00:00,k3s-w1,Ready
2026-06-29T11:34:16+00:00,k3s-w2,Ready
2026-06-29T11:34:17+00:00,k3s-s1,Ready
2026-06-29T11:34:17+00:00,k3s-s2,Ready
2026-06-29T11:34:17+00:00,k3s-s3,NotReady
2026-06-29T11:34:17+00:00,k3s-w1,Ready
2026-06-29T11:34:17+00:00,k3s-w2,Ready
2026-06-29T11:34:18+00:00,k3s-s1,Ready
2026-06-29T11:34:18+00:00,k3s-s2,Ready
2026-06-29T11:34:18+00:00,k3s-s3,NotReady
2026-06-29T11:34:18+00:00,k3s-w1,Ready
2026-06-29T11:34:18+00:00,k3s-w2,Ready
2026-06-29T11:34:19+00:00,k3s-s1,Ready
2026-06-29T11:34:19+00:00,k3s-s2,Ready
2026-06-29T11:34:19+00:00,k3s-s3,NotReady
2026-06-29T11:34:19+00:00,k3s-w1,Ready
2026-06-29T11:34:19+00:00,k3s-w2,Ready
2026-06-29T11:34:20+00:00,k3s-s1,Ready
2026-06-29T11:34:20+00:00,k3s-s2,Ready
2026-06-29T11:34:20+00:00,k3s-s3,NotReady
2026-06-29T11:34:20+00:00,k3s-w1,Ready
2026-06-29T11:34:20+00:00,k3s-w2,Ready
2026-06-29T11:34:22+00:00,k3s-s1,Ready
2026-06-29T11:34:22+00:00,k3s-s2,Ready
2026-06-29T11:34:22+00:00,k3s-s3,NotReady
2026-06-29T11:34:22+00:00,k3s-w1,Ready
2026-06-29T11:34:22+00:00,k3s-w2,Ready
2026-06-29T11:34:23+00:00,k3s-s1,Ready
2026-06-29T11:34:23+00:00,k3s-s2,Ready
2026-06-29T11:34:23+00:00,k3s-s3,NotReady
2026-06-29T11:34:23+00:00,k3s-w1,Ready
2026-06-29T11:34:23+00:00,k3s-w2,Ready
2026-06-29T11:34:24+00:00,k3s-s1,Ready
2026-06-29T11:34:24+00:00,k3s-s2,Ready
2026-06-29T11:34:24+00:00,k3s-s3,NotReady
2026-06-29T11:34:24+00:00,k3s-w1,Ready
2026-06-29T11:34:24+00:00,k3s-w2,Ready
2026-06-29T11:34:25+00:00,k3s-s1,Ready
2026-06-29T11:34:25+00:00,k3s-s2,Ready
2026-06-29T11:34:25+00:00,k3s-s3,NotReady
2026-06-29T11:34:25+00:00,k3s-w1,Ready
2026-06-29T11:34:25+00:00,k3s-w2,Ready
2026-06-29T11:34:26+00:00,k3s-s1,Ready
2026-06-29T11:34:26+00:00,k3s-s2,Ready
2026-06-29T11:34:26+00:00,k3s-s3,NotReady
2026-06-29T11:34:26+00:00,k3s-w1,Ready
2026-06-29T11:34:26+00:00,k3s-w2,Ready
2026-06-29T11:34:27+00:00,k3s-s1,Ready
2026-06-29T11:34:27+00:00,k3s-s2,Ready
2026-06-29T11:34:27+00:00,k3s-s3,NotReady
2026-06-29T11:34:27+00:00,k3s-w1,Ready
2026-06-29T11:34:27+00:00,k3s-w2,Ready
2026-06-29T11:34:28+00:00,k3s-s1,Ready
2026-06-29T11:34:28+00:00,k3s-s2,Ready
2026-06-29T11:34:28+00:00,k3s-s3,NotReady
2026-06-29T11:34:28+00:00,k3s-w1,Ready
2026-06-29T11:34:28+00:00,k3s-w2,Ready
2026-06-29T11:34:29+00:00,k3s-s1,Ready
2026-06-29T11:34:29+00:00,k3s-s2,Ready
2026-06-29T11:34:29+00:00,k3s-s3,NotReady
2026-06-29T11:34:29+00:00,k3s-w1,Ready
2026-06-29T11:34:29+00:00,k3s-w2,Ready
2026-06-29T11:34:30+00:00,k3s-s1,Ready
2026-06-29T11:34:30+00:00,k3s-s2,Ready
2026-06-29T11:34:30+00:00,k3s-s3,NotReady
2026-06-29T11:34:30+00:00,k3s-w1,Ready
2026-06-29T11:34:30+00:00,k3s-w2,Ready
2026-06-29T11:34:31+00:00,k3s-s1,Ready
2026-06-29T11:34:31+00:00,k3s-s2,Ready
2026-06-29T11:34:31+00:00,k3s-s3,NotReady
2026-06-29T11:34:31+00:00,k3s-w1,Ready
2026-06-29T11:34:31+00:00,k3s-w2,Ready
2026-06-29T11:34:32+00:00,k3s-s1,Ready
2026-06-29T11:34:32+00:00,k3s-s2,Ready
2026-06-29T11:34:32+00:00,k3s-s3,NotReady
2026-06-29T11:34:32+00:00,k3s-w1,Ready
2026-06-29T11:34:32+00:00,k3s-w2,Ready
2026-06-29T11:34:33+00:00,k3s-s1,Ready
2026-06-29T11:34:33+00:00,k3s-s2,Ready
2026-06-29T11:34:33+00:00,k3s-s3,NotReady
2026-06-29T11:34:33+00:00,k3s-w1,Ready
2026-06-29T11:34:33+00:00,k3s-w2,Ready
2026-06-29T11:34:34+00:00,k3s-s1,Ready
2026-06-29T11:34:34+00:00,k3s-s2,Ready
2026-06-29T11:34:34+00:00,k3s-s3,NotReady
2026-06-29T11:34:34+00:00,k3s-w1,Ready
2026-06-29T11:34:34+00:00,k3s-w2,Ready
2026-06-29T11:34:35+00:00,k3s-s1,Ready
2026-06-29T11:34:35+00:00,k3s-s2,Ready
2026-06-29T11:34:35+00:00,k3s-s3,NotReady
2026-06-29T11:34:35+00:00,k3s-w1,Ready
2026-06-29T11:34:35+00:00,k3s-w2,Ready
2026-06-29T11:34:36+00:00,k3s-s1,Ready
2026-06-29T11:34:36+00:00,k3s-s2,Ready
2026-06-29T11:34:36+00:00,k3s-s3,NotReady
2026-06-29T11:34:36+00:00,k3s-w1,Ready
2026-06-29T11:34:36+00:00,k3s-w2,Ready
2026-06-29T11:34:37+00:00,k3s-s1,Ready
2026-06-29T11:34:37+00:00,k3s-s2,Ready
2026-06-29T11:34:37+00:00,k3s-s3,NotReady
2026-06-29T11:34:37+00:00,k3s-w1,Ready
2026-06-29T11:34:37+00:00,k3s-w2,Ready
2026-06-29T11:34:38+00:00,k3s-s1,Ready
2026-06-29T11:34:38+00:00,k3s-s2,Ready
2026-06-29T11:34:38+00:00,k3s-s3,NotReady
2026-06-29T11:34:38+00:00,k3s-w1,Ready
2026-06-29T11:34:38+00:00,k3s-w2,Ready
2026-06-29T11:34:39+00:00,k3s-s1,Ready
2026-06-29T11:34:39+00:00,k3s-s2,Ready
2026-06-29T11:34:39+00:00,k3s-s3,NotReady
2026-06-29T11:34:39+00:00,k3s-w1,Ready
2026-06-29T11:34:39+00:00,k3s-w2,Ready
2026-06-29T11:34:40+00:00,k3s-s1,Ready
2026-06-29T11:34:40+00:00,k3s-s2,Ready
2026-06-29T11:34:40+00:00,k3s-s3,NotReady
2026-06-29T11:34:40+00:00,k3s-w1,Ready
2026-06-29T11:34:40+00:00,k3s-w2,Ready
2026-06-29T11:34:42+00:00,k3s-s1,Ready
2026-06-29T11:34:42+00:00,k3s-s2,Ready
2026-06-29T11:34:42+00:00,k3s-s3,NotReady
2026-06-29T11:34:42+00:00,k3s-w1,Ready
2026-06-29T11:34:42+00:00,k3s-w2,Ready
2026-06-29T11:34:43+00:00,k3s-s1,Ready
2026-06-29T11:34:43+00:00,k3s-s2,Ready
2026-06-29T11:34:43+00:00,k3s-s3,NotReady
2026-06-29T11:34:43+00:00,k3s-w1,Ready
2026-06-29T11:34:43+00:00,k3s-w2,Ready
2026-06-29T11:34:44+00:00,k3s-s1,Ready
2026-06-29T11:34:44+00:00,k3s-s2,Ready
2026-06-29T11:34:44+00:00,k3s-s3,NotReady
2026-06-29T11:34:44+00:00,k3s-w1,Ready
2026-06-29T11:34:44+00:00,k3s-w2,Ready
2026-06-29T11:34:45+00:00,k3s-s1,Ready
2026-06-29T11:34:45+00:00,k3s-s2,Ready
2026-06-29T11:34:45+00:00,k3s-s3,NotReady
2026-06-29T11:34:45+00:00,k3s-w1,Ready
2026-06-29T11:34:45+00:00,k3s-w2,Ready
2026-06-29T11:34:46+00:00,k3s-s1,Ready
2026-06-29T11:34:46+00:00,k3s-s2,Ready
2026-06-29T11:34:46+00:00,k3s-s3,NotReady
2026-06-29T11:34:46+00:00,k3s-w1,Ready
2026-06-29T11:34:46+00:00,k3s-w2,Ready
2026-06-29T11:34:47+00:00,k3s-s1,Ready
2026-06-29T11:34:47+00:00,k3s-s2,Ready
2026-06-29T11:34:47+00:00,k3s-s3,NotReady
2026-06-29T11:34:47+00:00,k3s-w1,Ready
2026-06-29T11:34:47+00:00,k3s-w2,Ready
2026-06-29T11:34:48+00:00,k3s-s1,Ready
2026-06-29T11:34:48+00:00,k3s-s2,Ready
2026-06-29T11:34:48+00:00,k3s-s3,NotReady
2026-06-29T11:34:48+00:00,k3s-w1,Ready
2026-06-29T11:34:48+00:00,k3s-w2,Ready
2026-06-29T11:34:49+00:00,k3s-s1,Ready
2026-06-29T11:34:49+00:00,k3s-s2,Ready
2026-06-29T11:34:49+00:00,k3s-s3,NotReady
2026-06-29T11:34:49+00:00,k3s-w1,Ready
2026-06-29T11:34:49+00:00,k3s-w2,Ready
2026-06-29T11:34:50+00:00,k3s-s1,Ready
2026-06-29T11:34:50+00:00,k3s-s2,Ready
2026-06-29T11:34:50+00:00,k3s-s3,NotReady
2026-06-29T11:34:50+00:00,k3s-w1,Ready
2026-06-29T11:34:50+00:00,k3s-w2,Ready
2026-06-29T11:34:51+00:00,k3s-s1,Ready
2026-06-29T11:34:51+00:00,k3s-s2,Ready
2026-06-29T11:34:51+00:00,k3s-s3,NotReady
2026-06-29T11:34:51+00:00,k3s-w1,Ready
2026-06-29T11:34:51+00:00,k3s-w2,Ready
2026-06-29T11:34:52+00:00,k3s-s1,Ready
2026-06-29T11:34:52+00:00,k3s-s2,Ready
2026-06-29T11:34:52+00:00,k3s-s3,NotReady
2026-06-29T11:34:52+00:00,k3s-w1,Ready
2026-06-29T11:34:52+00:00,k3s-w2,Ready
2026-06-29T11:34:53+00:00,k3s-s1,Ready
2026-06-29T11:34:53+00:00,k3s-s2,Ready
2026-06-29T11:34:53+00:00,k3s-s3,NotReady
2026-06-29T11:34:53+00:00,k3s-w1,Ready
2026-06-29T11:34:53+00:00,k3s-w2,Ready
2026-06-29T11:34:54+00:00,k3s-s1,Ready
2026-06-29T11:34:54+00:00,k3s-s2,Ready
2026-06-29T11:34:54+00:00,k3s-s3,NotReady
2026-06-29T11:34:54+00:00,k3s-w1,Ready
2026-06-29T11:34:54+00:00,k3s-w2,Ready
2026-06-29T11:34:55+00:00,k3s-s1,Ready
2026-06-29T11:34:55+00:00,k3s-s2,Ready
2026-06-29T11:34:55+00:00,k3s-s3,NotReady
2026-06-29T11:34:55+00:00,k3s-w1,Ready
2026-06-29T11:34:55+00:00,k3s-w2,Ready
2026-06-29T11:34:56+00:00,k3s-s1,Ready
2026-06-29T11:34:56+00:00,k3s-s2,Ready
2026-06-29T11:34:56+00:00,k3s-s3,NotReady
2026-06-29T11:34:56+00:00,k3s-w1,Ready
2026-06-29T11:34:56+00:00,k3s-w2,Ready
2026-06-29T11:34:57+00:00,k3s-s1,Ready
2026-06-29T11:34:57+00:00,k3s-s2,Ready
2026-06-29T11:34:57+00:00,k3s-s3,NotReady
2026-06-29T11:34:57+00:00,k3s-w1,Ready
2026-06-29T11:34:57+00:00,k3s-w2,Ready
2026-06-29T11:34:58+00:00,k3s-s1,Ready
2026-06-29T11:34:58+00:00,k3s-s2,Ready
2026-06-29T11:34:58+00:00,k3s-s3,NotReady
2026-06-29T11:34:58+00:00,k3s-w1,Ready
2026-06-29T11:34:58+00:00,k3s-w2,Ready
2026-06-29T11:34:59+00:00,k3s-s1,Ready
2026-06-29T11:34:59+00:00,k3s-s2,Ready
2026-06-29T11:34:59+00:00,k3s-s3,NotReady
2026-06-29T11:34:59+00:00,k3s-w1,Ready
2026-06-29T11:34:59+00:00,k3s-w2,Ready
2026-06-29T11:35:00+00:00,k3s-s1,Ready
2026-06-29T11:35:00+00:00,k3s-s2,Ready
2026-06-29T11:35:00+00:00,k3s-s3,NotReady
2026-06-29T11:35:00+00:00,k3s-w1,Ready
2026-06-29T11:35:00+00:00,k3s-w2,Ready
2026-06-29T11:35:02+00:00,k3s-s1,Ready
2026-06-29T11:35:02+00:00,k3s-s2,Ready
2026-06-29T11:35:02+00:00,k3s-s3,NotReady
2026-06-29T11:35:02+00:00,k3s-w1,Ready
2026-06-29T11:35:02+00:00,k3s-w2,Ready
2026-06-29T11:35:03+00:00,k3s-s1,Ready
2026-06-29T11:35:03+00:00,k3s-s2,Ready
2026-06-29T11:35:03+00:00,k3s-s3,NotReady
2026-06-29T11:35:03+00:00,k3s-w1,Ready
2026-06-29T11:35:03+00:00,k3s-w2,Ready
2026-06-29T11:35:04+00:00,k3s-s1,Ready
2026-06-29T11:35:04+00:00,k3s-s2,Ready
2026-06-29T11:35:04+00:00,k3s-s3,NotReady
2026-06-29T11:35:04+00:00,k3s-w1,Ready
2026-06-29T11:35:04+00:00,k3s-w2,Ready
2026-06-29T11:35:05+00:00,k3s-s1,Ready
2026-06-29T11:35:05+00:00,k3s-s2,Ready
2026-06-29T11:35:05+00:00,k3s-s3,NotReady
2026-06-29T11:35:05+00:00,k3s-w1,Ready
2026-06-29T11:35:05+00:00,k3s-w2,Ready
2026-06-29T11:35:06+00:00,k3s-s1,Ready
2026-06-29T11:35:06+00:00,k3s-s2,Ready
2026-06-29T11:35:06+00:00,k3s-s3,NotReady
2026-06-29T11:35:06+00:00,k3s-w1,Ready
2026-06-29T11:35:06+00:00,k3s-w2,Ready
2026-06-29T11:35:07+00:00,k3s-s1,Ready
2026-06-29T11:35:07+00:00,k3s-s2,Ready
2026-06-29T11:35:07+00:00,k3s-s3,NotReady
2026-06-29T11:35:07+00:00,k3s-w1,Ready
2026-06-29T11:35:07+00:00,k3s-w2,Ready
2026-06-29T11:35:08+00:00,k3s-s1,Ready
2026-06-29T11:35:08+00:00,k3s-s2,Ready
2026-06-29T11:35:08+00:00,k3s-s3,NotReady
2026-06-29T11:35:08+00:00,k3s-w1,Ready
2026-06-29T11:35:08+00:00,k3s-w2,Ready
2026-06-29T11:35:09+00:00,k3s-s1,Ready
2026-06-29T11:35:09+00:00,k3s-s2,Ready
2026-06-29T11:35:09+00:00,k3s-s3,NotReady
2026-06-29T11:35:09+00:00,k3s-w1,Ready
2026-06-29T11:35:09+00:00,k3s-w2,Ready
2026-06-29T11:35:10+00:00,k3s-s1,Ready
2026-06-29T11:35:10+00:00,k3s-s2,Ready
2026-06-29T11:35:10+00:00,k3s-s3,NotReady
2026-06-29T11:35:10+00:00,k3s-w1,Ready
2026-06-29T11:35:10+00:00,k3s-w2,Ready
2026-06-29T11:35:11+00:00,k3s-s1,Ready
2026-06-29T11:35:11+00:00,k3s-s2,Ready
2026-06-29T11:35:11+00:00,k3s-s3,NotReady
2026-06-29T11:35:11+00:00,k3s-w1,Ready
2026-06-29T11:35:11+00:00,k3s-w2,Ready
2026-06-29T11:35:12+00:00,k3s-s1,Ready
2026-06-29T11:35:12+00:00,k3s-s2,Ready
2026-06-29T11:35:12+00:00,k3s-s3,NotReady
2026-06-29T11:35:12+00:00,k3s-w1,Ready
2026-06-29T11:35:12+00:00,k3s-w2,Ready
2026-06-29T11:35:13+00:00,k3s-s1,Ready
2026-06-29T11:35:13+00:00,k3s-s2,Ready
2026-06-29T11:35:13+00:00,k3s-s3,NotReady
2026-06-29T11:35:13+00:00,k3s-w1,Ready
2026-06-29T11:35:13+00:00,k3s-w2,Ready
2026-06-29T11:35:14+00:00,k3s-s1,Ready
2026-06-29T11:35:14+00:00,k3s-s2,Ready
2026-06-29T11:35:14+00:00,k3s-s3,NotReady
2026-06-29T11:35:14+00:00,k3s-w1,Ready
2026-06-29T11:35:14+00:00,k3s-w2,Ready
2026-06-29T11:35:15+00:00,k3s-s1,Ready
2026-06-29T11:35:15+00:00,k3s-s2,Ready
2026-06-29T11:35:15+00:00,k3s-s3,NotReady
2026-06-29T11:35:15+00:00,k3s-w1,Ready
2026-06-29T11:35:15+00:00,k3s-w2,Ready
2026-06-29T11:35:16+00:00,k3s-s1,Ready
2026-06-29T11:35:16+00:00,k3s-s2,Ready
2026-06-29T11:35:16+00:00,k3s-s3,NotReady
2026-06-29T11:35:16+00:00,k3s-w1,Ready
2026-06-29T11:35:16+00:00,k3s-w2,Ready
2026-06-29T11:35:17+00:00,k3s-s1,Ready
2026-06-29T11:35:17+00:00,k3s-s2,Ready
2026-06-29T11:35:17+00:00,k3s-s3,NotReady
2026-06-29T11:35:17+00:00,k3s-w1,Ready
2026-06-29T11:35:17+00:00,k3s-w2,Ready
2026-06-29T11:35:18+00:00,k3s-s1,Ready
2026-06-29T11:35:18+00:00,k3s-s2,Ready
2026-06-29T11:35:18+00:00,k3s-s3,NotReady
2026-06-29T11:35:18+00:00,k3s-w1,Ready
2026-06-29T11:35:18+00:00,k3s-w2,Ready
2026-06-29T11:35:19+00:00,k3s-s1,Ready
2026-06-29T11:35:19+00:00,k3s-s2,Ready
2026-06-29T11:35:19+00:00,k3s-s3,NotReady
2026-06-29T11:35:19+00:00,k3s-w1,Ready
2026-06-29T11:35:19+00:00,k3s-w2,Ready
2026-06-29T11:35:20+00:00,k3s-s1,Ready
2026-06-29T11:35:20+00:00,k3s-s2,Ready
2026-06-29T11:35:20+00:00,k3s-s3,NotReady
2026-06-29T11:35:20+00:00,k3s-w1,Ready
2026-06-29T11:35:20+00:00,k3s-w2,Ready
2026-06-29T11:35:22+00:00,k3s-s1,Ready
2026-06-29T11:35:22+00:00,k3s-s2,Ready
2026-06-29T11:35:22+00:00,k3s-s3,NotReady
2026-06-29T11:35:22+00:00,k3s-w1,Ready
2026-06-29T11:35:22+00:00,k3s-w2,Ready
2026-06-29T11:35:23+00:00,k3s-s1,Ready
2026-06-29T11:35:23+00:00,k3s-s2,Ready
2026-06-29T11:35:23+00:00,k3s-s3,NotReady
2026-06-29T11:35:23+00:00,k3s-w1,Ready
2026-06-29T11:35:23+00:00,k3s-w2,Ready
2026-06-29T11:35:24+00:00,k3s-s1,Ready
2026-06-29T11:35:24+00:00,k3s-s2,Ready
2026-06-29T11:35:24+00:00,k3s-s3,NotReady
2026-06-29T11:35:24+00:00,k3s-w1,Ready
2026-06-29T11:35:24+00:00,k3s-w2,Ready
2026-06-29T11:35:25+00:00,k3s-s1,Ready
2026-06-29T11:35:25+00:00,k3s-s2,Ready
2026-06-29T11:35:25+00:00,k3s-s3,NotReady
2026-06-29T11:35:25+00:00,k3s-w1,Ready
2026-06-29T11:35:25+00:00,k3s-w2,Ready
2026-06-29T11:35:26+00:00,k3s-s1,Ready
2026-06-29T11:35:26+00:00,k3s-s2,Ready
2026-06-29T11:35:26+00:00,k3s-s3,NotReady
2026-06-29T11:35:26+00:00,k3s-w1,Ready
2026-06-29T11:35:26+00:00,k3s-w2,Ready
2026-06-29T11:35:27+00:00,k3s-s1,Ready
2026-06-29T11:35:27+00:00,k3s-s2,Ready
2026-06-29T11:35:27+00:00,k3s-s3,NotReady
2026-06-29T11:35:27+00:00,k3s-w1,Ready
2026-06-29T11:35:27+00:00,k3s-w2,Ready
2026-06-29T11:35:28+00:00,k3s-s1,Ready
2026-06-29T11:35:28+00:00,k3s-s2,Ready
2026-06-29T11:35:28+00:00,k3s-s3,NotReady
2026-06-29T11:35:28+00:00,k3s-w1,Ready
2026-06-29T11:35:28+00:00,k3s-w2,Ready
2026-06-29T11:35:29+00:00,k3s-s1,Ready
2026-06-29T11:35:29+00:00,k3s-s2,Ready
2026-06-29T11:35:29+00:00,k3s-s3,NotReady
2026-06-29T11:35:29+00:00,k3s-w1,Ready
2026-06-29T11:35:29+00:00,k3s-w2,Ready
2026-06-29T11:35:30+00:00,k3s-s1,Ready
2026-06-29T11:35:30+00:00,k3s-s2,Ready
2026-06-29T11:35:30+00:00,k3s-s3,NotReady
2026-06-29T11:35:30+00:00,k3s-w1,Ready
2026-06-29T11:35:30+00:00,k3s-w2,Ready
2026-06-29T11:35:31+00:00,k3s-s1,Ready
2026-06-29T11:35:31+00:00,k3s-s2,Ready
2026-06-29T11:35:31+00:00,k3s-s3,NotReady
2026-06-29T11:35:31+00:00,k3s-w1,Ready
2026-06-29T11:35:31+00:00,k3s-w2,Ready
2026-06-29T11:35:32+00:00,k3s-s1,Ready
2026-06-29T11:35:32+00:00,k3s-s2,Ready
2026-06-29T11:35:32+00:00,k3s-s3,NotReady
2026-06-29T11:35:32+00:00,k3s-w1,Ready
2026-06-29T11:35:32+00:00,k3s-w2,Ready
2026-06-29T11:35:33+00:00,k3s-s1,Ready
2026-06-29T11:35:33+00:00,k3s-s2,Ready
2026-06-29T11:35:33+00:00,k3s-s3,NotReady
2026-06-29T11:35:33+00:00,k3s-w1,Ready
2026-06-29T11:35:33+00:00,k3s-w2,Ready
2026-06-29T11:35:34+00:00,k3s-s1,Ready
2026-06-29T11:35:34+00:00,k3s-s2,Ready
2026-06-29T11:35:34+00:00,k3s-s3,NotReady
2026-06-29T11:35:34+00:00,k3s-w1,Ready
2026-06-29T11:35:34+00:00,k3s-w2,Ready
2026-06-29T11:35:35+00:00,k3s-s1,Ready
2026-06-29T11:35:35+00:00,k3s-s2,Ready
2026-06-29T11:35:35+00:00,k3s-s3,NotReady
2026-06-29T11:35:35+00:00,k3s-w1,Ready
2026-06-29T11:35:35+00:00,k3s-w2,Ready
2026-06-29T11:35:36+00:00,k3s-s1,Ready
2026-06-29T11:35:36+00:00,k3s-s2,Ready
2026-06-29T11:35:36+00:00,k3s-s3,NotReady
2026-06-29T11:35:36+00:00,k3s-w1,Ready
2026-06-29T11:35:36+00:00,k3s-w2,Ready
2026-06-29T11:35:37+00:00,k3s-s1,Ready
2026-06-29T11:35:37+00:00,k3s-s2,Ready
2026-06-29T11:35:37+00:00,k3s-s3,NotReady
2026-06-29T11:35:37+00:00,k3s-w1,Ready
2026-06-29T11:35:37+00:00,k3s-w2,Ready
2026-06-29T11:35:38+00:00,k3s-s1,Ready
2026-06-29T11:35:38+00:00,k3s-s2,Ready
2026-06-29T11:35:38+00:00,k3s-s3,NotReady
2026-06-29T11:35:38+00:00,k3s-w1,Ready
2026-06-29T11:35:38+00:00,k3s-w2,Ready
2026-06-29T11:35:39+00:00,k3s-s1,Ready
2026-06-29T11:35:39+00:00,k3s-s2,Ready
2026-06-29T11:35:39+00:00,k3s-s3,NotReady
2026-06-29T11:35:39+00:00,k3s-w1,Ready
2026-06-29T11:35:39+00:00,k3s-w2,Ready
2026-06-29T11:35:40+00:00,k3s-s1,Ready
2026-06-29T11:35:40+00:00,k3s-s2,Ready
2026-06-29T11:35:40+00:00,k3s-s3,NotReady
2026-06-29T11:35:40+00:00,k3s-w1,Ready
2026-06-29T11:35:40+00:00,k3s-w2,Ready
2026-06-29T11:35:42+00:00,k3s-s1,Ready
2026-06-29T11:35:42+00:00,k3s-s2,Ready
2026-06-29T11:35:42+00:00,k3s-s3,NotReady
2026-06-29T11:35:42+00:00,k3s-w1,Ready
2026-06-29T11:35:42+00:00,k3s-w2,Ready
2026-06-29T11:35:43+00:00,k3s-s1,Ready
2026-06-29T11:35:43+00:00,k3s-s2,Ready
2026-06-29T11:35:43+00:00,k3s-s3,NotReady
2026-06-29T11:35:43+00:00,k3s-w1,Ready
2026-06-29T11:35:43+00:00,k3s-w2,Ready
2026-06-29T11:35:44+00:00,k3s-s1,Ready
2026-06-29T11:35:44+00:00,k3s-s2,Ready
2026-06-29T11:35:44+00:00,k3s-s3,NotReady
2026-06-29T11:35:44+00:00,k3s-w1,Ready
2026-06-29T11:35:44+00:00,k3s-w2,Ready
2026-06-29T11:35:45+00:00,k3s-s1,Ready
2026-06-29T11:35:45+00:00,k3s-s2,Ready
2026-06-29T11:35:45+00:00,k3s-s3,NotReady
2026-06-29T11:35:45+00:00,k3s-w1,Ready
2026-06-29T11:35:45+00:00,k3s-w2,Ready
2026-06-29T11:35:46+00:00,k3s-s1,Ready
2026-06-29T11:35:46+00:00,k3s-s2,Ready
2026-06-29T11:35:46+00:00,k3s-s3,NotReady
2026-06-29T11:35:46+00:00,k3s-w1,Ready
2026-06-29T11:35:46+00:00,k3s-w2,Ready
2026-06-29T11:35:47+00:00,k3s-s1,Ready
2026-06-29T11:35:47+00:00,k3s-s2,Ready
2026-06-29T11:35:47+00:00,k3s-s3,NotReady
2026-06-29T11:35:47+00:00,k3s-w1,Ready
2026-06-29T11:35:47+00:00,k3s-w2,Ready
2026-06-29T11:35:48+00:00,k3s-s1,Ready
2026-06-29T11:35:48+00:00,k3s-s2,Ready
2026-06-29T11:35:48+00:00,k3s-s3,NotReady
2026-06-29T11:35:48+00:00,k3s-w1,Ready
2026-06-29T11:35:48+00:00,k3s-w2,Ready
2026-06-29T11:35:49+00:00,k3s-s1,Ready
2026-06-29T11:35:49+00:00,k3s-s2,Ready
2026-06-29T11:35:49+00:00,k3s-s3,NotReady
2026-06-29T11:35:49+00:00,k3s-w1,Ready
2026-06-29T11:35:49+00:00,k3s-w2,Ready
2026-06-29T11:35:50+00:00,k3s-s1,Ready
2026-06-29T11:35:50+00:00,k3s-s2,Ready
2026-06-29T11:35:50+00:00,k3s-s3,NotReady
2026-06-29T11:35:50+00:00,k3s-w1,Ready
2026-06-29T11:35:50+00:00,k3s-w2,Ready
2026-06-29T11:35:51+00:00,k3s-s1,Ready
2026-06-29T11:35:51+00:00,k3s-s2,Ready
2026-06-29T11:35:51+00:00,k3s-s3,NotReady
2026-06-29T11:35:51+00:00,k3s-w1,Ready
2026-06-29T11:35:51+00:00,k3s-w2,Ready
2026-06-29T11:35:52+00:00,k3s-s1,Ready
2026-06-29T11:35:52+00:00,k3s-s2,Ready
2026-06-29T11:35:52+00:00,k3s-s3,NotReady
2026-06-29T11:35:52+00:00,k3s-w1,Ready
2026-06-29T11:35:52+00:00,k3s-w2,Ready
2026-06-29T11:35:53+00:00,k3s-s1,Ready
2026-06-29T11:35:53+00:00,k3s-s2,Ready
2026-06-29T11:35:53+00:00,k3s-s3,NotReady
2026-06-29T11:35:53+00:00,k3s-w1,Ready
2026-06-29T11:35:53+00:00,k3s-w2,Ready
2026-06-29T11:35:54+00:00,k3s-s1,Ready
2026-06-29T11:35:54+00:00,k3s-s2,Ready
2026-06-29T11:35:54+00:00,k3s-s3,NotReady
2026-06-29T11:35:54+00:00,k3s-w1,Ready
2026-06-29T11:35:54+00:00,k3s-w2,Ready
2026-06-29T11:35:55+00:00,k3s-s1,Ready
2026-06-29T11:35:55+00:00,k3s-s2,Ready
2026-06-29T11:35:55+00:00,k3s-s3,NotReady
2026-06-29T11:35:55+00:00,k3s-w1,Ready
2026-06-29T11:35:55+00:00,k3s-w2,Ready
2026-06-29T11:35:56+00:00,k3s-s1,Ready
2026-06-29T11:35:56+00:00,k3s-s2,Ready
2026-06-29T11:35:56+00:00,k3s-s3,NotReady
2026-06-29T11:35:56+00:00,k3s-w1,Ready
2026-06-29T11:35:56+00:00,k3s-w2,Ready
2026-06-29T11:35:57+00:00,k3s-s1,Ready
2026-06-29T11:35:57+00:00,k3s-s2,Ready
2026-06-29T11:35:57+00:00,k3s-s3,NotReady
2026-06-29T11:35:57+00:00,k3s-w1,Ready
2026-06-29T11:35:57+00:00,k3s-w2,Ready
2026-06-29T11:35:58+00:00,k3s-s1,Ready
2026-06-29T11:35:58+00:00,k3s-s2,Ready
2026-06-29T11:35:58+00:00,k3s-s3,NotReady
2026-06-29T11:35:58+00:00,k3s-w1,Ready
2026-06-29T11:35:58+00:00,k3s-w2,Ready
2026-06-29T11:35:59+00:00,k3s-s1,Ready
2026-06-29T11:35:59+00:00,k3s-s2,Ready
2026-06-29T11:35:59+00:00,k3s-s3,NotReady
2026-06-29T11:35:59+00:00,k3s-w1,Ready
2026-06-29T11:35:59+00:00,k3s-w2,Ready
2026-06-29T11:36:00+00:00,k3s-s1,Ready
2026-06-29T11:36:00+00:00,k3s-s2,Ready
2026-06-29T11:36:00+00:00,k3s-s3,NotReady
2026-06-29T11:36:00+00:00,k3s-w1,Ready
2026-06-29T11:36:00+00:00,k3s-w2,Ready
2026-06-29T11:36:02+00:00,k3s-s1,Ready
2026-06-29T11:36:02+00:00,k3s-s2,Ready
2026-06-29T11:36:02+00:00,k3s-s3,NotReady
2026-06-29T11:36:02+00:00,k3s-w1,Ready
2026-06-29T11:36:02+00:00,k3s-w2,Ready
2026-06-29T11:36:03+00:00,k3s-s1,Ready
2026-06-29T11:36:03+00:00,k3s-s2,Ready
2026-06-29T11:36:03+00:00,k3s-s3,NotReady
2026-06-29T11:36:03+00:00,k3s-w1,Ready
2026-06-29T11:36:03+00:00,k3s-w2,Ready
2026-06-29T11:36:04+00:00,k3s-s1,Ready
2026-06-29T11:36:04+00:00,k3s-s2,Ready
2026-06-29T11:36:04+00:00,k3s-s3,NotReady
2026-06-29T11:36:04+00:00,k3s-w1,Ready
2026-06-29T11:36:04+00:00,k3s-w2,Ready
2026-06-29T11:36:05+00:00,k3s-s1,Ready
2026-06-29T11:36:05+00:00,k3s-s2,Ready
2026-06-29T11:36:05+00:00,k3s-s3,NotReady
2026-06-29T11:36:05+00:00,k3s-w1,Ready
2026-06-29T11:36:05+00:00,k3s-w2,Ready
2026-06-29T11:36:06+00:00,k3s-s1,Ready
2026-06-29T11:36:06+00:00,k3s-s2,Ready
2026-06-29T11:36:06+00:00,k3s-s3,NotReady
2026-06-29T11:36:06+00:00,k3s-w1,Ready
2026-06-29T11:36:06+00:00,k3s-w2,Ready
2026-06-29T11:36:07+00:00,k3s-s1,Ready
2026-06-29T11:36:07+00:00,k3s-s2,Ready
2026-06-29T11:36:07+00:00,k3s-s3,NotReady
2026-06-29T11:36:07+00:00,k3s-w1,Ready
2026-06-29T11:36:07+00:00,k3s-w2,Ready
2026-06-29T11:36:08+00:00,k3s-s1,Ready
2026-06-29T11:36:08+00:00,k3s-s2,Ready
2026-06-29T11:36:08+00:00,k3s-s3,NotReady
2026-06-29T11:36:08+00:00,k3s-w1,Ready
2026-06-29T11:36:08+00:00,k3s-w2,Ready
2026-06-29T11:36:09+00:00,k3s-s1,Ready
2026-06-29T11:36:09+00:00,k3s-s2,Ready
2026-06-29T11:36:09+00:00,k3s-s3,NotReady
2026-06-29T11:36:09+00:00,k3s-w1,Ready
2026-06-29T11:36:09+00:00,k3s-w2,Ready
2026-06-29T11:36:10+00:00,k3s-s1,Ready
2026-06-29T11:36:10+00:00,k3s-s2,Ready
2026-06-29T11:36:10+00:00,k3s-s3,NotReady
2026-06-29T11:36:10+00:00,k3s-w1,Ready
2026-06-29T11:36:10+00:00,k3s-w2,Ready
2026-06-29T11:36:11+00:00,k3s-s1,Ready
2026-06-29T11:36:11+00:00,k3s-s2,Ready
2026-06-29T11:36:11+00:00,k3s-s3,NotReady
2026-06-29T11:36:11+00:00,k3s-w1,Ready
2026-06-29T11:36:11+00:00,k3s-w2,Ready
2026-06-29T11:36:12+00:00,k3s-s1,Ready
2026-06-29T11:36:12+00:00,k3s-s2,Ready
2026-06-29T11:36:12+00:00,k3s-s3,NotReady
2026-06-29T11:36:12+00:00,k3s-w1,Ready
2026-06-29T11:36:12+00:00,k3s-w2,Ready
2026-06-29T11:36:13+00:00,k3s-s1,Ready
2026-06-29T11:36:13+00:00,k3s-s2,Ready
2026-06-29T11:36:13+00:00,k3s-s3,NotReady
2026-06-29T11:36:13+00:00,k3s-w1,Ready
2026-06-29T11:36:13+00:00,k3s-w2,Ready
2026-06-29T11:36:14+00:00,k3s-s1,Ready
2026-06-29T11:36:14+00:00,k3s-s2,Ready
2026-06-29T11:36:14+00:00,k3s-s3,NotReady
2026-06-29T11:36:14+00:00,k3s-w1,Ready
2026-06-29T11:36:14+00:00,k3s-w2,Ready
2026-06-29T11:36:15+00:00,k3s-s1,Ready
2026-06-29T11:36:15+00:00,k3s-s2,Ready
2026-06-29T11:36:15+00:00,k3s-s3,NotReady
2026-06-29T11:36:15+00:00,k3s-w1,Ready
2026-06-29T11:36:15+00:00,k3s-w2,Ready
2026-06-29T11:36:16+00:00,k3s-s1,Ready
2026-06-29T11:36:16+00:00,k3s-s2,Ready
2026-06-29T11:36:16+00:00,k3s-s3,NotReady
2026-06-29T11:36:16+00:00,k3s-w1,Ready
2026-06-29T11:36:16+00:00,k3s-w2,Ready
2026-06-29T11:36:17+00:00,k3s-s1,Ready
2026-06-29T11:36:17+00:00,k3s-s2,Ready
2026-06-29T11:36:17+00:00,k3s-s3,NotReady
2026-06-29T11:36:17+00:00,k3s-w1,Ready
2026-06-29T11:36:17+00:00,k3s-w2,Ready
2026-06-29T11:36:18+00:00,k3s-s1,Ready
2026-06-29T11:36:18+00:00,k3s-s2,Ready
2026-06-29T11:36:18+00:00,k3s-s3,NotReady
2026-06-29T11:36:18+00:00,k3s-w1,Ready
2026-06-29T11:36:18+00:00,k3s-w2,Ready
2026-06-29T11:36:19+00:00,k3s-s1,Ready
2026-06-29T11:36:19+00:00,k3s-s2,Ready
2026-06-29T11:36:19+00:00,k3s-s3,NotReady
2026-06-29T11:36:19+00:00,k3s-w1,Ready
2026-06-29T11:36:19+00:00,k3s-w2,Ready
2026-06-29T11:36:20+00:00,k3s-s1,Ready
2026-06-29T11:36:20+00:00,k3s-s2,Ready
2026-06-29T11:36:20+00:00,k3s-s3,NotReady
2026-06-29T11:36:20+00:00,k3s-w1,Ready
2026-06-29T11:36:20+00:00,k3s-w2,Ready
2026-06-29T11:36:21+00:00,k3s-s1,Ready
2026-06-29T11:36:21+00:00,k3s-s2,Ready
2026-06-29T11:36:21+00:00,k3s-s3,NotReady
2026-06-29T11:36:21+00:00,k3s-w1,Ready
2026-06-29T11:36:21+00:00,k3s-w2,Ready
2026-06-29T11:36:23+00:00,k3s-s1,Ready
2026-06-29T11:36:23+00:00,k3s-s2,Ready
2026-06-29T11:36:23+00:00,k3s-s3,NotReady
2026-06-29T11:36:23+00:00,k3s-w1,Ready
2026-06-29T11:36:23+00:00,k3s-w2,Ready
2026-06-29T11:36:24+00:00,k3s-s1,Ready
2026-06-29T11:36:24+00:00,k3s-s2,Ready
2026-06-29T11:36:24+00:00,k3s-s3,NotReady
2026-06-29T11:36:24+00:00,k3s-w1,Ready
2026-06-29T11:36:24+00:00,k3s-w2,Ready
2026-06-29T11:36:25+00:00,k3s-s1,Ready
2026-06-29T11:36:25+00:00,k3s-s2,Ready
2026-06-29T11:36:25+00:00,k3s-s3,NotReady
2026-06-29T11:36:25+00:00,k3s-w1,Ready
2026-06-29T11:36:25+00:00,k3s-w2,Ready
2026-06-29T11:36:26+00:00,k3s-s1,Ready
2026-06-29T11:36:26+00:00,k3s-s2,Ready
2026-06-29T11:36:26+00:00,k3s-s3,NotReady
2026-06-29T11:36:26+00:00,k3s-w1,Ready
2026-06-29T11:36:26+00:00,k3s-w2,Ready
2026-06-29T11:36:27+00:00,k3s-s1,Ready
2026-06-29T11:36:27+00:00,k3s-s2,Ready
2026-06-29T11:36:27+00:00,k3s-s3,NotReady
2026-06-29T11:36:27+00:00,k3s-w1,Ready
2026-06-29T11:36:27+00:00,k3s-w2,Ready
2026-06-29T11:36:28+00:00,k3s-s1,Ready
2026-06-29T11:36:28+00:00,k3s-s2,Ready
2026-06-29T11:36:28+00:00,k3s-s3,NotReady
2026-06-29T11:36:28+00:00,k3s-w1,Ready
2026-06-29T11:36:28+00:00,k3s-w2,Ready
2026-06-29T11:36:29+00:00,k3s-s1,Ready
2026-06-29T11:36:29+00:00,k3s-s2,Ready
2026-06-29T11:36:29+00:00,k3s-s3,NotReady
2026-06-29T11:36:29+00:00,k3s-w1,Ready
2026-06-29T11:36:29+00:00,k3s-w2,Ready
2026-06-29T11:36:30+00:00,k3s-s1,Ready
2026-06-29T11:36:30+00:00,k3s-s2,Ready
2026-06-29T11:36:30+00:00,k3s-s3,NotReady
2026-06-29T11:36:30+00:00,k3s-w1,Ready
2026-06-29T11:36:30+00:00,k3s-w2,Ready
2026-06-29T11:36:31+00:00,k3s-s1,Ready
2026-06-29T11:36:31+00:00,k3s-s2,Ready
2026-06-29T11:36:31+00:00,k3s-s3,NotReady
2026-06-29T11:36:31+00:00,k3s-w1,Ready
2026-06-29T11:36:31+00:00,k3s-w2,Ready
2026-06-29T11:36:32+00:00,k3s-s1,Ready
2026-06-29T11:36:32+00:00,k3s-s2,Ready
2026-06-29T11:36:32+00:00,k3s-s3,NotReady
2026-06-29T11:36:32+00:00,k3s-w1,Ready
2026-06-29T11:36:32+00:00,k3s-w2,Ready
2026-06-29T11:36:33+00:00,k3s-s1,Ready
2026-06-29T11:36:33+00:00,k3s-s2,Ready
2026-06-29T11:36:33+00:00,k3s-s3,NotReady
2026-06-29T11:36:33+00:00,k3s-w1,Ready
2026-06-29T11:36:33+00:00,k3s-w2,Ready
2026-06-29T11:36:34+00:00,k3s-s1,Ready
2026-06-29T11:36:34+00:00,k3s-s2,Ready
2026-06-29T11:36:34+00:00,k3s-s3,NotReady
2026-06-29T11:36:34+00:00,k3s-w1,Ready
2026-06-29T11:36:34+00:00,k3s-w2,Ready
2026-06-29T11:36:35+00:00,k3s-s1,Ready
2026-06-29T11:36:35+00:00,k3s-s2,Ready
2026-06-29T11:36:35+00:00,k3s-s3,NotReady
2026-06-29T11:36:35+00:00,k3s-w1,Ready
2026-06-29T11:36:35+00:00,k3s-w2,Ready
2026-06-29T11:36:36+00:00,k3s-s1,Ready
2026-06-29T11:36:36+00:00,k3s-s2,Ready
2026-06-29T11:36:36+00:00,k3s-s3,NotReady
2026-06-29T11:36:36+00:00,k3s-w1,Ready
2026-06-29T11:36:36+00:00,k3s-w2,Ready
2026-06-29T11:36:37+00:00,k3s-s1,Ready
2026-06-29T11:36:37+00:00,k3s-s2,Ready
2026-06-29T11:36:37+00:00,k3s-s3,NotReady
2026-06-29T11:36:37+00:00,k3s-w1,Ready
2026-06-29T11:36:37+00:00,k3s-w2,Ready
2026-06-29T11:36:38+00:00,k3s-s1,Ready
2026-06-29T11:36:38+00:00,k3s-s2,Ready
2026-06-29T11:36:38+00:00,k3s-s3,NotReady
2026-06-29T11:36:38+00:00,k3s-w1,Ready
2026-06-29T11:36:38+00:00,k3s-w2,Ready
2026-06-29T11:36:39+00:00,k3s-s1,Ready
2026-06-29T11:36:39+00:00,k3s-s2,Ready
2026-06-29T11:36:39+00:00,k3s-s3,NotReady
2026-06-29T11:36:39+00:00,k3s-w1,Ready
2026-06-29T11:36:39+00:00,k3s-w2,Ready
2026-06-29T11:36:40+00:00,k3s-s1,Ready
2026-06-29T11:36:40+00:00,k3s-s2,Ready
2026-06-29T11:36:40+00:00,k3s-s3,NotReady
2026-06-29T11:36:40+00:00,k3s-w1,Ready
2026-06-29T11:36:40+00:00,k3s-w2,Ready
2026-06-29T11:36:41+00:00,k3s-s1,Ready
2026-06-29T11:36:41+00:00,k3s-s2,Ready
2026-06-29T11:36:41+00:00,k3s-s3,NotReady
2026-06-29T11:36:41+00:00,k3s-w1,Ready
2026-06-29T11:36:41+00:00,k3s-w2,Ready
2026-06-29T11:36:43+00:00,k3s-s1,Ready
2026-06-29T11:36:43+00:00,k3s-s2,Ready
2026-06-29T11:36:43+00:00,k3s-s3,NotReady
2026-06-29T11:36:43+00:00,k3s-w1,Ready
2026-06-29T11:36:43+00:00,k3s-w2,Ready
2026-06-29T11:36:44+00:00,k3s-s1,Ready
2026-06-29T11:36:44+00:00,k3s-s2,Ready
2026-06-29T11:36:44+00:00,k3s-s3,NotReady
2026-06-29T11:36:44+00:00,k3s-w1,Ready
2026-06-29T11:36:44+00:00,k3s-w2,Ready
2026-06-29T11:36:45+00:00,k3s-s1,Ready
2026-06-29T11:36:45+00:00,k3s-s2,Ready
2026-06-29T11:36:45+00:00,k3s-s3,NotReady
2026-06-29T11:36:45+00:00,k3s-w1,Ready
2026-06-29T11:36:45+00:00,k3s-w2,Ready
2026-06-29T11:36:46+00:00,k3s-s1,Ready
2026-06-29T11:36:46+00:00,k3s-s2,Ready
2026-06-29T11:36:46+00:00,k3s-s3,NotReady
2026-06-29T11:36:46+00:00,k3s-w1,Ready
2026-06-29T11:36:46+00:00,k3s-w2,Ready
2026-06-29T11:36:47+00:00,k3s-s1,Ready
2026-06-29T11:36:47+00:00,k3s-s2,Ready
2026-06-29T11:36:47+00:00,k3s-s3,NotReady
2026-06-29T11:36:47+00:00,k3s-w1,Ready
2026-06-29T11:36:47+00:00,k3s-w2,Ready
2026-06-29T11:36:48+00:00,k3s-s1,Ready
2026-06-29T11:36:48+00:00,k3s-s2,Ready
2026-06-29T11:36:48+00:00,k3s-s3,NotReady
2026-06-29T11:36:48+00:00,k3s-w1,Ready
2026-06-29T11:36:48+00:00,k3s-w2,Ready
2026-06-29T11:36:49+00:00,k3s-s1,Ready
2026-06-29T11:36:49+00:00,k3s-s2,Ready
2026-06-29T11:36:49+00:00,k3s-s3,NotReady
2026-06-29T11:36:49+00:00,k3s-w1,Ready
2026-06-29T11:36:49+00:00,k3s-w2,Ready
2026-06-29T11:36:50+00:00,k3s-s1,Ready
2026-06-29T11:36:50+00:00,k3s-s2,Ready
2026-06-29T11:36:50+00:00,k3s-s3,NotReady
2026-06-29T11:36:50+00:00,k3s-w1,Ready
2026-06-29T11:36:50+00:00,k3s-w2,Ready
2026-06-29T11:36:51+00:00,k3s-s1,Ready
2026-06-29T11:36:51+00:00,k3s-s2,Ready
2026-06-29T11:36:51+00:00,k3s-s3,NotReady
2026-06-29T11:36:51+00:00,k3s-w1,Ready
2026-06-29T11:36:51+00:00,k3s-w2,Ready
2026-06-29T11:36:52+00:00,k3s-s1,Ready
2026-06-29T11:36:52+00:00,k3s-s2,Ready
2026-06-29T11:36:52+00:00,k3s-s3,NotReady
2026-06-29T11:36:52+00:00,k3s-w1,Ready
2026-06-29T11:36:52+00:00,k3s-w2,Ready
2026-06-29T11:36:53+00:00,k3s-s1,Ready
2026-06-29T11:36:53+00:00,k3s-s2,Ready
2026-06-29T11:36:53+00:00,k3s-s3,NotReady
2026-06-29T11:36:53+00:00,k3s-w1,Ready
2026-06-29T11:36:53+00:00,k3s-w2,Ready
2026-06-29T11:36:54+00:00,k3s-s1,Ready
2026-06-29T11:36:54+00:00,k3s-s2,Ready
2026-06-29T11:36:54+00:00,k3s-s3,NotReady
2026-06-29T11:36:54+00:00,k3s-w1,Ready
2026-06-29T11:36:54+00:00,k3s-w2,Ready
2026-06-29T11:36:55+00:00,k3s-s1,Ready
2026-06-29T11:36:55+00:00,k3s-s2,Ready
2026-06-29T11:36:55+00:00,k3s-s3,NotReady
2026-06-29T11:36:55+00:00,k3s-w1,Ready
2026-06-29T11:36:55+00:00,k3s-w2,Ready
2026-06-29T11:36:56+00:00,k3s-s1,Ready
2026-06-29T11:36:56+00:00,k3s-s2,Ready
2026-06-29T11:36:56+00:00,k3s-s3,NotReady
2026-06-29T11:36:56+00:00,k3s-w1,Ready
2026-06-29T11:36:56+00:00,k3s-w2,Ready
2026-06-29T11:36:57+00:00,k3s-s1,Ready
2026-06-29T11:36:57+00:00,k3s-s2,Ready
2026-06-29T11:36:57+00:00,k3s-s3,NotReady
2026-06-29T11:36:57+00:00,k3s-w1,Ready
2026-06-29T11:36:57+00:00,k3s-w2,Ready
2026-06-29T11:36:58+00:00,k3s-s1,Ready
2026-06-29T11:36:58+00:00,k3s-s2,Ready
2026-06-29T11:36:58+00:00,k3s-s3,NotReady
2026-06-29T11:36:58+00:00,k3s-w1,Ready
2026-06-29T11:36:58+00:00,k3s-w2,Ready
2026-06-29T11:36:59+00:00,k3s-s1,Ready
2026-06-29T11:36:59+00:00,k3s-s2,Ready
2026-06-29T11:36:59+00:00,k3s-s3,NotReady
2026-06-29T11:36:59+00:00,k3s-w1,Ready
2026-06-29T11:36:59+00:00,k3s-w2,Ready
2026-06-29T11:37:00+00:00,k3s-s1,Ready
2026-06-29T11:37:00+00:00,k3s-s2,Ready
2026-06-29T11:37:00+00:00,k3s-s3,NotReady
2026-06-29T11:37:00+00:00,k3s-w1,Ready
2026-06-29T11:37:00+00:00,k3s-w2,Ready
2026-06-29T11:37:01+00:00,k3s-s1,Ready
2026-06-29T11:37:01+00:00,k3s-s2,Ready
2026-06-29T11:37:01+00:00,k3s-s3,NotReady
2026-06-29T11:37:01+00:00,k3s-w1,Ready
2026-06-29T11:37:01+00:00,k3s-w2,Ready
2026-06-29T11:37:03+00:00,k3s-s1,Ready
2026-06-29T11:37:03+00:00,k3s-s2,Ready
2026-06-29T11:37:03+00:00,k3s-s3,NotReady
2026-06-29T11:37:03+00:00,k3s-w1,Ready
2026-06-29T11:37:03+00:00,k3s-w2,Ready
2026-06-29T11:37:04+00:00,k3s-s1,Ready
2026-06-29T11:37:04+00:00,k3s-s2,Ready
2026-06-29T11:37:04+00:00,k3s-s3,NotReady
2026-06-29T11:37:04+00:00,k3s-w1,Ready
2026-06-29T11:37:04+00:00,k3s-w2,Ready
2026-06-29T11:37:05+00:00,k3s-s1,Ready
2026-06-29T11:37:05+00:00,k3s-s2,Ready
2026-06-29T11:37:05+00:00,k3s-s3,NotReady
2026-06-29T11:37:05+00:00,k3s-w1,Ready
2026-06-29T11:37:05+00:00,k3s-w2,Ready
2026-06-29T11:37:06+00:00,k3s-s1,Ready
2026-06-29T11:37:06+00:00,k3s-s2,Ready
2026-06-29T11:37:06+00:00,k3s-s3,NotReady
2026-06-29T11:37:06+00:00,k3s-w1,Ready
2026-06-29T11:37:06+00:00,k3s-w2,Ready
2026-06-29T11:37:07+00:00,k3s-s1,Ready
2026-06-29T11:37:07+00:00,k3s-s2,Ready
2026-06-29T11:37:07+00:00,k3s-s3,NotReady
2026-06-29T11:37:07+00:00,k3s-w1,Ready
2026-06-29T11:37:07+00:00,k3s-w2,Ready
2026-06-29T11:37:08+00:00,k3s-s1,Ready
2026-06-29T11:37:08+00:00,k3s-s2,Ready
2026-06-29T11:37:08+00:00,k3s-s3,NotReady
2026-06-29T11:37:08+00:00,k3s-w1,Ready
2026-06-29T11:37:08+00:00,k3s-w2,Ready
2026-06-29T11:37:09+00:00,k3s-s1,Ready
2026-06-29T11:37:09+00:00,k3s-s2,Ready
2026-06-29T11:37:09+00:00,k3s-s3,NotReady
2026-06-29T11:37:09+00:00,k3s-w1,Ready
2026-06-29T11:37:09+00:00,k3s-w2,Ready
2026-06-29T11:37:10+00:00,k3s-s1,Ready
2026-06-29T11:37:10+00:00,k3s-s2,Ready
2026-06-29T11:37:10+00:00,k3s-s3,NotReady
2026-06-29T11:37:10+00:00,k3s-w1,Ready
2026-06-29T11:37:10+00:00,k3s-w2,Ready
2026-06-29T11:37:11+00:00,k3s-s1,Ready
2026-06-29T11:37:11+00:00,k3s-s2,Ready
2026-06-29T11:37:11+00:00,k3s-s3,NotReady
2026-06-29T11:37:11+00:00,k3s-w1,Ready
2026-06-29T11:37:11+00:00,k3s-w2,Ready
2026-06-29T11:37:12+00:00,k3s-s1,Ready
2026-06-29T11:37:12+00:00,k3s-s2,Ready
2026-06-29T11:37:12+00:00,k3s-s3,NotReady
2026-06-29T11:37:12+00:00,k3s-w1,Ready
2026-06-29T11:37:12+00:00,k3s-w2,Ready
2026-06-29T11:37:13+00:00,k3s-s1,Ready
2026-06-29T11:37:13+00:00,k3s-s2,Ready
2026-06-29T11:37:13+00:00,k3s-s3,NotReady
2026-06-29T11:37:13+00:00,k3s-w1,Ready
2026-06-29T11:37:13+00:00,k3s-w2,Ready
2026-06-29T11:37:14+00:00,k3s-s1,Ready
2026-06-29T11:37:14+00:00,k3s-s2,Ready
2026-06-29T11:37:14+00:00,k3s-s3,NotReady
2026-06-29T11:37:14+00:00,k3s-w1,Ready
2026-06-29T11:37:14+00:00,k3s-w2,Ready
2026-06-29T11:37:15+00:00,k3s-s1,Ready
2026-06-29T11:37:15+00:00,k3s-s2,Ready
2026-06-29T11:37:15+00:00,k3s-s3,NotReady
2026-06-29T11:37:15+00:00,k3s-w1,Ready
2026-06-29T11:37:15+00:00,k3s-w2,Ready
2026-06-29T11:37:16+00:00,k3s-s1,Ready
2026-06-29T11:37:16+00:00,k3s-s2,Ready
2026-06-29T11:37:16+00:00,k3s-s3,NotReady
2026-06-29T11:37:16+00:00,k3s-w1,Ready
2026-06-29T11:37:16+00:00,k3s-w2,Ready
2026-06-29T11:37:17+00:00,k3s-s1,Ready
2026-06-29T11:37:17+00:00,k3s-s2,Ready
2026-06-29T11:37:17+00:00,k3s-s3,NotReady
2026-06-29T11:37:17+00:00,k3s-w1,Ready
2026-06-29T11:37:17+00:00,k3s-w2,Ready
2026-06-29T11:37:18+00:00,k3s-s1,Ready
2026-06-29T11:37:18+00:00,k3s-s2,Ready
2026-06-29T11:37:18+00:00,k3s-s3,NotReady
2026-06-29T11:37:18+00:00,k3s-w1,Ready
2026-06-29T11:37:18+00:00,k3s-w2,Ready
2026-06-29T11:37:19+00:00,k3s-s1,Ready
2026-06-29T11:37:19+00:00,k3s-s2,Ready
2026-06-29T11:37:19+00:00,k3s-s3,NotReady
2026-06-29T11:37:19+00:00,k3s-w1,Ready
2026-06-29T11:37:19+00:00,k3s-w2,Ready
2026-06-29T11:37:20+00:00,k3s-s1,Ready
2026-06-29T11:37:20+00:00,k3s-s2,Ready
2026-06-29T11:37:20+00:00,k3s-s3,NotReady
2026-06-29T11:37:20+00:00,k3s-w1,Ready
2026-06-29T11:37:20+00:00,k3s-w2,Ready
2026-06-29T11:37:21+00:00,k3s-s1,Ready
2026-06-29T11:37:21+00:00,k3s-s2,Ready
2026-06-29T11:37:21+00:00,k3s-s3,NotReady
2026-06-29T11:37:21+00:00,k3s-w1,Ready
2026-06-29T11:37:21+00:00,k3s-w2,Ready
2026-06-29T11:37:23+00:00,k3s-s1,Ready
2026-06-29T11:37:23+00:00,k3s-s2,Ready
2026-06-29T11:37:23+00:00,k3s-s3,NotReady
2026-06-29T11:37:23+00:00,k3s-w1,Ready
2026-06-29T11:37:23+00:00,k3s-w2,Ready
2026-06-29T11:37:24+00:00,k3s-s1,Ready
2026-06-29T11:37:24+00:00,k3s-s2,Ready
2026-06-29T11:37:24+00:00,k3s-s3,NotReady
2026-06-29T11:37:24+00:00,k3s-w1,Ready
2026-06-29T11:37:24+00:00,k3s-w2,Ready
2026-06-29T11:37:25+00:00,k3s-s1,Ready
2026-06-29T11:37:25+00:00,k3s-s2,Ready
2026-06-29T11:37:25+00:00,k3s-s3,NotReady
2026-06-29T11:37:25+00:00,k3s-w1,Ready
2026-06-29T11:37:25+00:00,k3s-w2,Ready
2026-06-29T11:37:26+00:00,k3s-s1,Ready
2026-06-29T11:37:26+00:00,k3s-s2,Ready
2026-06-29T11:37:26+00:00,k3s-s3,NotReady
2026-06-29T11:37:26+00:00,k3s-w1,Ready
2026-06-29T11:37:26+00:00,k3s-w2,Ready
2026-06-29T11:37:27+00:00,k3s-s1,Ready
2026-06-29T11:37:27+00:00,k3s-s2,Ready
2026-06-29T11:37:27+00:00,k3s-s3,NotReady
2026-06-29T11:37:27+00:00,k3s-w1,Ready
2026-06-29T11:37:27+00:00,k3s-w2,Ready
2026-06-29T11:37:28+00:00,k3s-s1,Ready
2026-06-29T11:37:28+00:00,k3s-s2,Ready
2026-06-29T11:37:28+00:00,k3s-s3,NotReady
2026-06-29T11:37:28+00:00,k3s-w1,Ready
2026-06-29T11:37:28+00:00,k3s-w2,Ready
2026-06-29T11:37:29+00:00,k3s-s1,Ready
2026-06-29T11:37:29+00:00,k3s-s2,Ready
2026-06-29T11:37:29+00:00,k3s-s3,NotReady
2026-06-29T11:37:29+00:00,k3s-w1,Ready
2026-06-29T11:37:29+00:00,k3s-w2,Ready
2026-06-29T11:37:30+00:00,k3s-s1,Ready
2026-06-29T11:37:30+00:00,k3s-s2,Ready
2026-06-29T11:37:30+00:00,k3s-s3,NotReady
2026-06-29T11:37:30+00:00,k3s-w1,Ready
2026-06-29T11:37:30+00:00,k3s-w2,Ready
2026-06-29T11:37:31+00:00,k3s-s1,Ready
2026-06-29T11:37:31+00:00,k3s-s2,Ready
2026-06-29T11:37:31+00:00,k3s-s3,NotReady
2026-06-29T11:37:31+00:00,k3s-w1,Ready
2026-06-29T11:37:31+00:00,k3s-w2,Ready
2026-06-29T11:37:32+00:00,k3s-s1,Ready
2026-06-29T11:37:32+00:00,k3s-s2,Ready
2026-06-29T11:37:32+00:00,k3s-s3,NotReady
2026-06-29T11:37:32+00:00,k3s-w1,Ready
2026-06-29T11:37:32+00:00,k3s-w2,Ready
2026-06-29T11:37:33+00:00,k3s-s1,Ready
2026-06-29T11:37:33+00:00,k3s-s2,Ready
2026-06-29T11:37:33+00:00,k3s-s3,NotReady
2026-06-29T11:37:33+00:00,k3s-w1,Ready
2026-06-29T11:37:33+00:00,k3s-w2,Ready
2026-06-29T11:37:34+00:00,k3s-s1,Ready
2026-06-29T11:37:34+00:00,k3s-s2,Ready
2026-06-29T11:37:34+00:00,k3s-s3,NotReady
2026-06-29T11:37:34+00:00,k3s-w1,Ready
2026-06-29T11:37:34+00:00,k3s-w2,Ready
2026-06-29T11:37:35+00:00,k3s-s1,Ready
2026-06-29T11:37:35+00:00,k3s-s2,Ready
2026-06-29T11:37:35+00:00,k3s-s3,NotReady
2026-06-29T11:37:35+00:00,k3s-w1,Ready
2026-06-29T11:37:35+00:00,k3s-w2,Ready
2026-06-29T11:37:36+00:00,k3s-s1,Ready
2026-06-29T11:37:36+00:00,k3s-s2,Ready
2026-06-29T11:37:36+00:00,k3s-s3,NotReady
2026-06-29T11:37:36+00:00,k3s-w1,Ready
2026-06-29T11:37:36+00:00,k3s-w2,Ready
2026-06-29T11:37:37+00:00,k3s-s1,Ready
2026-06-29T11:37:37+00:00,k3s-s2,Ready
2026-06-29T11:37:37+00:00,k3s-s3,NotReady
2026-06-29T11:37:37+00:00,k3s-w1,Ready
2026-06-29T11:37:37+00:00,k3s-w2,Ready
2026-06-29T11:37:38+00:00,k3s-s1,Ready
2026-06-29T11:37:38+00:00,k3s-s2,Ready
2026-06-29T11:37:38+00:00,k3s-s3,NotReady
2026-06-29T11:37:38+00:00,k3s-w1,Ready
2026-06-29T11:37:38+00:00,k3s-w2,Ready
2026-06-29T11:37:39+00:00,k3s-s1,Ready
2026-06-29T11:37:39+00:00,k3s-s2,Ready
2026-06-29T11:37:39+00:00,k3s-s3,NotReady
2026-06-29T11:37:39+00:00,k3s-w1,Ready
2026-06-29T11:37:39+00:00,k3s-w2,Ready
2026-06-29T11:37:40+00:00,k3s-s1,Ready
2026-06-29T11:37:40+00:00,k3s-s2,Ready
2026-06-29T11:37:40+00:00,k3s-s3,NotReady
2026-06-29T11:37:40+00:00,k3s-w1,Ready
2026-06-29T11:37:40+00:00,k3s-w2,Ready
2026-06-29T11:37:41+00:00,k3s-s1,Ready
2026-06-29T11:37:41+00:00,k3s-s2,Ready
2026-06-29T11:37:41+00:00,k3s-s3,NotReady
2026-06-29T11:37:41+00:00,k3s-w1,Ready
2026-06-29T11:37:41+00:00,k3s-w2,Ready
2026-06-29T11:37:43+00:00,k3s-s1,Ready
2026-06-29T11:37:43+00:00,k3s-s2,Ready
2026-06-29T11:37:43+00:00,k3s-s3,NotReady
2026-06-29T11:37:43+00:00,k3s-w1,Ready
2026-06-29T11:37:43+00:00,k3s-w2,Ready
2026-06-29T11:37:44+00:00,k3s-s1,Ready
2026-06-29T11:37:44+00:00,k3s-s2,Ready
2026-06-29T11:37:44+00:00,k3s-s3,NotReady
2026-06-29T11:37:44+00:00,k3s-w1,Ready
2026-06-29T11:37:44+00:00,k3s-w2,Ready
2026-06-29T11:37:45+00:00,k3s-s1,Ready
2026-06-29T11:37:45+00:00,k3s-s2,Ready
2026-06-29T11:37:45+00:00,k3s-s3,NotReady
2026-06-29T11:37:45+00:00,k3s-w1,Ready
2026-06-29T11:37:45+00:00,k3s-w2,Ready
2026-06-29T11:37:46+00:00,k3s-s1,Ready
2026-06-29T11:37:46+00:00,k3s-s2,Ready
2026-06-29T11:37:46+00:00,k3s-s3,NotReady
2026-06-29T11:37:46+00:00,k3s-w1,Ready
2026-06-29T11:37:46+00:00,k3s-w2,Ready
2026-06-29T11:37:47+00:00,k3s-s1,Ready
2026-06-29T11:37:47+00:00,k3s-s2,Ready
2026-06-29T11:37:47+00:00,k3s-s3,NotReady
2026-06-29T11:37:47+00:00,k3s-w1,Ready
2026-06-29T11:37:47+00:00,k3s-w2,Ready
2026-06-29T11:37:48+00:00,k3s-s1,Ready
2026-06-29T11:37:48+00:00,k3s-s2,Ready
2026-06-29T11:37:48+00:00,k3s-s3,NotReady
2026-06-29T11:37:48+00:00,k3s-w1,Ready
2026-06-29T11:37:48+00:00,k3s-w2,Ready
2026-06-29T11:37:49+00:00,k3s-s1,Ready
2026-06-29T11:37:49+00:00,k3s-s2,Ready
2026-06-29T11:37:49+00:00,k3s-s3,NotReady
2026-06-29T11:37:49+00:00,k3s-w1,Ready
2026-06-29T11:37:49+00:00,k3s-w2,Ready
2026-06-29T11:37:50+00:00,k3s-s1,Ready
2026-06-29T11:37:50+00:00,k3s-s2,Ready
2026-06-29T11:37:50+00:00,k3s-s3,NotReady
2026-06-29T11:37:50+00:00,k3s-w1,Ready
2026-06-29T11:37:50+00:00,k3s-w2,Ready
2026-06-29T11:37:51+00:00,k3s-s1,Ready
2026-06-29T11:37:51+00:00,k3s-s2,Ready
2026-06-29T11:37:51+00:00,k3s-s3,NotReady
2026-06-29T11:37:51+00:00,k3s-w1,Ready
2026-06-29T11:37:51+00:00,k3s-w2,Ready
2026-06-29T11:37:52+00:00,k3s-s1,Ready
2026-06-29T11:37:52+00:00,k3s-s2,Ready
2026-06-29T11:37:52+00:00,k3s-s3,NotReady
2026-06-29T11:37:52+00:00,k3s-w1,Ready
2026-06-29T11:37:52+00:00,k3s-w2,Ready
2026-06-29T11:37:53+00:00,k3s-s1,Ready
2026-06-29T11:37:53+00:00,k3s-s2,Ready
2026-06-29T11:37:53+00:00,k3s-s3,NotReady
2026-06-29T11:37:53+00:00,k3s-w1,Ready
2026-06-29T11:37:53+00:00,k3s-w2,Ready
2026-06-29T11:37:54+00:00,k3s-s1,Ready
2026-06-29T11:37:54+00:00,k3s-s2,Ready
2026-06-29T11:37:54+00:00,k3s-s3,NotReady
2026-06-29T11:37:54+00:00,k3s-w1,Ready
2026-06-29T11:37:54+00:00,k3s-w2,Ready
2026-06-29T11:37:55+00:00,k3s-s1,Ready
2026-06-29T11:37:55+00:00,k3s-s2,Ready
2026-06-29T11:37:55+00:00,k3s-s3,NotReady
2026-06-29T11:37:55+00:00,k3s-w1,Ready
2026-06-29T11:37:55+00:00,k3s-w2,Ready
2026-06-29T11:37:56+00:00,k3s-s1,Ready
2026-06-29T11:37:56+00:00,k3s-s2,Ready
2026-06-29T11:37:56+00:00,k3s-s3,NotReady
2026-06-29T11:37:56+00:00,k3s-w1,Ready
2026-06-29T11:37:56+00:00,k3s-w2,Ready
2026-06-29T11:37:57+00:00,k3s-s1,Ready
2026-06-29T11:37:57+00:00,k3s-s2,Ready
2026-06-29T11:37:57+00:00,k3s-s3,NotReady
2026-06-29T11:37:57+00:00,k3s-w1,Ready
2026-06-29T11:37:57+00:00,k3s-w2,Ready
2026-06-29T11:37:58+00:00,k3s-s1,Ready
2026-06-29T11:37:58+00:00,k3s-s2,Ready
2026-06-29T11:37:58+00:00,k3s-s3,NotReady
2026-06-29T11:37:58+00:00,k3s-w1,Ready
2026-06-29T11:37:58+00:00,k3s-w2,Ready
2026-06-29T11:37:59+00:00,k3s-s1,Ready
2026-06-29T11:37:59+00:00,k3s-s2,Ready
2026-06-29T11:37:59+00:00,k3s-s3,NotReady
2026-06-29T11:37:59+00:00,k3s-w1,Ready
2026-06-29T11:37:59+00:00,k3s-w2,Ready
2026-06-29T11:38:00+00:00,k3s-s1,Ready
2026-06-29T11:38:00+00:00,k3s-s2,Ready
2026-06-29T11:38:00+00:00,k3s-s3,NotReady
2026-06-29T11:38:00+00:00,k3s-w1,Ready
2026-06-29T11:38:00+00:00,k3s-w2,Ready
2026-06-29T11:38:01+00:00,k3s-s1,Ready
2026-06-29T11:38:01+00:00,k3s-s2,Ready
2026-06-29T11:38:01+00:00,k3s-s3,NotReady
2026-06-29T11:38:01+00:00,k3s-w1,Ready
2026-06-29T11:38:01+00:00,k3s-w2,Ready
2026-06-29T11:38:03+00:00,k3s-s1,Ready
2026-06-29T11:38:03+00:00,k3s-s2,Ready
2026-06-29T11:38:03+00:00,k3s-s3,NotReady
2026-06-29T11:38:03+00:00,k3s-w1,Ready
2026-06-29T11:38:03+00:00,k3s-w2,Ready
2026-06-29T11:38:04+00:00,k3s-s1,Ready
2026-06-29T11:38:04+00:00,k3s-s2,Ready
2026-06-29T11:38:04+00:00,k3s-s3,NotReady
2026-06-29T11:38:04+00:00,k3s-w1,Ready
2026-06-29T11:38:04+00:00,k3s-w2,Ready
2026-06-29T11:38:05+00:00,k3s-s1,Ready
2026-06-29T11:38:05+00:00,k3s-s2,Ready
2026-06-29T11:38:05+00:00,k3s-s3,NotReady
2026-06-29T11:38:05+00:00,k3s-w1,Ready
2026-06-29T11:38:05+00:00,k3s-w2,Ready
2026-06-29T11:38:06+00:00,k3s-s1,Ready
2026-06-29T11:38:06+00:00,k3s-s2,Ready
2026-06-29T11:38:06+00:00,k3s-s3,NotReady
2026-06-29T11:38:06+00:00,k3s-w1,Ready
2026-06-29T11:38:06+00:00,k3s-w2,Ready
2026-06-29T11:38:07+00:00,k3s-s1,Ready
2026-06-29T11:38:07+00:00,k3s-s2,Ready
2026-06-29T11:38:07+00:00,k3s-s3,NotReady
2026-06-29T11:38:07+00:00,k3s-w1,Ready
2026-06-29T11:38:07+00:00,k3s-w2,Ready
2026-06-29T11:38:08+00:00,k3s-s1,Ready
2026-06-29T11:38:08+00:00,k3s-s2,Ready
2026-06-29T11:38:08+00:00,k3s-s3,NotReady
2026-06-29T11:38:08+00:00,k3s-w1,Ready
2026-06-29T11:38:08+00:00,k3s-w2,Ready
2026-06-29T11:38:09+00:00,k3s-s1,Ready
2026-06-29T11:38:09+00:00,k3s-s2,Ready
2026-06-29T11:38:09+00:00,k3s-s3,NotReady
2026-06-29T11:38:09+00:00,k3s-w1,Ready
2026-06-29T11:38:09+00:00,k3s-w2,Ready
2026-06-29T11:38:10+00:00,k3s-s1,Ready
2026-06-29T11:38:10+00:00,k3s-s2,Ready
2026-06-29T11:38:10+00:00,k3s-s3,NotReady
2026-06-29T11:38:10+00:00,k3s-w1,Ready
2026-06-29T11:38:10+00:00,k3s-w2,Ready
2026-06-29T11:38:11+00:00,k3s-s1,Ready
2026-06-29T11:38:11+00:00,k3s-s2,Ready
2026-06-29T11:38:11+00:00,k3s-s3,NotReady
2026-06-29T11:38:11+00:00,k3s-w1,Ready
2026-06-29T11:38:11+00:00,k3s-w2,Ready
2026-06-29T11:38:12+00:00,k3s-s1,Ready
2026-06-29T11:38:12+00:00,k3s-s2,Ready
2026-06-29T11:38:12+00:00,k3s-s3,NotReady
2026-06-29T11:38:12+00:00,k3s-w1,Ready
2026-06-29T11:38:12+00:00,k3s-w2,Ready
2026-06-29T11:38:13+00:00,k3s-s1,Ready
2026-06-29T11:38:13+00:00,k3s-s2,Ready
2026-06-29T11:38:13+00:00,k3s-s3,NotReady
2026-06-29T11:38:13+00:00,k3s-w1,Ready
2026-06-29T11:38:13+00:00,k3s-w2,Ready
2026-06-29T11:38:14+00:00,k3s-s1,Ready
2026-06-29T11:38:14+00:00,k3s-s2,Ready
2026-06-29T11:38:14+00:00,k3s-s3,NotReady
2026-06-29T11:38:14+00:00,k3s-w1,Ready
2026-06-29T11:38:14+00:00,k3s-w2,Ready
2026-06-29T11:38:15+00:00,k3s-s1,Ready
2026-06-29T11:38:15+00:00,k3s-s2,Ready
2026-06-29T11:38:15+00:00,k3s-s3,NotReady
2026-06-29T11:38:15+00:00,k3s-w1,Ready
2026-06-29T11:38:15+00:00,k3s-w2,Ready
2026-06-29T11:38:16+00:00,k3s-s1,Ready
2026-06-29T11:38:16+00:00,k3s-s2,Ready
2026-06-29T11:38:16+00:00,k3s-s3,NotReady
2026-06-29T11:38:16+00:00,k3s-w1,Ready
2026-06-29T11:38:16+00:00,k3s-w2,Ready
2026-06-29T11:38:17+00:00,k3s-s1,Ready
2026-06-29T11:38:17+00:00,k3s-s2,Ready
2026-06-29T11:38:17+00:00,k3s-s3,NotReady
2026-06-29T11:38:17+00:00,k3s-w1,Ready
2026-06-29T11:38:17+00:00,k3s-w2,Ready
2026-06-29T11:38:18+00:00,k3s-s1,Ready
2026-06-29T11:38:18+00:00,k3s-s2,Ready
2026-06-29T11:38:18+00:00,k3s-s3,NotReady
2026-06-29T11:38:18+00:00,k3s-w1,Ready
2026-06-29T11:38:18+00:00,k3s-w2,Ready
2026-06-29T11:38:19+00:00,k3s-s1,Ready
2026-06-29T11:38:19+00:00,k3s-s2,Ready
2026-06-29T11:38:19+00:00,k3s-s3,NotReady
2026-06-29T11:38:19+00:00,k3s-w1,Ready
2026-06-29T11:38:19+00:00,k3s-w2,Ready
2026-06-29T11:38:20+00:00,k3s-s1,Ready
2026-06-29T11:38:20+00:00,k3s-s2,Ready
2026-06-29T11:38:20+00:00,k3s-s3,NotReady
2026-06-29T11:38:20+00:00,k3s-w1,Ready
2026-06-29T11:38:20+00:00,k3s-w2,Ready
2026-06-29T11:38:22+00:00,k3s-s1,Ready
2026-06-29T11:38:22+00:00,k3s-s2,Ready
2026-06-29T11:38:22+00:00,k3s-s3,NotReady
2026-06-29T11:38:22+00:00,k3s-w1,Ready
2026-06-29T11:38:22+00:00,k3s-w2,Ready
2026-06-29T11:38:23+00:00,k3s-s1,Ready
2026-06-29T11:38:23+00:00,k3s-s2,Ready
2026-06-29T11:38:23+00:00,k3s-s3,NotReady
2026-06-29T11:38:23+00:00,k3s-w1,Ready
2026-06-29T11:38:23+00:00,k3s-w2,Ready
2026-06-29T11:38:24+00:00,k3s-s1,Ready
2026-06-29T11:38:24+00:00,k3s-s2,Ready
2026-06-29T11:38:24+00:00,k3s-s3,NotReady
2026-06-29T11:38:24+00:00,k3s-w1,Ready
2026-06-29T11:38:24+00:00,k3s-w2,Ready
2026-06-29T11:38:25+00:00,k3s-s1,Ready
2026-06-29T11:38:25+00:00,k3s-s2,Ready
2026-06-29T11:38:25+00:00,k3s-s3,NotReady
2026-06-29T11:38:25+00:00,k3s-w1,Ready
2026-06-29T11:38:25+00:00,k3s-w2,Ready
2026-06-29T11:38:26+00:00,k3s-s1,Ready
2026-06-29T11:38:26+00:00,k3s-s2,Ready
2026-06-29T11:38:26+00:00,k3s-s3,NotReady
2026-06-29T11:38:26+00:00,k3s-w1,Ready
2026-06-29T11:38:26+00:00,k3s-w2,Ready
2026-06-29T11:38:27+00:00,k3s-s1,Ready
2026-06-29T11:38:27+00:00,k3s-s2,Ready
2026-06-29T11:38:27+00:00,k3s-s3,NotReady
2026-06-29T11:38:27+00:00,k3s-w1,Ready
2026-06-29T11:38:27+00:00,k3s-w2,Ready
2026-06-29T11:38:28+00:00,k3s-s1,Ready
2026-06-29T11:38:28+00:00,k3s-s2,Ready
2026-06-29T11:38:28+00:00,k3s-s3,NotReady
2026-06-29T11:38:28+00:00,k3s-w1,Ready
2026-06-29T11:38:28+00:00,k3s-w2,Ready
2026-06-29T11:38:29+00:00,k3s-s1,Ready
2026-06-29T11:38:29+00:00,k3s-s2,Ready
2026-06-29T11:38:29+00:00,k3s-s3,NotReady
2026-06-29T11:38:29+00:00,k3s-w1,Ready
2026-06-29T11:38:29+00:00,k3s-w2,Ready
2026-06-29T11:38:30+00:00,k3s-s1,Ready
2026-06-29T11:38:30+00:00,k3s-s2,Ready
2026-06-29T11:38:30+00:00,k3s-s3,NotReady
2026-06-29T11:38:30+00:00,k3s-w1,Ready
2026-06-29T11:38:30+00:00,k3s-w2,Ready
2026-06-29T11:38:31+00:00,k3s-s1,Ready
2026-06-29T11:38:31+00:00,k3s-s2,Ready
2026-06-29T11:38:31+00:00,k3s-s3,NotReady
2026-06-29T11:38:31+00:00,k3s-w1,Ready
2026-06-29T11:38:31+00:00,k3s-w2,Ready
2026-06-29T11:38:32+00:00,k3s-s1,Ready
2026-06-29T11:38:32+00:00,k3s-s2,Ready
2026-06-29T11:38:32+00:00,k3s-s3,NotReady
2026-06-29T11:38:32+00:00,k3s-w1,Ready
2026-06-29T11:38:32+00:00,k3s-w2,Ready
2026-06-29T11:38:33+00:00,k3s-s1,Ready
2026-06-29T11:38:33+00:00,k3s-s2,Ready
2026-06-29T11:38:33+00:00,k3s-s3,NotReady
2026-06-29T11:38:33+00:00,k3s-w1,Ready
2026-06-29T11:38:33+00:00,k3s-w2,Ready
2026-06-29T11:38:34+00:00,k3s-s1,Ready
2026-06-29T11:38:34+00:00,k3s-s2,Ready
2026-06-29T11:38:34+00:00,k3s-s3,NotReady
2026-06-29T11:38:34+00:00,k3s-w1,Ready
2026-06-29T11:38:34+00:00,k3s-w2,Ready
2026-06-29T11:38:35+00:00,k3s-s1,Ready
2026-06-29T11:38:35+00:00,k3s-s2,Ready
2026-06-29T11:38:35+00:00,k3s-s3,NotReady
2026-06-29T11:38:35+00:00,k3s-w1,Ready
2026-06-29T11:38:35+00:00,k3s-w2,Ready
2026-06-29T11:38:36+00:00,k3s-s1,Ready
2026-06-29T11:38:36+00:00,k3s-s2,Ready
2026-06-29T11:38:36+00:00,k3s-s3,NotReady
2026-06-29T11:38:36+00:00,k3s-w1,Ready
2026-06-29T11:38:36+00:00,k3s-w2,Ready
2026-06-29T11:38:37+00:00,k3s-s1,Ready
2026-06-29T11:38:37+00:00,k3s-s2,Ready
2026-06-29T11:38:37+00:00,k3s-s3,NotReady
2026-06-29T11:38:37+00:00,k3s-w1,Ready
2026-06-29T11:38:37+00:00,k3s-w2,Ready
2026-06-29T11:38:38+00:00,k3s-s1,Ready
2026-06-29T11:38:38+00:00,k3s-s2,Ready
2026-06-29T11:38:38+00:00,k3s-s3,NotReady
2026-06-29T11:38:38+00:00,k3s-w1,Ready
2026-06-29T11:38:38+00:00,k3s-w2,Ready
2026-06-29T11:38:39+00:00,k3s-s1,Ready
2026-06-29T11:38:39+00:00,k3s-s2,Ready
2026-06-29T11:38:39+00:00,k3s-s3,NotReady
2026-06-29T11:38:39+00:00,k3s-w1,Ready
2026-06-29T11:38:39+00:00,k3s-w2,Ready
2026-06-29T11:38:40+00:00,k3s-s1,Ready
2026-06-29T11:38:40+00:00,k3s-s2,Ready
2026-06-29T11:38:40+00:00,k3s-s3,NotReady
2026-06-29T11:38:40+00:00,k3s-w1,Ready
2026-06-29T11:38:40+00:00,k3s-w2,Ready
2026-06-29T11:38:42+00:00,k3s-s1,Ready
2026-06-29T11:38:42+00:00,k3s-s2,Ready
2026-06-29T11:38:42+00:00,k3s-s3,NotReady
2026-06-29T11:38:42+00:00,k3s-w1,Ready
2026-06-29T11:38:42+00:00,k3s-w2,Ready
2026-06-29T11:38:43+00:00,k3s-s1,Ready
2026-06-29T11:38:43+00:00,k3s-s2,Ready
2026-06-29T11:38:43+00:00,k3s-s3,NotReady
2026-06-29T11:38:43+00:00,k3s-w1,Ready
2026-06-29T11:38:43+00:00,k3s-w2,Ready
2026-06-29T11:38:44+00:00,k3s-s1,Ready
2026-06-29T11:38:44+00:00,k3s-s2,Ready
2026-06-29T11:38:44+00:00,k3s-s3,NotReady
2026-06-29T11:38:44+00:00,k3s-w1,Ready
2026-06-29T11:38:44+00:00,k3s-w2,Ready
2026-06-29T11:38:45+00:00,k3s-s1,Ready
2026-06-29T11:38:45+00:00,k3s-s2,Ready
2026-06-29T11:38:45+00:00,k3s-s3,NotReady
2026-06-29T11:38:45+00:00,k3s-w1,Ready
2026-06-29T11:38:45+00:00,k3s-w2,Ready
2026-06-29T11:38:46+00:00,k3s-s1,Ready
2026-06-29T11:38:46+00:00,k3s-s2,Ready
2026-06-29T11:38:46+00:00,k3s-s3,NotReady
2026-06-29T11:38:46+00:00,k3s-w1,Ready
2026-06-29T11:38:46+00:00,k3s-w2,Ready
2026-06-29T11:38:47+00:00,k3s-s1,Ready
2026-06-29T11:38:47+00:00,k3s-s2,Ready
2026-06-29T11:38:47+00:00,k3s-s3,NotReady
2026-06-29T11:38:47+00:00,k3s-w1,Ready
2026-06-29T11:38:47+00:00,k3s-w2,Ready
2026-06-29T11:38:48+00:00,k3s-s1,Ready
2026-06-29T11:38:48+00:00,k3s-s2,Ready
2026-06-29T11:38:48+00:00,k3s-s3,NotReady
2026-06-29T11:38:48+00:00,k3s-w1,Ready
2026-06-29T11:38:48+00:00,k3s-w2,Ready
2026-06-29T11:38:49+00:00,k3s-s1,Ready
2026-06-29T11:38:49+00:00,k3s-s2,Ready
2026-06-29T11:38:49+00:00,k3s-s3,NotReady
2026-06-29T11:38:49+00:00,k3s-w1,Ready
2026-06-29T11:38:49+00:00,k3s-w2,Ready
2026-06-29T11:38:50+00:00,k3s-s1,Ready
2026-06-29T11:38:50+00:00,k3s-s2,Ready
2026-06-29T11:38:50+00:00,k3s-s3,NotReady
2026-06-29T11:38:50+00:00,k3s-w1,Ready
2026-06-29T11:38:50+00:00,k3s-w2,Ready
2026-06-29T11:38:51+00:00,k3s-s1,Ready
2026-06-29T11:38:51+00:00,k3s-s2,Ready
2026-06-29T11:38:51+00:00,k3s-s3,NotReady
2026-06-29T11:38:51+00:00,k3s-w1,Ready
2026-06-29T11:38:51+00:00,k3s-w2,Ready
2026-06-29T11:38:52+00:00,k3s-s1,Ready
2026-06-29T11:38:52+00:00,k3s-s2,Ready
2026-06-29T11:38:52+00:00,k3s-s3,NotReady
2026-06-29T11:38:52+00:00,k3s-w1,Ready
2026-06-29T11:38:52+00:00,k3s-w2,Ready
2026-06-29T11:38:53+00:00,k3s-s1,Ready
2026-06-29T11:38:53+00:00,k3s-s2,Ready
2026-06-29T11:38:53+00:00,k3s-s3,NotReady
2026-06-29T11:38:53+00:00,k3s-w1,Ready
2026-06-29T11:38:53+00:00,k3s-w2,Ready
2026-06-29T11:38:54+00:00,k3s-s1,Ready
2026-06-29T11:38:54+00:00,k3s-s2,Ready
2026-06-29T11:38:54+00:00,k3s-s3,NotReady
2026-06-29T11:38:54+00:00,k3s-w1,Ready
2026-06-29T11:38:54+00:00,k3s-w2,Ready
2026-06-29T11:38:55+00:00,k3s-s1,Ready
2026-06-29T11:38:55+00:00,k3s-s2,Ready
2026-06-29T11:38:55+00:00,k3s-s3,NotReady
2026-06-29T11:38:55+00:00,k3s-w1,Ready
2026-06-29T11:38:55+00:00,k3s-w2,Ready
2026-06-29T11:38:56+00:00,k3s-s1,Ready
2026-06-29T11:38:56+00:00,k3s-s2,Ready
2026-06-29T11:38:56+00:00,k3s-s3,NotReady
2026-06-29T11:38:56+00:00,k3s-w1,Ready
2026-06-29T11:38:56+00:00,k3s-w2,Ready
2026-06-29T11:38:57+00:00,k3s-s1,Ready
2026-06-29T11:38:57+00:00,k3s-s2,Ready
2026-06-29T11:38:57+00:00,k3s-s3,NotReady
2026-06-29T11:38:57+00:00,k3s-w1,Ready
2026-06-29T11:38:57+00:00,k3s-w2,Ready
2026-06-29T11:38:58+00:00,k3s-s1,Ready
2026-06-29T11:38:58+00:00,k3s-s2,Ready
2026-06-29T11:38:58+00:00,k3s-s3,NotReady
2026-06-29T11:38:58+00:00,k3s-w1,Ready
2026-06-29T11:38:58+00:00,k3s-w2,Ready
2026-06-29T11:38:59+00:00,k3s-s1,Ready
2026-06-29T11:38:59+00:00,k3s-s2,Ready
2026-06-29T11:38:59+00:00,k3s-s3,NotReady
2026-06-29T11:38:59+00:00,k3s-w1,Ready
2026-06-29T11:38:59+00:00,k3s-w2,Ready
2026-06-29T11:39:01+00:00,k3s-s1,Ready
2026-06-29T11:39:01+00:00,k3s-s2,Ready
2026-06-29T11:39:01+00:00,k3s-s3,NotReady
2026-06-29T11:39:01+00:00,k3s-w1,Ready
2026-06-29T11:39:01+00:00,k3s-w2,Ready
2026-06-29T11:39:02+00:00,k3s-s1,Ready
2026-06-29T11:39:02+00:00,k3s-s2,Ready
2026-06-29T11:39:02+00:00,k3s-s3,NotReady
2026-06-29T11:39:02+00:00,k3s-w1,Ready
2026-06-29T11:39:02+00:00,k3s-w2,Ready
2026-06-29T11:39:03+00:00,k3s-s1,Ready
2026-06-29T11:39:03+00:00,k3s-s2,Ready
2026-06-29T11:39:03+00:00,k3s-s3,NotReady
2026-06-29T11:39:03+00:00,k3s-w1,Ready
2026-06-29T11:39:03+00:00,k3s-w2,Ready
2026-06-29T11:39:04+00:00,k3s-s1,Ready
2026-06-29T11:39:04+00:00,k3s-s2,Ready
2026-06-29T11:39:04+00:00,k3s-s3,NotReady
2026-06-29T11:39:04+00:00,k3s-w1,Ready
2026-06-29T11:39:04+00:00,k3s-w2,Ready
2026-06-29T11:39:05+00:00,k3s-s1,Ready
2026-06-29T11:39:05+00:00,k3s-s2,Ready
2026-06-29T11:39:05+00:00,k3s-s3,NotReady
2026-06-29T11:39:05+00:00,k3s-w1,Ready
2026-06-29T11:39:05+00:00,k3s-w2,Ready
2026-06-29T11:39:06+00:00,k3s-s1,Ready
2026-06-29T11:39:06+00:00,k3s-s2,Ready
2026-06-29T11:39:06+00:00,k3s-s3,NotReady
2026-06-29T11:39:06+00:00,k3s-w1,Ready
2026-06-29T11:39:06+00:00,k3s-w2,Ready
2026-06-29T11:39:07+00:00,k3s-s1,Ready
2026-06-29T11:39:07+00:00,k3s-s2,Ready
2026-06-29T11:39:07+00:00,k3s-s3,NotReady
2026-06-29T11:39:07+00:00,k3s-w1,Ready
2026-06-29T11:39:07+00:00,k3s-w2,Ready
2026-06-29T11:39:08+00:00,k3s-s1,Ready
2026-06-29T11:39:08+00:00,k3s-s2,Ready
2026-06-29T11:39:08+00:00,k3s-s3,NotReady
2026-06-29T11:39:08+00:00,k3s-w1,Ready
2026-06-29T11:39:08+00:00,k3s-w2,Ready
2026-06-29T11:39:09+00:00,k3s-s1,Ready
2026-06-29T11:39:09+00:00,k3s-s2,Ready
2026-06-29T11:39:09+00:00,k3s-s3,NotReady
2026-06-29T11:39:09+00:00,k3s-w1,Ready
2026-06-29T11:39:09+00:00,k3s-w2,Ready
2026-06-29T11:39:10+00:00,k3s-s1,Ready
2026-06-29T11:39:10+00:00,k3s-s2,Ready
2026-06-29T11:39:10+00:00,k3s-s3,NotReady
2026-06-29T11:39:10+00:00,k3s-w1,Ready
2026-06-29T11:39:10+00:00,k3s-w2,Ready
2026-06-29T11:39:11+00:00,k3s-s1,Ready
2026-06-29T11:39:11+00:00,k3s-s2,Ready
2026-06-29T11:39:11+00:00,k3s-s3,NotReady
2026-06-29T11:39:11+00:00,k3s-w1,Ready
2026-06-29T11:39:11+00:00,k3s-w2,Ready
2026-06-29T11:39:12+00:00,k3s-s1,Ready
2026-06-29T11:39:12+00:00,k3s-s2,Ready
2026-06-29T11:39:12+00:00,k3s-s3,NotReady
2026-06-29T11:39:12+00:00,k3s-w1,Ready
2026-06-29T11:39:12+00:00,k3s-w2,Ready
2026-06-29T11:39:13+00:00,k3s-s1,Ready
2026-06-29T11:39:13+00:00,k3s-s2,Ready
2026-06-29T11:39:13+00:00,k3s-s3,NotReady
2026-06-29T11:39:13+00:00,k3s-w1,Ready
2026-06-29T11:39:13+00:00,k3s-w2,Ready
2026-06-29T11:39:14+00:00,k3s-s1,Ready
2026-06-29T11:39:14+00:00,k3s-s2,Ready
2026-06-29T11:39:14+00:00,k3s-s3,NotReady
2026-06-29T11:39:14+00:00,k3s-w1,Ready
2026-06-29T11:39:14+00:00,k3s-w2,Ready
2026-06-29T11:39:15+00:00,k3s-s1,Ready
2026-06-29T11:39:15+00:00,k3s-s2,Ready
2026-06-29T11:39:15+00:00,k3s-s3,NotReady
2026-06-29T11:39:15+00:00,k3s-w1,Ready
2026-06-29T11:39:15+00:00,k3s-w2,Ready
2026-06-29T11:39:16+00:00,k3s-s1,Ready
2026-06-29T11:39:16+00:00,k3s-s2,Ready
2026-06-29T11:39:16+00:00,k3s-s3,NotReady
2026-06-29T11:39:16+00:00,k3s-w1,Ready
2026-06-29T11:39:16+00:00,k3s-w2,Ready
2026-06-29T11:39:17+00:00,k3s-s1,Ready
2026-06-29T11:39:17+00:00,k3s-s2,Ready
2026-06-29T11:39:17+00:00,k3s-s3,NotReady
2026-06-29T11:39:17+00:00,k3s-w1,Ready
2026-06-29T11:39:17+00:00,k3s-w2,Ready
2026-06-29T11:39:18+00:00,k3s-s1,Ready
2026-06-29T11:39:18+00:00,k3s-s2,Ready
2026-06-29T11:39:18+00:00,k3s-s3,NotReady
2026-06-29T11:39:18+00:00,k3s-w1,Ready
2026-06-29T11:39:18+00:00,k3s-w2,Ready
2026-06-29T11:39:19+00:00,k3s-s1,Ready
2026-06-29T11:39:19+00:00,k3s-s2,Ready
2026-06-29T11:39:19+00:00,k3s-s3,NotReady
2026-06-29T11:39:19+00:00,k3s-w1,Ready
2026-06-29T11:39:19+00:00,k3s-w2,Ready
2026-06-29T11:39:20+00:00,k3s-s1,Ready
2026-06-29T11:39:20+00:00,k3s-s2,Ready
2026-06-29T11:39:20+00:00,k3s-s3,NotReady
2026-06-29T11:39:20+00:00,k3s-w1,Ready
2026-06-29T11:39:20+00:00,k3s-w2,Ready
2026-06-29T11:39:22+00:00,k3s-s1,Ready
2026-06-29T11:39:22+00:00,k3s-s2,Ready
2026-06-29T11:39:22+00:00,k3s-s3,NotReady
2026-06-29T11:39:22+00:00,k3s-w1,Ready
2026-06-29T11:39:22+00:00,k3s-w2,Ready
2026-06-29T11:39:23+00:00,k3s-s1,Ready
2026-06-29T11:39:23+00:00,k3s-s2,Ready
2026-06-29T11:39:23+00:00,k3s-s3,NotReady
2026-06-29T11:39:23+00:00,k3s-w1,Ready
2026-06-29T11:39:23+00:00,k3s-w2,Ready
2026-06-29T11:39:24+00:00,k3s-s1,Ready
2026-06-29T11:39:24+00:00,k3s-s2,Ready
2026-06-29T11:39:24+00:00,k3s-s3,NotReady
2026-06-29T11:39:24+00:00,k3s-w1,Ready
2026-06-29T11:39:24+00:00,k3s-w2,Ready
2026-06-29T11:39:25+00:00,k3s-s1,Ready
2026-06-29T11:39:25+00:00,k3s-s2,Ready
2026-06-29T11:39:25+00:00,k3s-s3,NotReady
2026-06-29T11:39:25+00:00,k3s-w1,Ready
2026-06-29T11:39:25+00:00,k3s-w2,Ready
2026-06-29T11:39:26+00:00,k3s-s1,Ready
2026-06-29T11:39:26+00:00,k3s-s2,Ready
2026-06-29T11:39:26+00:00,k3s-s3,NotReady
2026-06-29T11:39:26+00:00,k3s-w1,Ready
2026-06-29T11:39:26+00:00,k3s-w2,Ready
2026-06-29T11:39:27+00:00,k3s-s1,Ready
2026-06-29T11:39:27+00:00,k3s-s2,Ready
2026-06-29T11:39:27+00:00,k3s-s3,NotReady
2026-06-29T11:39:27+00:00,k3s-w1,Ready
2026-06-29T11:39:27+00:00,k3s-w2,Ready
2026-06-29T11:39:28+00:00,k3s-s1,Ready
2026-06-29T11:39:28+00:00,k3s-s2,Ready
2026-06-29T11:39:28+00:00,k3s-s3,NotReady
2026-06-29T11:39:28+00:00,k3s-w1,Ready
2026-06-29T11:39:28+00:00,k3s-w2,Ready
2026-06-29T11:39:29+00:00,k3s-s1,Ready
2026-06-29T11:39:29+00:00,k3s-s2,Ready
2026-06-29T11:39:29+00:00,k3s-s3,NotReady
2026-06-29T11:39:29+00:00,k3s-w1,Ready
2026-06-29T11:39:29+00:00,k3s-w2,Ready
2026-06-29T11:39:30+00:00,k3s-s1,Ready
2026-06-29T11:39:30+00:00,k3s-s2,Ready
2026-06-29T11:39:30+00:00,k3s-s3,NotReady
2026-06-29T11:39:30+00:00,k3s-w1,Ready
2026-06-29T11:39:30+00:00,k3s-w2,Ready
2026-06-29T11:39:31+00:00,k3s-s1,Ready
2026-06-29T11:39:31+00:00,k3s-s2,Ready
2026-06-29T11:39:31+00:00,k3s-s3,NotReady
2026-06-29T11:39:31+00:00,k3s-w1,Ready
2026-06-29T11:39:31+00:00,k3s-w2,Ready
2026-06-29T11:39:32+00:00,k3s-s1,Ready
2026-06-29T11:39:32+00:00,k3s-s2,Ready
2026-06-29T11:39:32+00:00,k3s-s3,NotReady
2026-06-29T11:39:32+00:00,k3s-w1,Ready
2026-06-29T11:39:32+00:00,k3s-w2,Ready
2026-06-29T11:39:33+00:00,k3s-s1,Ready
2026-06-29T11:39:33+00:00,k3s-s2,Ready
2026-06-29T11:39:33+00:00,k3s-s3,NotReady
2026-06-29T11:39:33+00:00,k3s-w1,Ready
2026-06-29T11:39:33+00:00,k3s-w2,Ready
2026-06-29T11:39:34+00:00,k3s-s1,Ready
2026-06-29T11:39:34+00:00,k3s-s2,Ready
2026-06-29T11:39:34+00:00,k3s-s3,NotReady
2026-06-29T11:39:34+00:00,k3s-w1,Ready
2026-06-29T11:39:34+00:00,k3s-w2,Ready
2026-06-29T11:39:35+00:00,k3s-s1,Ready
2026-06-29T11:39:35+00:00,k3s-s2,Ready
2026-06-29T11:39:35+00:00,k3s-s3,NotReady
2026-06-29T11:39:35+00:00,k3s-w1,Ready
2026-06-29T11:39:35+00:00,k3s-w2,Ready
2026-06-29T11:39:36+00:00,k3s-s1,Ready
2026-06-29T11:39:36+00:00,k3s-s2,Ready
2026-06-29T11:39:36+00:00,k3s-s3,NotReady
2026-06-29T11:39:36+00:00,k3s-w1,Ready
2026-06-29T11:39:36+00:00,k3s-w2,Ready
2026-06-29T11:39:37+00:00,k3s-s1,Ready
2026-06-29T11:39:37+00:00,k3s-s2,Ready
2026-06-29T11:39:37+00:00,k3s-s3,NotReady
2026-06-29T11:39:37+00:00,k3s-w1,Ready
2026-06-29T11:39:37+00:00,k3s-w2,Ready
2026-06-29T11:39:38+00:00,k3s-s1,Ready
2026-06-29T11:39:38+00:00,k3s-s2,Ready
2026-06-29T11:39:38+00:00,k3s-s3,NotReady
2026-06-29T11:39:38+00:00,k3s-w1,Ready
2026-06-29T11:39:38+00:00,k3s-w2,Ready
2026-06-29T11:39:39+00:00,k3s-s1,Ready
2026-06-29T11:39:39+00:00,k3s-s2,Ready
2026-06-29T11:39:39+00:00,k3s-s3,NotReady
2026-06-29T11:39:39+00:00,k3s-w1,Ready
2026-06-29T11:39:39+00:00,k3s-w2,Ready
2026-06-29T11:39:41+00:00,k3s-s1,Ready
2026-06-29T11:39:41+00:00,k3s-s2,Ready
2026-06-29T11:39:41+00:00,k3s-s3,NotReady
2026-06-29T11:39:41+00:00,k3s-w1,Ready
2026-06-29T11:39:41+00:00,k3s-w2,Ready
2026-06-29T11:39:42+00:00,k3s-s1,Ready
2026-06-29T11:39:42+00:00,k3s-s2,Ready
2026-06-29T11:39:42+00:00,k3s-s3,NotReady
2026-06-29T11:39:42+00:00,k3s-w1,Ready
2026-06-29T11:39:42+00:00,k3s-w2,Ready
2026-06-29T11:39:43+00:00,k3s-s1,Ready
2026-06-29T11:39:43+00:00,k3s-s2,Ready
2026-06-29T11:39:43+00:00,k3s-s3,NotReady
2026-06-29T11:39:43+00:00,k3s-w1,Ready
2026-06-29T11:39:43+00:00,k3s-w2,Ready
2026-06-29T11:39:44+00:00,k3s-s1,Ready
2026-06-29T11:39:44+00:00,k3s-s2,Ready
2026-06-29T11:39:44+00:00,k3s-s3,NotReady
2026-06-29T11:39:44+00:00,k3s-w1,Ready
2026-06-29T11:39:44+00:00,k3s-w2,Ready
2026-06-29T11:39:45+00:00,k3s-s1,Ready
2026-06-29T11:39:45+00:00,k3s-s2,Ready
2026-06-29T11:39:45+00:00,k3s-s3,NotReady
2026-06-29T11:39:45+00:00,k3s-w1,Ready
2026-06-29T11:39:45+00:00,k3s-w2,Ready
2026-06-29T11:39:46+00:00,k3s-s1,Ready
2026-06-29T11:39:46+00:00,k3s-s2,Ready
2026-06-29T11:39:46+00:00,k3s-s3,NotReady
2026-06-29T11:39:46+00:00,k3s-w1,Ready
2026-06-29T11:39:46+00:00,k3s-w2,Ready
2026-06-29T11:39:47+00:00,k3s-s1,Ready
2026-06-29T11:39:47+00:00,k3s-s2,Ready
2026-06-29T11:39:47+00:00,k3s-s3,NotReady
2026-06-29T11:39:47+00:00,k3s-w1,Ready
2026-06-29T11:39:47+00:00,k3s-w2,Ready
2026-06-29T11:39:48+00:00,k3s-s1,Ready
2026-06-29T11:39:48+00:00,k3s-s2,Ready
2026-06-29T11:39:48+00:00,k3s-s3,NotReady
2026-06-29T11:39:48+00:00,k3s-w1,Ready
2026-06-29T11:39:48+00:00,k3s-w2,Ready
2026-06-29T11:39:49+00:00,k3s-s1,Ready
2026-06-29T11:39:49+00:00,k3s-s2,Ready
2026-06-29T11:39:49+00:00,k3s-s3,NotReady
2026-06-29T11:39:49+00:00,k3s-w1,Ready
2026-06-29T11:39:49+00:00,k3s-w2,Ready
2026-06-29T11:39:50+00:00,k3s-s1,Ready
2026-06-29T11:39:50+00:00,k3s-s2,Ready
2026-06-29T11:39:50+00:00,k3s-s3,NotReady
2026-06-29T11:39:50+00:00,k3s-w1,Ready
2026-06-29T11:39:50+00:00,k3s-w2,Ready
2026-06-29T11:39:51+00:00,k3s-s1,Ready
2026-06-29T11:39:51+00:00,k3s-s2,Ready
2026-06-29T11:39:51+00:00,k3s-s3,NotReady
2026-06-29T11:39:51+00:00,k3s-w1,Ready
2026-06-29T11:39:51+00:00,k3s-w2,Ready
2026-06-29T11:39:52+00:00,k3s-s1,Ready
2026-06-29T11:39:52+00:00,k3s-s2,Ready
2026-06-29T11:39:52+00:00,k3s-s3,NotReady
2026-06-29T11:39:52+00:00,k3s-w1,Ready
2026-06-29T11:39:52+00:00,k3s-w2,Ready
2026-06-29T11:39:53+00:00,k3s-s1,Ready
2026-06-29T11:39:53+00:00,k3s-s2,Ready
2026-06-29T11:39:53+00:00,k3s-s3,NotReady
2026-06-29T11:39:53+00:00,k3s-w1,Ready
2026-06-29T11:39:53+00:00,k3s-w2,Ready
2026-06-29T11:39:54+00:00,k3s-s1,Ready
2026-06-29T11:39:54+00:00,k3s-s2,Ready
2026-06-29T11:39:54+00:00,k3s-s3,NotReady
2026-06-29T11:39:54+00:00,k3s-w1,Ready
2026-06-29T11:39:54+00:00,k3s-w2,Ready
2026-06-29T11:39:55+00:00,k3s-s1,Ready
2026-06-29T11:39:55+00:00,k3s-s2,Ready
2026-06-29T11:39:55+00:00,k3s-s3,NotReady
2026-06-29T11:39:55+00:00,k3s-w1,Ready
2026-06-29T11:39:55+00:00,k3s-w2,Ready
2026-06-29T11:39:56+00:00,k3s-s1,Ready
2026-06-29T11:39:56+00:00,k3s-s2,Ready
2026-06-29T11:39:56+00:00,k3s-s3,NotReady
2026-06-29T11:39:56+00:00,k3s-w1,Ready
2026-06-29T11:39:56+00:00,k3s-w2,Ready
2026-06-29T11:39:57+00:00,k3s-s1,Ready
2026-06-29T11:39:57+00:00,k3s-s2,Ready
2026-06-29T11:39:57+00:00,k3s-s3,NotReady
2026-06-29T11:39:57+00:00,k3s-w1,Ready
2026-06-29T11:39:57+00:00,k3s-w2,Ready
2026-06-29T11:39:58+00:00,k3s-s1,Ready
2026-06-29T11:39:58+00:00,k3s-s2,Ready
2026-06-29T11:39:58+00:00,k3s-s3,NotReady
2026-06-29T11:39:58+00:00,k3s-w1,Ready
2026-06-29T11:39:58+00:00,k3s-w2,Ready
2026-06-29T11:39:59+00:00,k3s-s1,Ready
2026-06-29T11:39:59+00:00,k3s-s2,Ready
2026-06-29T11:39:59+00:00,k3s-s3,NotReady
2026-06-29T11:39:59+00:00,k3s-w1,Ready
2026-06-29T11:39:59+00:00,k3s-w2,Ready
2026-06-29T11:40:01+00:00,k3s-s1,Ready
2026-06-29T11:40:01+00:00,k3s-s2,Ready
2026-06-29T11:40:01+00:00,k3s-s3,NotReady
2026-06-29T11:40:01+00:00,k3s-w1,Ready
2026-06-29T11:40:01+00:00,k3s-w2,Ready
2026-06-29T11:40:02+00:00,k3s-s1,Ready
2026-06-29T11:40:02+00:00,k3s-s2,Ready
2026-06-29T11:40:02+00:00,k3s-s3,NotReady
2026-06-29T11:40:02+00:00,k3s-w1,Ready
2026-06-29T11:40:02+00:00,k3s-w2,Ready
2026-06-29T11:40:03+00:00,k3s-s1,Ready
2026-06-29T11:40:03+00:00,k3s-s2,Ready
2026-06-29T11:40:03+00:00,k3s-s3,NotReady
2026-06-29T11:40:03+00:00,k3s-w1,Ready
2026-06-29T11:40:03+00:00,k3s-w2,Ready
2026-06-29T11:40:04+00:00,k3s-s1,Ready
2026-06-29T11:40:04+00:00,k3s-s2,Ready
2026-06-29T11:40:04+00:00,k3s-s3,NotReady
2026-06-29T11:40:04+00:00,k3s-w1,Ready
2026-06-29T11:40:04+00:00,k3s-w2,Ready
2026-06-29T11:40:05+00:00,k3s-s1,Ready
2026-06-29T11:40:05+00:00,k3s-s2,Ready
2026-06-29T11:40:05+00:00,k3s-s3,NotReady
2026-06-29T11:40:05+00:00,k3s-w1,Ready
2026-06-29T11:40:05+00:00,k3s-w2,Ready
2026-06-29T11:40:06+00:00,k3s-s1,Ready
2026-06-29T11:40:06+00:00,k3s-s2,Ready
2026-06-29T11:40:06+00:00,k3s-s3,NotReady
2026-06-29T11:40:06+00:00,k3s-w1,Ready
2026-06-29T11:40:06+00:00,k3s-w2,Ready
2026-06-29T11:40:07+00:00,k3s-s1,Ready
2026-06-29T11:40:07+00:00,k3s-s2,Ready
2026-06-29T11:40:07+00:00,k3s-s3,NotReady
2026-06-29T11:40:07+00:00,k3s-w1,Ready
2026-06-29T11:40:07+00:00,k3s-w2,Ready
2026-06-29T11:40:08+00:00,k3s-s1,Ready
2026-06-29T11:40:08+00:00,k3s-s2,Ready
2026-06-29T11:40:08+00:00,k3s-s3,NotReady
2026-06-29T11:40:08+00:00,k3s-w1,Ready
2026-06-29T11:40:08+00:00,k3s-w2,Ready
2026-06-29T11:40:09+00:00,k3s-s1,Ready
2026-06-29T11:40:09+00:00,k3s-s2,Ready
2026-06-29T11:40:09+00:00,k3s-s3,NotReady
2026-06-29T11:40:09+00:00,k3s-w1,Ready
2026-06-29T11:40:09+00:00,k3s-w2,Ready
2026-06-29T11:40:10+00:00,k3s-s1,Ready
2026-06-29T11:40:10+00:00,k3s-s2,Ready
2026-06-29T11:40:10+00:00,k3s-s3,NotReady
2026-06-29T11:40:10+00:00,k3s-w1,Ready
2026-06-29T11:40:10+00:00,k3s-w2,Ready
2026-06-29T11:40:11+00:00,k3s-s1,Ready
2026-06-29T11:40:11+00:00,k3s-s2,Ready
2026-06-29T11:40:11+00:00,k3s-s3,NotReady
2026-06-29T11:40:11+00:00,k3s-w1,Ready
2026-06-29T11:40:11+00:00,k3s-w2,Ready
2026-06-29T11:40:12+00:00,k3s-s1,Ready
2026-06-29T11:40:12+00:00,k3s-s2,Ready
2026-06-29T11:40:12+00:00,k3s-s3,NotReady
2026-06-29T11:40:12+00:00,k3s-w1,Ready
2026-06-29T11:40:12+00:00,k3s-w2,Ready
2026-06-29T11:40:13+00:00,k3s-s1,Ready
2026-06-29T11:40:13+00:00,k3s-s2,Ready
2026-06-29T11:40:13+00:00,k3s-s3,NotReady
2026-06-29T11:40:13+00:00,k3s-w1,Ready
2026-06-29T11:40:13+00:00,k3s-w2,Ready
2026-06-29T11:40:14+00:00,k3s-s1,Ready
2026-06-29T11:40:14+00:00,k3s-s2,Ready
2026-06-29T11:40:14+00:00,k3s-s3,NotReady
2026-06-29T11:40:14+00:00,k3s-w1,Ready
2026-06-29T11:40:14+00:00,k3s-w2,Ready
2026-06-29T11:40:15+00:00,k3s-s1,Ready
2026-06-29T11:40:15+00:00,k3s-s2,Ready
2026-06-29T11:40:15+00:00,k3s-s3,NotReady
2026-06-29T11:40:15+00:00,k3s-w1,Ready
2026-06-29T11:40:15+00:00,k3s-w2,Ready
2026-06-29T11:40:16+00:00,k3s-s1,Ready
2026-06-29T11:40:16+00:00,k3s-s2,Ready
2026-06-29T11:40:16+00:00,k3s-s3,NotReady
2026-06-29T11:40:16+00:00,k3s-w1,Ready
2026-06-29T11:40:16+00:00,k3s-w2,Ready
2026-06-29T11:40:17+00:00,k3s-s1,Ready
2026-06-29T11:40:17+00:00,k3s-s2,Ready
2026-06-29T11:40:17+00:00,k3s-s3,NotReady
2026-06-29T11:40:17+00:00,k3s-w1,Ready
2026-06-29T11:40:17+00:00,k3s-w2,Ready
2026-06-29T11:40:18+00:00,k3s-s1,Ready
2026-06-29T11:40:18+00:00,k3s-s2,Ready
2026-06-29T11:40:18+00:00,k3s-s3,NotReady
2026-06-29T11:40:18+00:00,k3s-w1,Ready
2026-06-29T11:40:18+00:00,k3s-w2,Ready
2026-06-29T11:40:19+00:00,k3s-s1,Ready
2026-06-29T11:40:19+00:00,k3s-s2,Ready
2026-06-29T11:40:19+00:00,k3s-s3,NotReady
2026-06-29T11:40:19+00:00,k3s-w1,Ready
2026-06-29T11:40:19+00:00,k3s-w2,Ready
2026-06-29T11:40:21+00:00,k3s-s1,Ready
2026-06-29T11:40:21+00:00,k3s-s2,Ready
2026-06-29T11:40:21+00:00,k3s-s3,NotReady
2026-06-29T11:40:21+00:00,k3s-w1,Ready
2026-06-29T11:40:21+00:00,k3s-w2,Ready
2026-06-29T11:40:22+00:00,k3s-s1,Ready
2026-06-29T11:40:22+00:00,k3s-s2,Ready
2026-06-29T11:40:22+00:00,k3s-s3,NotReady
2026-06-29T11:40:22+00:00,k3s-w1,Ready
2026-06-29T11:40:22+00:00,k3s-w2,Ready
2026-06-29T11:40:23+00:00,k3s-s1,Ready
2026-06-29T11:40:23+00:00,k3s-s2,Ready
2026-06-29T11:40:23+00:00,k3s-s3,NotReady
2026-06-29T11:40:23+00:00,k3s-w1,Ready
2026-06-29T11:40:23+00:00,k3s-w2,Ready
2026-06-29T11:40:24+00:00,k3s-s1,Ready
2026-06-29T11:40:24+00:00,k3s-s2,Ready
2026-06-29T11:40:24+00:00,k3s-s3,NotReady
2026-06-29T11:40:24+00:00,k3s-w1,Ready
2026-06-29T11:40:24+00:00,k3s-w2,Ready
2026-06-29T11:40:25+00:00,k3s-s1,Ready
2026-06-29T11:40:25+00:00,k3s-s2,Ready
2026-06-29T11:40:25+00:00,k3s-s3,NotReady
2026-06-29T11:40:25+00:00,k3s-w1,Ready
2026-06-29T11:40:25+00:00,k3s-w2,Ready
2026-06-29T11:40:26+00:00,k3s-s1,Ready
2026-06-29T11:40:26+00:00,k3s-s2,Ready
2026-06-29T11:40:26+00:00,k3s-s3,NotReady
2026-06-29T11:40:26+00:00,k3s-w1,Ready
2026-06-29T11:40:26+00:00,k3s-w2,Ready
2026-06-29T11:40:27+00:00,k3s-s1,Ready
2026-06-29T11:40:27+00:00,k3s-s2,Ready
2026-06-29T11:40:27+00:00,k3s-s3,NotReady
2026-06-29T11:40:27+00:00,k3s-w1,Ready
2026-06-29T11:40:27+00:00,k3s-w2,Ready
2026-06-29T11:40:28+00:00,k3s-s1,Ready
2026-06-29T11:40:28+00:00,k3s-s2,Ready
2026-06-29T11:40:28+00:00,k3s-s3,NotReady
2026-06-29T11:40:28+00:00,k3s-w1,Ready
2026-06-29T11:40:28+00:00,k3s-w2,Ready
2026-06-29T11:40:29+00:00,k3s-s1,Ready
2026-06-29T11:40:29+00:00,k3s-s2,Ready
2026-06-29T11:40:29+00:00,k3s-s3,NotReady
2026-06-29T11:40:29+00:00,k3s-w1,Ready
2026-06-29T11:40:29+00:00,k3s-w2,Ready
2026-06-29T11:40:30+00:00,k3s-s1,Ready
2026-06-29T11:40:30+00:00,k3s-s2,Ready
2026-06-29T11:40:30+00:00,k3s-s3,NotReady
2026-06-29T11:40:30+00:00,k3s-w1,Ready
2026-06-29T11:40:30+00:00,k3s-w2,Ready
2026-06-29T11:40:31+00:00,k3s-s1,Ready
2026-06-29T11:40:31+00:00,k3s-s2,Ready
2026-06-29T11:40:31+00:00,k3s-s3,NotReady
2026-06-29T11:40:31+00:00,k3s-w1,Ready
2026-06-29T11:40:31+00:00,k3s-w2,Ready
2026-06-29T11:40:32+00:00,k3s-s1,Ready
2026-06-29T11:40:32+00:00,k3s-s2,Ready
2026-06-29T11:40:32+00:00,k3s-s3,NotReady
2026-06-29T11:40:32+00:00,k3s-w1,Ready
2026-06-29T11:40:32+00:00,k3s-w2,Ready
2026-06-29T11:40:33+00:00,k3s-s1,Ready
2026-06-29T11:40:33+00:00,k3s-s2,Ready
2026-06-29T11:40:33+00:00,k3s-s3,NotReady
2026-06-29T11:40:33+00:00,k3s-w1,Ready
2026-06-29T11:40:33+00:00,k3s-w2,Ready
2026-06-29T11:40:34+00:00,k3s-s1,Ready
2026-06-29T11:40:34+00:00,k3s-s2,Ready
2026-06-29T11:40:34+00:00,k3s-s3,NotReady
2026-06-29T11:40:34+00:00,k3s-w1,Ready
2026-06-29T11:40:34+00:00,k3s-w2,Ready
2026-06-29T11:40:35+00:00,k3s-s1,Ready
2026-06-29T11:40:35+00:00,k3s-s2,Ready
2026-06-29T11:40:35+00:00,k3s-s3,NotReady
2026-06-29T11:40:35+00:00,k3s-w1,Ready
2026-06-29T11:40:35+00:00,k3s-w2,Ready
2026-06-29T11:40:36+00:00,k3s-s1,Ready
2026-06-29T11:40:36+00:00,k3s-s2,Ready
2026-06-29T11:40:36+00:00,k3s-s3,NotReady
2026-06-29T11:40:36+00:00,k3s-w1,Ready
2026-06-29T11:40:36+00:00,k3s-w2,Ready
2026-06-29T11:40:37+00:00,k3s-s1,Ready
2026-06-29T11:40:37+00:00,k3s-s2,Ready
2026-06-29T11:40:37+00:00,k3s-s3,NotReady
2026-06-29T11:40:37+00:00,k3s-w1,Ready
2026-06-29T11:40:37+00:00,k3s-w2,Ready
2026-06-29T11:40:38+00:00,k3s-s1,Ready
2026-06-29T11:40:38+00:00,k3s-s2,Ready
2026-06-29T11:40:38+00:00,k3s-s3,NotReady
2026-06-29T11:40:38+00:00,k3s-w1,Ready
2026-06-29T11:40:38+00:00,k3s-w2,Ready
2026-06-29T11:40:39+00:00,k3s-s1,Ready
2026-06-29T11:40:39+00:00,k3s-s2,Ready
2026-06-29T11:40:39+00:00,k3s-s3,NotReady
2026-06-29T11:40:39+00:00,k3s-w1,Ready
2026-06-29T11:40:39+00:00,k3s-w2,Ready
2026-06-29T11:40:41+00:00,k3s-s1,Ready
2026-06-29T11:40:41+00:00,k3s-s2,Ready
2026-06-29T11:40:41+00:00,k3s-s3,NotReady
2026-06-29T11:40:41+00:00,k3s-w1,Ready
2026-06-29T11:40:41+00:00,k3s-w2,Ready
2026-06-29T11:40:42+00:00,k3s-s1,Ready
2026-06-29T11:40:42+00:00,k3s-s2,Ready
2026-06-29T11:40:42+00:00,k3s-s3,NotReady
2026-06-29T11:40:42+00:00,k3s-w1,Ready
2026-06-29T11:40:42+00:00,k3s-w2,Ready
2026-06-29T11:40:43+00:00,k3s-s1,Ready
2026-06-29T11:40:43+00:00,k3s-s2,Ready
2026-06-29T11:40:43+00:00,k3s-s3,NotReady
2026-06-29T11:40:43+00:00,k3s-w1,Ready
2026-06-29T11:40:43+00:00,k3s-w2,Ready
2026-06-29T11:40:44+00:00,k3s-s1,Ready
2026-06-29T11:40:44+00:00,k3s-s2,Ready
2026-06-29T11:40:44+00:00,k3s-s3,NotReady
2026-06-29T11:40:44+00:00,k3s-w1,Ready
2026-06-29T11:40:44+00:00,k3s-w2,Ready
2026-06-29T11:40:45+00:00,k3s-s1,Ready
2026-06-29T11:40:45+00:00,k3s-s2,Ready
2026-06-29T11:40:45+00:00,k3s-s3,NotReady
2026-06-29T11:40:45+00:00,k3s-w1,Ready
2026-06-29T11:40:45+00:00,k3s-w2,Ready
2026-06-29T11:40:46+00:00,k3s-s1,Ready
2026-06-29T11:40:46+00:00,k3s-s2,Ready
2026-06-29T11:40:46+00:00,k3s-s3,NotReady
2026-06-29T11:40:46+00:00,k3s-w1,Ready
2026-06-29T11:40:46+00:00,k3s-w2,Ready
2026-06-29T11:40:47+00:00,k3s-s1,Ready
2026-06-29T11:40:47+00:00,k3s-s2,Ready
2026-06-29T11:40:47+00:00,k3s-s3,NotReady
2026-06-29T11:40:47+00:00,k3s-w1,Ready
2026-06-29T11:40:47+00:00,k3s-w2,Ready
2026-06-29T11:40:48+00:00,k3s-s1,Ready
2026-06-29T11:40:48+00:00,k3s-s2,Ready
2026-06-29T11:40:48+00:00,k3s-s3,NotReady
2026-06-29T11:40:48+00:00,k3s-w1,Ready
2026-06-29T11:40:48+00:00,k3s-w2,Ready
2026-06-29T11:40:49+00:00,k3s-s1,Ready
2026-06-29T11:40:49+00:00,k3s-s2,Ready
2026-06-29T11:40:49+00:00,k3s-s3,NotReady
2026-06-29T11:40:49+00:00,k3s-w1,Ready
2026-06-29T11:40:49+00:00,k3s-w2,Ready
2026-06-29T11:40:50+00:00,k3s-s1,Ready
2026-06-29T11:40:50+00:00,k3s-s2,Ready
2026-06-29T11:40:50+00:00,k3s-s3,NotReady
2026-06-29T11:40:50+00:00,k3s-w1,Ready
2026-06-29T11:40:50+00:00,k3s-w2,Ready
2026-06-29T11:40:51+00:00,k3s-s1,Ready
2026-06-29T11:40:51+00:00,k3s-s2,Ready
2026-06-29T11:40:51+00:00,k3s-s3,NotReady
2026-06-29T11:40:51+00:00,k3s-w1,Ready
2026-06-29T11:40:51+00:00,k3s-w2,Ready
2026-06-29T11:40:52+00:00,k3s-s1,Ready
2026-06-29T11:40:52+00:00,k3s-s2,Ready
2026-06-29T11:40:52+00:00,k3s-s3,NotReady
2026-06-29T11:40:52+00:00,k3s-w1,Ready
2026-06-29T11:40:52+00:00,k3s-w2,Ready
2026-06-29T11:40:53+00:00,k3s-s1,Ready
2026-06-29T11:40:53+00:00,k3s-s2,Ready
2026-06-29T11:40:53+00:00,k3s-s3,NotReady
2026-06-29T11:40:53+00:00,k3s-w1,Ready
2026-06-29T11:40:53+00:00,k3s-w2,Ready
2026-06-29T11:40:54+00:00,k3s-s1,Ready
2026-06-29T11:40:54+00:00,k3s-s2,Ready
2026-06-29T11:40:54+00:00,k3s-s3,NotReady
2026-06-29T11:40:54+00:00,k3s-w1,Ready
2026-06-29T11:40:54+00:00,k3s-w2,Ready
2026-06-29T11:40:55+00:00,k3s-s1,Ready
2026-06-29T11:40:55+00:00,k3s-s2,Ready
2026-06-29T11:40:55+00:00,k3s-s3,NotReady
2026-06-29T11:40:55+00:00,k3s-w1,Ready
2026-06-29T11:40:55+00:00,k3s-w2,Ready
2026-06-29T11:40:56+00:00,k3s-s1,Ready
2026-06-29T11:40:56+00:00,k3s-s2,Ready
2026-06-29T11:40:56+00:00,k3s-s3,NotReady
2026-06-29T11:40:56+00:00,k3s-w1,Ready
2026-06-29T11:40:56+00:00,k3s-w2,Ready
2026-06-29T11:40:57+00:00,k3s-s1,Ready
2026-06-29T11:40:57+00:00,k3s-s2,Ready
2026-06-29T11:40:57+00:00,k3s-s3,NotReady
2026-06-29T11:40:57+00:00,k3s-w1,Ready
2026-06-29T11:40:57+00:00,k3s-w2,Ready
2026-06-29T11:40:58+00:00,k3s-s1,Ready
2026-06-29T11:40:58+00:00,k3s-s2,Ready
2026-06-29T11:40:58+00:00,k3s-s3,NotReady
2026-06-29T11:40:58+00:00,k3s-w1,Ready
2026-06-29T11:40:58+00:00,k3s-w2,Ready
2026-06-29T11:40:59+00:00,k3s-s1,Ready
2026-06-29T11:40:59+00:00,k3s-s2,Ready
2026-06-29T11:40:59+00:00,k3s-s3,NotReady
2026-06-29T11:40:59+00:00,k3s-w1,Ready
2026-06-29T11:40:59+00:00,k3s-w2,Ready
2026-06-29T11:41:01+00:00,k3s-s1,Ready
2026-06-29T11:41:01+00:00,k3s-s2,Ready
2026-06-29T11:41:01+00:00,k3s-s3,NotReady
2026-06-29T11:41:01+00:00,k3s-w1,Ready
2026-06-29T11:41:01+00:00,k3s-w2,Ready
2026-06-29T11:41:02+00:00,k3s-s1,Ready
2026-06-29T11:41:02+00:00,k3s-s2,Ready
2026-06-29T11:41:02+00:00,k3s-s3,NotReady
2026-06-29T11:41:02+00:00,k3s-w1,Ready
2026-06-29T11:41:02+00:00,k3s-w2,Ready
2026-06-29T11:41:03+00:00,k3s-s1,Ready
2026-06-29T11:41:03+00:00,k3s-s2,Ready
2026-06-29T11:41:03+00:00,k3s-s3,NotReady
2026-06-29T11:41:03+00:00,k3s-w1,Ready
2026-06-29T11:41:03+00:00,k3s-w2,Ready
2026-06-29T11:41:04+00:00,k3s-s1,Ready
2026-06-29T11:41:04+00:00,k3s-s2,Ready
2026-06-29T11:41:04+00:00,k3s-s3,NotReady
2026-06-29T11:41:04+00:00,k3s-w1,Ready
2026-06-29T11:41:04+00:00,k3s-w2,Ready
2026-06-29T11:41:05+00:00,k3s-s1,Ready
2026-06-29T11:41:05+00:00,k3s-s2,Ready
2026-06-29T11:41:05+00:00,k3s-s3,NotReady
2026-06-29T11:41:05+00:00,k3s-w1,Ready
2026-06-29T11:41:05+00:00,k3s-w2,Ready
2026-06-29T11:41:06+00:00,k3s-s1,Ready
2026-06-29T11:41:06+00:00,k3s-s2,Ready
2026-06-29T11:41:06+00:00,k3s-s3,NotReady
2026-06-29T11:41:06+00:00,k3s-w1,Ready
2026-06-29T11:41:06+00:00,k3s-w2,Ready
2026-06-29T11:41:07+00:00,k3s-s1,Ready
2026-06-29T11:41:07+00:00,k3s-s2,Ready
2026-06-29T11:41:07+00:00,k3s-s3,NotReady
2026-06-29T11:41:07+00:00,k3s-w1,Ready
2026-06-29T11:41:07+00:00,k3s-w2,Ready
2026-06-29T11:41:08+00:00,k3s-s1,Ready
2026-06-29T11:41:08+00:00,k3s-s2,Ready
2026-06-29T11:41:08+00:00,k3s-s3,NotReady
2026-06-29T11:41:08+00:00,k3s-w1,Ready
2026-06-29T11:41:08+00:00,k3s-w2,Ready
2026-06-29T11:41:09+00:00,k3s-s1,Ready
2026-06-29T11:41:09+00:00,k3s-s2,Ready
2026-06-29T11:41:09+00:00,k3s-s3,NotReady
2026-06-29T11:41:09+00:00,k3s-w1,Ready
2026-06-29T11:41:09+00:00,k3s-w2,Ready
2026-06-29T11:41:10+00:00,k3s-s1,Ready
2026-06-29T11:41:10+00:00,k3s-s2,Ready
2026-06-29T11:41:10+00:00,k3s-s3,NotReady
2026-06-29T11:41:10+00:00,k3s-w1,Ready
2026-06-29T11:41:10+00:00,k3s-w2,Ready
2026-06-29T11:41:11+00:00,k3s-s1,Ready
2026-06-29T11:41:11+00:00,k3s-s2,Ready
2026-06-29T11:41:11+00:00,k3s-s3,NotReady
2026-06-29T11:41:11+00:00,k3s-w1,Ready
2026-06-29T11:41:11+00:00,k3s-w2,Ready
2026-06-29T11:41:12+00:00,k3s-s1,Ready
2026-06-29T11:41:12+00:00,k3s-s2,Ready
2026-06-29T11:41:12+00:00,k3s-s3,NotReady
2026-06-29T11:41:12+00:00,k3s-w1,Ready
2026-06-29T11:41:12+00:00,k3s-w2,Ready
2026-06-29T11:41:13+00:00,k3s-s1,Ready
2026-06-29T11:41:13+00:00,k3s-s2,Ready
2026-06-29T11:41:13+00:00,k3s-s3,NotReady
2026-06-29T11:41:13+00:00,k3s-w1,Ready
2026-06-29T11:41:13+00:00,k3s-w2,Ready
2026-06-29T11:41:14+00:00,k3s-s1,Ready
2026-06-29T11:41:14+00:00,k3s-s2,Ready
2026-06-29T11:41:14+00:00,k3s-s3,NotReady
2026-06-29T11:41:14+00:00,k3s-w1,Ready
2026-06-29T11:41:14+00:00,k3s-w2,Ready
2026-06-29T11:41:15+00:00,k3s-s1,Ready
2026-06-29T11:41:15+00:00,k3s-s2,Ready
2026-06-29T11:41:15+00:00,k3s-s3,NotReady
2026-06-29T11:41:15+00:00,k3s-w1,Ready
2026-06-29T11:41:15+00:00,k3s-w2,Ready
2026-06-29T11:41:16+00:00,k3s-s1,Ready
2026-06-29T11:41:16+00:00,k3s-s2,Ready
2026-06-29T11:41:16+00:00,k3s-s3,NotReady
2026-06-29T11:41:16+00:00,k3s-w1,Ready
2026-06-29T11:41:16+00:00,k3s-w2,Ready
2026-06-29T11:41:17+00:00,k3s-s1,Ready
2026-06-29T11:41:17+00:00,k3s-s2,Ready
2026-06-29T11:41:17+00:00,k3s-s3,NotReady
2026-06-29T11:41:17+00:00,k3s-w1,Ready
2026-06-29T11:41:17+00:00,k3s-w2,Ready
2026-06-29T11:41:18+00:00,k3s-s1,Ready
2026-06-29T11:41:18+00:00,k3s-s2,Ready
2026-06-29T11:41:18+00:00,k3s-s3,NotReady
2026-06-29T11:41:18+00:00,k3s-w1,Ready
2026-06-29T11:41:18+00:00,k3s-w2,Ready
2026-06-29T11:41:19+00:00,k3s-s1,Ready
2026-06-29T11:41:19+00:00,k3s-s2,Ready
2026-06-29T11:41:19+00:00,k3s-s3,NotReady
2026-06-29T11:41:19+00:00,k3s-w1,Ready
2026-06-29T11:41:19+00:00,k3s-w2,Ready
2026-06-29T11:41:20+00:00,k3s-s1,Ready
2026-06-29T11:41:20+00:00,k3s-s2,Ready
2026-06-29T11:41:20+00:00,k3s-s3,NotReady
2026-06-29T11:41:20+00:00,k3s-w1,Ready
2026-06-29T11:41:20+00:00,k3s-w2,Ready
2026-06-29T11:41:22+00:00,k3s-s1,Ready
2026-06-29T11:41:22+00:00,k3s-s2,Ready
2026-06-29T11:41:22+00:00,k3s-s3,NotReady
2026-06-29T11:41:22+00:00,k3s-w1,Ready
2026-06-29T11:41:22+00:00,k3s-w2,Ready
2026-06-29T11:41:23+00:00,k3s-s1,Ready
2026-06-29T11:41:23+00:00,k3s-s2,Ready
2026-06-29T11:41:23+00:00,k3s-s3,NotReady
2026-06-29T11:41:23+00:00,k3s-w1,Ready
2026-06-29T11:41:23+00:00,k3s-w2,Ready
2026-06-29T11:41:24+00:00,k3s-s1,Ready
2026-06-29T11:41:24+00:00,k3s-s2,Ready
2026-06-29T11:41:24+00:00,k3s-s3,NotReady
2026-06-29T11:41:24+00:00,k3s-w1,Ready
2026-06-29T11:41:24+00:00,k3s-w2,Ready
2026-06-29T11:41:25+00:00,k3s-s1,Ready
2026-06-29T11:41:25+00:00,k3s-s2,Ready
2026-06-29T11:41:25+00:00,k3s-s3,NotReady
2026-06-29T11:41:25+00:00,k3s-w1,Ready
2026-06-29T11:41:25+00:00,k3s-w2,Ready
2026-06-29T11:41:26+00:00,k3s-s1,Ready
2026-06-29T11:41:26+00:00,k3s-s2,Ready
2026-06-29T11:41:26+00:00,k3s-s3,NotReady
2026-06-29T11:41:26+00:00,k3s-w1,Ready
2026-06-29T11:41:26+00:00,k3s-w2,Ready
2026-06-29T11:41:27+00:00,k3s-s1,Ready
2026-06-29T11:41:27+00:00,k3s-s2,Ready
2026-06-29T11:41:27+00:00,k3s-s3,NotReady
2026-06-29T11:41:27+00:00,k3s-w1,Ready
2026-06-29T11:41:27+00:00,k3s-w2,Ready
2026-06-29T11:41:28+00:00,k3s-s1,Ready
2026-06-29T11:41:28+00:00,k3s-s2,Ready
2026-06-29T11:41:28+00:00,k3s-s3,NotReady
2026-06-29T11:41:28+00:00,k3s-w1,Ready
2026-06-29T11:41:28+00:00,k3s-w2,Ready
2026-06-29T11:41:29+00:00,k3s-s1,Ready
2026-06-29T11:41:29+00:00,k3s-s2,Ready
2026-06-29T11:41:29+00:00,k3s-s3,NotReady
2026-06-29T11:41:29+00:00,k3s-w1,Ready
2026-06-29T11:41:29+00:00,k3s-w2,Ready
2026-06-29T11:41:30+00:00,k3s-s1,Ready
2026-06-29T11:41:30+00:00,k3s-s2,Ready
2026-06-29T11:41:30+00:00,k3s-s3,NotReady
2026-06-29T11:41:30+00:00,k3s-w1,Ready
2026-06-29T11:41:30+00:00,k3s-w2,Ready
2026-06-29T11:41:31+00:00,k3s-s1,Ready
2026-06-29T11:41:31+00:00,k3s-s2,Ready
2026-06-29T11:41:31+00:00,k3s-s3,NotReady
2026-06-29T11:41:31+00:00,k3s-w1,Ready
2026-06-29T11:41:31+00:00,k3s-w2,Ready
2026-06-29T11:41:32+00:00,k3s-s1,Ready
2026-06-29T11:41:32+00:00,k3s-s2,Ready
2026-06-29T11:41:32+00:00,k3s-s3,NotReady
2026-06-29T11:41:32+00:00,k3s-w1,Ready
2026-06-29T11:41:32+00:00,k3s-w2,Ready
2026-06-29T11:41:33+00:00,k3s-s1,Ready
2026-06-29T11:41:33+00:00,k3s-s2,Ready
2026-06-29T11:41:33+00:00,k3s-s3,NotReady
2026-06-29T11:41:33+00:00,k3s-w1,Ready
2026-06-29T11:41:33+00:00,k3s-w2,Ready
2026-06-29T11:41:34+00:00,k3s-s1,Ready
2026-06-29T11:41:34+00:00,k3s-s2,Ready
2026-06-29T11:41:34+00:00,k3s-s3,NotReady
2026-06-29T11:41:34+00:00,k3s-w1,Ready
2026-06-29T11:41:34+00:00,k3s-w2,Ready
2026-06-29T11:41:35+00:00,k3s-s1,Ready
2026-06-29T11:41:35+00:00,k3s-s2,Ready
2026-06-29T11:41:35+00:00,k3s-s3,NotReady
2026-06-29T11:41:35+00:00,k3s-w1,Ready
2026-06-29T11:41:35+00:00,k3s-w2,Ready
2026-06-29T11:41:36+00:00,k3s-s1,Ready
2026-06-29T11:41:36+00:00,k3s-s2,Ready
2026-06-29T11:41:36+00:00,k3s-s3,NotReady
2026-06-29T11:41:36+00:00,k3s-w1,Ready
2026-06-29T11:41:36+00:00,k3s-w2,Ready
2026-06-29T11:41:37+00:00,k3s-s1,Ready
2026-06-29T11:41:37+00:00,k3s-s2,Ready
2026-06-29T11:41:37+00:00,k3s-s3,NotReady
2026-06-29T11:41:37+00:00,k3s-w1,Ready
2026-06-29T11:41:37+00:00,k3s-w2,Ready
2026-06-29T11:41:38+00:00,k3s-s1,Ready
2026-06-29T11:41:38+00:00,k3s-s2,Ready
2026-06-29T11:41:38+00:00,k3s-s3,NotReady
2026-06-29T11:41:38+00:00,k3s-w1,Ready
2026-06-29T11:41:38+00:00,k3s-w2,Ready
2026-06-29T11:41:39+00:00,k3s-s1,Ready
2026-06-29T11:41:39+00:00,k3s-s2,Ready
2026-06-29T11:41:39+00:00,k3s-s3,NotReady
2026-06-29T11:41:39+00:00,k3s-w1,Ready
2026-06-29T11:41:39+00:00,k3s-w2,Ready
2026-06-29T11:41:40+00:00,k3s-s1,Ready
2026-06-29T11:41:40+00:00,k3s-s2,Ready
2026-06-29T11:41:40+00:00,k3s-s3,NotReady
2026-06-29T11:41:40+00:00,k3s-w1,Ready
2026-06-29T11:41:40+00:00,k3s-w2,Ready
2026-06-29T11:41:42+00:00,k3s-s1,Ready
2026-06-29T11:41:42+00:00,k3s-s2,Ready
2026-06-29T11:41:42+00:00,k3s-s3,NotReady
2026-06-29T11:41:42+00:00,k3s-w1,Ready
2026-06-29T11:41:42+00:00,k3s-w2,Ready
2026-06-29T11:41:43+00:00,k3s-s1,Ready
2026-06-29T11:41:43+00:00,k3s-s2,Ready
2026-06-29T11:41:43+00:00,k3s-s3,NotReady
2026-06-29T11:41:43+00:00,k3s-w1,Ready
2026-06-29T11:41:43+00:00,k3s-w2,Ready
2026-06-29T11:41:44+00:00,k3s-s1,Ready
2026-06-29T11:41:44+00:00,k3s-s2,Ready
2026-06-29T11:41:44+00:00,k3s-s3,NotReady
2026-06-29T11:41:44+00:00,k3s-w1,Ready
2026-06-29T11:41:44+00:00,k3s-w2,Ready
2026-06-29T11:41:45+00:00,k3s-s1,Ready
2026-06-29T11:41:45+00:00,k3s-s2,Ready
2026-06-29T11:41:45+00:00,k3s-s3,NotReady
2026-06-29T11:41:45+00:00,k3s-w1,Ready
2026-06-29T11:41:45+00:00,k3s-w2,Ready
2026-06-29T11:41:46+00:00,k3s-s1,Ready
2026-06-29T11:41:46+00:00,k3s-s2,Ready
2026-06-29T11:41:46+00:00,k3s-s3,NotReady
2026-06-29T11:41:46+00:00,k3s-w1,Ready
2026-06-29T11:41:46+00:00,k3s-w2,Ready
2026-06-29T11:41:47+00:00,k3s-s1,Ready
2026-06-29T11:41:47+00:00,k3s-s2,Ready
2026-06-29T11:41:47+00:00,k3s-s3,NotReady
2026-06-29T11:41:47+00:00,k3s-w1,Ready
2026-06-29T11:41:47+00:00,k3s-w2,Ready
2026-06-29T11:41:48+00:00,k3s-s1,Ready
2026-06-29T11:41:48+00:00,k3s-s2,Ready
2026-06-29T11:41:48+00:00,k3s-s3,NotReady
2026-06-29T11:41:48+00:00,k3s-w1,Ready
2026-06-29T11:41:48+00:00,k3s-w2,Ready
2026-06-29T11:41:49+00:00,k3s-s1,Ready
2026-06-29T11:41:49+00:00,k3s-s2,Ready
2026-06-29T11:41:49+00:00,k3s-s3,NotReady
2026-06-29T11:41:49+00:00,k3s-w1,Ready
2026-06-29T11:41:49+00:00,k3s-w2,Ready
2026-06-29T11:41:50+00:00,k3s-s1,Ready
2026-06-29T11:41:50+00:00,k3s-s2,Ready
2026-06-29T11:41:50+00:00,k3s-s3,NotReady
2026-06-29T11:41:50+00:00,k3s-w1,Ready
2026-06-29T11:41:50+00:00,k3s-w2,Ready
2026-06-29T11:41:51+00:00,k3s-s1,Ready
2026-06-29T11:41:51+00:00,k3s-s2,Ready
2026-06-29T11:41:51+00:00,k3s-s3,NotReady
2026-06-29T11:41:51+00:00,k3s-w1,Ready
2026-06-29T11:41:51+00:00,k3s-w2,Ready
2026-06-29T11:41:52+00:00,k3s-s1,Ready
2026-06-29T11:41:52+00:00,k3s-s2,Ready
2026-06-29T11:41:52+00:00,k3s-s3,NotReady
2026-06-29T11:41:52+00:00,k3s-w1,Ready
2026-06-29T11:41:52+00:00,k3s-w2,Ready
2026-06-29T11:41:53+00:00,k3s-s1,Ready
2026-06-29T11:41:53+00:00,k3s-s2,Ready
2026-06-29T11:41:53+00:00,k3s-s3,NotReady
2026-06-29T11:41:53+00:00,k3s-w1,Ready
2026-06-29T11:41:53+00:00,k3s-w2,Ready
2026-06-29T11:41:54+00:00,k3s-s1,Ready
2026-06-29T11:41:54+00:00,k3s-s2,Ready
2026-06-29T11:41:54+00:00,k3s-s3,NotReady
2026-06-29T11:41:54+00:00,k3s-w1,Ready
2026-06-29T11:41:54+00:00,k3s-w2,Ready
2026-06-29T11:41:55+00:00,k3s-s1,Ready
2026-06-29T11:41:55+00:00,k3s-s2,Ready
2026-06-29T11:41:55+00:00,k3s-s3,NotReady
2026-06-29T11:41:55+00:00,k3s-w1,Ready
2026-06-29T11:41:55+00:00,k3s-w2,Ready
2026-06-29T11:41:56+00:00,k3s-s1,Ready
2026-06-29T11:41:56+00:00,k3s-s2,Ready
2026-06-29T11:41:56+00:00,k3s-s3,NotReady
2026-06-29T11:41:56+00:00,k3s-w1,Ready
2026-06-29T11:41:56+00:00,k3s-w2,Ready
2026-06-29T11:41:57+00:00,k3s-s1,Ready
2026-06-29T11:41:57+00:00,k3s-s2,Ready
2026-06-29T11:41:57+00:00,k3s-s3,NotReady
2026-06-29T11:41:57+00:00,k3s-w1,Ready
2026-06-29T11:41:57+00:00,k3s-w2,Ready
2026-06-29T11:41:58+00:00,k3s-s1,Ready
2026-06-29T11:41:58+00:00,k3s-s2,Ready
2026-06-29T11:41:58+00:00,k3s-s3,NotReady
2026-06-29T11:41:58+00:00,k3s-w1,Ready
2026-06-29T11:41:58+00:00,k3s-w2,Ready
2026-06-29T11:41:59+00:00,k3s-s1,Ready
2026-06-29T11:41:59+00:00,k3s-s2,Ready
2026-06-29T11:41:59+00:00,k3s-s3,NotReady
2026-06-29T11:41:59+00:00,k3s-w1,Ready
2026-06-29T11:41:59+00:00,k3s-w2,Ready
2026-06-29T11:42:01+00:00,k3s-s1,Ready
2026-06-29T11:42:01+00:00,k3s-s2,Ready
2026-06-29T11:42:01+00:00,k3s-s3,NotReady
2026-06-29T11:42:01+00:00,k3s-w1,Ready
2026-06-29T11:42:01+00:00,k3s-w2,Ready
2026-06-29T11:42:02+00:00,k3s-s1,Ready
2026-06-29T11:42:02+00:00,k3s-s2,Ready
2026-06-29T11:42:02+00:00,k3s-s3,NotReady
2026-06-29T11:42:02+00:00,k3s-w1,Ready
2026-06-29T11:42:02+00:00,k3s-w2,Ready
2026-06-29T11:42:03+00:00,k3s-s1,Ready
2026-06-29T11:42:03+00:00,k3s-s2,Ready
2026-06-29T11:42:03+00:00,k3s-s3,NotReady
2026-06-29T11:42:03+00:00,k3s-w1,Ready
2026-06-29T11:42:03+00:00,k3s-w2,Ready
2026-06-29T11:42:04+00:00,k3s-s1,Ready
2026-06-29T11:42:04+00:00,k3s-s2,Ready
2026-06-29T11:42:04+00:00,k3s-s3,NotReady
2026-06-29T11:42:04+00:00,k3s-w1,Ready
2026-06-29T11:42:04+00:00,k3s-w2,Ready
2026-06-29T11:42:05+00:00,k3s-s1,Ready
2026-06-29T11:42:05+00:00,k3s-s2,Ready
2026-06-29T11:42:05+00:00,k3s-s3,NotReady
2026-06-29T11:42:05+00:00,k3s-w1,Ready
2026-06-29T11:42:05+00:00,k3s-w2,Ready
2026-06-29T11:42:06+00:00,k3s-s1,Ready
2026-06-29T11:42:06+00:00,k3s-s2,Ready
2026-06-29T11:42:06+00:00,k3s-s3,NotReady
2026-06-29T11:42:06+00:00,k3s-w1,Ready
2026-06-29T11:42:06+00:00,k3s-w2,Ready
2026-06-29T11:42:07+00:00,k3s-s1,Ready
2026-06-29T11:42:07+00:00,k3s-s2,Ready
2026-06-29T11:42:07+00:00,k3s-s3,NotReady
2026-06-29T11:42:07+00:00,k3s-w1,Ready
2026-06-29T11:42:07+00:00,k3s-w2,Ready
2026-06-29T11:42:08+00:00,k3s-s1,Ready
2026-06-29T11:42:08+00:00,k3s-s2,Ready
2026-06-29T11:42:08+00:00,k3s-s3,NotReady
2026-06-29T11:42:08+00:00,k3s-w1,Ready
2026-06-29T11:42:08+00:00,k3s-w2,Ready
2026-06-29T11:42:09+00:00,k3s-s1,Ready
2026-06-29T11:42:09+00:00,k3s-s2,Ready
2026-06-29T11:42:09+00:00,k3s-s3,NotReady
2026-06-29T11:42:09+00:00,k3s-w1,Ready
2026-06-29T11:42:09+00:00,k3s-w2,Ready
2026-06-29T11:42:10+00:00,k3s-s1,Ready
2026-06-29T11:42:10+00:00,k3s-s2,Ready
2026-06-29T11:42:10+00:00,k3s-s3,NotReady
2026-06-29T11:42:10+00:00,k3s-w1,Ready
2026-06-29T11:42:10+00:00,k3s-w2,Ready
2026-06-29T11:42:11+00:00,k3s-s1,Ready
2026-06-29T11:42:11+00:00,k3s-s2,Ready
2026-06-29T11:42:11+00:00,k3s-s3,NotReady
2026-06-29T11:42:11+00:00,k3s-w1,Ready
2026-06-29T11:42:11+00:00,k3s-w2,Ready
2026-06-29T11:42:12+00:00,k3s-s1,Ready
2026-06-29T11:42:12+00:00,k3s-s2,Ready
2026-06-29T11:42:12+00:00,k3s-s3,NotReady
2026-06-29T11:42:12+00:00,k3s-w1,Ready
2026-06-29T11:42:12+00:00,k3s-w2,Ready
2026-06-29T11:42:13+00:00,k3s-s1,Ready
2026-06-29T11:42:13+00:00,k3s-s2,Ready
2026-06-29T11:42:13+00:00,k3s-s3,NotReady
2026-06-29T11:42:13+00:00,k3s-w1,Ready
2026-06-29T11:42:13+00:00,k3s-w2,Ready
2026-06-29T11:42:14+00:00,k3s-s1,Ready
2026-06-29T11:42:14+00:00,k3s-s2,Ready
2026-06-29T11:42:14+00:00,k3s-s3,NotReady
2026-06-29T11:42:14+00:00,k3s-w1,Ready
2026-06-29T11:42:14+00:00,k3s-w2,Ready
2026-06-29T11:42:15+00:00,k3s-s1,Ready
2026-06-29T11:42:15+00:00,k3s-s2,Ready
2026-06-29T11:42:15+00:00,k3s-s3,NotReady
2026-06-29T11:42:15+00:00,k3s-w1,Ready
2026-06-29T11:42:15+00:00,k3s-w2,Ready
2026-06-29T11:42:16+00:00,k3s-s1,Ready
2026-06-29T11:42:16+00:00,k3s-s2,Ready
2026-06-29T11:42:16+00:00,k3s-s3,NotReady
2026-06-29T11:42:16+00:00,k3s-w1,Ready
2026-06-29T11:42:16+00:00,k3s-w2,Ready
2026-06-29T11:42:17+00:00,k3s-s1,Ready
2026-06-29T11:42:17+00:00,k3s-s2,Ready
2026-06-29T11:42:17+00:00,k3s-s3,NotReady
2026-06-29T11:42:17+00:00,k3s-w1,Ready
2026-06-29T11:42:17+00:00,k3s-w2,Ready
2026-06-29T11:42:18+00:00,k3s-s1,Ready
2026-06-29T11:42:18+00:00,k3s-s2,Ready
2026-06-29T11:42:18+00:00,k3s-s3,NotReady
2026-06-29T11:42:18+00:00,k3s-w1,Ready
2026-06-29T11:42:18+00:00,k3s-w2,Ready
2026-06-29T11:42:19+00:00,k3s-s1,Ready
2026-06-29T11:42:19+00:00,k3s-s2,Ready
2026-06-29T11:42:19+00:00,k3s-s3,NotReady
2026-06-29T11:42:19+00:00,k3s-w1,Ready
2026-06-29T11:42:19+00:00,k3s-w2,Ready
2026-06-29T11:42:21+00:00,k3s-s1,Ready
2026-06-29T11:42:21+00:00,k3s-s2,Ready
2026-06-29T11:42:21+00:00,k3s-s3,NotReady
2026-06-29T11:42:21+00:00,k3s-w1,Ready
2026-06-29T11:42:21+00:00,k3s-w2,Ready
2026-06-29T11:42:22+00:00,k3s-s1,Ready
2026-06-29T11:42:22+00:00,k3s-s2,Ready
2026-06-29T11:42:22+00:00,k3s-s3,NotReady
2026-06-29T11:42:22+00:00,k3s-w1,Ready
2026-06-29T11:42:22+00:00,k3s-w2,Ready
2026-06-29T11:42:23+00:00,k3s-s1,Ready
2026-06-29T11:42:23+00:00,k3s-s2,Ready
2026-06-29T11:42:23+00:00,k3s-s3,NotReady
2026-06-29T11:42:23+00:00,k3s-w1,Ready
2026-06-29T11:42:23+00:00,k3s-w2,Ready
2026-06-29T11:42:24+00:00,k3s-s1,Ready
2026-06-29T11:42:24+00:00,k3s-s2,Ready
2026-06-29T11:42:24+00:00,k3s-s3,NotReady
2026-06-29T11:42:24+00:00,k3s-w1,Ready
2026-06-29T11:42:24+00:00,k3s-w2,Ready
2026-06-29T11:42:25+00:00,k3s-s1,Ready
2026-06-29T11:42:25+00:00,k3s-s2,Ready
2026-06-29T11:42:25+00:00,k3s-s3,NotReady
2026-06-29T11:42:25+00:00,k3s-w1,Ready
2026-06-29T11:42:25+00:00,k3s-w2,Ready
2026-06-29T11:42:26+00:00,k3s-s1,Ready
2026-06-29T11:42:26+00:00,k3s-s2,Ready
2026-06-29T11:42:26+00:00,k3s-s3,NotReady
2026-06-29T11:42:26+00:00,k3s-w1,Ready
2026-06-29T11:42:26+00:00,k3s-w2,Ready
2026-06-29T11:42:27+00:00,k3s-s1,Ready
2026-06-29T11:42:27+00:00,k3s-s2,Ready
2026-06-29T11:42:27+00:00,k3s-s3,NotReady
2026-06-29T11:42:27+00:00,k3s-w1,Ready
2026-06-29T11:42:27+00:00,k3s-w2,Ready
2026-06-29T11:42:28+00:00,k3s-s1,Ready
2026-06-29T11:42:28+00:00,k3s-s2,Ready
2026-06-29T11:42:28+00:00,k3s-s3,NotReady
2026-06-29T11:42:28+00:00,k3s-w1,Ready
2026-06-29T11:42:28+00:00,k3s-w2,Ready
2026-06-29T11:42:29+00:00,k3s-s1,Ready
2026-06-29T11:42:29+00:00,k3s-s2,Ready
2026-06-29T11:42:29+00:00,k3s-s3,NotReady
2026-06-29T11:42:29+00:00,k3s-w1,Ready
2026-06-29T11:42:29+00:00,k3s-w2,Ready
2026-06-29T11:42:30+00:00,k3s-s1,Ready
2026-06-29T11:42:30+00:00,k3s-s2,Ready
2026-06-29T11:42:30+00:00,k3s-s3,NotReady
2026-06-29T11:42:30+00:00,k3s-w1,Ready
2026-06-29T11:42:30+00:00,k3s-w2,Ready
2026-06-29T11:42:31+00:00,k3s-s1,Ready
2026-06-29T11:42:31+00:00,k3s-s2,Ready
2026-06-29T11:42:31+00:00,k3s-s3,NotReady
2026-06-29T11:42:31+00:00,k3s-w1,Ready
2026-06-29T11:42:31+00:00,k3s-w2,Ready
2026-06-29T11:42:32+00:00,k3s-s1,Ready
2026-06-29T11:42:32+00:00,k3s-s2,Ready
2026-06-29T11:42:32+00:00,k3s-s3,NotReady
2026-06-29T11:42:32+00:00,k3s-w1,Ready
2026-06-29T11:42:32+00:00,k3s-w2,Ready
2026-06-29T11:42:33+00:00,k3s-s1,Ready
2026-06-29T11:42:33+00:00,k3s-s2,Ready
2026-06-29T11:42:33+00:00,k3s-s3,NotReady
2026-06-29T11:42:33+00:00,k3s-w1,Ready
2026-06-29T11:42:33+00:00,k3s-w2,Ready
2026-06-29T11:42:34+00:00,k3s-s1,Ready
2026-06-29T11:42:34+00:00,k3s-s2,Ready
2026-06-29T11:42:34+00:00,k3s-s3,NotReady
2026-06-29T11:42:34+00:00,k3s-w1,Ready
2026-06-29T11:42:34+00:00,k3s-w2,Ready
2026-06-29T11:42:35+00:00,k3s-s1,Ready
2026-06-29T11:42:35+00:00,k3s-s2,Ready
2026-06-29T11:42:35+00:00,k3s-s3,NotReady
2026-06-29T11:42:35+00:00,k3s-w1,Ready
2026-06-29T11:42:35+00:00,k3s-w2,Ready
2026-06-29T11:42:36+00:00,k3s-s1,Ready
2026-06-29T11:42:36+00:00,k3s-s2,Ready
2026-06-29T11:42:36+00:00,k3s-s3,NotReady
2026-06-29T11:42:36+00:00,k3s-w1,Ready
2026-06-29T11:42:36+00:00,k3s-w2,Ready
2026-06-29T11:42:37+00:00,k3s-s1,Ready
2026-06-29T11:42:37+00:00,k3s-s2,Ready
2026-06-29T11:42:37+00:00,k3s-s3,NotReady
2026-06-29T11:42:37+00:00,k3s-w1,Ready
2026-06-29T11:42:37+00:00,k3s-w2,Ready
2026-06-29T11:42:38+00:00,k3s-s1,Ready
2026-06-29T11:42:38+00:00,k3s-s2,Ready
2026-06-29T11:42:38+00:00,k3s-s3,NotReady
2026-06-29T11:42:38+00:00,k3s-w1,Ready
2026-06-29T11:42:38+00:00,k3s-w2,Ready
2026-06-29T11:42:39+00:00,k3s-s1,Ready
2026-06-29T11:42:39+00:00,k3s-s2,Ready
2026-06-29T11:42:39+00:00,k3s-s3,NotReady
2026-06-29T11:42:39+00:00,k3s-w1,Ready
2026-06-29T11:42:39+00:00,k3s-w2,Ready
2026-06-29T11:42:41+00:00,k3s-s1,Ready
2026-06-29T11:42:41+00:00,k3s-s2,Ready
2026-06-29T11:42:41+00:00,k3s-s3,NotReady
2026-06-29T11:42:41+00:00,k3s-w1,Ready
2026-06-29T11:42:41+00:00,k3s-w2,Ready
2026-06-29T11:42:42+00:00,k3s-s1,Ready
2026-06-29T11:42:42+00:00,k3s-s2,Ready
2026-06-29T11:42:42+00:00,k3s-s3,NotReady
2026-06-29T11:42:42+00:00,k3s-w1,Ready
2026-06-29T11:42:42+00:00,k3s-w2,Ready
2026-06-29T11:42:43+00:00,k3s-s1,Ready
2026-06-29T11:42:43+00:00,k3s-s2,Ready
2026-06-29T11:42:43+00:00,k3s-s3,NotReady
2026-06-29T11:42:43+00:00,k3s-w1,Ready
2026-06-29T11:42:43+00:00,k3s-w2,Ready
2026-06-29T11:42:44+00:00,k3s-s1,Ready
2026-06-29T11:42:44+00:00,k3s-s2,Ready
2026-06-29T11:42:44+00:00,k3s-s3,NotReady
2026-06-29T11:42:44+00:00,k3s-w1,Ready
2026-06-29T11:42:44+00:00,k3s-w2,Ready
2026-06-29T11:42:45+00:00,k3s-s1,Ready
2026-06-29T11:42:45+00:00,k3s-s2,Ready
2026-06-29T11:42:45+00:00,k3s-s3,NotReady
2026-06-29T11:42:45+00:00,k3s-w1,Ready
2026-06-29T11:42:45+00:00,k3s-w2,Ready
2026-06-29T11:42:46+00:00,k3s-s1,Ready
2026-06-29T11:42:46+00:00,k3s-s2,Ready
2026-06-29T11:42:46+00:00,k3s-s3,NotReady
2026-06-29T11:42:46+00:00,k3s-w1,Ready
2026-06-29T11:42:46+00:00,k3s-w2,Ready
2026-06-29T11:42:47+00:00,k3s-s1,Ready
2026-06-29T11:42:47+00:00,k3s-s2,Ready
2026-06-29T11:42:47+00:00,k3s-s3,NotReady
2026-06-29T11:42:47+00:00,k3s-w1,Ready
2026-06-29T11:42:47+00:00,k3s-w2,Ready
2026-06-29T11:42:48+00:00,k3s-s1,Ready
2026-06-29T11:42:48+00:00,k3s-s2,Ready
2026-06-29T11:42:48+00:00,k3s-s3,NotReady
2026-06-29T11:42:48+00:00,k3s-w1,Ready
2026-06-29T11:42:48+00:00,k3s-w2,Ready
2026-06-29T11:42:49+00:00,k3s-s1,Ready
2026-06-29T11:42:49+00:00,k3s-s2,Ready
2026-06-29T11:42:49+00:00,k3s-s3,NotReady
2026-06-29T11:42:49+00:00,k3s-w1,Ready
2026-06-29T11:42:49+00:00,k3s-w2,Ready
2026-06-29T11:42:50+00:00,k3s-s1,Ready
2026-06-29T11:42:50+00:00,k3s-s2,Ready
2026-06-29T11:42:50+00:00,k3s-s3,NotReady
2026-06-29T11:42:50+00:00,k3s-w1,Ready
2026-06-29T11:42:50+00:00,k3s-w2,Ready
2026-06-29T11:42:51+00:00,k3s-s1,Ready
2026-06-29T11:42:51+00:00,k3s-s2,Ready
2026-06-29T11:42:51+00:00,k3s-s3,NotReady
2026-06-29T11:42:51+00:00,k3s-w1,Ready
2026-06-29T11:42:51+00:00,k3s-w2,Ready
2026-06-29T11:42:52+00:00,k3s-s1,Ready
2026-06-29T11:42:52+00:00,k3s-s2,Ready
2026-06-29T11:42:52+00:00,k3s-s3,NotReady
2026-06-29T11:42:52+00:00,k3s-w1,Ready
2026-06-29T11:42:52+00:00,k3s-w2,Ready
2026-06-29T11:42:53+00:00,k3s-s1,Ready
2026-06-29T11:42:53+00:00,k3s-s2,Ready
2026-06-29T11:42:53+00:00,k3s-s3,NotReady
2026-06-29T11:42:53+00:00,k3s-w1,Ready
2026-06-29T11:42:53+00:00,k3s-w2,Ready
2026-06-29T11:42:54+00:00,k3s-s1,Ready
2026-06-29T11:42:54+00:00,k3s-s2,Ready
2026-06-29T11:42:54+00:00,k3s-s3,NotReady
2026-06-29T11:42:54+00:00,k3s-w1,Ready
2026-06-29T11:42:54+00:00,k3s-w2,Ready
2026-06-29T11:42:55+00:00,k3s-s1,Ready
2026-06-29T11:42:55+00:00,k3s-s2,Ready
2026-06-29T11:42:55+00:00,k3s-s3,NotReady
2026-06-29T11:42:55+00:00,k3s-w1,Ready
2026-06-29T11:42:55+00:00,k3s-w2,Ready
2026-06-29T11:42:56+00:00,k3s-s1,Ready
2026-06-29T11:42:56+00:00,k3s-s2,Ready
2026-06-29T11:42:56+00:00,k3s-s3,NotReady
2026-06-29T11:42:56+00:00,k3s-w1,Ready
2026-06-29T11:42:56+00:00,k3s-w2,Ready
2026-06-29T11:42:57+00:00,k3s-s1,Ready
2026-06-29T11:42:57+00:00,k3s-s2,Ready
2026-06-29T11:42:57+00:00,k3s-s3,NotReady
2026-06-29T11:42:57+00:00,k3s-w1,Ready
2026-06-29T11:42:57+00:00,k3s-w2,Ready
2026-06-29T11:42:58+00:00,k3s-s1,Ready
2026-06-29T11:42:58+00:00,k3s-s2,Ready
2026-06-29T11:42:58+00:00,k3s-s3,NotReady
2026-06-29T11:42:58+00:00,k3s-w1,Ready
2026-06-29T11:42:58+00:00,k3s-w2,Ready
2026-06-29T11:42:59+00:00,k3s-s1,Ready
2026-06-29T11:42:59+00:00,k3s-s2,Ready
2026-06-29T11:42:59+00:00,k3s-s3,NotReady
2026-06-29T11:42:59+00:00,k3s-w1,Ready
2026-06-29T11:42:59+00:00,k3s-w2,Ready
2026-06-29T11:43:01+00:00,k3s-s1,Ready
2026-06-29T11:43:01+00:00,k3s-s2,Ready
2026-06-29T11:43:01+00:00,k3s-s3,NotReady
2026-06-29T11:43:01+00:00,k3s-w1,Ready
2026-06-29T11:43:01+00:00,k3s-w2,Ready
2026-06-29T11:43:02+00:00,k3s-s1,Ready
2026-06-29T11:43:02+00:00,k3s-s2,Ready
2026-06-29T11:43:02+00:00,k3s-s3,NotReady
2026-06-29T11:43:02+00:00,k3s-w1,Ready
2026-06-29T11:43:02+00:00,k3s-w2,Ready
2026-06-29T11:43:03+00:00,k3s-s1,Ready
2026-06-29T11:43:03+00:00,k3s-s2,Ready
2026-06-29T11:43:03+00:00,k3s-s3,NotReady
2026-06-29T11:43:03+00:00,k3s-w1,Ready
2026-06-29T11:43:03+00:00,k3s-w2,Ready
2026-06-29T11:43:04+00:00,k3s-s1,Ready
2026-06-29T11:43:04+00:00,k3s-s2,Ready
2026-06-29T11:43:04+00:00,k3s-s3,NotReady
2026-06-29T11:43:04+00:00,k3s-w1,Ready
2026-06-29T11:43:04+00:00,k3s-w2,Ready
2026-06-29T11:43:05+00:00,k3s-s1,Ready
2026-06-29T11:43:05+00:00,k3s-s2,Ready
2026-06-29T11:43:05+00:00,k3s-s3,NotReady
2026-06-29T11:43:05+00:00,k3s-w1,Ready
2026-06-29T11:43:05+00:00,k3s-w2,Ready
2026-06-29T11:43:06+00:00,k3s-s1,Ready
2026-06-29T11:43:06+00:00,k3s-s2,Ready
2026-06-29T11:43:06+00:00,k3s-s3,NotReady
2026-06-29T11:43:06+00:00,k3s-w1,Ready
2026-06-29T11:43:06+00:00,k3s-w2,Ready
2026-06-29T11:43:07+00:00,k3s-s1,Ready
2026-06-29T11:43:07+00:00,k3s-s2,Ready
2026-06-29T11:43:07+00:00,k3s-s3,NotReady
2026-06-29T11:43:07+00:00,k3s-w1,Ready
2026-06-29T11:43:07+00:00,k3s-w2,Ready
2026-06-29T11:43:08+00:00,k3s-s1,Ready
2026-06-29T11:43:08+00:00,k3s-s2,Ready
2026-06-29T11:43:08+00:00,k3s-s3,NotReady
2026-06-29T11:43:08+00:00,k3s-w1,Ready
2026-06-29T11:43:08+00:00,k3s-w2,Ready
2026-06-29T11:43:09+00:00,k3s-s1,Ready
2026-06-29T11:43:09+00:00,k3s-s2,Ready
2026-06-29T11:43:09+00:00,k3s-s3,NotReady
2026-06-29T11:43:09+00:00,k3s-w1,Ready
2026-06-29T11:43:09+00:00,k3s-w2,Ready
2026-06-29T11:43:10+00:00,k3s-s1,Ready
2026-06-29T11:43:10+00:00,k3s-s2,Ready
2026-06-29T11:43:10+00:00,k3s-s3,NotReady
2026-06-29T11:43:10+00:00,k3s-w1,Ready
2026-06-29T11:43:10+00:00,k3s-w2,Ready
2026-06-29T11:43:11+00:00,k3s-s1,Ready
2026-06-29T11:43:11+00:00,k3s-s2,Ready
2026-06-29T11:43:11+00:00,k3s-s3,NotReady
2026-06-29T11:43:11+00:00,k3s-w1,Ready
2026-06-29T11:43:11+00:00,k3s-w2,Ready
2026-06-29T11:43:12+00:00,k3s-s1,Ready
2026-06-29T11:43:12+00:00,k3s-s2,Ready
2026-06-29T11:43:12+00:00,k3s-s3,NotReady
2026-06-29T11:43:12+00:00,k3s-w1,Ready
2026-06-29T11:43:12+00:00,k3s-w2,Ready
2026-06-29T11:43:13+00:00,k3s-s1,Ready
2026-06-29T11:43:13+00:00,k3s-s2,Ready
2026-06-29T11:43:13+00:00,k3s-s3,NotReady
2026-06-29T11:43:13+00:00,k3s-w1,Ready
2026-06-29T11:43:13+00:00,k3s-w2,Ready
2026-06-29T11:43:14+00:00,k3s-s1,Ready
2026-06-29T11:43:14+00:00,k3s-s2,Ready
2026-06-29T11:43:14+00:00,k3s-s3,NotReady
2026-06-29T11:43:14+00:00,k3s-w1,Ready
2026-06-29T11:43:14+00:00,k3s-w2,Ready
2026-06-29T11:43:15+00:00,k3s-s1,Ready
2026-06-29T11:43:15+00:00,k3s-s2,Ready
2026-06-29T11:43:15+00:00,k3s-s3,NotReady
2026-06-29T11:43:15+00:00,k3s-w1,Ready
2026-06-29T11:43:15+00:00,k3s-w2,Ready
2026-06-29T11:43:16+00:00,k3s-s1,Ready
2026-06-29T11:43:16+00:00,k3s-s2,Ready
2026-06-29T11:43:16+00:00,k3s-s3,NotReady
2026-06-29T11:43:16+00:00,k3s-w1,Ready
2026-06-29T11:43:16+00:00,k3s-w2,Ready
2026-06-29T11:43:17+00:00,k3s-s1,Ready
2026-06-29T11:43:17+00:00,k3s-s2,Ready
2026-06-29T11:43:17+00:00,k3s-s3,NotReady
2026-06-29T11:43:17+00:00,k3s-w1,Ready
2026-06-29T11:43:17+00:00,k3s-w2,Ready
2026-06-29T11:43:19+00:00,k3s-s1,Ready
2026-06-29T11:43:19+00:00,k3s-s2,Ready
2026-06-29T11:43:19+00:00,k3s-s3,NotReady
2026-06-29T11:43:19+00:00,k3s-w1,Ready
2026-06-29T11:43:19+00:00,k3s-w2,Ready
2026-06-29T11:43:20+00:00,k3s-s1,Ready
2026-06-29T11:43:20+00:00,k3s-s2,Ready
2026-06-29T11:43:20+00:00,k3s-s3,NotReady
2026-06-29T11:43:20+00:00,k3s-w1,Ready
2026-06-29T11:43:20+00:00,k3s-w2,Ready
2026-06-29T11:43:21+00:00,k3s-s1,Ready
2026-06-29T11:43:21+00:00,k3s-s2,Ready
2026-06-29T11:43:21+00:00,k3s-s3,NotReady
2026-06-29T11:43:21+00:00,k3s-w1,Ready
2026-06-29T11:43:21+00:00,k3s-w2,Ready
2026-06-29T11:43:22+00:00,k3s-s1,Ready
2026-06-29T11:43:22+00:00,k3s-s2,Ready
2026-06-29T11:43:22+00:00,k3s-s3,NotReady
2026-06-29T11:43:22+00:00,k3s-w1,Ready
2026-06-29T11:43:22+00:00,k3s-w2,Ready
2026-06-29T11:43:23+00:00,k3s-s1,Ready
2026-06-29T11:43:23+00:00,k3s-s2,Ready
2026-06-29T11:43:23+00:00,k3s-s3,NotReady
2026-06-29T11:43:23+00:00,k3s-w1,Ready
2026-06-29T11:43:23+00:00,k3s-w2,Ready
2026-06-29T11:43:24+00:00,k3s-s1,Ready
2026-06-29T11:43:24+00:00,k3s-s2,Ready
2026-06-29T11:43:24+00:00,k3s-s3,NotReady
2026-06-29T11:43:24+00:00,k3s-w1,Ready
2026-06-29T11:43:24+00:00,k3s-w2,Ready
2026-06-29T11:43:25+00:00,k3s-s1,Ready
2026-06-29T11:43:25+00:00,k3s-s2,Ready
2026-06-29T11:43:25+00:00,k3s-s3,NotReady
2026-06-29T11:43:25+00:00,k3s-w1,Ready
2026-06-29T11:43:25+00:00,k3s-w2,Ready
2026-06-29T11:43:26+00:00,k3s-s1,Ready
2026-06-29T11:43:26+00:00,k3s-s2,Ready
2026-06-29T11:43:26+00:00,k3s-s3,Ready
2026-06-29T11:43:26+00:00,k3s-w1,Ready
2026-06-29T11:43:26+00:00,k3s-w2,Ready
2026-06-29T11:43:27+00:00,k3s-s1,Ready
2026-06-29T11:43:27+00:00,k3s-s2,Ready
2026-06-29T11:43:27+00:00,k3s-s3,Ready
2026-06-29T11:43:27+00:00,k3s-w1,Ready
2026-06-29T11:43:27+00:00,k3s-w2,Ready
2026-06-29T11:43:28+00:00,k3s-s1,Ready
2026-06-29T11:43:28+00:00,k3s-s2,Ready
2026-06-29T11:43:28+00:00,k3s-s3,Ready
2026-06-29T11:43:28+00:00,k3s-w1,Ready
2026-06-29T11:43:28+00:00,k3s-w2,Ready
2026-06-29T11:43:29+00:00,k3s-s1,Ready
2026-06-29T11:43:29+00:00,k3s-s2,Ready
2026-06-29T11:43:29+00:00,k3s-s3,Ready
2026-06-29T11:43:29+00:00,k3s-w1,Ready
2026-06-29T11:43:29+00:00,k3s-w2,Ready
2026-06-29T11:43:30+00:00,k3s-s1,Ready
2026-06-29T11:43:30+00:00,k3s-s2,Ready
2026-06-29T11:43:30+00:00,k3s-s3,Ready
2026-06-29T11:43:30+00:00,k3s-w1,Ready
2026-06-29T11:43:30+00:00,k3s-w2,Ready
2026-06-29T11:43:31+00:00,k3s-s1,Ready
2026-06-29T11:43:31+00:00,k3s-s2,Ready
2026-06-29T11:43:31+00:00,k3s-s3,Ready
2026-06-29T11:43:31+00:00,k3s-w1,Ready
2026-06-29T11:43:31+00:00,k3s-w2,Ready
2026-06-29T11:43:32+00:00,k3s-s1,Ready
2026-06-29T11:43:32+00:00,k3s-s2,Ready
2026-06-29T11:43:32+00:00,k3s-s3,Ready
2026-06-29T11:43:32+00:00,k3s-w1,Ready
2026-06-29T11:43:32+00:00,k3s-w2,Ready
2026-06-29T11:43:33+00:00,k3s-s1,Ready
2026-06-29T11:43:33+00:00,k3s-s2,Ready
2026-06-29T11:43:33+00:00,k3s-s3,Ready
2026-06-29T11:43:33+00:00,k3s-w1,Ready
2026-06-29T11:43:33+00:00,k3s-w2,Ready
2026-06-29T11:43:35+00:00,k3s-s1,Ready
2026-06-29T11:43:35+00:00,k3s-s2,Ready
2026-06-29T11:43:35+00:00,k3s-s3,Ready
2026-06-29T11:43:35+00:00,k3s-w1,Ready
2026-06-29T11:43:35+00:00,k3s-w2,Ready
2026-06-29T11:43:36+00:00,k3s-s1,Ready
2026-06-29T11:43:36+00:00,k3s-s2,Ready
2026-06-29T11:43:36+00:00,k3s-s3,Ready
2026-06-29T11:43:36+00:00,k3s-w1,Ready
2026-06-29T11:43:36+00:00,k3s-w2,Ready
2026-06-29T11:43:37+00:00,k3s-s1,Ready
2026-06-29T11:43:37+00:00,k3s-s2,Ready
2026-06-29T11:43:37+00:00,k3s-s3,Ready
2026-06-29T11:43:37+00:00,k3s-w1,Ready
2026-06-29T11:43:37+00:00,k3s-w2,Ready
2026-06-29T11:43:38+00:00,k3s-s1,Ready
2026-06-29T11:43:38+00:00,k3s-s2,Ready
2026-06-29T11:43:38+00:00,k3s-s3,Ready
2026-06-29T11:43:38+00:00,k3s-w1,Ready
2026-06-29T11:43:38+00:00,k3s-w2,Ready
2026-06-29T11:43:39+00:00,k3s-s1,Ready
2026-06-29T11:43:39+00:00,k3s-s2,Ready
2026-06-29T11:43:39+00:00,k3s-s3,Ready
2026-06-29T11:43:39+00:00,k3s-w1,Ready
2026-06-29T11:43:39+00:00,k3s-w2,Ready
2026-06-29T11:43:40+00:00,k3s-s1,Ready
2026-06-29T11:43:40+00:00,k3s-s2,Ready
2026-06-29T11:43:40+00:00,k3s-s3,Ready
2026-06-29T11:43:40+00:00,k3s-w1,Ready
2026-06-29T11:43:40+00:00,k3s-w2,Ready
2026-06-29T11:43:41+00:00,k3s-s1,Ready
2026-06-29T11:43:41+00:00,k3s-s2,Ready
2026-06-29T11:43:41+00:00,k3s-s3,Ready
2026-06-29T11:43:41+00:00,k3s-w1,Ready
2026-06-29T11:43:41+00:00,k3s-w2,Ready
2026-06-29T11:43:42+00:00,k3s-s1,Ready
2026-06-29T11:43:42+00:00,k3s-s2,Ready
2026-06-29T11:43:42+00:00,k3s-s3,Ready
2026-06-29T11:43:42+00:00,k3s-w1,Ready
2026-06-29T11:43:42+00:00,k3s-w2,Ready
2026-06-29T11:43:43+00:00,k3s-s1,Ready
2026-06-29T11:43:43+00:00,k3s-s2,Ready
2026-06-29T11:43:43+00:00,k3s-s3,Ready
2026-06-29T11:43:43+00:00,k3s-w1,Ready
2026-06-29T11:43:43+00:00,k3s-w2,Ready
2026-06-29T11:43:44+00:00,k3s-s1,Ready
2026-06-29T11:43:44+00:00,k3s-s2,Ready
2026-06-29T11:43:44+00:00,k3s-s3,Ready
2026-06-29T11:43:44+00:00,k3s-w1,Ready
2026-06-29T11:43:44+00:00,k3s-w2,Ready
2026-06-29T11:43:45+00:00,k3s-s1,Ready
2026-06-29T11:43:45+00:00,k3s-s2,Ready
2026-06-29T11:43:45+00:00,k3s-s3,Ready
2026-06-29T11:43:45+00:00,k3s-w1,Ready
2026-06-29T11:43:45+00:00,k3s-w2,Ready
2026-06-29T11:43:46+00:00,k3s-s1,Ready
2026-06-29T11:43:46+00:00,k3s-s2,Ready
2026-06-29T11:43:46+00:00,k3s-s3,Ready
2026-06-29T11:43:46+00:00,k3s-w1,Ready
2026-06-29T11:43:46+00:00,k3s-w2,Ready
2026-06-29T11:43:47+00:00,k3s-s1,Ready
2026-06-29T11:43:47+00:00,k3s-s2,Ready
2026-06-29T11:43:47+00:00,k3s-s3,Ready
2026-06-29T11:43:47+00:00,k3s-w1,Ready
2026-06-29T11:43:47+00:00,k3s-w2,Ready
2026-06-29T11:43:48+00:00,k3s-s1,Ready
2026-06-29T11:43:48+00:00,k3s-s2,Ready
2026-06-29T11:43:48+00:00,k3s-s3,Ready
2026-06-29T11:43:48+00:00,k3s-w1,Ready
2026-06-29T11:43:48+00:00,k3s-w2,Ready
2026-06-29T11:43:50+00:00,k3s-s1,Ready
2026-06-29T11:43:50+00:00,k3s-s2,Ready
2026-06-29T11:43:50+00:00,k3s-s3,Ready
2026-06-29T11:43:50+00:00,k3s-w1,Ready
2026-06-29T11:43:50+00:00,k3s-w2,Ready
2026-06-29T11:43:51+00:00,k3s-s1,Ready
2026-06-29T11:43:51+00:00,k3s-s2,Ready
2026-06-29T11:43:51+00:00,k3s-s3,Ready
2026-06-29T11:43:51+00:00,k3s-w1,Ready
2026-06-29T11:43:51+00:00,k3s-w2,Ready
2026-06-29T11:43:52+00:00,k3s-s1,Ready
2026-06-29T11:43:52+00:00,k3s-s2,Ready
2026-06-29T11:43:52+00:00,k3s-s3,Ready
2026-06-29T11:43:52+00:00,k3s-w1,Ready
2026-06-29T11:43:52+00:00,k3s-w2,Ready
2026-06-29T11:43:53+00:00,k3s-s1,Ready
2026-06-29T11:43:53+00:00,k3s-s2,Ready
2026-06-29T11:43:53+00:00,k3s-s3,Ready
2026-06-29T11:43:53+00:00,k3s-w1,Ready
2026-06-29T11:43:53+00:00,k3s-w2,Ready
2026-06-29T11:43:54+00:00,k3s-s1,Ready
2026-06-29T11:43:54+00:00,k3s-s2,Ready
2026-06-29T11:43:54+00:00,k3s-s3,Ready
2026-06-29T11:43:54+00:00,k3s-w1,Ready
2026-06-29T11:43:54+00:00,k3s-w2,Ready
2026-06-29T11:43:55+00:00,k3s-s1,Ready
2026-06-29T11:43:55+00:00,k3s-s2,Ready
2026-06-29T11:43:55+00:00,k3s-s3,Ready
2026-06-29T11:43:55+00:00,k3s-w1,Ready
2026-06-29T11:43:55+00:00,k3s-w2,Ready
2026-06-29T11:43:56+00:00,k3s-s1,Ready
2026-06-29T11:43:56+00:00,k3s-s2,Ready
2026-06-29T11:43:56+00:00,k3s-s3,Ready
2026-06-29T11:43:56+00:00,k3s-w1,Ready
2026-06-29T11:43:56+00:00,k3s-w2,Ready
2026-06-29T11:43:57+00:00,k3s-s1,Ready
2026-06-29T11:43:57+00:00,k3s-s2,Ready
2026-06-29T11:43:57+00:00,k3s-s3,Ready
2026-06-29T11:43:57+00:00,k3s-w1,Ready
2026-06-29T11:43:57+00:00,k3s-w2,Ready
2026-06-29T11:43:58+00:00,k3s-s1,Ready
2026-06-29T11:43:58+00:00,k3s-s2,Ready
2026-06-29T11:43:58+00:00,k3s-s3,Ready
2026-06-29T11:43:58+00:00,k3s-w1,Ready
2026-06-29T11:43:58+00:00,k3s-w2,Ready
2026-06-29T11:43:59+00:00,k3s-s1,Ready
2026-06-29T11:43:59+00:00,k3s-s2,Ready
2026-06-29T11:43:59+00:00,k3s-s3,Ready
2026-06-29T11:43:59+00:00,k3s-w1,Ready
2026-06-29T11:43:59+00:00,k3s-w2,Ready
2026-06-29T11:44:00+00:00,k3s-s1,Ready
2026-06-29T11:44:00+00:00,k3s-s2,Ready
2026-06-29T11:44:00+00:00,k3s-s3,Ready
2026-06-29T11:44:00+00:00,k3s-w1,Ready
2026-06-29T11:44:00+00:00,k3s-w2,Ready
2026-06-29T11:44:01+00:00,k3s-s1,Ready
2026-06-29T11:44:01+00:00,k3s-s2,Ready
2026-06-29T11:44:01+00:00,k3s-s3,Ready
2026-06-29T11:44:01+00:00,k3s-w1,Ready
2026-06-29T11:44:01+00:00,k3s-w2,Ready
2026-06-29T11:44:02+00:00,k3s-s1,Ready
2026-06-29T11:44:02+00:00,k3s-s2,Ready
2026-06-29T11:44:02+00:00,k3s-s3,Ready
2026-06-29T11:44:02+00:00,k3s-w1,Ready
2026-06-29T11:44:02+00:00,k3s-w2,Ready
2026-06-29T11:44:03+00:00,k3s-s1,Ready
2026-06-29T11:44:03+00:00,k3s-s2,Ready
2026-06-29T11:44:03+00:00,k3s-s3,Ready
2026-06-29T11:44:03+00:00,k3s-w1,Ready
2026-06-29T11:44:03+00:00,k3s-w2,Ready
2026-06-29T11:44:05+00:00,k3s-s1,Ready
2026-06-29T11:44:05+00:00,k3s-s2,Ready
2026-06-29T11:44:05+00:00,k3s-s3,Ready
2026-06-29T11:44:05+00:00,k3s-w1,Ready
2026-06-29T11:44:05+00:00,k3s-w2,Ready
2026-06-29T11:44:06+00:00,k3s-s1,Ready
2026-06-29T11:44:06+00:00,k3s-s2,Ready
2026-06-29T11:44:06+00:00,k3s-s3,Ready
2026-06-29T11:44:06+00:00,k3s-w1,Ready
2026-06-29T11:44:06+00:00,k3s-w2,Ready
2026-06-29T11:44:07+00:00,k3s-s1,Ready
2026-06-29T11:44:07+00:00,k3s-s2,Ready
2026-06-29T11:44:07+00:00,k3s-s3,Ready
2026-06-29T11:44:07+00:00,k3s-w1,Ready
2026-06-29T11:44:07+00:00,k3s-w2,Ready
2026-06-29T11:44:08+00:00,k3s-s1,Ready
2026-06-29T11:44:08+00:00,k3s-s2,Ready
2026-06-29T11:44:08+00:00,k3s-s3,Ready
2026-06-29T11:44:08+00:00,k3s-w1,Ready
2026-06-29T11:44:08+00:00,k3s-w2,Ready
2026-06-29T11:44:09+00:00,k3s-s1,Ready
2026-06-29T11:44:09+00:00,k3s-s2,Ready
2026-06-29T11:44:09+00:00,k3s-s3,Ready
2026-06-29T11:44:09+00:00,k3s-w1,Ready
2026-06-29T11:44:09+00:00,k3s-w2,Ready
2026-06-29T11:44:10+00:00,k3s-s1,Ready
2026-06-29T11:44:10+00:00,k3s-s2,Ready
2026-06-29T11:44:10+00:00,k3s-s3,Ready
2026-06-29T11:44:10+00:00,k3s-w1,Ready
2026-06-29T11:44:10+00:00,k3s-w2,Ready
2026-06-29T11:44:11+00:00,k3s-s1,Ready
2026-06-29T11:44:11+00:00,k3s-s2,Ready
2026-06-29T11:44:11+00:00,k3s-s3,Ready
2026-06-29T11:44:11+00:00,k3s-w1,Ready
2026-06-29T11:44:11+00:00,k3s-w2,Ready
2026-06-29T11:44:12+00:00,k3s-s1,Ready
2026-06-29T11:44:12+00:00,k3s-s2,Ready
2026-06-29T11:44:12+00:00,k3s-s3,Ready
2026-06-29T11:44:12+00:00,k3s-w1,Ready
2026-06-29T11:44:12+00:00,k3s-w2,Ready
2026-06-29T11:44:13+00:00,k3s-s1,Ready
2026-06-29T11:44:13+00:00,k3s-s2,Ready
2026-06-29T11:44:13+00:00,k3s-s3,Ready
2026-06-29T11:44:13+00:00,k3s-w1,Ready
2026-06-29T11:44:13+00:00,k3s-w2,Ready
2026-06-29T11:44:14+00:00,k3s-s1,Ready
2026-06-29T11:44:14+00:00,k3s-s2,Ready
2026-06-29T11:44:14+00:00,k3s-s3,Ready
2026-06-29T11:44:14+00:00,k3s-w1,Ready
2026-06-29T11:44:14+00:00,k3s-w2,Ready
2026-06-29T11:44:15+00:00,k3s-s1,Ready
2026-06-29T11:44:15+00:00,k3s-s2,Ready
2026-06-29T11:44:15+00:00,k3s-s3,Ready
2026-06-29T11:44:15+00:00,k3s-w1,Ready
2026-06-29T11:44:15+00:00,k3s-w2,Ready
2026-06-29T11:44:16+00:00,k3s-s1,Ready
2026-06-29T11:44:16+00:00,k3s-s2,Ready
2026-06-29T11:44:16+00:00,k3s-s3,Ready
2026-06-29T11:44:16+00:00,k3s-w1,Ready
2026-06-29T11:44:16+00:00,k3s-w2,Ready
2026-06-29T11:44:17+00:00,k3s-s1,Ready
2026-06-29T11:44:17+00:00,k3s-s2,Ready
2026-06-29T11:44:17+00:00,k3s-s3,Ready
2026-06-29T11:44:17+00:00,k3s-w1,Ready
2026-06-29T11:44:17+00:00,k3s-w2,Ready
2026-06-29T11:44:18+00:00,k3s-s1,Ready
2026-06-29T11:44:18+00:00,k3s-s2,Ready
2026-06-29T11:44:18+00:00,k3s-s3,Ready
2026-06-29T11:44:18+00:00,k3s-w1,Ready
2026-06-29T11:44:18+00:00,k3s-w2,Ready
2026-06-29T11:44:20+00:00,k3s-s1,Ready
2026-06-29T11:44:20+00:00,k3s-s2,Ready
2026-06-29T11:44:20+00:00,k3s-s3,Ready
2026-06-29T11:44:20+00:00,k3s-w1,Ready
2026-06-29T11:44:20+00:00,k3s-w2,Ready
2026-06-29T11:44:21+00:00,k3s-s1,Ready
2026-06-29T11:44:21+00:00,k3s-s2,Ready
2026-06-29T11:44:21+00:00,k3s-s3,Ready
2026-06-29T11:44:21+00:00,k3s-w1,Ready
2026-06-29T11:44:21+00:00,k3s-w2,Ready
2026-06-29T11:44:22+00:00,k3s-s1,Ready
2026-06-29T11:44:22+00:00,k3s-s2,Ready
2026-06-29T11:44:22+00:00,k3s-s3,Ready
2026-06-29T11:44:22+00:00,k3s-w1,Ready
2026-06-29T11:44:22+00:00,k3s-w2,Ready
2026-06-29T11:44:23+00:00,k3s-s1,Ready
2026-06-29T11:44:23+00:00,k3s-s2,Ready
2026-06-29T11:44:23+00:00,k3s-s3,Ready
2026-06-29T11:44:23+00:00,k3s-w1,Ready
2026-06-29T11:44:23+00:00,k3s-w2,Ready
2026-06-29T11:44:24+00:00,k3s-s1,Ready
2026-06-29T11:44:24+00:00,k3s-s2,Ready
2026-06-29T11:44:24+00:00,k3s-s3,Ready
2026-06-29T11:44:24+00:00,k3s-w1,Ready
2026-06-29T11:44:24+00:00,k3s-w2,Ready
2026-06-29T11:44:25+00:00,k3s-s1,Ready
2026-06-29T11:44:25+00:00,k3s-s2,Ready
2026-06-29T11:44:25+00:00,k3s-s3,Ready
2026-06-29T11:44:25+00:00,k3s-w1,Ready
2026-06-29T11:44:25+00:00,k3s-w2,Ready
2026-06-29T11:44:26+00:00,k3s-s1,Ready
2026-06-29T11:44:26+00:00,k3s-s2,Ready
2026-06-29T11:44:26+00:00,k3s-s3,Ready
2026-06-29T11:44:26+00:00,k3s-w1,Ready
2026-06-29T11:44:26+00:00,k3s-w2,Ready
2026-06-29T11:44:27+00:00,k3s-s1,Ready
2026-06-29T11:44:27+00:00,k3s-s2,Ready
2026-06-29T11:44:27+00:00,k3s-s3,Ready
2026-06-29T11:44:27+00:00,k3s-w1,Ready
2026-06-29T11:44:27+00:00,k3s-w2,Ready
2026-06-29T11:44:28+00:00,k3s-s1,Ready
2026-06-29T11:44:28+00:00,k3s-s2,Ready
2026-06-29T11:44:28+00:00,k3s-s3,Ready
2026-06-29T11:44:28+00:00,k3s-w1,Ready
2026-06-29T11:44:28+00:00,k3s-w2,Ready
2026-06-29T11:44:29+00:00,k3s-s1,Ready
2026-06-29T11:44:29+00:00,k3s-s2,Ready
2026-06-29T11:44:29+00:00,k3s-s3,Ready
2026-06-29T11:44:29+00:00,k3s-w1,Ready
2026-06-29T11:44:29+00:00,k3s-w2,Ready
2026-06-29T11:44:30+00:00,k3s-s1,Ready
2026-06-29T11:44:30+00:00,k3s-s2,Ready
2026-06-29T11:44:30+00:00,k3s-s3,Ready
2026-06-29T11:44:30+00:00,k3s-w1,Ready
2026-06-29T11:44:30+00:00,k3s-w2,Ready
2026-06-29T11:44:31+00:00,k3s-s1,Ready
2026-06-29T11:44:31+00:00,k3s-s2,Ready
2026-06-29T11:44:31+00:00,k3s-s3,Ready
2026-06-29T11:44:31+00:00,k3s-w1,Ready
2026-06-29T11:44:31+00:00,k3s-w2,Ready
2026-06-29T11:44:32+00:00,k3s-s1,Ready
2026-06-29T11:44:32+00:00,k3s-s2,Ready
2026-06-29T11:44:32+00:00,k3s-s3,Ready
2026-06-29T11:44:32+00:00,k3s-w1,Ready
2026-06-29T11:44:32+00:00,k3s-w2,Ready
2026-06-29T11:44:33+00:00,k3s-s1,Ready
2026-06-29T11:44:33+00:00,k3s-s2,Ready
2026-06-29T11:44:33+00:00,k3s-s3,Ready
2026-06-29T11:44:33+00:00,k3s-w1,Ready
2026-06-29T11:44:33+00:00,k3s-w2,Ready
2026-06-29T11:44:35+00:00,k3s-s1,Ready
2026-06-29T11:44:35+00:00,k3s-s2,Ready
2026-06-29T11:44:35+00:00,k3s-s3,Ready
2026-06-29T11:44:35+00:00,k3s-w1,Ready
2026-06-29T11:44:35+00:00,k3s-w2,Ready
