request_start_time,request_end_time,status_code,duration_ms,success,error
2026-06-29T12:13:08.503096+00:00,2026-06-29T12:13:08.504913+00:00,200,1.82,True,
2026-06-29T12:13:09.503772+00:00,2026-06-29T12:13:09.508789+00:00,200,5.02,True,
2026-06-29T12:13:10.503915+00:00,2026-06-29T12:13:10.506770+00:00,200,2.85,True,
2026-06-29T12:13:11.504316+00:00,2026-06-29T12:13:11.513550+00:00,200,9.23,True,
2026-06-29T12:13:12.504477+00:00,2026-06-29T12:13:12.509868+00:00,200,5.39,True,
2026-06-29T12:13:13.504713+00:00,2026-06-29T12:13:13.508187+00:00,200,3.47,True,
2026-06-29T12:13:14.504827+00:00,2026-06-29T12:13:14.509814+00:00,200,4.99,True,
2026-06-29T12:13:15.505009+00:00,2026-06-29T12:13:15.508132+00:00,200,3.12,True,
2026-06-29T12:13:16.505227+00:00,2026-06-29T12:13:16.507530+00:00,200,2.3,True,
2026-06-29T12:13:17.505421+00:00,2026-06-29T12:13:17.512265+00:00,200,6.84,True,
2026-06-29T12:13:18.505596+00:00,2026-06-29T12:13:18.507375+00:00,200,1.78,True,
2026-06-29T12:13:19.505994+00:00,2026-06-29T12:13:19.508510+00:00,200,2.52,True,
2026-06-29T12:13:20.506140+00:00,2026-06-29T12:13:20.507991+00:00,200,1.85,True,
2026-06-29T12:13:21.506885+00:00,2026-06-29T12:13:21.508932+00:00,200,2.05,True,
2026-06-29T12:13:22.507045+00:00,2026-06-29T12:13:22.508740+00:00,200,1.69,True,
2026-06-29T12:13:23.507164+00:00,2026-06-29T12:13:23.509617+00:00,200,2.45,True,
2026-06-29T12:13:24.507328+00:00,2026-06-29T12:13:24.512525+00:00,200,5.2,True,
2026-06-29T12:13:25.507486+00:00,2026-06-29T12:13:25.510654+00:00,200,3.17,True,
2026-06-29T12:13:26.507656+00:00,2026-06-29T12:13:26.511451+00:00,200,3.8,True,
2026-06-29T12:13:27.507884+00:00,2026-06-29T12:13:27.514136+00:00,200,6.25,True,
2026-06-29T12:13:28.508131+00:00,2026-06-29T12:13:28.515325+00:00,200,7.19,True,
2026-06-29T12:13:29.508396+00:00,2026-06-29T12:13:29.514199+00:00,200,5.8,True,
2026-06-29T12:13:30.508696+00:00,2026-06-29T12:13:30.511244+00:00,200,2.55,True,
2026-06-29T12:13:31.508840+00:00,2026-06-29T12:13:31.512354+00:00,200,3.51,True,
2026-06-29T12:13:32.509032+00:00,2026-06-29T12:13:32.514727+00:00,200,5.7,True,
2026-06-29T12:13:33.509222+00:00,2026-06-29T12:13:33.512053+00:00,200,2.83,True,
2026-06-29T12:13:34.509362+00:00,2026-06-29T12:13:34.511342+00:00,200,1.98,True,
2026-06-29T12:13:35.509484+00:00,2026-06-29T12:13:35.510929+00:00,200,1.45,True,
2026-06-29T12:13:36.510084+00:00,2026-06-29T12:13:36.511736+00:00,200,1.65,True,
2026-06-29T12:13:37.510236+00:00,2026-06-29T12:13:37.513154+00:00,200,2.92,True,
2026-06-29T12:13:38.510981+00:00,2026-06-29T12:13:38.517206+00:00,200,6.22,True,
2026-06-29T12:13:39.511338+00:00,2026-06-29T12:13:39.514043+00:00,200,2.71,True,
2026-06-29T12:13:40.511892+00:00,2026-06-29T12:13:40.515045+00:00,200,3.15,True,
2026-06-29T12:13:41.512557+00:00,2026-06-29T12:13:41.515356+00:00,200,2.8,True,
2026-06-29T12:13:42.512881+00:00,2026-06-29T12:13:42.516186+00:00,200,3.31,True,
2026-06-29T12:13:43.513853+00:00,2026-06-29T12:13:43.520309+00:00,200,6.46,True,
2026-06-29T12:13:44.513989+00:00,2026-06-29T12:13:44.516449+00:00,200,2.46,True,
2026-06-29T12:13:45.514263+00:00,2026-06-29T12:13:45.519778+00:00,200,5.51,True,
2026-06-29T12:13:46.514450+00:00,2026-06-29T12:13:46.517766+00:00,200,3.32,True,
2026-06-29T12:13:47.514632+00:00,2026-06-29T12:13:47.519210+00:00,200,4.58,True,
2026-06-29T12:13:48.516253+00:00,2026-06-29T12:13:48.518924+00:00,200,2.67,True,
2026-06-29T12:13:49.516583+00:00,2026-06-29T12:13:49.518945+00:00,200,2.36,True,
2026-06-29T12:13:50.516697+00:00,2026-06-29T12:13:50.518466+00:00,200,1.77,True,
2026-06-29T12:13:51.516821+00:00,2026-06-29T12:13:51.518449+00:00,200,1.63,True,
2026-06-29T12:13:52.516914+00:00,2026-06-29T12:13:52.519005+00:00,200,2.09,True,
2026-06-29T12:13:53.517074+00:00,2026-06-29T12:13:53.524177+00:00,200,7.1,True,
2026-06-29T12:13:54.517195+00:00,2026-06-29T12:13:54.520882+00:00,200,3.69,True,
2026-06-29T12:13:55.517406+00:00,2026-06-29T12:13:55.520450+00:00,200,3.04,True,
2026-06-29T12:13:56.517685+00:00,2026-06-29T12:13:56.521969+00:00,200,4.28,True,
2026-06-29T12:13:57.517804+00:00,2026-06-29T12:13:57.521414+00:00,200,3.61,True,
2026-06-29T12:13:58.518018+00:00,2026-06-29T12:13:58.523810+00:00,200,5.79,True,
2026-06-29T12:13:59.518259+00:00,2026-06-29T12:13:59.523533+00:00,200,5.27,True,
2026-06-29T12:14:00.518933+00:00,2026-06-29T12:14:00.522871+00:00,200,3.94,True,
2026-06-29T12:14:01.519049+00:00,2026-06-29T12:14:01.524045+00:00,200,5.0,True,
2026-06-29T12:14:02.519216+00:00,2026-06-29T12:14:02.521449+00:00,200,2.23,True,
2026-06-29T12:14:03.519283+00:00,2026-06-29T12:14:03.521298+00:00,200,2.01,True,
2026-06-29T12:14:04.519446+00:00,2026-06-29T12:14:04.521221+00:00,200,1.78,True,
2026-06-29T12:14:05.519723+00:00,2026-06-29T12:14:05.520977+00:00,200,1.25,True,
2026-06-29T12:14:06.521387+00:00,2026-06-29T12:14:06.523275+00:00,200,1.89,True,
2026-06-29T12:14:07.521689+00:00,2026-06-29T12:14:07.524917+00:00,200,3.23,True,
2026-06-29T12:14:08.522343+00:00,2026-06-29T12:14:08.525039+00:00,200,2.7,True,
2026-06-29T12:14:09.522627+00:00,2026-06-29T12:14:09.528571+00:00,200,5.94,True,
2026-06-29T12:14:10.523211+00:00,2026-06-29T12:14:10.526059+00:00,200,2.85,True,
2026-06-29T12:14:11.524258+00:00,2026-06-29T12:14:11.529285+00:00,200,5.03,True,
2026-06-29T12:14:12.525080+00:00,2026-06-29T12:14:12.528141+00:00,200,3.06,True,
2026-06-29T12:14:13.525258+00:00,2026-06-29T12:14:13.532154+00:00,200,6.9,True,
2026-06-29T12:14:14.525483+00:00,2026-06-29T12:14:14.528622+00:00,200,3.14,True,
2026-06-29T12:14:15.525880+00:00,2026-06-29T12:14:15.529357+00:00,200,3.48,True,
2026-06-29T12:14:16.526009+00:00,2026-06-29T12:14:16.528332+00:00,200,2.32,True,
2026-06-29T12:14:17.526103+00:00,2026-06-29T12:14:17.537268+00:00,200,11.16,True,
2026-06-29T12:14:18.526359+00:00,2026-06-29T12:14:18.528638+00:00,200,2.28,True,
2026-06-29T12:14:19.526462+00:00,2026-06-29T12:14:19.530026+00:00,200,3.56,True,
2026-06-29T12:14:20.526540+00:00,2026-06-29T12:14:20.528469+00:00,200,1.93,True,
2026-06-29T12:14:21.526640+00:00,2026-06-29T12:14:21.529439+00:00,200,2.8,True,
2026-06-29T12:14:22.526766+00:00,2026-06-29T12:14:22.528943+00:00,200,2.18,True,
2026-06-29T12:14:23.526873+00:00,2026-06-29T12:14:25.529122+00:00,,2002.25,False,ConnectTimeout
2026-06-29T12:14:25.529270+00:00,2026-06-29T12:14:27.531151+00:00,,2001.88,False,ConnectTimeout
2026-06-29T12:14:27.531279+00:00,2026-06-29T12:14:27.533098+00:00,200,1.82,True,
2026-06-29T12:14:28.531477+00:00,2026-06-29T12:14:30.535576+00:00,,2004.1,False,ConnectTimeout
2026-06-29T12:14:30.535740+00:00,2026-06-29T12:14:32.538722+00:00,,2002.98,False,ConnectTimeout
2026-06-29T12:14:32.538831+00:00,2026-06-29T12:14:32.540332+00:00,200,1.5,True,
2026-06-29T12:14:33.538922+00:00,2026-06-29T12:14:35.542456+00:00,,2003.53,False,ConnectTimeout
2026-06-29T12:14:35.542856+00:00,2026-06-29T12:14:37.547573+00:00,,2004.72,False,ConnectTimeout
2026-06-29T12:14:37.547836+00:00,2026-06-29T12:14:37.554869+00:00,200,7.03,True,
2026-06-29T12:14:38.548276+00:00,2026-06-29T12:14:40.552601+00:00,,2004.33,False,ConnectTimeout
2026-06-29T12:14:40.552813+00:00,2026-06-29T12:14:42.556991+00:00,,2004.18,False,ConnectTimeout
2026-06-29T12:14:42.557236+00:00,2026-06-29T12:14:44.559035+00:00,,2001.8,False,ConnectTimeout
2026-06-29T12:14:44.559181+00:00,2026-06-29T12:14:46.560723+00:00,,2001.54,False,ConnectTimeout
2026-06-29T12:14:46.560833+00:00,2026-06-29T12:14:46.563096+00:00,200,2.26,True,
2026-06-29T12:14:47.561169+00:00,2026-06-29T12:14:49.564476+00:00,,2003.31,False,ConnectTimeout
2026-06-29T12:14:49.564937+00:00,2026-06-29T12:14:49.574878+00:00,200,9.94,True,
2026-06-29T12:14:50.565072+00:00,2026-06-29T12:14:50.567707+00:00,200,2.64,True,
2026-06-29T12:14:51.566188+00:00,2026-06-29T12:14:51.572257+00:00,200,6.07,True,
2026-06-29T12:14:52.566366+00:00,2026-06-29T12:14:52.568614+00:00,200,2.25,True,
2026-06-29T12:14:53.566552+00:00,2026-06-29T12:14:55.571128+00:00,,2004.58,False,ConnectTimeout
2026-06-29T12:14:55.571436+00:00,2026-06-29T12:14:55.581945+00:00,200,10.51,True,
2026-06-29T12:14:56.571874+00:00,2026-06-29T12:14:56.573538+00:00,200,1.66,True,
2026-06-29T12:14:57.571990+00:00,2026-06-29T12:14:57.574209+00:00,200,2.22,True,
2026-06-29T12:14:58.572168+00:00,2026-06-29T12:14:58.573804+00:00,200,1.64,True,
2026-06-29T12:14:59.572333+00:00,2026-06-29T12:14:59.574575+00:00,200,2.24,True,
2026-06-29T12:15:00.572482+00:00,2026-06-29T12:15:00.574450+00:00,200,1.97,True,
2026-06-29T12:15:01.572895+00:00,2026-06-29T12:15:01.574583+00:00,200,1.69,True,
2026-06-29T12:15:02.573013+00:00,2026-06-29T12:15:04.574413+00:00,,2001.4,False,ConnectTimeout
2026-06-29T12:15:04.574641+00:00,2026-06-29T12:15:04.579058+00:00,200,4.42,True,
2026-06-29T12:15:05.574765+00:00,2026-06-29T12:15:05.579481+00:00,200,4.72,True,
2026-06-29T12:15:06.574938+00:00,2026-06-29T12:15:06.582381+00:00,200,7.44,True,
2026-06-29T12:15:07.575189+00:00,2026-06-29T12:15:07.581987+00:00,200,6.8,True,
2026-06-29T12:15:08.575345+00:00,2026-06-29T12:15:08.581488+00:00,200,6.14,True,
2026-06-29T12:15:09.575641+00:00,2026-06-29T12:15:09.582064+00:00,200,6.42,True,
2026-06-29T12:15:10.575777+00:00,2026-06-29T12:15:10.582333+00:00,200,6.56,True,
2026-06-29T12:15:11.575953+00:00,2026-06-29T12:15:11.579877+00:00,200,3.92,True,
2026-06-29T12:15:12.576115+00:00,2026-06-29T12:15:12.580439+00:00,200,4.32,True,
2026-06-29T12:15:13.576317+00:00,2026-06-29T12:15:13.578488+00:00,200,2.17,True,
2026-06-29T12:15:14.576538+00:00,2026-06-29T12:15:14.578136+00:00,200,1.6,True,
2026-06-29T12:15:15.576794+00:00,2026-06-29T12:15:15.578360+00:00,200,1.57,True,
2026-06-29T12:15:16.576898+00:00,2026-06-29T12:15:16.579765+00:00,200,2.87,True,
2026-06-29T12:15:17.577052+00:00,2026-06-29T12:15:17.583576+00:00,200,6.52,True,
2026-06-29T12:15:18.577245+00:00,2026-06-29T12:15:18.583415+00:00,200,6.17,True,
2026-06-29T12:15:19.577488+00:00,2026-06-29T12:15:19.581058+00:00,200,3.57,True,
2026-06-29T12:15:20.577885+00:00,2026-06-29T12:15:20.583044+00:00,200,5.16,True,
2026-06-29T12:15:21.578002+00:00,2026-06-29T12:15:21.581397+00:00,200,3.4,True,
2026-06-29T12:15:22.578213+00:00,2026-06-29T12:15:22.585712+00:00,200,7.5,True,
2026-06-29T12:15:23.578481+00:00,2026-06-29T12:15:23.587347+00:00,200,8.87,True,
2026-06-29T12:15:24.578838+00:00,2026-06-29T12:15:24.581331+00:00,200,2.49,True,
2026-06-29T12:15:25.579260+00:00,2026-06-29T12:15:25.581933+00:00,200,2.67,True,
2026-06-29T12:15:26.579409+00:00,2026-06-29T12:15:26.582133+00:00,200,2.72,True,
2026-06-29T12:15:27.579903+00:00,2026-06-29T12:15:27.582928+00:00,200,3.02,True,
2026-06-29T12:15:28.580158+00:00,2026-06-29T12:15:28.582003+00:00,200,1.84,True,
2026-06-29T12:15:29.580249+00:00,2026-06-29T12:15:29.581928+00:00,200,1.68,True,
2026-06-29T12:15:30.580907+00:00,2026-06-29T12:15:30.583955+00:00,200,3.05,True,
2026-06-29T12:15:31.581164+00:00,2026-06-29T12:15:31.590390+00:00,200,9.23,True,
2026-06-29T12:15:32.581410+00:00,2026-06-29T12:15:32.588568+00:00,200,7.16,True,
2026-06-29T12:15:33.581713+00:00,2026-06-29T12:15:33.588227+00:00,200,6.51,True,
2026-06-29T12:15:34.581846+00:00,2026-06-29T12:15:34.585300+00:00,200,3.45,True,
2026-06-29T12:15:35.582776+00:00,2026-06-29T12:15:35.587281+00:00,200,4.5,True,
2026-06-29T12:15:36.583478+00:00,2026-06-29T12:15:36.590015+00:00,200,6.54,True,
2026-06-29T12:15:37.584275+00:00,2026-06-29T12:15:37.591144+00:00,200,6.87,True,
2026-06-29T12:15:38.584480+00:00,2026-06-29T12:15:38.590307+00:00,200,5.83,True,
2026-06-29T12:15:39.584636+00:00,2026-06-29T12:15:39.590171+00:00,200,5.54,True,
2026-06-29T12:15:40.584762+00:00,2026-06-29T12:15:40.587311+00:00,200,2.55,True,
2026-06-29T12:15:41.584899+00:00,2026-06-29T12:15:41.587464+00:00,200,2.56,True,
2026-06-29T12:15:42.585002+00:00,2026-06-29T12:15:42.586753+00:00,200,1.75,True,
2026-06-29T12:15:43.585138+00:00,2026-06-29T12:15:43.586792+00:00,200,1.65,True,
2026-06-29T12:15:44.585311+00:00,2026-06-29T12:15:44.587541+00:00,200,2.23,True,
2026-06-29T12:15:45.585485+00:00,2026-06-29T12:15:45.591763+00:00,200,6.28,True,
2026-06-29T12:15:46.585615+00:00,2026-06-29T12:15:46.592229+00:00,200,6.61,True,
2026-06-29T12:15:47.585786+00:00,2026-06-29T12:15:47.592614+00:00,200,6.83,True,
2026-06-29T12:15:48.585952+00:00,2026-06-29T12:15:48.591340+00:00,200,5.39,True,
2026-06-29T12:15:49.586137+00:00,2026-06-29T12:15:49.592593+00:00,200,6.46,True,
2026-06-29T12:15:50.586339+00:00,2026-06-29T12:15:50.591701+00:00,200,5.36,True,
2026-06-29T12:15:51.586594+00:00,2026-06-29T12:15:51.592490+00:00,200,5.9,True,
2026-06-29T12:15:52.586757+00:00,2026-06-29T12:15:52.594338+00:00,200,7.58,True,
2026-06-29T12:15:53.586909+00:00,2026-06-29T12:15:53.591125+00:00,200,4.22,True,
2026-06-29T12:15:54.587034+00:00,2026-06-29T12:15:54.589117+00:00,200,2.08,True,
2026-06-29T12:15:55.587201+00:00,2026-06-29T12:15:55.589541+00:00,200,2.34,True,
2026-06-29T12:15:56.587318+00:00,2026-06-29T12:15:56.589255+00:00,200,1.94,True,
2026-06-29T12:15:57.587376+00:00,2026-06-29T12:15:57.588967+00:00,200,1.59,True,
2026-06-29T12:15:58.588555+00:00,2026-06-29T12:15:58.591293+00:00,200,2.74,True,
2026-06-29T12:15:59.588686+00:00,2026-06-29T12:15:59.594612+00:00,200,5.93,True,
2026-06-29T12:16:00.588825+00:00,2026-06-29T12:16:00.592417+00:00,200,3.59,True,
2026-06-29T12:16:01.588973+00:00,2026-06-29T12:16:01.592621+00:00,200,3.65,True,
2026-06-29T12:16:02.589190+00:00,2026-06-29T12:16:02.596702+00:00,200,7.51,True,
2026-06-29T12:16:03.589340+00:00,2026-06-29T12:16:03.593134+00:00,200,3.79,True,
2026-06-29T12:16:04.589524+00:00,2026-06-29T12:16:04.592188+00:00,200,2.66,True,
2026-06-29T12:16:05.589769+00:00,2026-06-29T12:16:05.598695+00:00,200,8.93,True,
2026-06-29T12:16:06.589934+00:00,2026-06-29T12:16:06.595557+00:00,200,5.62,True,
2026-06-29T12:16:07.590125+00:00,2026-06-29T12:16:07.597346+00:00,200,7.22,True,
2026-06-29T12:16:08.590292+00:00,2026-06-29T12:16:08.593056+00:00,200,2.76,True,
2026-06-29T12:16:09.590533+00:00,2026-06-29T12:16:09.593099+00:00,200,2.57,True,
2026-06-29T12:16:10.590644+00:00,2026-06-29T12:16:10.592458+00:00,200,1.81,True,
2026-06-29T12:16:11.590752+00:00,2026-06-29T12:16:11.592372+00:00,200,1.62,True,
2026-06-29T12:16:12.592542+00:00,2026-06-29T12:16:12.596269+00:00,200,3.73,True,
2026-06-29T12:16:13.592693+00:00,2026-06-29T12:16:13.599607+00:00,200,6.91,True,
2026-06-29T12:16:14.592828+00:00,2026-06-29T12:16:14.597455+00:00,200,4.63,True,
2026-06-29T12:16:15.592985+00:00,2026-06-29T12:16:15.598414+00:00,200,5.43,True,
2026-06-29T12:16:16.593441+00:00,2026-06-29T12:16:16.599692+00:00,200,6.25,True,
2026-06-29T12:16:17.593643+00:00,2026-06-29T12:16:17.599023+00:00,200,5.38,True,
2026-06-29T12:16:18.594089+00:00,2026-06-29T12:16:18.602308+00:00,200,8.22,True,
2026-06-29T12:16:19.594562+00:00,2026-06-29T12:16:19.601833+00:00,200,7.27,True,
2026-06-29T12:16:20.594681+00:00,2026-06-29T12:16:20.600342+00:00,200,5.66,True,
2026-06-29T12:16:21.594831+00:00,2026-06-29T12:16:21.598523+00:00,200,3.69,True,
2026-06-29T12:16:22.594960+00:00,2026-06-29T12:16:22.597570+00:00,200,2.61,True,
2026-06-29T12:16:23.595638+00:00,2026-06-29T12:16:23.597604+00:00,200,1.97,True,
2026-06-29T12:16:24.596289+00:00,2026-06-29T12:16:24.598198+00:00,200,1.91,True,
2026-06-29T12:16:25.596575+00:00,2026-06-29T12:16:25.598187+00:00,200,1.61,True,
2026-06-29T12:16:26.596732+00:00,2026-06-29T12:16:26.598584+00:00,200,1.85,True,
2026-06-29T12:16:27.596957+00:00,2026-06-29T12:16:27.602802+00:00,200,5.85,True,
2026-06-29T12:16:28.597699+00:00,2026-06-29T12:16:28.603632+00:00,200,5.93,True,
2026-06-29T12:16:29.598116+00:00,2026-06-29T12:16:29.604750+00:00,200,6.63,True,
2026-06-29T12:16:30.598436+00:00,2026-06-29T12:16:30.602007+00:00,200,3.57,True,
2026-06-29T12:16:31.599252+00:00,2026-06-29T12:16:31.606790+00:00,200,7.54,True,
2026-06-29T12:16:32.599432+00:00,2026-06-29T12:16:32.606172+00:00,200,6.74,True,
2026-06-29T12:16:33.599613+00:00,2026-06-29T12:16:33.604667+00:00,200,5.05,True,
2026-06-29T12:16:34.600261+00:00,2026-06-29T12:16:34.603587+00:00,200,3.33,True,
2026-06-29T12:16:35.600479+00:00,2026-06-29T12:16:35.606539+00:00,200,6.06,True,
2026-06-29T12:16:36.600641+00:00,2026-06-29T12:16:36.603405+00:00,200,2.76,True,
2026-06-29T12:16:37.601418+00:00,2026-06-29T12:16:37.603863+00:00,200,2.45,True,
2026-06-29T12:16:38.602256+00:00,2026-06-29T12:16:38.603956+00:00,200,1.7,True,
2026-06-29T12:16:39.602570+00:00,2026-06-29T12:16:39.604395+00:00,200,1.82,True,
2026-06-29T12:16:40.602672+00:00,2026-06-29T12:16:40.605087+00:00,200,2.42,True,
2026-06-29T12:16:41.602916+00:00,2026-06-29T12:16:41.612071+00:00,200,9.15,True,
2026-06-29T12:16:42.603098+00:00,2026-06-29T12:16:42.608557+00:00,200,5.46,True,
2026-06-29T12:16:43.603459+00:00,2026-06-29T12:16:43.607831+00:00,200,4.37,True,
2026-06-29T12:16:44.603564+00:00,2026-06-29T12:16:44.607124+00:00,200,3.56,True,
2026-06-29T12:16:45.603652+00:00,2026-06-29T12:16:45.611719+00:00,200,8.07,True,
2026-06-29T12:16:46.604058+00:00,2026-06-29T12:16:46.609909+00:00,200,5.85,True,
2026-06-29T12:16:47.604569+00:00,2026-06-29T12:16:47.610583+00:00,200,6.01,True,
2026-06-29T12:16:48.604995+00:00,2026-06-29T12:16:48.609518+00:00,200,4.52,True,
2026-06-29T12:16:49.605237+00:00,2026-06-29T12:16:49.612873+00:00,200,7.64,True,
2026-06-29T12:16:50.605619+00:00,2026-06-29T12:16:50.608767+00:00,200,3.15,True,
2026-06-29T12:16:51.605728+00:00,2026-06-29T12:16:51.608171+00:00,200,2.44,True,
2026-06-29T12:16:52.605865+00:00,2026-06-29T12:16:52.607789+00:00,200,1.92,True,
2026-06-29T12:16:53.606678+00:00,2026-06-29T12:16:53.608474+00:00,200,1.8,True,
2026-06-29T12:16:54.607023+00:00,2026-06-29T12:16:54.608838+00:00,200,1.81,True,
2026-06-29T12:16:55.608233+00:00,2026-06-29T12:16:55.618213+00:00,200,9.98,True,
2026-06-29T12:16:56.609375+00:00,2026-06-29T12:16:56.615934+00:00,200,6.56,True,
2026-06-29T12:16:57.609647+00:00,2026-06-29T12:16:57.616675+00:00,200,7.03,True,
2026-06-29T12:16:58.609804+00:00,2026-06-29T12:16:58.615362+00:00,200,5.56,True,
2026-06-29T12:16:59.610288+00:00,2026-06-29T12:16:59.618689+00:00,200,8.4,True,
2026-06-29T12:17:00.610779+00:00,2026-06-29T12:17:00.617356+00:00,200,6.58,True,
2026-06-29T12:17:01.611157+00:00,2026-06-29T12:17:01.617582+00:00,200,6.42,True,
2026-06-29T12:17:02.611534+00:00,2026-06-29T12:17:02.617629+00:00,200,6.09,True,
2026-06-29T12:17:03.611673+00:00,2026-06-29T12:17:03.616941+00:00,200,5.27,True,
2026-06-29T12:17:04.611920+00:00,2026-06-29T12:17:04.614351+00:00,200,2.43,True,
2026-06-29T12:17:05.612378+00:00,2026-06-29T12:17:05.615936+00:00,200,3.56,True,
2026-06-29T12:17:06.612469+00:00,2026-06-29T12:17:06.614269+00:00,200,1.8,True,
2026-06-29T12:17:07.612866+00:00,2026-06-29T12:17:07.614508+00:00,200,1.64,True,
2026-06-29T12:17:08.612944+00:00,2026-06-29T12:17:08.614847+00:00,200,1.9,True,
2026-06-29T12:17:09.613139+00:00,2026-06-29T12:17:09.618107+00:00,200,4.97,True,
2026-06-29T12:17:10.613331+00:00,2026-06-29T12:17:10.619829+00:00,200,6.5,True,
2026-06-29T12:17:11.613561+00:00,2026-06-29T12:17:11.620962+00:00,200,7.4,True,
2026-06-29T12:17:12.613676+00:00,2026-06-29T12:17:12.621445+00:00,200,7.77,True,
2026-06-29T12:17:13.613933+00:00,2026-06-29T12:17:13.620857+00:00,200,6.92,True,
2026-06-29T12:17:14.614112+00:00,2026-06-29T12:17:14.617131+00:00,200,3.02,True,
2026-06-29T12:17:15.614413+00:00,2026-06-29T12:17:15.620627+00:00,200,6.21,True,
2026-06-29T12:17:16.614601+00:00,2026-06-29T12:17:16.622289+00:00,200,7.69,True,
2026-06-29T12:17:17.614783+00:00,2026-06-29T12:17:17.622191+00:00,200,7.41,True,
2026-06-29T12:17:18.614946+00:00,2026-06-29T12:17:18.617578+00:00,200,2.63,True,
2026-06-29T12:17:19.615106+00:00,2026-06-29T12:17:19.617784+00:00,200,2.68,True,
2026-06-29T12:17:20.615242+00:00,2026-06-29T12:17:20.617124+00:00,200,1.88,True,
2026-06-29T12:17:21.615385+00:00,2026-06-29T12:17:21.617176+00:00,200,1.79,True,
2026-06-29T12:17:22.615471+00:00,2026-06-29T12:17:22.617146+00:00,200,1.68,True,
2026-06-29T12:17:23.615657+00:00,2026-06-29T12:17:23.623259+00:00,200,7.6,True,
2026-06-29T12:17:24.615816+00:00,2026-06-29T12:17:24.619032+00:00,200,3.22,True,
2026-06-29T12:17:25.615969+00:00,2026-06-29T12:17:25.620993+00:00,200,5.02,True,
2026-06-29T12:17:26.616140+00:00,2026-06-29T12:17:26.624636+00:00,200,8.5,True,
2026-06-29T12:17:27.616364+00:00,2026-06-29T12:17:27.624116+00:00,200,7.75,True,
2026-06-29T12:17:28.616591+00:00,2026-06-29T12:17:28.625303+00:00,200,8.71,True,
2026-06-29T12:17:29.616740+00:00,2026-06-29T12:17:29.622406+00:00,200,5.67,True,
2026-06-29T12:17:30.616893+00:00,2026-06-29T12:17:30.621351+00:00,200,4.46,True,
2026-06-29T12:17:31.617192+00:00,2026-06-29T12:17:31.626001+00:00,200,8.81,True,
2026-06-29T12:17:32.617318+00:00,2026-06-29T12:17:32.619947+00:00,200,2.63,True,
2026-06-29T12:17:33.617674+00:00,2026-06-29T12:17:33.620341+00:00,200,2.67,True,
2026-06-29T12:17:34.617955+00:00,2026-06-29T12:17:34.619867+00:00,200,1.91,True,
2026-06-29T12:17:35.618047+00:00,2026-06-29T12:17:35.619832+00:00,200,1.78,True,
2026-06-29T12:17:36.618135+00:00,2026-06-29T12:17:36.619867+00:00,200,1.73,True,
2026-06-29T12:17:37.618347+00:00,2026-06-29T12:17:37.626199+00:00,200,7.85,True,
2026-06-29T12:17:38.618753+00:00,2026-06-29T12:17:38.626427+00:00,200,7.67,True,
2026-06-29T12:17:39.618924+00:00,2026-06-29T12:17:39.624900+00:00,200,5.98,True,
2026-06-29T12:17:40.619060+00:00,2026-06-29T12:17:40.624710+00:00,200,5.65,True,
2026-06-29T12:17:41.619271+00:00,2026-06-29T12:17:41.628286+00:00,200,9.02,True,
2026-06-29T12:17:42.619471+00:00,2026-06-29T12:17:42.627305+00:00,200,7.83,True,
2026-06-29T12:17:43.619741+00:00,2026-06-29T12:17:43.627593+00:00,200,7.85,True,
2026-06-29T12:17:44.619871+00:00,2026-06-29T12:17:44.622177+00:00,200,2.31,True,
2026-06-29T12:17:45.619977+00:00,2026-06-29T12:17:45.622363+00:00,200,2.39,True,
2026-06-29T12:17:46.620061+00:00,2026-06-29T12:17:46.621708+00:00,200,1.65,True,
2026-06-29T12:17:47.620218+00:00,2026-06-29T12:17:47.621714+00:00,200,1.5,True,
2026-06-29T12:17:48.620396+00:00,2026-06-29T12:17:48.622105+00:00,200,1.71,True,
2026-06-29T12:17:49.620595+00:00,2026-06-29T12:17:49.622329+00:00,200,1.73,True,
2026-06-29T12:17:50.620682+00:00,2026-06-29T12:17:50.622130+00:00,200,1.45,True,
2026-06-29T12:17:51.620786+00:00,2026-06-29T12:17:51.622602+00:00,200,1.82,True,
2026-06-29T12:17:52.620879+00:00,2026-06-29T12:17:52.622787+00:00,200,1.91,True,
2026-06-29T12:17:53.621034+00:00,2026-06-29T12:17:53.622929+00:00,200,1.9,True,
2026-06-29T12:17:54.621161+00:00,2026-06-29T12:17:54.623276+00:00,200,2.12,True,
2026-06-29T12:17:55.621396+00:00,2026-06-29T12:17:55.626242+00:00,200,4.85,True,
2026-06-29T12:17:56.621656+00:00,2026-06-29T12:17:56.630156+00:00,200,8.5,True,
2026-06-29T12:17:57.621867+00:00,2026-06-29T12:17:57.630259+00:00,200,8.39,True,
2026-06-29T12:17:58.622136+00:00,2026-06-29T12:17:58.624309+00:00,200,2.17,True,
2026-06-29T12:17:59.622376+00:00,2026-06-29T12:17:59.629550+00:00,200,7.17,True,
2026-06-29T12:18:00.622574+00:00,2026-06-29T12:18:00.624124+00:00,200,1.55,True,
2026-06-29T12:18:01.622669+00:00,2026-06-29T12:18:01.624741+00:00,200,2.07,True,
2026-06-29T12:18:02.622777+00:00,2026-06-29T12:18:02.624465+00:00,200,1.69,True,
2026-06-29T12:18:03.622856+00:00,2026-06-29T12:18:03.624400+00:00,200,1.54,True,
2026-06-29T12:18:04.622956+00:00,2026-06-29T12:18:04.624821+00:00,200,1.86,True,
2026-06-29T12:18:05.623222+00:00,2026-06-29T12:18:05.624779+00:00,200,1.56,True,
2026-06-29T12:18:06.623387+00:00,2026-06-29T12:18:06.625022+00:00,200,1.64,True,
2026-06-29T12:18:07.623513+00:00,2026-06-29T12:18:07.624965+00:00,200,1.45,True,
2026-06-29T12:18:08.623596+00:00,2026-06-29T12:18:08.625164+00:00,200,1.57,True,
2026-06-29T12:18:09.623813+00:00,2026-06-29T12:18:09.625350+00:00,200,1.54,True,
2026-06-29T12:18:10.623899+00:00,2026-06-29T12:18:10.625438+00:00,200,1.54,True,
2026-06-29T12:18:11.623973+00:00,2026-06-29T12:18:11.625804+00:00,200,1.83,True,
2026-06-29T12:18:12.624117+00:00,2026-06-29T12:18:12.625723+00:00,200,1.61,True,
2026-06-29T12:18:13.624323+00:00,2026-06-29T12:18:13.625945+00:00,200,1.62,True,
2026-06-29T12:18:14.624504+00:00,2026-06-29T12:18:14.626045+00:00,200,1.54,True,
2026-06-29T12:18:15.624580+00:00,2026-06-29T12:18:15.626240+00:00,200,1.66,True,
2026-06-29T12:18:16.624614+00:00,2026-06-29T12:18:16.626649+00:00,200,2.03,True,
2026-06-29T12:18:17.624703+00:00,2026-06-29T12:18:17.626393+00:00,200,1.69,True,
2026-06-29T12:18:18.625152+00:00,2026-06-29T12:18:18.626716+00:00,200,1.56,True,
2026-06-29T12:18:19.625240+00:00,2026-06-29T12:18:19.626825+00:00,200,1.58,True,
2026-06-29T12:18:20.625347+00:00,2026-06-29T12:18:20.626960+00:00,200,1.61,True,
2026-06-29T12:18:21.625481+00:00,2026-06-29T12:18:21.627110+00:00,200,1.63,True,
2026-06-29T12:18:22.625563+00:00,2026-06-29T12:18:22.627194+00:00,200,1.63,True,
2026-06-29T12:18:23.625659+00:00,2026-06-29T12:18:23.627298+00:00,200,1.64,True,
2026-06-29T12:18:24.625764+00:00,2026-06-29T12:18:24.627361+00:00,200,1.6,True,
2026-06-29T12:18:25.625869+00:00,2026-06-29T12:18:25.627411+00:00,200,1.54,True,
2026-06-29T12:18:26.626000+00:00,2026-06-29T12:18:26.627562+00:00,200,1.56,True,
2026-06-29T12:18:27.626128+00:00,2026-06-29T12:18:27.627723+00:00,200,1.59,True,
2026-06-29T12:18:28.626277+00:00,2026-06-29T12:18:28.627941+00:00,200,1.66,True,
2026-06-29T12:18:29.626430+00:00,2026-06-29T12:18:29.628063+00:00,200,1.63,True,
2026-06-29T12:18:30.626583+00:00,2026-06-29T12:18:30.628156+00:00,200,1.57,True,
2026-06-29T12:18:31.626656+00:00,2026-06-29T12:18:31.628682+00:00,200,2.03,True,
2026-06-29T12:18:32.626750+00:00,2026-06-29T12:18:32.628192+00:00,200,1.44,True,
2026-06-29T12:18:33.626854+00:00,2026-06-29T12:18:33.628413+00:00,200,1.56,True,
2026-06-29T12:18:34.626972+00:00,2026-06-29T12:18:34.628478+00:00,200,1.51,True,
2026-06-29T12:18:35.627103+00:00,2026-06-29T12:18:35.628667+00:00,200,1.56,True,
2026-06-29T12:18:36.627258+00:00,2026-06-29T12:18:36.628717+00:00,200,1.46,True,
2026-06-29T12:18:37.627359+00:00,2026-06-29T12:18:37.628901+00:00,200,1.54,True,
2026-06-29T12:18:38.627588+00:00,2026-06-29T12:18:38.629182+00:00,200,1.59,True,
2026-06-29T12:18:39.627793+00:00,2026-06-29T12:18:39.629353+00:00,200,1.56,True,
2026-06-29T12:18:40.627900+00:00,2026-06-29T12:18:40.629361+00:00,200,1.46,True,
2026-06-29T12:18:41.627995+00:00,2026-06-29T12:18:41.629521+00:00,200,1.53,True,
2026-06-29T12:18:42.628391+00:00,2026-06-29T12:18:42.630056+00:00,200,1.67,True,
2026-06-29T12:18:43.628703+00:00,2026-06-29T12:18:43.630191+00:00,200,1.49,True,
2026-06-29T12:18:44.628802+00:00,2026-06-29T12:18:44.630219+00:00,200,1.42,True,
2026-06-29T12:18:45.629202+00:00,2026-06-29T12:18:45.630722+00:00,200,1.52,True,
2026-06-29T12:18:46.629491+00:00,2026-06-29T12:18:46.631144+00:00,200,1.65,True,
2026-06-29T12:18:47.629544+00:00,2026-06-29T12:18:47.631203+00:00,200,1.66,True,
2026-06-29T12:18:48.629641+00:00,2026-06-29T12:18:48.631264+00:00,200,1.62,True,
2026-06-29T12:18:49.629767+00:00,2026-06-29T12:18:49.631371+00:00,200,1.6,True,
2026-06-29T12:18:50.630383+00:00,2026-06-29T12:18:50.631882+00:00,200,1.5,True,
2026-06-29T12:18:51.631702+00:00,2026-06-29T12:18:51.634866+00:00,200,3.16,True,
2026-06-29T12:18:52.631786+00:00,2026-06-29T12:18:52.633294+00:00,200,1.51,True,
2026-06-29T12:18:53.631879+00:00,2026-06-29T12:18:53.633483+00:00,200,1.6,True,
2026-06-29T12:18:54.632166+00:00,2026-06-29T12:18:54.633809+00:00,200,1.64,True,
2026-06-29T12:18:55.632447+00:00,2026-06-29T12:18:55.634007+00:00,200,1.56,True,
2026-06-29T12:18:56.632638+00:00,2026-06-29T12:18:56.634160+00:00,200,1.52,True,
2026-06-29T12:18:57.633108+00:00,2026-06-29T12:18:57.634686+00:00,200,1.58,True,
2026-06-29T12:18:58.633244+00:00,2026-06-29T12:18:58.634792+00:00,200,1.55,True,
2026-06-29T12:18:59.633410+00:00,2026-06-29T12:18:59.635015+00:00,200,1.6,True,
2026-06-29T12:19:00.633510+00:00,2026-06-29T12:19:00.635306+00:00,200,1.8,True,
2026-06-29T12:19:01.634216+00:00,2026-06-29T12:19:01.635846+00:00,200,1.63,True,
2026-06-29T12:19:02.634307+00:00,2026-06-29T12:19:02.635899+00:00,200,1.59,True,
2026-06-29T12:19:03.634706+00:00,2026-06-29T12:19:03.636325+00:00,200,1.62,True,
2026-06-29T12:19:04.635031+00:00,2026-06-29T12:19:04.636473+00:00,200,1.44,True,
2026-06-29T12:19:05.635413+00:00,2026-06-29T12:19:05.637134+00:00,200,1.72,True,
2026-06-29T12:19:06.635598+00:00,2026-06-29T12:19:06.637080+00:00,200,1.48,True,
2026-06-29T12:19:07.635686+00:00,2026-06-29T12:19:07.637183+00:00,200,1.5,True,
2026-06-29T12:19:08.635768+00:00,2026-06-29T12:19:08.637247+00:00,200,1.48,True,
2026-06-29T12:19:09.635884+00:00,2026-06-29T12:19:09.637348+00:00,200,1.46,True,
2026-06-29T12:19:10.635986+00:00,2026-06-29T12:19:10.637559+00:00,200,1.57,True,
2026-06-29T12:19:11.636065+00:00,2026-06-29T12:19:11.637819+00:00,200,1.75,True,
2026-06-29T12:19:12.636173+00:00,2026-06-29T12:19:12.637708+00:00,200,1.53,True,
2026-06-29T12:19:13.636323+00:00,2026-06-29T12:19:13.637948+00:00,200,1.62,True,
2026-06-29T12:19:14.636484+00:00,2026-06-29T12:19:14.638020+00:00,200,1.54,True,
2026-06-29T12:19:15.636571+00:00,2026-06-29T12:19:15.638150+00:00,200,1.58,True,
2026-06-29T12:19:16.636669+00:00,2026-06-29T12:19:16.638236+00:00,200,1.57,True,
2026-06-29T12:19:17.636766+00:00,2026-06-29T12:19:17.638269+00:00,200,1.5,True,
2026-06-29T12:19:18.636876+00:00,2026-06-29T12:19:18.638363+00:00,200,1.49,True,
2026-06-29T12:19:19.637011+00:00,2026-06-29T12:19:19.638591+00:00,200,1.58,True,
2026-06-29T12:19:20.637146+00:00,2026-06-29T12:19:20.638526+00:00,200,1.38,True,
2026-06-29T12:19:21.637237+00:00,2026-06-29T12:19:21.638844+00:00,200,1.61,True,
2026-06-29T12:19:22.637407+00:00,2026-06-29T12:19:22.638958+00:00,200,1.55,True,
2026-06-29T12:19:23.637602+00:00,2026-06-29T12:19:23.639144+00:00,200,1.54,True,
2026-06-29T12:19:24.637822+00:00,2026-06-29T12:19:24.639384+00:00,200,1.56,True,
2026-06-29T12:19:25.638065+00:00,2026-06-29T12:19:25.639630+00:00,200,1.56,True,
2026-06-29T12:19:26.638208+00:00,2026-06-29T12:19:26.639828+00:00,200,1.62,True,
2026-06-29T12:19:27.638320+00:00,2026-06-29T12:19:27.640002+00:00,200,1.68,True,
2026-06-29T12:19:28.638410+00:00,2026-06-29T12:19:28.639944+00:00,200,1.53,True,
2026-06-29T12:19:29.638503+00:00,2026-06-29T12:19:29.639970+00:00,200,1.47,True,
2026-06-29T12:19:30.638585+00:00,2026-06-29T12:19:30.640354+00:00,200,1.77,True,
2026-06-29T12:19:31.638668+00:00,2026-06-29T12:19:31.640738+00:00,200,2.07,True,
2026-06-29T12:19:32.638767+00:00,2026-06-29T12:19:32.640195+00:00,200,1.43,True,
2026-06-29T12:19:33.638875+00:00,2026-06-29T12:19:33.640564+00:00,200,1.69,True,
2026-06-29T12:19:34.639002+00:00,2026-06-29T12:19:34.640552+00:00,200,1.55,True,
2026-06-29T12:19:35.639097+00:00,2026-06-29T12:19:35.640791+00:00,200,1.69,True,
2026-06-29T12:19:36.639202+00:00,2026-06-29T12:19:36.640737+00:00,200,1.53,True,
2026-06-29T12:19:37.639351+00:00,2026-06-29T12:19:37.640929+00:00,200,1.58,True,
2026-06-29T12:19:38.639518+00:00,2026-06-29T12:19:38.641062+00:00,200,1.54,True,
2026-06-29T12:19:39.639729+00:00,2026-06-29T12:19:39.641304+00:00,200,1.57,True,
2026-06-29T12:19:40.639840+00:00,2026-06-29T12:19:40.641237+00:00,200,1.4,True,
2026-06-29T12:19:41.639955+00:00,2026-06-29T12:19:41.641504+00:00,200,1.55,True,
2026-06-29T12:19:42.640093+00:00,2026-06-29T12:19:42.641734+00:00,200,1.64,True,
2026-06-29T12:19:43.640370+00:00,2026-06-29T12:19:43.641924+00:00,200,1.55,True,
2026-06-29T12:19:44.640767+00:00,2026-06-29T12:19:44.642280+00:00,200,1.51,True,
2026-06-29T12:19:45.640877+00:00,2026-06-29T12:19:45.642645+00:00,200,1.77,True,
2026-06-29T12:19:46.641011+00:00,2026-06-29T12:19:46.642442+00:00,200,1.43,True,
2026-06-29T12:19:47.641412+00:00,2026-06-29T12:19:47.643009+00:00,200,1.6,True,
2026-06-29T12:19:48.641569+00:00,2026-06-29T12:19:48.643584+00:00,200,2.01,True,
2026-06-29T12:19:49.641671+00:00,2026-06-29T12:19:49.643259+00:00,200,1.59,True,
2026-06-29T12:19:50.641771+00:00,2026-06-29T12:19:50.643382+00:00,200,1.61,True,
2026-06-29T12:19:51.642306+00:00,2026-06-29T12:19:51.643953+00:00,200,1.65,True,
2026-06-29T12:19:52.642405+00:00,2026-06-29T12:19:52.643948+00:00,200,1.54,True,
2026-06-29T12:19:53.642599+00:00,2026-06-29T12:19:53.644327+00:00,200,1.73,True,
2026-06-29T12:19:54.642824+00:00,2026-06-29T12:19:54.644356+00:00,200,1.53,True,
2026-06-29T12:19:55.642920+00:00,2026-06-29T12:19:55.644515+00:00,200,1.59,True,
2026-06-29T12:19:56.643019+00:00,2026-06-29T12:19:56.644766+00:00,200,1.75,True,
2026-06-29T12:19:57.643298+00:00,2026-06-29T12:19:57.644944+00:00,200,1.65,True,
2026-06-29T12:19:58.643847+00:00,2026-06-29T12:19:58.645375+00:00,200,1.53,True,
2026-06-29T12:19:59.643925+00:00,2026-06-29T12:19:59.645355+00:00,200,1.43,True,
2026-06-29T12:20:00.644041+00:00,2026-06-29T12:20:00.645546+00:00,200,1.51,True,
2026-06-29T12:20:01.644145+00:00,2026-06-29T12:20:01.645775+00:00,200,1.63,True,
2026-06-29T12:20:02.644503+00:00,2026-06-29T12:20:02.646112+00:00,200,1.61,True,
2026-06-29T12:20:03.644624+00:00,2026-06-29T12:20:03.646532+00:00,200,1.91,True,
2026-06-29T12:20:04.644710+00:00,2026-06-29T12:20:04.646158+00:00,200,1.45,True,
2026-06-29T12:20:05.644861+00:00,2026-06-29T12:20:05.647296+00:00,200,2.44,True,
2026-06-29T12:20:06.645480+00:00,2026-06-29T12:20:06.646762+00:00,200,1.28,True,
2026-06-29T12:20:07.645527+00:00,2026-06-29T12:20:07.649829+00:00,200,4.3,True,
2026-06-29T12:20:08.645610+00:00,2026-06-29T12:20:08.647014+00:00,200,1.4,True,
2026-06-29T12:20:09.646310+00:00,2026-06-29T12:20:09.647964+00:00,200,1.65,True,
2026-06-29T12:20:10.646489+00:00,2026-06-29T12:20:10.648073+00:00,200,1.58,True,
2026-06-29T12:20:11.647420+00:00,2026-06-29T12:20:11.648843+00:00,200,1.42,True,
2026-06-29T12:20:12.647546+00:00,2026-06-29T12:20:12.649156+00:00,200,1.61,True,
2026-06-29T12:20:13.647588+00:00,2026-06-29T12:20:13.648864+00:00,200,1.28,True,
2026-06-29T12:20:14.648664+00:00,2026-06-29T12:20:14.649908+00:00,200,1.24,True,
2026-06-29T12:20:15.649148+00:00,2026-06-29T12:20:15.650650+00:00,200,1.5,True,
2026-06-29T12:20:16.649298+00:00,2026-06-29T12:20:16.650743+00:00,200,1.45,True,
2026-06-29T12:20:17.649411+00:00,2026-06-29T12:20:17.650915+00:00,200,1.5,True,
2026-06-29T12:20:18.650099+00:00,2026-06-29T12:20:18.651617+00:00,200,1.52,True,
2026-06-29T12:20:19.650511+00:00,2026-06-29T12:20:19.652124+00:00,200,1.61,True,
2026-06-29T12:20:20.650640+00:00,2026-06-29T12:20:20.652122+00:00,200,1.48,True,
2026-06-29T12:20:21.650735+00:00,2026-06-29T12:20:21.652237+00:00,200,1.5,True,
2026-06-29T12:20:22.650882+00:00,2026-06-29T12:20:22.652172+00:00,200,1.29,True,
2026-06-29T12:20:23.651059+00:00,2026-06-29T12:20:23.652541+00:00,200,1.48,True,
2026-06-29T12:20:24.651340+00:00,2026-06-29T12:20:24.653289+00:00,200,1.95,True,
2026-06-29T12:20:25.651519+00:00,2026-06-29T12:20:25.652790+00:00,200,1.27,True,
2026-06-29T12:20:26.651718+00:00,2026-06-29T12:20:26.653343+00:00,200,1.62,True,
2026-06-29T12:20:27.651833+00:00,2026-06-29T12:20:27.653276+00:00,200,1.44,True,
2026-06-29T12:20:28.651886+00:00,2026-06-29T12:20:28.653050+00:00,200,1.16,True,
2026-06-29T12:20:29.652527+00:00,2026-06-29T12:20:29.654186+00:00,200,1.66,True,
2026-06-29T12:20:30.652868+00:00,2026-06-29T12:20:30.654002+00:00,200,1.13,True,
2026-06-29T12:20:31.652992+00:00,2026-06-29T12:20:31.654283+00:00,200,1.29,True,
2026-06-29T12:20:32.653142+00:00,2026-06-29T12:20:32.654246+00:00,200,1.1,True,
2026-06-29T12:20:33.653324+00:00,2026-06-29T12:20:33.654694+00:00,200,1.37,True,
2026-06-29T12:20:34.653673+00:00,2026-06-29T12:20:34.655287+00:00,200,1.61,True,
2026-06-29T12:20:35.653785+00:00,2026-06-29T12:20:35.655315+00:00,200,1.53,True,
2026-06-29T12:20:36.654034+00:00,2026-06-29T12:20:36.655540+00:00,200,1.51,True,
2026-06-29T12:20:37.654173+00:00,2026-06-29T12:20:37.655714+00:00,200,1.54,True,
2026-06-29T12:20:38.654321+00:00,2026-06-29T12:20:38.656304+00:00,200,1.98,True,
2026-06-29T12:20:39.654516+00:00,2026-06-29T12:20:39.656030+00:00,200,1.51,True,
2026-06-29T12:20:40.654849+00:00,2026-06-29T12:20:40.656348+00:00,200,1.5,True,
2026-06-29T12:20:41.655439+00:00,2026-06-29T12:20:41.656968+00:00,200,1.53,True,
2026-06-29T12:20:42.656152+00:00,2026-06-29T12:20:42.657350+00:00,200,1.2,True,
2026-06-29T12:20:43.656588+00:00,2026-06-29T12:20:43.657970+00:00,200,1.38,True,
2026-06-29T12:20:44.656673+00:00,2026-06-29T12:20:44.658257+00:00,200,1.58,True,
2026-06-29T12:20:45.656907+00:00,2026-06-29T12:20:45.658452+00:00,200,1.54,True,
2026-06-29T12:20:46.656996+00:00,2026-06-29T12:20:46.658854+00:00,200,1.86,True,
2026-06-29T12:20:47.657144+00:00,2026-06-29T12:20:47.658357+00:00,200,1.21,True,
2026-06-29T12:20:48.657722+00:00,2026-06-29T12:20:48.659160+00:00,200,1.44,True,
2026-06-29T12:20:49.657959+00:00,2026-06-29T12:20:49.659257+00:00,200,1.3,True,
2026-06-29T12:20:50.658049+00:00,2026-06-29T12:20:50.659576+00:00,200,1.53,True,
2026-06-29T12:20:51.658729+00:00,2026-06-29T12:20:51.661029+00:00,200,2.3,True,
2026-06-29T12:20:52.658911+00:00,2026-06-29T12:20:52.660171+00:00,200,1.26,True,
2026-06-29T12:20:53.659679+00:00,2026-06-29T12:20:53.660930+00:00,200,1.25,True,
2026-06-29T12:20:54.659861+00:00,2026-06-29T12:20:54.661430+00:00,200,1.57,True,
2026-06-29T12:20:55.660380+00:00,2026-06-29T12:20:55.661955+00:00,200,1.57,True,
2026-06-29T12:20:56.661446+00:00,2026-06-29T12:20:56.662937+00:00,200,1.49,True,
2026-06-29T12:20:57.662017+00:00,2026-06-29T12:20:57.663216+00:00,200,1.2,True,
2026-06-29T12:20:58.662409+00:00,2026-06-29T12:20:58.663719+00:00,200,1.31,True,
2026-06-29T12:20:59.662721+00:00,2026-06-29T12:20:59.664018+00:00,200,1.3,True,
2026-06-29T12:21:00.663203+00:00,2026-06-29T12:21:00.664754+00:00,200,1.55,True,
2026-06-29T12:21:01.663368+00:00,2026-06-29T12:21:01.664862+00:00,200,1.49,True,
2026-06-29T12:21:02.663612+00:00,2026-06-29T12:21:02.665143+00:00,200,1.53,True,
2026-06-29T12:21:03.664083+00:00,2026-06-29T12:21:03.665585+00:00,200,1.5,True,
2026-06-29T12:21:04.664681+00:00,2026-06-29T12:21:04.666250+00:00,200,1.57,True,
2026-06-29T12:21:05.665031+00:00,2026-06-29T12:21:05.666635+00:00,200,1.6,True,
2026-06-29T12:21:06.665800+00:00,2026-06-29T12:21:06.667373+00:00,200,1.57,True,
2026-06-29T12:21:07.666335+00:00,2026-06-29T12:21:07.667971+00:00,200,1.64,True,
2026-06-29T12:21:08.666534+00:00,2026-06-29T12:21:08.667665+00:00,200,1.13,True,
2026-06-29T12:21:09.666633+00:00,2026-06-29T12:21:09.668141+00:00,200,1.51,True,
2026-06-29T12:21:10.666759+00:00,2026-06-29T12:21:10.668341+00:00,200,1.58,True,
2026-06-29T12:21:11.666843+00:00,2026-06-29T12:21:11.668278+00:00,200,1.44,True,
2026-06-29T12:21:12.667022+00:00,2026-06-29T12:21:12.668169+00:00,200,1.15,True,
2026-06-29T12:21:13.667101+00:00,2026-06-29T12:21:13.668623+00:00,200,1.52,True,
2026-06-29T12:21:14.667192+00:00,2026-06-29T12:21:14.668940+00:00,200,1.75,True,
2026-06-29T12:21:15.667285+00:00,2026-06-29T12:21:15.668772+00:00,200,1.49,True,
2026-06-29T12:21:16.667428+00:00,2026-06-29T12:21:16.669016+00:00,200,1.59,True,
2026-06-29T12:21:17.667522+00:00,2026-06-29T12:21:17.669058+00:00,200,1.54,True,
2026-06-29T12:21:18.667611+00:00,2026-06-29T12:21:18.669225+00:00,200,1.61,True,
2026-06-29T12:21:19.667692+00:00,2026-06-29T12:21:19.668971+00:00,200,1.28,True,
2026-06-29T12:21:20.667796+00:00,2026-06-29T12:21:20.668936+00:00,200,1.14,True,
2026-06-29T12:21:21.667913+00:00,2026-06-29T12:21:21.669694+00:00,200,1.78,True,
2026-06-29T12:21:22.668018+00:00,2026-06-29T12:21:22.669541+00:00,200,1.52,True,
2026-06-29T12:21:23.668048+00:00,2026-06-29T12:21:23.669631+00:00,200,1.58,True,
2026-06-29T12:21:24.668138+00:00,2026-06-29T12:21:24.669302+00:00,200,1.16,True,
2026-06-29T12:21:25.668287+00:00,2026-06-29T12:21:25.669837+00:00,200,1.55,True,
2026-06-29T12:21:26.668388+00:00,2026-06-29T12:21:26.669974+00:00,200,1.59,True,
2026-06-29T12:21:27.668533+00:00,2026-06-29T12:21:27.669855+00:00,200,1.32,True,
2026-06-29T12:21:28.668627+00:00,2026-06-29T12:21:28.670168+00:00,200,1.54,True,
2026-06-29T12:21:29.668728+00:00,2026-06-29T12:21:29.670276+00:00,200,1.55,True,
2026-06-29T12:21:30.668836+00:00,2026-06-29T12:21:30.670027+00:00,200,1.19,True,
2026-06-29T12:21:31.668933+00:00,2026-06-29T12:21:31.670116+00:00,200,1.18,True,
2026-06-29T12:21:32.669067+00:00,2026-06-29T12:21:32.670621+00:00,200,1.55,True,
2026-06-29T12:21:33.669217+00:00,2026-06-29T12:21:33.670888+00:00,200,1.67,True,
2026-06-29T12:21:34.669394+00:00,2026-06-29T12:21:34.671006+00:00,200,1.61,True,
2026-06-29T12:21:35.669586+00:00,2026-06-29T12:21:35.671176+00:00,200,1.59,True,
2026-06-29T12:21:36.669803+00:00,2026-06-29T12:21:36.671237+00:00,200,1.43,True,
2026-06-29T12:21:37.670060+00:00,2026-06-29T12:21:37.671668+00:00,200,1.61,True,
2026-06-29T12:21:38.670144+00:00,2026-06-29T12:21:38.671659+00:00,200,1.52,True,
2026-06-29T12:21:39.670267+00:00,2026-06-29T12:21:39.671659+00:00,200,1.39,True,
2026-06-29T12:21:40.670419+00:00,2026-06-29T12:21:40.671891+00:00,200,1.47,True,
2026-06-29T12:21:41.670509+00:00,2026-06-29T12:21:41.672214+00:00,200,1.7,True,
2026-06-29T12:21:42.670599+00:00,2026-06-29T12:21:42.672114+00:00,200,1.52,True,
2026-06-29T12:21:43.670679+00:00,2026-06-29T12:21:43.672289+00:00,200,1.61,True,
2026-06-29T12:21:44.670766+00:00,2026-06-29T12:21:44.671965+00:00,200,1.2,True,
2026-06-29T12:21:45.670882+00:00,2026-06-29T12:21:45.672356+00:00,200,1.47,True,
2026-06-29T12:21:46.670925+00:00,2026-06-29T12:21:46.672402+00:00,200,1.48,True,
2026-06-29T12:21:47.671062+00:00,2026-06-29T12:21:47.672721+00:00,200,1.66,True,
2026-06-29T12:21:48.671159+00:00,2026-06-29T12:21:48.672592+00:00,200,1.43,True,
2026-06-29T12:21:49.671325+00:00,2026-06-29T12:21:49.672878+00:00,200,1.55,True,
2026-06-29T12:21:50.671416+00:00,2026-06-29T12:21:50.673051+00:00,200,1.64,True,
2026-06-29T12:21:51.671588+00:00,2026-06-29T12:21:51.673263+00:00,200,1.68,True,
2026-06-29T12:21:52.671676+00:00,2026-06-29T12:21:52.672899+00:00,200,1.22,True,
2026-06-29T12:21:53.671773+00:00,2026-06-29T12:21:53.673325+00:00,200,1.55,True,
2026-06-29T12:21:54.671871+00:00,2026-06-29T12:21:54.673313+00:00,200,1.44,True,
2026-06-29T12:21:55.671943+00:00,2026-06-29T12:21:55.673487+00:00,200,1.54,True,
2026-06-29T12:21:56.672002+00:00,2026-06-29T12:21:56.673172+00:00,200,1.17,True,
2026-06-29T12:21:57.672124+00:00,2026-06-29T12:21:57.673672+00:00,200,1.55,True,
2026-06-29T12:21:58.672285+00:00,2026-06-29T12:21:58.673836+00:00,200,1.55,True,
2026-06-29T12:21:59.672451+00:00,2026-06-29T12:21:59.673751+00:00,200,1.3,True,
2026-06-29T12:22:00.672524+00:00,2026-06-29T12:22:00.674200+00:00,200,1.68,True,
2026-06-29T12:22:01.672575+00:00,2026-06-29T12:22:01.674001+00:00,200,1.43,True,
2026-06-29T12:22:02.672657+00:00,2026-06-29T12:22:02.674331+00:00,200,1.67,True,
2026-06-29T12:22:03.672764+00:00,2026-06-29T12:22:03.674119+00:00,200,1.35,True,
2026-06-29T12:22:04.672858+00:00,2026-06-29T12:22:04.674317+00:00,200,1.46,True,
2026-06-29T12:22:05.672975+00:00,2026-06-29T12:22:05.674561+00:00,200,1.59,True,
2026-06-29T12:22:06.673109+00:00,2026-06-29T12:22:06.674619+00:00,200,1.51,True,
2026-06-29T12:22:07.673247+00:00,2026-06-29T12:22:07.674845+00:00,200,1.6,True,
2026-06-29T12:22:08.673345+00:00,2026-06-29T12:22:08.675187+00:00,200,1.84,True,
2026-06-29T12:22:09.673545+00:00,2026-06-29T12:22:09.675041+00:00,200,1.5,True,
2026-06-29T12:22:10.674512+00:00,2026-06-29T12:22:10.676039+00:00,200,1.53,True,
2026-06-29T12:22:11.674718+00:00,2026-06-29T12:22:11.676062+00:00,200,1.34,True,
2026-06-29T12:22:12.674825+00:00,2026-06-29T12:22:12.676359+00:00,200,1.53,True,
2026-06-29T12:22:13.674949+00:00,2026-06-29T12:22:13.676541+00:00,200,1.59,True,
2026-06-29T12:22:14.675085+00:00,2026-06-29T12:22:14.676797+00:00,200,1.71,True,
2026-06-29T12:22:15.675360+00:00,2026-06-29T12:22:15.676812+00:00,200,1.45,True,
2026-06-29T12:22:16.675526+00:00,2026-06-29T12:22:16.677070+00:00,200,1.54,True,
2026-06-29T12:22:17.675869+00:00,2026-06-29T12:22:17.677489+00:00,200,1.62,True,
2026-06-29T12:22:18.675994+00:00,2026-06-29T12:22:18.677836+00:00,200,1.84,True,
2026-06-29T12:22:19.676133+00:00,2026-06-29T12:22:19.677703+00:00,200,1.57,True,
2026-06-29T12:22:20.676253+00:00,2026-06-29T12:22:20.677422+00:00,200,1.17,True,
2026-06-29T12:22:21.676372+00:00,2026-06-29T12:22:21.677921+00:00,200,1.55,True,
2026-06-29T12:22:22.676936+00:00,2026-06-29T12:22:22.678381+00:00,200,1.45,True,
2026-06-29T12:22:23.677033+00:00,2026-06-29T12:22:23.678565+00:00,200,1.53,True,
2026-06-29T12:22:24.677421+00:00,2026-06-29T12:22:24.678959+00:00,200,1.54,True,
2026-06-29T12:22:25.677565+00:00,2026-06-29T12:22:25.679161+00:00,200,1.6,True,
2026-06-29T12:22:26.677621+00:00,2026-06-29T12:22:26.679262+00:00,200,1.64,True,
2026-06-29T12:22:27.677734+00:00,2026-06-29T12:22:27.679242+00:00,200,1.51,True,
2026-06-29T12:22:28.678080+00:00,2026-06-29T12:22:28.679656+00:00,200,1.58,True,
2026-06-29T12:22:29.678475+00:00,2026-06-29T12:22:29.680094+00:00,200,1.62,True,
2026-06-29T12:22:30.678528+00:00,2026-06-29T12:22:30.679802+00:00,200,1.27,True,
2026-06-29T12:22:31.678675+00:00,2026-06-29T12:22:31.680193+00:00,200,1.52,True,
2026-06-29T12:22:32.678780+00:00,2026-06-29T12:22:32.680330+00:00,200,1.55,True,
2026-06-29T12:22:33.678891+00:00,2026-06-29T12:22:33.680665+00:00,200,1.77,True,
2026-06-29T12:22:34.679029+00:00,2026-06-29T12:22:34.680187+00:00,200,1.16,True,
2026-06-29T12:22:35.679171+00:00,2026-06-29T12:22:35.680700+00:00,200,1.53,True,
2026-06-29T12:22:36.679626+00:00,2026-06-29T12:22:36.680832+00:00,200,1.21,True,
2026-06-29T12:22:37.679845+00:00,2026-06-29T12:22:37.681622+00:00,200,1.78,True,
2026-06-29T12:22:38.680345+00:00,2026-06-29T12:22:38.681945+00:00,200,1.6,True,
2026-06-29T12:22:39.680523+00:00,2026-06-29T12:22:39.681882+00:00,200,1.36,True,
2026-06-29T12:22:40.680628+00:00,2026-06-29T12:22:40.681805+00:00,200,1.18,True,
2026-06-29T12:22:41.680723+00:00,2026-06-29T12:22:41.682126+00:00,200,1.4,True,
2026-06-29T12:22:42.680820+00:00,2026-06-29T12:22:42.682326+00:00,200,1.51,True,
2026-06-29T12:22:43.680959+00:00,2026-06-29T12:22:43.682521+00:00,200,1.56,True,
2026-06-29T12:22:44.681104+00:00,2026-06-29T12:22:44.682656+00:00,200,1.55,True,
2026-06-29T12:22:45.681387+00:00,2026-06-29T12:22:45.682609+00:00,200,1.22,True,
2026-06-29T12:22:46.681503+00:00,2026-06-29T12:22:46.682792+00:00,200,1.29,True,
2026-06-29T12:22:47.681589+00:00,2026-06-29T12:22:47.683223+00:00,200,1.63,True,
2026-06-29T12:22:48.682164+00:00,2026-06-29T12:22:48.683731+00:00,200,1.57,True,
2026-06-29T12:22:49.682255+00:00,2026-06-29T12:22:49.684047+00:00,200,1.79,True,
2026-06-29T12:22:50.682286+00:00,2026-06-29T12:22:50.683810+00:00,200,1.52,True,
2026-06-29T12:22:51.683446+00:00,2026-06-29T12:22:51.684935+00:00,200,1.49,True,
2026-06-29T12:22:52.683540+00:00,2026-06-29T12:22:52.684676+00:00,200,1.14,True,
2026-06-29T12:22:53.683889+00:00,2026-06-29T12:22:53.685134+00:00,200,1.25,True,
2026-06-29T12:22:54.684069+00:00,2026-06-29T12:22:54.685403+00:00,200,1.33,True,
2026-06-29T12:22:55.684541+00:00,2026-06-29T12:22:55.686108+00:00,200,1.57,True,
2026-06-29T12:22:56.684649+00:00,2026-06-29T12:22:56.686116+00:00,200,1.47,True,
2026-06-29T12:22:57.685565+00:00,2026-06-29T12:22:57.687084+00:00,200,1.52,True,
2026-06-29T12:22:58.686229+00:00,2026-06-29T12:22:58.687824+00:00,200,1.59,True,
2026-06-29T12:22:59.686481+00:00,2026-06-29T12:22:59.687730+00:00,200,1.25,True,
2026-06-29T12:23:00.686772+00:00,2026-06-29T12:23:00.687979+00:00,200,1.21,True,
2026-06-29T12:23:01.686933+00:00,2026-06-29T12:23:01.688440+00:00,200,1.51,True,
2026-06-29T12:23:02.687103+00:00,2026-06-29T12:23:02.688477+00:00,200,1.37,True,
2026-06-29T12:23:03.687829+00:00,2026-06-29T12:23:03.689463+00:00,200,1.63,True,
2026-06-29T12:23:04.688507+00:00,2026-06-29T12:23:04.690072+00:00,200,1.56,True,
2026-06-29T12:23:05.689790+00:00,2026-06-29T12:23:05.691290+00:00,200,1.5,True,
2026-06-29T12:23:06.690355+00:00,2026-06-29T12:23:06.691999+00:00,200,1.64,True,
2026-06-29T12:23:07.690515+00:00,2026-06-29T12:23:07.692126+00:00,200,1.61,True,
2026-06-29T12:23:08.690722+00:00,2026-06-29T12:23:08.692322+00:00,200,1.6,True,
2026-06-29T12:23:09.690848+00:00,2026-06-29T12:23:09.692099+00:00,200,1.25,True,
2026-06-29T12:23:10.690896+00:00,2026-06-29T12:23:10.692644+00:00,200,1.75,True,
2026-06-29T12:23:11.691027+00:00,2026-06-29T12:23:11.692153+00:00,200,1.13,True,
2026-06-29T12:23:12.691148+00:00,2026-06-29T12:23:12.692779+00:00,200,1.63,True,
2026-06-29T12:23:13.691293+00:00,2026-06-29T12:23:13.692724+00:00,200,1.43,True,
2026-06-29T12:23:14.691574+00:00,2026-06-29T12:23:14.693182+00:00,200,1.61,True,
2026-06-29T12:23:15.691736+00:00,2026-06-29T12:23:15.693315+00:00,200,1.58,True,
2026-06-29T12:23:16.691964+00:00,2026-06-29T12:23:16.693602+00:00,200,1.64,True,
2026-06-29T12:23:17.692064+00:00,2026-06-29T12:23:17.693518+00:00,200,1.45,True,
2026-06-29T12:23:18.692294+00:00,2026-06-29T12:23:18.693774+00:00,200,1.48,True,
2026-06-29T12:23:19.692525+00:00,2026-06-29T12:23:19.694094+00:00,200,1.57,True,
2026-06-29T12:23:20.693514+00:00,2026-06-29T12:23:20.695179+00:00,200,1.67,True,
2026-06-29T12:23:21.693544+00:00,2026-06-29T12:23:21.695132+00:00,200,1.59,True,
2026-06-29T12:23:22.693635+00:00,2026-06-29T12:23:22.695184+00:00,200,1.55,True,
2026-06-29T12:23:23.693722+00:00,2026-06-29T12:23:23.695253+00:00,200,1.53,True,
2026-06-29T12:23:24.693828+00:00,2026-06-29T12:23:24.695324+00:00,200,1.5,True,
2026-06-29T12:23:25.693932+00:00,2026-06-29T12:23:25.695209+00:00,200,1.28,True,
2026-06-29T12:23:26.694047+00:00,2026-06-29T12:23:26.695688+00:00,200,1.64,True,
2026-06-29T12:23:27.694268+00:00,2026-06-29T12:23:27.695525+00:00,200,1.26,True,
2026-06-29T12:23:28.694369+00:00,2026-06-29T12:23:28.695807+00:00,200,1.44,True,
2026-06-29T12:23:29.694547+00:00,2026-06-29T12:23:29.696409+00:00,200,1.86,True,
2026-06-29T12:23:30.694637+00:00,2026-06-29T12:23:30.695701+00:00,200,1.06,True,
2026-06-29T12:23:31.694749+00:00,2026-06-29T12:23:31.696029+00:00,200,1.28,True,
2026-06-29T12:23:32.694891+00:00,2026-06-29T12:23:32.696154+00:00,200,1.26,True,
2026-06-29T12:23:33.694987+00:00,2026-06-29T12:23:33.696441+00:00,200,1.45,True,
2026-06-29T12:23:34.695182+00:00,2026-06-29T12:23:34.696857+00:00,200,1.68,True,
2026-06-29T12:23:35.695403+00:00,2026-06-29T12:23:35.696822+00:00,200,1.42,True,
2026-06-29T12:23:36.695488+00:00,2026-06-29T12:23:36.697008+00:00,200,1.52,True,
2026-06-29T12:23:37.695606+00:00,2026-06-29T12:23:37.697143+00:00,200,1.54,True,
2026-06-29T12:23:38.695960+00:00,2026-06-29T12:23:38.697738+00:00,200,1.78,True,
2026-06-29T12:23:39.696051+00:00,2026-06-29T12:23:39.697391+00:00,200,1.34,True,
2026-06-29T12:23:40.696231+00:00,2026-06-29T12:23:40.697780+00:00,200,1.55,True,
2026-06-29T12:23:41.696466+00:00,2026-06-29T12:23:41.698017+00:00,200,1.55,True,
2026-06-29T12:23:42.696742+00:00,2026-06-29T12:23:42.698222+00:00,200,1.48,True,
2026-06-29T12:23:43.696849+00:00,2026-06-29T12:23:43.698400+00:00,200,1.55,True,
2026-06-29T12:23:44.697290+00:00,2026-06-29T12:23:44.698870+00:00,200,1.58,True,
2026-06-29T12:23:45.697450+00:00,2026-06-29T12:23:45.699260+00:00,200,1.81,True,
2026-06-29T12:23:46.697612+00:00,2026-06-29T12:23:46.699195+00:00,200,1.58,True,
2026-06-29T12:23:47.697703+00:00,2026-06-29T12:23:47.699322+00:00,200,1.62,True,
2026-06-29T12:23:48.698139+00:00,2026-06-29T12:23:48.699805+00:00,200,1.67,True,
2026-06-29T12:23:49.698244+00:00,2026-06-29T12:23:49.700131+00:00,200,1.89,True,
2026-06-29T12:23:50.698451+00:00,2026-06-29T12:23:50.700067+00:00,200,1.62,True,
2026-06-29T12:23:51.699018+00:00,2026-06-29T12:23:51.700374+00:00,200,1.36,True,
2026-06-29T12:23:52.699271+00:00,2026-06-29T12:23:52.700718+00:00,200,1.45,True,
2026-06-29T12:23:53.699507+00:00,2026-06-29T12:23:53.700817+00:00,200,1.31,True,
2026-06-29T12:23:54.699673+00:00,2026-06-29T12:23:54.700888+00:00,200,1.21,True,
2026-06-29T12:23:55.699894+00:00,2026-06-29T12:23:55.701238+00:00,200,1.34,True,
2026-06-29T12:23:56.700687+00:00,2026-06-29T12:23:56.701895+00:00,200,1.21,True,
2026-06-29T12:23:57.700790+00:00,2026-06-29T12:23:57.702847+00:00,200,2.06,True,
2026-06-29T12:23:58.700948+00:00,2026-06-29T12:23:58.702134+00:00,200,1.19,True,
2026-06-29T12:23:59.701125+00:00,2026-06-29T12:23:59.702442+00:00,200,1.32,True,
2026-06-29T12:24:00.701315+00:00,2026-06-29T12:24:00.702972+00:00,200,1.66,True,
2026-06-29T12:24:01.701487+00:00,2026-06-29T12:24:01.703137+00:00,200,1.65,True,
2026-06-29T12:24:02.701708+00:00,2026-06-29T12:24:02.703278+00:00,200,1.57,True,
2026-06-29T12:24:03.701812+00:00,2026-06-29T12:24:03.703320+00:00,200,1.51,True,
2026-06-29T12:24:04.701861+00:00,2026-06-29T12:24:04.703107+00:00,200,1.25,True,
2026-06-29T12:24:05.702004+00:00,2026-06-29T12:24:05.703505+00:00,200,1.5,True,
2026-06-29T12:24:06.702098+00:00,2026-06-29T12:24:06.703357+00:00,200,1.26,True,
2026-06-29T12:24:07.702228+00:00,2026-06-29T12:24:07.703599+00:00,200,1.37,True,
2026-06-29T12:24:08.702282+00:00,2026-06-29T12:24:08.703894+00:00,200,1.61,True,
2026-06-29T12:24:09.702460+00:00,2026-06-29T12:24:09.703866+00:00,200,1.41,True,
2026-06-29T12:24:10.702536+00:00,2026-06-29T12:24:10.703972+00:00,200,1.44,True,
2026-06-29T12:24:11.702677+00:00,2026-06-29T12:24:11.704248+00:00,200,1.57,True,
2026-06-29T12:24:12.702734+00:00,2026-06-29T12:24:12.704166+00:00,200,1.43,True,
2026-06-29T12:24:13.702848+00:00,2026-06-29T12:24:13.704406+00:00,200,1.56,True,
2026-06-29T12:24:14.702946+00:00,2026-06-29T12:24:14.704417+00:00,200,1.47,True,
2026-06-29T12:24:15.703051+00:00,2026-06-29T12:24:15.704750+00:00,200,1.7,True,
2026-06-29T12:24:16.703159+00:00,2026-06-29T12:24:16.704613+00:00,200,1.45,True,
2026-06-29T12:24:17.703403+00:00,2026-06-29T12:24:17.704988+00:00,200,1.58,True,
2026-06-29T12:24:18.703720+00:00,2026-06-29T12:24:18.705310+00:00,200,1.59,True,
2026-06-29T12:24:19.703859+00:00,2026-06-29T12:24:19.705479+00:00,200,1.62,True,
2026-06-29T12:24:20.704037+00:00,2026-06-29T12:24:20.705454+00:00,200,1.42,True,
2026-06-29T12:24:21.704253+00:00,2026-06-29T12:24:21.705544+00:00,200,1.29,True,
2026-06-29T12:24:22.704326+00:00,2026-06-29T12:24:22.705682+00:00,200,1.36,True,
2026-06-29T12:24:23.704485+00:00,2026-06-29T12:24:23.705827+00:00,200,1.34,True,
2026-06-29T12:24:24.704640+00:00,2026-06-29T12:24:24.706085+00:00,200,1.45,True,
2026-06-29T12:24:25.704967+00:00,2026-06-29T12:24:25.706476+00:00,200,1.51,True,
2026-06-29T12:24:26.705287+00:00,2026-06-29T12:24:26.706834+00:00,200,1.55,True,
2026-06-29T12:24:27.705527+00:00,2026-06-29T12:24:27.706958+00:00,200,1.43,True,
2026-06-29T12:24:28.705865+00:00,2026-06-29T12:24:28.707355+00:00,200,1.49,True,
2026-06-29T12:24:29.706102+00:00,2026-06-29T12:24:29.707571+00:00,200,1.47,True,
2026-06-29T12:24:30.706205+00:00,2026-06-29T12:24:30.707903+00:00,200,1.7,True,
2026-06-29T12:24:31.706374+00:00,2026-06-29T12:24:31.707643+00:00,200,1.27,True,
2026-06-29T12:24:32.706535+00:00,2026-06-29T12:24:32.707837+00:00,200,1.3,True,
2026-06-29T12:24:33.706633+00:00,2026-06-29T12:24:33.708141+00:00,200,1.51,True,
2026-06-29T12:24:34.706720+00:00,2026-06-29T12:24:34.708309+00:00,200,1.59,True,
2026-06-29T12:24:35.706952+00:00,2026-06-29T12:24:35.708515+00:00,200,1.56,True,
2026-06-29T12:24:36.707160+00:00,2026-06-29T12:24:36.708703+00:00,200,1.54,True,
2026-06-29T12:24:37.707882+00:00,2026-06-29T12:24:37.709009+00:00,200,1.13,True,
2026-06-29T12:24:38.708039+00:00,2026-06-29T12:24:38.709666+00:00,200,1.63,True,
2026-06-29T12:24:39.708128+00:00,2026-06-29T12:24:39.709918+00:00,200,1.79,True,
2026-06-29T12:24:40.708630+00:00,2026-06-29T12:24:40.709909+00:00,200,1.28,True,
2026-06-29T12:24:41.708740+00:00,2026-06-29T12:24:41.710208+00:00,200,1.47,True,
2026-06-29T12:24:42.708930+00:00,2026-06-29T12:24:42.711032+00:00,200,2.1,True,
2026-06-29T12:24:43.709035+00:00,2026-06-29T12:24:43.710276+00:00,200,1.24,True,
2026-06-29T12:24:44.709230+00:00,2026-06-29T12:24:44.710488+00:00,200,1.26,True,
2026-06-29T12:24:45.710725+00:00,2026-06-29T12:24:45.712290+00:00,200,1.56,True,
2026-06-29T12:24:46.710844+00:00,2026-06-29T12:24:46.712396+00:00,200,1.55,True,
2026-06-29T12:24:47.711009+00:00,2026-06-29T12:24:47.712647+00:00,200,1.64,True,
2026-06-29T12:24:48.711111+00:00,2026-06-29T12:24:48.712724+00:00,200,1.61,True,
2026-06-29T12:24:49.711360+00:00,2026-06-29T12:24:49.712972+00:00,200,1.61,True,
2026-06-29T12:24:50.711616+00:00,2026-06-29T12:24:50.712937+00:00,200,1.32,True,
2026-06-29T12:24:51.711780+00:00,2026-06-29T12:24:51.713459+00:00,200,1.68,True,
2026-06-29T12:24:52.712903+00:00,2026-06-29T12:24:52.714396+00:00,200,1.49,True,
2026-06-29T12:24:53.713510+00:00,2026-06-29T12:24:53.714775+00:00,200,1.27,True,
2026-06-29T12:24:54.713721+00:00,2026-06-29T12:24:54.715190+00:00,200,1.47,True,
2026-06-29T12:24:55.713819+00:00,2026-06-29T12:24:55.715391+00:00,200,1.57,True,
2026-06-29T12:24:56.713877+00:00,2026-06-29T12:24:56.715405+00:00,200,1.53,True,
2026-06-29T12:24:57.714040+00:00,2026-06-29T12:24:57.715708+00:00,200,1.67,True,
2026-06-29T12:24:58.714128+00:00,2026-06-29T12:24:58.716068+00:00,200,1.94,True,
2026-06-29T12:24:59.714256+00:00,2026-06-29T12:24:59.715902+00:00,200,1.65,True,
2026-06-29T12:25:00.714403+00:00,2026-06-29T12:25:00.715829+00:00,200,1.43,True,
2026-06-29T12:25:01.714502+00:00,2026-06-29T12:25:01.715751+00:00,200,1.25,True,
2026-06-29T12:25:02.714633+00:00,2026-06-29T12:25:02.716160+00:00,200,1.53,True,
2026-06-29T12:25:03.714720+00:00,2026-06-29T12:25:03.716350+00:00,200,1.63,True,
2026-06-29T12:25:04.714808+00:00,2026-06-29T12:25:04.715995+00:00,200,1.19,True,
2026-06-29T12:25:05.714932+00:00,2026-06-29T12:25:05.716384+00:00,200,1.45,True,
2026-06-29T12:25:06.715154+00:00,2026-06-29T12:25:06.716318+00:00,200,1.16,True,
2026-06-29T12:25:07.715387+00:00,2026-06-29T12:25:07.716899+00:00,200,1.51,True,
2026-06-29T12:25:08.715707+00:00,2026-06-29T12:25:08.717268+00:00,200,1.56,True,
2026-06-29T12:25:09.715850+00:00,2026-06-29T12:25:09.717069+00:00,200,1.22,True,
2026-06-29T12:25:10.715989+00:00,2026-06-29T12:25:10.717482+00:00,200,1.49,True,
2026-06-29T12:25:11.716030+00:00,2026-06-29T12:25:11.717509+00:00,200,1.48,True,
2026-06-29T12:25:12.716203+00:00,2026-06-29T12:25:12.717757+00:00,200,1.55,True,
2026-06-29T12:25:13.716431+00:00,2026-06-29T12:25:13.718046+00:00,200,1.61,True,
2026-06-29T12:25:14.716525+00:00,2026-06-29T12:25:14.719457+00:00,200,2.93,True,
2026-06-29T12:25:15.716660+00:00,2026-06-29T12:25:15.718018+00:00,200,1.36,True,
2026-06-29T12:25:16.717025+00:00,2026-06-29T12:25:16.718618+00:00,200,1.59,True,
2026-06-29T12:25:17.717199+00:00,2026-06-29T12:25:17.718800+00:00,200,1.6,True,
2026-06-29T12:25:18.717420+00:00,2026-06-29T12:25:18.719023+00:00,200,1.6,True,
2026-06-29T12:25:19.717602+00:00,2026-06-29T12:25:19.719045+00:00,200,1.44,True,
2026-06-29T12:25:20.717682+00:00,2026-06-29T12:25:20.719146+00:00,200,1.46,True,
2026-06-29T12:25:21.717809+00:00,2026-06-29T12:25:21.719297+00:00,200,1.49,True,
2026-06-29T12:25:22.717942+00:00,2026-06-29T12:25:22.719216+00:00,200,1.27,True,
2026-06-29T12:25:23.718086+00:00,2026-06-29T12:25:23.719623+00:00,200,1.54,True,
2026-06-29T12:25:24.718320+00:00,2026-06-29T12:25:24.719487+00:00,200,1.17,True,
2026-06-29T12:25:25.718567+00:00,2026-06-29T12:25:25.720105+00:00,200,1.54,True,
2026-06-29T12:25:26.718660+00:00,2026-06-29T12:25:26.720239+00:00,200,1.58,True,
2026-06-29T12:25:27.718701+00:00,2026-06-29T12:25:27.720319+00:00,200,1.62,True,
2026-06-29T12:25:28.718804+00:00,2026-06-29T12:25:28.720420+00:00,200,1.62,True,
2026-06-29T12:25:29.718952+00:00,2026-06-29T12:25:29.720474+00:00,200,1.52,True,
2026-06-29T12:25:30.719110+00:00,2026-06-29T12:25:30.720724+00:00,200,1.61,True,
2026-06-29T12:25:31.719199+00:00,2026-06-29T12:25:31.721286+00:00,200,2.09,True,
2026-06-29T12:25:32.719278+00:00,2026-06-29T12:25:32.720801+00:00,200,1.52,True,
2026-06-29T12:25:33.719546+00:00,2026-06-29T12:25:33.720876+00:00,200,1.33,True,
2026-06-29T12:25:34.719652+00:00,2026-06-29T12:25:34.721205+00:00,200,1.55,True,
2026-06-29T12:25:35.719764+00:00,2026-06-29T12:25:35.721303+00:00,200,1.54,True,
2026-06-29T12:25:36.719840+00:00,2026-06-29T12:25:36.721358+00:00,200,1.52,True,
2026-06-29T12:25:37.719962+00:00,2026-06-29T12:25:37.721165+00:00,200,1.2,True,
2026-06-29T12:25:38.720188+00:00,2026-06-29T12:25:38.721706+00:00,200,1.52,True,
2026-06-29T12:25:39.720386+00:00,2026-06-29T12:25:39.722020+00:00,200,1.63,True,
2026-06-29T12:25:40.720650+00:00,2026-06-29T12:25:40.722483+00:00,200,1.83,True,
2026-06-29T12:25:41.720754+00:00,2026-06-29T12:25:41.722202+00:00,200,1.45,True,
2026-06-29T12:25:42.720902+00:00,2026-06-29T12:25:42.722375+00:00,200,1.47,True,
2026-06-29T12:25:43.721210+00:00,2026-06-29T12:25:43.722765+00:00,200,1.55,True,
2026-06-29T12:25:44.721973+00:00,2026-06-29T12:25:44.723554+00:00,200,1.58,True,
2026-06-29T12:25:45.722114+00:00,2026-06-29T12:25:45.723859+00:00,200,1.75,True,
2026-06-29T12:25:46.722243+00:00,2026-06-29T12:25:46.723904+00:00,200,1.66,True,
2026-06-29T12:25:47.722443+00:00,2026-06-29T12:25:47.724027+00:00,200,1.58,True,
2026-06-29T12:25:48.722571+00:00,2026-06-29T12:25:48.724128+00:00,200,1.56,True,
2026-06-29T12:25:49.722698+00:00,2026-06-29T12:25:49.724180+00:00,200,1.48,True,
2026-06-29T12:25:50.722814+00:00,2026-06-29T12:25:50.724384+00:00,200,1.57,True,
2026-06-29T12:25:51.722981+00:00,2026-06-29T12:25:51.724557+00:00,200,1.58,True,
2026-06-29T12:25:52.723184+00:00,2026-06-29T12:25:52.724353+00:00,200,1.17,True,
2026-06-29T12:25:53.723409+00:00,2026-06-29T12:25:53.724793+00:00,200,1.38,True,
2026-06-29T12:25:54.723679+00:00,2026-06-29T12:25:54.725654+00:00,200,1.98,True,
2026-06-29T12:25:55.723812+00:00,2026-06-29T12:25:55.725348+00:00,200,1.54,True,
2026-06-29T12:25:56.723953+00:00,2026-06-29T12:25:56.725432+00:00,200,1.48,True,
2026-06-29T12:25:57.724093+00:00,2026-06-29T12:25:57.725774+00:00,200,1.68,True,
2026-06-29T12:25:58.724212+00:00,2026-06-29T12:25:58.725692+00:00,200,1.48,True,
2026-06-29T12:25:59.724441+00:00,2026-06-29T12:25:59.725656+00:00,200,1.21,True,
2026-06-29T12:26:00.724641+00:00,2026-06-29T12:26:00.726167+00:00,200,1.53,True,
2026-06-29T12:26:01.725071+00:00,2026-06-29T12:26:01.726634+00:00,200,1.56,True,
2026-06-29T12:26:02.725265+00:00,2026-06-29T12:26:02.727010+00:00,200,1.75,True,
2026-06-29T12:26:03.725567+00:00,2026-06-29T12:26:03.727077+00:00,200,1.51,True,
2026-06-29T12:26:04.725729+00:00,2026-06-29T12:26:04.727359+00:00,200,1.63,True,
2026-06-29T12:26:05.725884+00:00,2026-06-29T12:26:05.727207+00:00,200,1.32,True,
2026-06-29T12:26:06.726221+00:00,2026-06-29T12:26:06.727927+00:00,200,1.71,True,
2026-06-29T12:26:07.727203+00:00,2026-06-29T12:26:07.728770+00:00,200,1.57,True,
2026-06-29T12:26:08.727379+00:00,2026-06-29T12:26:08.728647+00:00,200,1.27,True,
2026-06-29T12:26:09.727807+00:00,2026-06-29T12:26:09.729267+00:00,200,1.46,True,
2026-06-29T12:26:10.728308+00:00,2026-06-29T12:26:10.729989+00:00,200,1.68,True,
2026-06-29T12:26:11.728402+00:00,2026-06-29T12:26:11.729794+00:00,200,1.39,True,
2026-06-29T12:26:12.728650+00:00,2026-06-29T12:26:12.729756+00:00,200,1.11,True,
2026-06-29T12:26:13.729130+00:00,2026-06-29T12:26:13.730384+00:00,200,1.25,True,
2026-06-29T12:26:14.729392+00:00,2026-06-29T12:26:14.730649+00:00,200,1.26,True,
2026-06-29T12:26:15.729553+00:00,2026-06-29T12:26:15.730858+00:00,200,1.3,True,
2026-06-29T12:26:16.729645+00:00,2026-06-29T12:26:16.730860+00:00,200,1.21,True,
2026-06-29T12:26:17.729752+00:00,2026-06-29T12:26:17.731417+00:00,200,1.67,True,
2026-06-29T12:26:18.729893+00:00,2026-06-29T12:26:18.731404+00:00,200,1.51,True,
2026-06-29T12:26:19.730042+00:00,2026-06-29T12:26:19.731684+00:00,200,1.64,True,
2026-06-29T12:26:20.730179+00:00,2026-06-29T12:26:20.731690+00:00,200,1.51,True,
2026-06-29T12:26:21.730430+00:00,2026-06-29T12:26:21.732005+00:00,200,1.57,True,
2026-06-29T12:26:22.730584+00:00,2026-06-29T12:26:22.732233+00:00,200,1.65,True,
2026-06-29T12:26:23.730700+00:00,2026-06-29T12:26:23.731984+00:00,200,1.28,True,
2026-06-29T12:26:24.730838+00:00,2026-06-29T12:26:24.732276+00:00,200,1.44,True,
2026-06-29T12:26:25.730973+00:00,2026-06-29T12:26:25.732465+00:00,200,1.49,True,
2026-06-29T12:26:26.731117+00:00,2026-06-29T12:26:26.732644+00:00,200,1.53,True,
2026-06-29T12:26:27.731278+00:00,2026-06-29T12:26:27.732877+00:00,200,1.6,True,
2026-06-29T12:26:28.731450+00:00,2026-06-29T12:26:28.732789+00:00,200,1.34,True,
2026-06-29T12:26:29.731551+00:00,2026-06-29T12:26:29.733240+00:00,200,1.69,True,
2026-06-29T12:26:30.731647+00:00,2026-06-29T12:26:30.732938+00:00,200,1.29,True,
2026-06-29T12:26:31.731731+00:00,2026-06-29T12:26:31.733638+00:00,200,1.91,True,
2026-06-29T12:26:32.731884+00:00,2026-06-29T12:26:32.733516+00:00,200,1.63,True,
2026-06-29T12:26:33.731991+00:00,2026-06-29T12:26:33.733975+00:00,200,1.98,True,
2026-06-29T12:26:34.732200+00:00,2026-06-29T12:26:34.733771+00:00,200,1.57,True,
2026-06-29T12:26:35.732321+00:00,2026-06-29T12:26:35.734024+00:00,200,1.7,True,
2026-06-29T12:26:36.732512+00:00,2026-06-29T12:26:36.733684+00:00,200,1.17,True,
2026-06-29T12:26:37.732536+00:00,2026-06-29T12:26:37.734110+00:00,200,1.57,True,
2026-06-29T12:26:38.732647+00:00,2026-06-29T12:26:38.734003+00:00,200,1.36,True,
2026-06-29T12:26:39.732683+00:00,2026-06-29T12:26:39.734193+00:00,200,1.51,True,
2026-06-29T12:26:40.732782+00:00,2026-06-29T12:26:40.734088+00:00,200,1.31,True,
2026-06-29T12:26:41.732943+00:00,2026-06-29T12:26:41.734428+00:00,200,1.49,True,
2026-06-29T12:26:42.733143+00:00,2026-06-29T12:26:42.734893+00:00,200,1.75,True,
2026-06-29T12:26:43.733244+00:00,2026-06-29T12:26:43.734896+00:00,200,1.65,True,
2026-06-29T12:26:44.733395+00:00,2026-06-29T12:26:44.734961+00:00,200,1.57,True,
2026-06-29T12:26:45.733483+00:00,2026-06-29T12:26:45.734751+00:00,200,1.27,True,
2026-06-29T12:26:46.733640+00:00,2026-06-29T12:26:46.734805+00:00,200,1.17,True,
2026-06-29T12:26:47.733669+00:00,2026-06-29T12:26:47.735150+00:00,200,1.48,True,
2026-06-29T12:26:48.733760+00:00,2026-06-29T12:26:48.735075+00:00,200,1.31,True,
2026-06-29T12:26:49.733901+00:00,2026-06-29T12:26:49.735484+00:00,200,1.58,True,
2026-06-29T12:26:50.733994+00:00,2026-06-29T12:26:50.735472+00:00,200,1.48,True,
2026-06-29T12:26:51.734213+00:00,2026-06-29T12:26:51.735809+00:00,200,1.6,True,
2026-06-29T12:26:52.734479+00:00,2026-06-29T12:26:52.735807+00:00,200,1.33,True,
2026-06-29T12:26:53.734563+00:00,2026-06-29T12:26:53.736122+00:00,200,1.56,True,
2026-06-29T12:26:54.734758+00:00,2026-06-29T12:26:54.736154+00:00,200,1.4,True,
2026-06-29T12:26:55.734910+00:00,2026-06-29T12:26:55.736387+00:00,200,1.48,True,
2026-06-29T12:26:56.735042+00:00,2026-06-29T12:26:56.736442+00:00,200,1.4,True,
2026-06-29T12:26:57.735226+00:00,2026-06-29T12:26:57.736628+00:00,200,1.4,True,
2026-06-29T12:26:58.735416+00:00,2026-06-29T12:26:58.737074+00:00,200,1.66,True,
2026-06-29T12:26:59.735580+00:00,2026-06-29T12:26:59.737099+00:00,200,1.52,True,
2026-06-29T12:27:00.735708+00:00,2026-06-29T12:27:00.737280+00:00,200,1.57,True,
2026-06-29T12:27:01.735884+00:00,2026-06-29T12:27:01.737363+00:00,200,1.48,True,
2026-06-29T12:27:02.735994+00:00,2026-06-29T12:27:02.737606+00:00,200,1.61,True,
2026-06-29T12:27:03.736104+00:00,2026-06-29T12:27:03.737725+00:00,200,1.62,True,
2026-06-29T12:27:04.736255+00:00,2026-06-29T12:27:04.737812+00:00,200,1.56,True,
2026-06-29T12:27:05.736388+00:00,2026-06-29T12:27:05.738080+00:00,200,1.69,True,
2026-06-29T12:27:06.736673+00:00,2026-06-29T12:27:06.737967+00:00,200,1.29,True,
2026-06-29T12:27:07.737033+00:00,2026-06-29T12:27:07.738696+00:00,200,1.66,True,
2026-06-29T12:27:08.737135+00:00,2026-06-29T12:27:08.738789+00:00,200,1.65,True,
2026-06-29T12:27:09.737895+00:00,2026-06-29T12:27:09.739222+00:00,200,1.33,True,
2026-06-29T12:27:10.737979+00:00,2026-06-29T12:27:10.741193+00:00,200,3.21,True,
2026-06-29T12:27:11.738057+00:00,2026-06-29T12:27:11.739460+00:00,200,1.4,True,
2026-06-29T12:27:12.738208+00:00,2026-06-29T12:27:12.739841+00:00,200,1.63,True,
2026-06-29T12:27:13.738576+00:00,2026-06-29T12:27:13.740113+00:00,200,1.54,True,
2026-06-29T12:27:14.738686+00:00,2026-06-29T12:27:14.740463+00:00,200,1.78,True,
2026-06-29T12:27:15.738802+00:00,2026-06-29T12:27:15.740401+00:00,200,1.6,True,
2026-06-29T12:27:16.738911+00:00,2026-06-29T12:27:16.740443+00:00,200,1.53,True,
2026-06-29T12:27:17.739258+00:00,2026-06-29T12:27:17.740574+00:00,200,1.32,True,
2026-06-29T12:27:18.739512+00:00,2026-06-29T12:27:18.740809+00:00,200,1.3,True,
2026-06-29T12:27:19.739809+00:00,2026-06-29T12:27:19.741429+00:00,200,1.62,True,
2026-06-29T12:27:20.739942+00:00,2026-06-29T12:27:20.741507+00:00,200,1.56,True,
2026-06-29T12:27:21.740079+00:00,2026-06-29T12:27:21.741354+00:00,200,1.28,True,
2026-06-29T12:27:22.740226+00:00,2026-06-29T12:27:22.741787+00:00,200,1.56,True,
2026-06-29T12:27:23.741504+00:00,2026-06-29T12:27:23.742741+00:00,200,1.24,True,
2026-06-29T12:27:24.742842+00:00,2026-06-29T12:27:24.744339+00:00,200,1.5,True,
2026-06-29T12:27:25.743179+00:00,2026-06-29T12:27:25.744811+00:00,200,1.63,True,
2026-06-29T12:27:26.743286+00:00,2026-06-29T12:27:26.744619+00:00,200,1.33,True,
2026-06-29T12:27:27.743382+00:00,2026-06-29T12:27:27.744716+00:00,200,1.33,True,
2026-06-29T12:27:28.743694+00:00,2026-06-29T12:27:28.745411+00:00,200,1.72,True,
2026-06-29T12:27:29.744326+00:00,2026-06-29T12:27:29.745995+00:00,200,1.67,True,
2026-06-29T12:27:30.744490+00:00,2026-06-29T12:27:30.745664+00:00,200,1.17,True,
2026-06-29T12:27:31.745105+00:00,2026-06-29T12:27:31.746483+00:00,200,1.38,True,
2026-06-29T12:27:32.745626+00:00,2026-06-29T12:27:32.747045+00:00,200,1.42,True,
2026-06-29T12:27:33.746149+00:00,2026-06-29T12:27:33.747781+00:00,200,1.63,True,
2026-06-29T12:27:34.746312+00:00,2026-06-29T12:27:34.747913+00:00,200,1.6,True,
2026-06-29T12:27:35.747105+00:00,2026-06-29T12:27:35.748400+00:00,200,1.29,True,
2026-06-29T12:27:36.747303+00:00,2026-06-29T12:27:36.748812+00:00,200,1.51,True,
2026-06-29T12:27:37.747596+00:00,2026-06-29T12:27:37.748845+00:00,200,1.25,True,
2026-06-29T12:27:38.747686+00:00,2026-06-29T12:27:38.749109+00:00,200,1.42,True,
2026-06-29T12:27:39.747814+00:00,2026-06-29T12:27:39.749418+00:00,200,1.6,True,
2026-06-29T12:27:40.748063+00:00,2026-06-29T12:27:40.749684+00:00,200,1.62,True,
2026-06-29T12:27:41.748142+00:00,2026-06-29T12:27:41.749404+00:00,200,1.26,True,
2026-06-29T12:27:42.748329+00:00,2026-06-29T12:27:42.749859+00:00,200,1.53,True,
2026-06-29T12:27:43.748598+00:00,2026-06-29T12:27:43.749905+00:00,200,1.31,True,
2026-06-29T12:27:44.748896+00:00,2026-06-29T12:27:44.750350+00:00,200,1.45,True,
2026-06-29T12:27:45.749327+00:00,2026-06-29T12:27:45.750660+00:00,200,1.33,True,
2026-06-29T12:27:46.749625+00:00,2026-06-29T12:27:46.751313+00:00,200,1.69,True,
2026-06-29T12:27:47.749729+00:00,2026-06-29T12:27:47.751087+00:00,200,1.36,True,
2026-06-29T12:27:48.750339+00:00,2026-06-29T12:27:48.751871+00:00,200,1.53,True,
2026-06-29T12:27:49.750443+00:00,2026-06-29T12:27:49.752467+00:00,200,2.02,True,
2026-06-29T12:27:50.750542+00:00,2026-06-29T12:27:50.752115+00:00,200,1.57,True,
2026-06-29T12:27:51.750637+00:00,2026-06-29T12:27:51.753751+00:00,200,3.11,True,
2026-06-29T12:27:52.751519+00:00,2026-06-29T12:27:52.753107+00:00,200,1.59,True,
2026-06-29T12:27:53.751615+00:00,2026-06-29T12:27:53.753265+00:00,200,1.65,True,
2026-06-29T12:27:54.751698+00:00,2026-06-29T12:27:54.753379+00:00,200,1.68,True,
2026-06-29T12:27:55.752030+00:00,2026-06-29T12:27:55.753286+00:00,200,1.26,True,
2026-06-29T12:27:56.752227+00:00,2026-06-29T12:27:56.753316+00:00,200,1.09,True,
2026-06-29T12:27:57.752927+00:00,2026-06-29T12:27:57.754444+00:00,200,1.52,True,
2026-06-29T12:27:58.753093+00:00,2026-06-29T12:27:58.754699+00:00,200,1.61,True,
2026-06-29T12:27:59.753274+00:00,2026-06-29T12:27:59.754949+00:00,200,1.68,True,
2026-06-29T12:28:00.753465+00:00,2026-06-29T12:28:00.755038+00:00,200,1.57,True,
2026-06-29T12:28:01.755540+00:00,2026-06-29T12:28:01.757162+00:00,200,1.62,True,
2026-06-29T12:28:02.755670+00:00,2026-06-29T12:28:02.757252+00:00,200,1.58,True,
2026-06-29T12:28:03.755711+00:00,2026-06-29T12:28:03.756940+00:00,200,1.23,True,
2026-06-29T12:28:04.755802+00:00,2026-06-29T12:28:04.757050+00:00,200,1.25,True,
2026-06-29T12:28:05.756585+00:00,2026-06-29T12:28:05.758303+00:00,200,1.72,True,
2026-06-29T12:28:06.756670+00:00,2026-06-29T12:28:06.758265+00:00,200,1.59,True,
2026-06-29T12:28:07.756992+00:00,2026-06-29T12:28:07.758531+00:00,200,1.54,True,
2026-06-29T12:28:08.757450+00:00,2026-06-29T12:28:08.759299+00:00,200,1.85,True,
2026-06-29T12:28:09.758027+00:00,2026-06-29T12:28:09.759616+00:00,200,1.59,True,
2026-06-29T12:28:10.758195+00:00,2026-06-29T12:28:10.759758+00:00,200,1.56,True,
2026-06-29T12:28:11.758279+00:00,2026-06-29T12:28:11.759650+00:00,200,1.37,True,
2026-06-29T12:28:12.758417+00:00,2026-06-29T12:28:12.759939+00:00,200,1.52,True,
2026-06-29T12:28:13.758605+00:00,2026-06-29T12:28:13.759826+00:00,200,1.22,True,
2026-06-29T12:28:14.758879+00:00,2026-06-29T12:28:14.760448+00:00,200,1.57,True,
2026-06-29T12:28:15.759093+00:00,2026-06-29T12:28:15.760910+00:00,200,1.82,True,
2026-06-29T12:28:16.759807+00:00,2026-06-29T12:28:16.761354+00:00,200,1.55,True,
2026-06-29T12:28:17.759931+00:00,2026-06-29T12:28:17.761459+00:00,200,1.53,True,
2026-06-29T12:28:18.760016+00:00,2026-06-29T12:28:18.761174+00:00,200,1.16,True,
2026-06-29T12:28:19.760548+00:00,2026-06-29T12:28:19.762246+00:00,200,1.7,True,
2026-06-29T12:28:20.760812+00:00,2026-06-29T12:28:20.762037+00:00,200,1.22,True,
2026-06-29T12:28:21.761533+00:00,2026-06-29T12:28:21.763189+00:00,200,1.66,True,
2026-06-29T12:28:22.761630+00:00,2026-06-29T12:28:22.763188+00:00,200,1.56,True,
2026-06-29T12:28:23.761739+00:00,2026-06-29T12:28:23.762987+00:00,200,1.25,True,
2026-06-29T12:28:24.762363+00:00,2026-06-29T12:28:24.764044+00:00,200,1.68,True,
2026-06-29T12:28:25.762465+00:00,2026-06-29T12:28:25.764029+00:00,200,1.56,True,
2026-06-29T12:28:26.762770+00:00,2026-06-29T12:28:26.764336+00:00,200,1.57,True,
2026-06-29T12:28:27.762883+00:00,2026-06-29T12:28:27.764128+00:00,200,1.25,True,
2026-06-29T12:28:28.762992+00:00,2026-06-29T12:28:28.764602+00:00,200,1.61,True,
2026-06-29T12:28:29.763191+00:00,2026-06-29T12:28:29.764739+00:00,200,1.55,True,
2026-06-29T12:28:30.763412+00:00,2026-06-29T12:28:30.764925+00:00,200,1.51,True,
2026-06-29T12:28:31.763703+00:00,2026-06-29T12:28:31.765771+00:00,200,2.07,True,
2026-06-29T12:28:32.764596+00:00,2026-06-29T12:28:32.766140+00:00,200,1.54,True,
2026-06-29T12:28:33.764624+00:00,2026-06-29T12:28:33.765993+00:00,200,1.37,True,
2026-06-29T12:28:34.765476+00:00,2026-06-29T12:28:34.767130+00:00,200,1.65,True,
2026-06-29T12:28:35.765542+00:00,2026-06-29T12:28:35.766754+00:00,200,1.21,True,
2026-06-29T12:28:36.765627+00:00,2026-06-29T12:28:36.766859+00:00,200,1.23,True,
2026-06-29T12:28:37.765736+00:00,2026-06-29T12:28:37.767326+00:00,200,1.59,True,
2026-06-29T12:28:38.766775+00:00,2026-06-29T12:28:38.768307+00:00,200,1.53,True,
2026-06-29T12:28:39.766901+00:00,2026-06-29T12:28:39.768434+00:00,200,1.53,True,
2026-06-29T12:28:40.767060+00:00,2026-06-29T12:28:40.768478+00:00,200,1.42,True,
2026-06-29T12:28:41.767251+00:00,2026-06-29T12:28:41.768462+00:00,200,1.21,True,
2026-06-29T12:28:42.767478+00:00,2026-06-29T12:28:42.769039+00:00,200,1.56,True,
2026-06-29T12:28:43.767813+00:00,2026-06-29T12:28:43.769315+00:00,200,1.5,True,
2026-06-29T12:28:44.767953+00:00,2026-06-29T12:28:44.769526+00:00,200,1.57,True,
2026-06-29T12:28:45.768103+00:00,2026-06-29T12:28:45.769635+00:00,200,1.53,True,
2026-06-29T12:28:46.768579+00:00,2026-06-29T12:28:46.770095+00:00,200,1.52,True,
2026-06-29T12:28:47.769142+00:00,2026-06-29T12:28:47.770682+00:00,200,1.54,True,
2026-06-29T12:28:48.769333+00:00,2026-06-29T12:28:48.770740+00:00,200,1.41,True,
2026-06-29T12:28:49.769543+00:00,2026-06-29T12:28:49.770998+00:00,200,1.45,True,
2026-06-29T12:28:50.769957+00:00,2026-06-29T12:28:50.771236+00:00,200,1.28,True,
2026-06-29T12:28:51.770156+00:00,2026-06-29T12:28:51.772186+00:00,200,2.03,True,
2026-06-29T12:28:52.770182+00:00,2026-06-29T12:28:52.771845+00:00,200,1.66,True,
2026-06-29T12:28:53.770316+00:00,2026-06-29T12:28:53.772046+00:00,200,1.73,True,
2026-06-29T12:28:54.770399+00:00,2026-06-29T12:28:54.772080+00:00,200,1.68,True,
2026-06-29T12:28:55.770822+00:00,2026-06-29T12:28:55.772105+00:00,200,1.28,True,
2026-06-29T12:28:56.770932+00:00,2026-06-29T12:28:56.772137+00:00,200,1.2,True,
2026-06-29T12:28:57.771084+00:00,2026-06-29T12:28:57.772395+00:00,200,1.31,True,
2026-06-29T12:28:58.771167+00:00,2026-06-29T12:28:58.772807+00:00,200,1.64,True,
2026-06-29T12:28:59.771370+00:00,2026-06-29T12:28:59.773013+00:00,200,1.64,True,
2026-06-29T12:29:00.771475+00:00,2026-06-29T12:29:00.773002+00:00,200,1.53,True,
2026-06-29T12:29:01.771719+00:00,2026-06-29T12:29:01.772997+00:00,200,1.28,True,
2026-06-29T12:29:02.771832+00:00,2026-06-29T12:29:02.773420+00:00,200,1.59,True,
2026-06-29T12:29:03.771948+00:00,2026-06-29T12:29:03.773514+00:00,200,1.57,True,
2026-06-29T12:29:04.772149+00:00,2026-06-29T12:29:04.773685+00:00,200,1.54,True,
2026-06-29T12:29:05.772367+00:00,2026-06-29T12:29:05.773948+00:00,200,1.58,True,
2026-06-29T12:29:06.772646+00:00,2026-06-29T12:29:06.773834+00:00,200,1.19,True,
2026-06-29T12:29:07.772895+00:00,2026-06-29T12:29:07.774274+00:00,200,1.38,True,
2026-06-29T12:29:08.773297+00:00,2026-06-29T12:29:08.774982+00:00,200,1.69,True,
2026-06-29T12:29:09.773816+00:00,2026-06-29T12:29:09.775064+00:00,200,1.25,True,
2026-06-29T12:29:10.773894+00:00,2026-06-29T12:29:10.775393+00:00,200,1.5,True,
2026-06-29T12:29:11.774035+00:00,2026-06-29T12:29:11.775593+00:00,200,1.56,True,
2026-06-29T12:29:12.774122+00:00,2026-06-29T12:29:12.775841+00:00,200,1.72,True,
2026-06-29T12:29:13.774487+00:00,2026-06-29T12:29:13.775784+00:00,200,1.3,True,
2026-06-29T12:29:14.775115+00:00,2026-06-29T12:29:14.776346+00:00,200,1.23,True,
2026-06-29T12:29:15.775587+00:00,2026-06-29T12:29:15.776821+00:00,200,1.23,True,
2026-06-29T12:29:16.775806+00:00,2026-06-29T12:29:16.777267+00:00,200,1.46,True,
2026-06-29T12:29:17.776198+00:00,2026-06-29T12:29:17.777822+00:00,200,1.62,True,
2026-06-29T12:29:18.776280+00:00,2026-06-29T12:29:18.777509+00:00,200,1.23,True,
2026-06-29T12:29:19.776453+00:00,2026-06-29T12:29:19.777919+00:00,200,1.47,True,
2026-06-29T12:29:20.776782+00:00,2026-06-29T12:29:20.778295+00:00,200,1.51,True,
2026-06-29T12:29:21.777888+00:00,2026-06-29T12:29:21.779118+00:00,200,1.23,True,
2026-06-29T12:29:22.778579+00:00,2026-06-29T12:29:22.780128+00:00,200,1.55,True,
2026-06-29T12:29:23.779420+00:00,2026-06-29T12:29:23.780729+00:00,200,1.31,True,
2026-06-29T12:29:24.780229+00:00,2026-06-29T12:29:24.781600+00:00,200,1.37,True,
2026-06-29T12:29:25.781235+00:00,2026-06-29T12:29:25.782478+00:00,200,1.24,True,
2026-06-29T12:29:26.782725+00:00,2026-06-29T12:29:26.784359+00:00,200,1.63,True,
2026-06-29T12:29:27.783113+00:00,2026-06-29T12:29:27.784748+00:00,200,1.64,True,
2026-06-29T12:29:28.783852+00:00,2026-06-29T12:29:28.785134+00:00,200,1.28,True,
2026-06-29T12:29:29.784503+00:00,2026-06-29T12:29:29.786030+00:00,200,1.53,True,
2026-06-29T12:29:30.784848+00:00,2026-06-29T12:29:30.786142+00:00,200,1.29,True,
2026-06-29T12:29:31.785034+00:00,2026-06-29T12:29:31.786158+00:00,200,1.12,True,
2026-06-29T12:29:32.785162+00:00,2026-06-29T12:29:32.786343+00:00,200,1.18,True,
2026-06-29T12:29:33.785399+00:00,2026-06-29T12:29:33.786972+00:00,200,1.57,True,
2026-06-29T12:29:34.786695+00:00,2026-06-29T12:29:34.787917+00:00,200,1.22,True,
2026-06-29T12:29:35.786796+00:00,2026-06-29T12:29:35.788258+00:00,200,1.46,True,
2026-06-29T12:29:36.787703+00:00,2026-06-29T12:29:36.789234+00:00,200,1.53,True,
2026-06-29T12:29:37.787824+00:00,2026-06-29T12:29:37.789222+00:00,200,1.4,True,
2026-06-29T12:29:38.787973+00:00,2026-06-29T12:29:38.789318+00:00,200,1.34,True,
2026-06-29T12:29:39.788213+00:00,2026-06-29T12:29:39.789707+00:00,200,1.49,True,
2026-06-29T12:29:40.788468+00:00,2026-06-29T12:29:40.789940+00:00,200,1.47,True,
2026-06-29T12:29:41.788539+00:00,2026-06-29T12:29:41.789933+00:00,200,1.39,True,
2026-06-29T12:29:42.788640+00:00,2026-06-29T12:29:42.789873+00:00,200,1.23,True,
2026-06-29T12:29:43.788734+00:00,2026-06-29T12:29:43.790026+00:00,200,1.29,True,
2026-06-29T12:29:44.788819+00:00,2026-06-29T12:29:44.790408+00:00,200,1.59,True,
2026-06-29T12:29:45.788905+00:00,2026-06-29T12:29:45.790533+00:00,200,1.63,True,
2026-06-29T12:29:46.788998+00:00,2026-06-29T12:29:46.790307+00:00,200,1.31,True,
2026-06-29T12:29:47.789197+00:00,2026-06-29T12:29:47.790522+00:00,200,1.32,True,
2026-06-29T12:29:48.789251+00:00,2026-06-29T12:29:48.790787+00:00,200,1.54,True,
2026-06-29T12:29:49.789527+00:00,2026-06-29T12:29:49.790793+00:00,200,1.27,True,
2026-06-29T12:29:50.789703+00:00,2026-06-29T12:29:50.791205+00:00,200,1.5,True,
2026-06-29T12:29:51.789802+00:00,2026-06-29T12:29:51.790982+00:00,200,1.18,True,
2026-06-29T12:29:52.789884+00:00,2026-06-29T12:29:52.791134+00:00,200,1.25,True,
2026-06-29T12:29:53.790407+00:00,2026-06-29T12:29:53.792148+00:00,200,1.74,True,
2026-06-29T12:29:54.790582+00:00,2026-06-29T12:29:54.791758+00:00,200,1.18,True,
2026-06-29T12:29:55.790688+00:00,2026-06-29T12:29:55.792001+00:00,200,1.31,True,
2026-06-29T12:29:56.790794+00:00,2026-06-29T12:29:56.792403+00:00,200,1.61,True,
2026-06-29T12:29:57.790954+00:00,2026-06-29T12:29:57.792270+00:00,200,1.32,True,
2026-06-29T12:29:58.791134+00:00,2026-06-29T12:29:58.792783+00:00,200,1.65,True,
2026-06-29T12:29:59.791376+00:00,2026-06-29T12:29:59.792696+00:00,200,1.32,True,
2026-06-29T12:30:00.791606+00:00,2026-06-29T12:30:00.792912+00:00,200,1.31,True,
2026-06-29T12:30:01.791703+00:00,2026-06-29T12:30:01.793340+00:00,200,1.64,True,
2026-06-29T12:30:02.791816+00:00,2026-06-29T12:30:02.793364+00:00,200,1.55,True,
2026-06-29T12:30:03.791965+00:00,2026-06-29T12:30:03.793638+00:00,200,1.67,True,
2026-06-29T12:30:04.792129+00:00,2026-06-29T12:30:04.793333+00:00,200,1.2,True,
2026-06-29T12:30:05.792315+00:00,2026-06-29T12:30:05.793876+00:00,200,1.56,True,
2026-06-29T12:30:06.792839+00:00,2026-06-29T12:30:06.793988+00:00,200,1.15,True,
2026-06-29T12:30:07.793191+00:00,2026-06-29T12:30:07.794703+00:00,200,1.51,True,
2026-06-29T12:30:08.793481+00:00,2026-06-29T12:30:08.794970+00:00,200,1.49,True,
2026-06-29T12:30:09.794317+00:00,2026-06-29T12:30:09.795651+00:00,200,1.33,True,
2026-06-29T12:30:10.795081+00:00,2026-06-29T12:30:10.796577+00:00,200,1.5,True,
2026-06-29T12:30:11.795193+00:00,2026-06-29T12:30:11.796447+00:00,200,1.25,True,
2026-06-29T12:30:12.795444+00:00,2026-06-29T12:30:12.797019+00:00,200,1.57,True,
2026-06-29T12:30:13.795672+00:00,2026-06-29T12:30:13.796906+00:00,200,1.23,True,
2026-06-29T12:30:14.796640+00:00,2026-06-29T12:30:14.798334+00:00,200,1.69,True,
2026-06-29T12:30:15.796755+00:00,2026-06-29T12:30:15.797984+00:00,200,1.23,True,
2026-06-29T12:30:16.796837+00:00,2026-06-29T12:30:16.798426+00:00,200,1.59,True,
2026-06-29T12:30:17.797138+00:00,2026-06-29T12:30:17.798667+00:00,200,1.53,True,
2026-06-29T12:30:18.797222+00:00,2026-06-29T12:30:18.798748+00:00,200,1.53,True,
2026-06-29T12:30:19.798420+00:00,2026-06-29T12:30:19.799835+00:00,200,1.42,True,
2026-06-29T12:30:20.798526+00:00,2026-06-29T12:30:20.800104+00:00,200,1.58,True,
2026-06-29T12:30:21.798656+00:00,2026-06-29T12:30:21.800100+00:00,200,1.44,True,
2026-06-29T12:30:22.798749+00:00,2026-06-29T12:30:22.800035+00:00,200,1.29,True,
2026-06-29T12:30:23.798825+00:00,2026-06-29T12:30:23.800443+00:00,200,1.62,True,
2026-06-29T12:30:24.798928+00:00,2026-06-29T12:30:24.800458+00:00,200,1.53,True,
2026-06-29T12:30:25.799079+00:00,2026-06-29T12:30:25.800527+00:00,200,1.45,True,
2026-06-29T12:30:26.799206+00:00,2026-06-29T12:30:26.800825+00:00,200,1.62,True,
2026-06-29T12:30:27.799356+00:00,2026-06-29T12:30:27.800906+00:00,200,1.55,True,
2026-06-29T12:30:28.799519+00:00,2026-06-29T12:30:28.801098+00:00,200,1.58,True,
2026-06-29T12:30:29.799621+00:00,2026-06-29T12:30:29.800858+00:00,200,1.24,True,
2026-06-29T12:30:30.799734+00:00,2026-06-29T12:30:30.800920+00:00,200,1.19,True,
2026-06-29T12:30:31.800022+00:00,2026-06-29T12:30:31.801144+00:00,200,1.12,True,
2026-06-29T12:30:32.800152+00:00,2026-06-29T12:30:32.801789+00:00,200,1.64,True,
2026-06-29T12:30:33.800270+00:00,2026-06-29T12:30:33.802223+00:00,200,1.95,True,
2026-06-29T12:30:34.800600+00:00,2026-06-29T12:30:34.802110+00:00,200,1.51,True,
2026-06-29T12:30:35.800673+00:00,2026-06-29T12:30:35.802198+00:00,200,1.53,True,
2026-06-29T12:30:36.801217+00:00,2026-06-29T12:30:36.802821+00:00,200,1.6,True,
2026-06-29T12:30:37.801903+00:00,2026-06-29T12:30:37.803461+00:00,200,1.56,True,
2026-06-29T12:30:38.801983+00:00,2026-06-29T12:30:38.803522+00:00,200,1.54,True,
2026-06-29T12:30:39.802067+00:00,2026-06-29T12:30:39.803286+00:00,200,1.22,True,
2026-06-29T12:30:40.802447+00:00,2026-06-29T12:30:40.803981+00:00,200,1.53,True,
2026-06-29T12:30:41.803286+00:00,2026-06-29T12:30:41.804535+00:00,200,1.25,True,
2026-06-29T12:30:42.804205+00:00,2026-06-29T12:30:42.805775+00:00,200,1.57,True,
2026-06-29T12:30:43.804402+00:00,2026-06-29T12:30:43.805908+00:00,200,1.51,True,
2026-06-29T12:30:44.804882+00:00,2026-06-29T12:30:44.806645+00:00,200,1.76,True,
2026-06-29T12:30:45.805213+00:00,2026-06-29T12:30:45.806661+00:00,200,1.45,True,
2026-06-29T12:30:46.806844+00:00,2026-06-29T12:30:46.808309+00:00,200,1.46,True,
2026-06-29T12:30:47.807030+00:00,2026-06-29T12:30:47.808773+00:00,200,1.74,True,
2026-06-29T12:30:48.807728+00:00,2026-06-29T12:30:48.809295+00:00,200,1.57,True,
2026-06-29T12:30:49.808072+00:00,2026-06-29T12:30:49.809558+00:00,200,1.49,True,
2026-06-29T12:30:50.808157+00:00,2026-06-29T12:30:50.809704+00:00,200,1.55,True,
2026-06-29T12:30:51.809439+00:00,2026-06-29T12:30:51.810629+00:00,200,1.19,True,
2026-06-29T12:30:52.809550+00:00,2026-06-29T12:30:52.811261+00:00,200,1.71,True,
2026-06-29T12:30:53.809783+00:00,2026-06-29T12:30:53.811412+00:00,200,1.63,True,
2026-06-29T12:30:54.810089+00:00,2026-06-29T12:30:54.811646+00:00,200,1.56,True,
2026-06-29T12:30:55.810158+00:00,2026-06-29T12:30:55.811540+00:00,200,1.38,True,
2026-06-29T12:30:56.810488+00:00,2026-06-29T12:30:56.812103+00:00,200,1.61,True,
2026-06-29T12:30:57.810802+00:00,2026-06-29T12:30:57.812314+00:00,200,1.51,True,
2026-06-29T12:30:58.811135+00:00,2026-06-29T12:30:58.812344+00:00,200,1.21,True,
2026-06-29T12:30:59.811287+00:00,2026-06-29T12:30:59.812872+00:00,200,1.58,True,
2026-06-29T12:31:00.812349+00:00,2026-06-29T12:31:00.813893+00:00,200,1.54,True,
2026-06-29T12:31:01.812552+00:00,2026-06-29T12:31:01.814049+00:00,200,1.5,True,
2026-06-29T12:31:02.812638+00:00,2026-06-29T12:31:02.814525+00:00,200,1.89,True,
2026-06-29T12:31:03.812667+00:00,2026-06-29T12:31:03.814106+00:00,200,1.44,True,
2026-06-29T12:31:04.813114+00:00,2026-06-29T12:31:04.814685+00:00,200,1.57,True,
2026-06-29T12:31:05.813251+00:00,2026-06-29T12:31:05.814515+00:00,200,1.26,True,
2026-06-29T12:31:06.813690+00:00,2026-06-29T12:31:06.815384+00:00,200,1.69,True,
2026-06-29T12:31:07.813739+00:00,2026-06-29T12:31:07.815145+00:00,200,1.41,True,
2026-06-29T12:31:08.813812+00:00,2026-06-29T12:31:08.815381+00:00,200,1.57,True,
2026-06-29T12:31:09.813915+00:00,2026-06-29T12:31:09.815410+00:00,200,1.5,True,
2026-06-29T12:31:10.814573+00:00,2026-06-29T12:31:10.816087+00:00,200,1.51,True,
2026-06-29T12:31:11.814815+00:00,2026-06-29T12:31:11.816099+00:00,200,1.28,True,
2026-06-29T12:31:12.814883+00:00,2026-06-29T12:31:12.816138+00:00,200,1.26,True,
2026-06-29T12:31:13.815364+00:00,2026-06-29T12:31:13.816973+00:00,200,1.61,True,
2026-06-29T12:31:14.815591+00:00,2026-06-29T12:31:14.817131+00:00,200,1.54,True,
2026-06-29T12:31:15.815680+00:00,2026-06-29T12:31:15.817237+00:00,200,1.56,True,
2026-06-29T12:31:16.815867+00:00,2026-06-29T12:31:16.817421+00:00,200,1.55,True,
2026-06-29T12:31:17.815965+00:00,2026-06-29T12:31:17.817600+00:00,200,1.64,True,
2026-06-29T12:31:18.816059+00:00,2026-06-29T12:31:18.817685+00:00,200,1.63,True,
2026-06-29T12:31:19.816136+00:00,2026-06-29T12:31:19.817242+00:00,200,1.11,True,
2026-06-29T12:31:20.816189+00:00,2026-06-29T12:31:20.817746+00:00,200,1.56,True,
2026-06-29T12:31:21.816292+00:00,2026-06-29T12:31:21.817890+00:00,200,1.6,True,
2026-06-29T12:31:22.816904+00:00,2026-06-29T12:31:22.818591+00:00,200,1.69,True,
2026-06-29T12:31:23.816992+00:00,2026-06-29T12:31:23.818259+00:00,200,1.27,True,
2026-06-29T12:31:24.817085+00:00,2026-06-29T12:31:24.818774+00:00,200,1.69,True,
2026-06-29T12:31:25.817148+00:00,2026-06-29T12:31:25.818756+00:00,200,1.61,True,
2026-06-29T12:31:26.817277+00:00,2026-06-29T12:31:26.818908+00:00,200,1.63,True,
2026-06-29T12:31:27.817394+00:00,2026-06-29T12:31:27.819218+00:00,200,1.82,True,
2026-06-29T12:31:28.817538+00:00,2026-06-29T12:31:28.818922+00:00,200,1.38,True,
2026-06-29T12:31:29.817615+00:00,2026-06-29T12:31:29.818834+00:00,200,1.22,True,
2026-06-29T12:31:30.817788+00:00,2026-06-29T12:31:30.819028+00:00,200,1.24,True,
2026-06-29T12:31:31.817873+00:00,2026-06-29T12:31:31.819396+00:00,200,1.52,True,
2026-06-29T12:31:32.817958+00:00,2026-06-29T12:31:32.819616+00:00,200,1.66,True,
2026-06-29T12:31:33.818039+00:00,2026-06-29T12:31:33.819785+00:00,200,1.75,True,
2026-06-29T12:31:34.818141+00:00,2026-06-29T12:31:34.819574+00:00,200,1.43,True,
2026-06-29T12:31:35.818279+00:00,2026-06-29T12:31:35.819845+00:00,200,1.57,True,
2026-06-29T12:31:36.818440+00:00,2026-06-29T12:31:36.819747+00:00,200,1.31,True,
2026-06-29T12:31:37.818591+00:00,2026-06-29T12:31:37.820185+00:00,200,1.59,True,
2026-06-29T12:31:38.818696+00:00,2026-06-29T12:31:38.820327+00:00,200,1.63,True,
2026-06-29T12:31:39.818767+00:00,2026-06-29T12:31:39.820923+00:00,200,2.16,True,
2026-06-29T12:31:40.818855+00:00,2026-06-29T12:31:40.820344+00:00,200,1.49,True,
2026-06-29T12:31:41.818988+00:00,2026-06-29T12:31:41.820507+00:00,200,1.52,True,
2026-06-29T12:31:42.819153+00:00,2026-06-29T12:31:42.820804+00:00,200,1.65,True,
2026-06-29T12:31:43.819341+00:00,2026-06-29T12:31:43.820620+00:00,200,1.28,True,
2026-06-29T12:31:44.819538+00:00,2026-06-29T12:31:44.820880+00:00,200,1.34,True,
2026-06-29T12:31:45.819674+00:00,2026-06-29T12:31:45.821191+00:00,200,1.52,True,
2026-06-29T12:31:46.819777+00:00,2026-06-29T12:31:46.821424+00:00,200,1.65,True,
2026-06-29T12:31:47.819917+00:00,2026-06-29T12:31:47.821388+00:00,200,1.47,True,
2026-06-29T12:31:48.820009+00:00,2026-06-29T12:31:48.821548+00:00,200,1.54,True,
2026-06-29T12:31:49.820216+00:00,2026-06-29T12:31:49.821322+00:00,200,1.11,True,
2026-06-29T12:31:50.820310+00:00,2026-06-29T12:31:50.821853+00:00,200,1.54,True,
2026-06-29T12:31:51.820524+00:00,2026-06-29T12:31:51.821791+00:00,200,1.27,True,
2026-06-29T12:31:52.820603+00:00,2026-06-29T12:31:52.822195+00:00,200,1.59,True,
2026-06-29T12:31:53.820734+00:00,2026-06-29T12:31:53.823051+00:00,200,2.32,True,
2026-06-29T12:31:54.820862+00:00,2026-06-29T12:31:54.822465+00:00,200,1.6,True,
2026-06-29T12:31:55.821010+00:00,2026-06-29T12:31:55.822208+00:00,200,1.2,True,
2026-06-29T12:31:56.821211+00:00,2026-06-29T12:31:56.822797+00:00,200,1.59,True,
2026-06-29T12:31:57.821436+00:00,2026-06-29T12:31:57.822763+00:00,200,1.33,True,
2026-06-29T12:31:58.821618+00:00,2026-06-29T12:31:58.822966+00:00,200,1.35,True,
2026-06-29T12:31:59.821727+00:00,2026-06-29T12:31:59.823347+00:00,200,1.62,True,
2026-06-29T12:32:00.821870+00:00,2026-06-29T12:32:00.823568+00:00,200,1.7,True,
2026-06-29T12:32:01.821975+00:00,2026-06-29T12:32:01.823161+00:00,200,1.19,True,
2026-06-29T12:32:02.822181+00:00,2026-06-29T12:32:02.823714+00:00,200,1.53,True,
2026-06-29T12:32:03.822411+00:00,2026-06-29T12:32:03.824175+00:00,200,1.76,True,
2026-06-29T12:32:04.822531+00:00,2026-06-29T12:32:04.823823+00:00,200,1.29,True,
2026-06-29T12:32:05.822845+00:00,2026-06-29T12:32:05.824126+00:00,200,1.28,True,
2026-06-29T12:32:06.823252+00:00,2026-06-29T12:32:06.824840+00:00,200,1.59,True,
2026-06-29T12:32:07.823741+00:00,2026-06-29T12:32:07.825406+00:00,200,1.67,True,
2026-06-29T12:32:08.823833+00:00,2026-06-29T12:32:08.825459+00:00,200,1.63,True,
2026-06-29T12:32:09.823946+00:00,2026-06-29T12:32:09.825466+00:00,200,1.52,True,
2026-06-29T12:32:10.824055+00:00,2026-06-29T12:32:10.825735+00:00,200,1.68,True,
2026-06-29T12:32:11.824419+00:00,2026-06-29T12:32:11.826247+00:00,200,1.83,True,
2026-06-29T12:32:12.824537+00:00,2026-06-29T12:32:12.825868+00:00,200,1.33,True,
2026-06-29T12:32:13.824598+00:00,2026-06-29T12:32:13.826319+00:00,200,1.72,True,
2026-06-29T12:32:14.824687+00:00,2026-06-29T12:32:14.826306+00:00,200,1.62,True,
2026-06-29T12:32:15.824763+00:00,2026-06-29T12:32:15.826772+00:00,200,2.01,True,
2026-06-29T12:32:16.824861+00:00,2026-06-29T12:32:16.826412+00:00,200,1.55,True,
2026-06-29T12:32:17.825048+00:00,2026-06-29T12:32:17.826757+00:00,200,1.71,True,
2026-06-29T12:32:18.825237+00:00,2026-06-29T12:32:18.827724+00:00,200,2.49,True,
2026-06-29T12:32:19.825325+00:00,2026-06-29T12:32:19.826479+00:00,200,1.15,True,
2026-06-29T12:32:20.825409+00:00,2026-06-29T12:32:20.827177+00:00,200,1.77,True,
2026-06-29T12:32:21.825518+00:00,2026-06-29T12:32:21.827037+00:00,200,1.52,True,
2026-06-29T12:32:22.825570+00:00,2026-06-29T12:32:22.827078+00:00,200,1.51,True,
2026-06-29T12:32:23.825704+00:00,2026-06-29T12:32:23.827242+00:00,200,1.54,True,
2026-06-29T12:32:24.825841+00:00,2026-06-29T12:32:24.827571+00:00,200,1.73,True,
2026-06-29T12:32:25.825996+00:00,2026-06-29T12:32:25.827794+00:00,200,1.8,True,
2026-06-29T12:32:26.826119+00:00,2026-06-29T12:32:26.827321+00:00,200,1.2,True,
2026-06-29T12:32:27.826269+00:00,2026-06-29T12:32:27.827571+00:00,200,1.3,True,
2026-06-29T12:32:28.826388+00:00,2026-06-29T12:32:28.827950+00:00,200,1.56,True,
2026-06-29T12:32:29.826589+00:00,2026-06-29T12:32:29.828012+00:00,200,1.42,True,
2026-06-29T12:32:30.826732+00:00,2026-06-29T12:32:30.828131+00:00,200,1.4,True,
2026-06-29T12:32:31.826867+00:00,2026-06-29T12:32:31.828395+00:00,200,1.53,True,
2026-06-29T12:32:32.826991+00:00,2026-06-29T12:32:32.828139+00:00,200,1.15,True,
2026-06-29T12:32:33.827076+00:00,2026-06-29T12:32:33.828615+00:00,200,1.54,True,
2026-06-29T12:32:34.827201+00:00,2026-06-29T12:32:34.828748+00:00,200,1.55,True,
2026-06-29T12:32:35.827370+00:00,2026-06-29T12:32:35.828965+00:00,200,1.59,True,
2026-06-29T12:32:36.827694+00:00,2026-06-29T12:32:36.828950+00:00,200,1.26,True,
2026-06-29T12:32:37.827799+00:00,2026-06-29T12:32:37.829353+00:00,200,1.55,True,
2026-06-29T12:32:38.827966+00:00,2026-06-29T12:32:38.829450+00:00,200,1.48,True,
2026-06-29T12:32:39.828056+00:00,2026-06-29T12:32:39.829284+00:00,200,1.23,True,
2026-06-29T12:32:40.828284+00:00,2026-06-29T12:32:40.829445+00:00,200,1.16,True,
2026-06-29T12:32:41.828521+00:00,2026-06-29T12:32:41.830016+00:00,200,1.5,True,
2026-06-29T12:32:42.828709+00:00,2026-06-29T12:32:42.830230+00:00,200,1.52,True,
2026-06-29T12:32:43.828865+00:00,2026-06-29T12:32:43.830312+00:00,200,1.45,True,
2026-06-29T12:32:44.829202+00:00,2026-06-29T12:32:44.830720+00:00,200,1.52,True,
2026-06-29T12:32:45.829278+00:00,2026-06-29T12:32:45.830769+00:00,200,1.49,True,
2026-06-29T12:32:46.829756+00:00,2026-06-29T12:32:46.830938+00:00,200,1.18,True,
2026-06-29T12:32:47.829841+00:00,2026-06-29T12:32:47.831281+00:00,200,1.44,True,
2026-06-29T12:32:48.829937+00:00,2026-06-29T12:32:48.831443+00:00,200,1.51,True,
2026-06-29T12:32:49.830096+00:00,2026-06-29T12:32:49.831690+00:00,200,1.59,True,
2026-06-29T12:32:50.830569+00:00,2026-06-29T12:32:50.831711+00:00,200,1.14,True,
2026-06-29T12:32:51.830899+00:00,2026-06-29T12:32:51.832163+00:00,200,1.26,True,
2026-06-29T12:32:52.831043+00:00,2026-06-29T12:32:52.832587+00:00,200,1.54,True,
2026-06-29T12:32:53.831191+00:00,2026-06-29T12:32:53.832908+00:00,200,1.72,True,
2026-06-29T12:32:54.831292+00:00,2026-06-29T12:32:54.832455+00:00,200,1.16,True,
2026-06-29T12:32:55.831375+00:00,2026-06-29T12:32:55.833470+00:00,200,2.1,True,
2026-06-29T12:32:56.831586+00:00,2026-06-29T12:32:56.838490+00:00,200,6.9,True,
2026-06-29T12:32:57.831849+00:00,2026-06-29T12:32:57.837126+00:00,200,5.28,True,
2026-06-29T12:32:58.832001+00:00,2026-06-29T12:32:58.836709+00:00,200,4.71,True,
2026-06-29T12:32:59.832159+00:00,2026-06-29T12:32:59.836429+00:00,200,4.27,True,
2026-06-29T12:33:00.832379+00:00,2026-06-29T12:33:00.834268+00:00,200,1.89,True,
2026-06-29T12:33:01.832523+00:00,2026-06-29T12:33:01.834127+00:00,200,1.6,True,
2026-06-29T12:33:02.832739+00:00,2026-06-29T12:33:02.834346+00:00,200,1.61,True,
2026-06-29T12:33:03.832858+00:00,2026-06-29T12:33:03.834036+00:00,200,1.18,True,
2026-06-29T12:33:04.832951+00:00,2026-06-29T12:33:04.834447+00:00,200,1.5,True,
2026-06-29T12:33:05.833138+00:00,2026-06-29T12:33:05.834350+00:00,200,1.21,True,
2026-06-29T12:33:06.833365+00:00,2026-06-29T12:33:06.834708+00:00,200,1.34,True,
2026-06-29T12:33:07.833660+00:00,2026-06-29T12:33:07.835618+00:00,200,1.96,True,
2026-06-29T12:33:08.833765+00:00,2026-06-29T12:33:08.835656+00:00,200,1.89,True,
2026-06-29T12:33:09.834193+00:00,2026-06-29T12:33:09.835911+00:00,200,1.72,True,
2026-06-29T12:33:10.834467+00:00,2026-06-29T12:33:10.836463+00:00,200,2.0,True,
2026-06-29T12:33:11.834734+00:00,2026-06-29T12:33:11.837968+00:00,200,3.23,True,
2026-06-29T12:33:12.835100+00:00,2026-06-29T12:33:12.841587+00:00,200,6.49,True,
2026-06-29T12:33:13.835260+00:00,2026-06-29T12:33:13.837960+00:00,200,2.7,True,
2026-06-29T12:33:14.835689+00:00,2026-06-29T12:33:14.841391+00:00,200,5.7,True,
2026-06-29T12:33:15.836137+00:00,2026-06-29T12:33:15.839520+00:00,200,3.38,True,
2026-06-29T12:33:16.836453+00:00,2026-06-29T12:33:16.843729+00:00,200,7.28,True,
2026-06-29T12:33:17.836830+00:00,2026-06-29T12:33:17.842215+00:00,200,5.38,True,
2026-06-29T12:33:18.837720+00:00,2026-06-29T12:33:18.844632+00:00,200,6.91,True,
2026-06-29T12:33:19.837839+00:00,2026-06-29T12:33:19.841086+00:00,200,3.25,True,
2026-06-29T12:33:20.837998+00:00,2026-06-29T12:33:20.840210+00:00,200,2.21,True,
2026-06-29T12:33:21.838104+00:00,2026-06-29T12:33:21.840207+00:00,200,2.1,True,
2026-06-29T12:33:22.838209+00:00,2026-06-29T12:33:22.840558+00:00,200,2.35,True,
2026-06-29T12:33:23.838408+00:00,2026-06-29T12:33:23.840031+00:00,200,1.62,True,
2026-06-29T12:33:24.838565+00:00,2026-06-29T12:33:24.840290+00:00,200,1.72,True,
2026-06-29T12:33:25.838660+00:00,2026-06-29T12:33:25.840560+00:00,200,1.9,True,
2026-06-29T12:33:26.840407+00:00,2026-06-29T12:33:26.851382+00:00,200,10.97,True,
2026-06-29T12:33:27.840632+00:00,2026-06-29T12:33:27.843457+00:00,200,2.82,True,
2026-06-29T12:33:28.840835+00:00,2026-06-29T12:33:28.847587+00:00,200,6.75,True,
2026-06-29T12:33:29.840973+00:00,2026-06-29T12:33:29.844305+00:00,200,3.33,True,
2026-06-29T12:33:30.841190+00:00,2026-06-29T12:33:30.843964+00:00,200,2.77,True,
2026-06-29T12:33:31.841365+00:00,2026-06-29T12:33:31.849077+00:00,200,7.71,True,
2026-06-29T12:33:32.841698+00:00,2026-06-29T12:33:32.847017+00:00,200,5.32,True,
2026-06-29T12:33:33.841824+00:00,2026-06-29T12:33:33.844769+00:00,200,2.95,True,
2026-06-29T12:33:34.842022+00:00,2026-06-29T12:33:34.845689+00:00,200,3.67,True,
2026-06-29T12:33:35.842196+00:00,2026-06-29T12:33:35.844617+00:00,200,2.42,True,
2026-06-29T12:33:36.842509+00:00,2026-06-29T12:33:36.846122+00:00,200,3.61,True,
2026-06-29T12:33:37.842768+00:00,2026-06-29T12:33:37.844893+00:00,200,2.12,True,
2026-06-29T12:33:38.842877+00:00,2026-06-29T12:33:38.844646+00:00,200,1.77,True,
2026-06-29T12:33:39.843289+00:00,2026-06-29T12:33:39.845079+00:00,200,1.79,True,
2026-06-29T12:33:40.843467+00:00,2026-06-29T12:33:40.844957+00:00,200,1.49,True,
2026-06-29T12:33:41.843822+00:00,2026-06-29T12:33:41.847247+00:00,200,3.43,True,
2026-06-29T12:33:42.844017+00:00,2026-06-29T12:33:42.851611+00:00,200,7.59,True,
2026-06-29T12:33:43.844228+00:00,2026-06-29T12:33:43.851337+00:00,200,7.11,True,
2026-06-29T12:33:44.844470+00:00,2026-06-29T12:33:44.848951+00:00,200,4.48,True,
2026-06-29T12:33:45.844579+00:00,2026-06-29T12:33:45.848201+00:00,200,3.62,True,
2026-06-29T12:33:46.845016+00:00,2026-06-29T12:33:46.850465+00:00,200,5.45,True,
2026-06-29T12:33:47.845433+00:00,2026-06-29T12:33:47.849254+00:00,200,3.82,True,
2026-06-29T12:33:48.845706+00:00,2026-06-29T12:33:48.851162+00:00,200,5.46,True,
2026-06-29T12:33:49.846118+00:00,2026-06-29T12:33:49.848873+00:00,200,2.75,True,
2026-06-29T12:33:50.846301+00:00,2026-06-29T12:33:50.848766+00:00,200,2.47,True,
2026-06-29T12:33:51.846718+00:00,2026-06-29T12:33:51.848587+00:00,200,1.87,True,
2026-06-29T12:33:52.847400+00:00,2026-06-29T12:33:52.849226+00:00,200,1.83,True,
2026-06-29T12:33:53.848204+00:00,2026-06-29T12:33:53.849483+00:00,200,1.28,True,
2026-06-29T12:33:54.848287+00:00,2026-06-29T12:33:54.850321+00:00,200,2.03,True,
2026-06-29T12:33:55.848645+00:00,2026-06-29T12:33:55.853473+00:00,200,4.83,True,
2026-06-29T12:33:56.848758+00:00,2026-06-29T12:33:56.851934+00:00,200,3.18,True,
2026-06-29T12:33:57.848896+00:00,2026-06-29T12:33:57.854203+00:00,200,5.31,True,
2026-06-29T12:33:58.849094+00:00,2026-06-29T12:33:58.857072+00:00,200,7.98,True,
2026-06-29T12:33:59.849310+00:00,2026-06-29T12:33:59.852852+00:00,200,3.54,True,
2026-06-29T12:34:00.849561+00:00,2026-06-29T12:34:00.852704+00:00,200,3.14,True,
2026-06-29T12:34:01.849688+00:00,2026-06-29T12:34:01.852546+00:00,200,2.86,True,
2026-06-29T12:34:02.849877+00:00,2026-06-29T12:34:02.857025+00:00,200,7.15,True,
2026-06-29T12:34:03.850099+00:00,2026-06-29T12:34:03.857475+00:00,200,7.38,True,
2026-06-29T12:34:04.850377+00:00,2026-06-29T12:34:04.852868+00:00,200,2.49,True,
2026-06-29T12:34:05.850657+00:00,2026-06-29T12:34:05.852886+00:00,200,2.23,True,
2026-06-29T12:34:06.850746+00:00,2026-06-29T12:34:06.852507+00:00,200,1.76,True,
2026-06-29T12:34:07.851113+00:00,2026-06-29T12:34:07.852906+00:00,200,1.79,True,
2026-06-29T12:34:08.851327+00:00,2026-06-29T12:34:08.853174+00:00,200,1.85,True,
2026-06-29T12:34:09.851433+00:00,2026-06-29T12:34:09.853857+00:00,200,2.42,True,
2026-06-29T12:34:10.851618+00:00,2026-06-29T12:34:10.853549+00:00,200,1.93,True,
2026-06-29T12:34:11.852038+00:00,2026-06-29T12:34:11.856017+00:00,200,3.98,True,
2026-06-29T12:34:12.852201+00:00,2026-06-29T12:34:12.855682+00:00,200,3.48,True,
2026-06-29T12:34:13.852379+00:00,2026-06-29T12:34:13.859599+00:00,200,7.22,True,
2026-06-29T12:34:14.853248+00:00,2026-06-29T12:34:14.858567+00:00,200,5.32,True,
