timestamp,node,status
2026-06-29T10:24:33+00:00,k3s-s1,Ready
2026-06-29T10:24:33+00:00,k3s-s2,Ready
2026-06-29T10:24:33+00:00,k3s-s3,Ready
2026-06-29T10:24:33+00:00,k3s-w1,Ready
2026-06-29T10:24:33+00:00,k3s-w2,Ready
2026-06-29T10:24:34+00:00,k3s-s1,Ready
2026-06-29T10:24:34+00:00,k3s-s2,Ready
2026-06-29T10:24:34+00:00,k3s-s3,Ready
2026-06-29T10:24:34+00:00,k3s-w1,Ready
2026-06-29T10:24:34+00:00,k3s-w2,Ready
2026-06-29T10:24:35+00:00,k3s-s1,Ready
2026-06-29T10:24:35+00:00,k3s-s2,Ready
2026-06-29T10:24:35+00:00,k3s-s3,Ready
2026-06-29T10:24:35+00:00,k3s-w1,Ready
2026-06-29T10:24:35+00:00,k3s-w2,Ready
2026-06-29T10:24:36+00:00,k3s-s1,Ready
2026-06-29T10:24:36+00:00,k3s-s2,Ready
2026-06-29T10:24:36+00:00,k3s-s3,Ready
2026-06-29T10:24:36+00:00,k3s-w1,Ready
2026-06-29T10:24:36+00:00,k3s-w2,Ready
2026-06-29T10:24:38+00:00,k3s-s1,Ready
2026-06-29T10:24:38+00:00,k3s-s2,Ready
2026-06-29T10:24:38+00:00,k3s-s3,Ready
2026-06-29T10:24:38+00:00,k3s-w1,Ready
2026-06-29T10:24:38+00:00,k3s-w2,Ready
2026-06-29T10:24:39+00:00,k3s-s1,Ready
2026-06-29T10:24:39+00:00,k3s-s2,Ready
2026-06-29T10:24:39+00:00,k3s-s3,Ready
2026-06-29T10:24:39+00:00,k3s-w1,Ready
2026-06-29T10:24:39+00:00,k3s-w2,Ready
2026-06-29T10:24:40+00:00,k3s-s1,Ready
2026-06-29T10:24:40+00:00,k3s-s2,Ready
2026-06-29T10:24:40+00:00,k3s-s3,Ready
2026-06-29T10:24:40+00:00,k3s-w1,Ready
2026-06-29T10:24:40+00:00,k3s-w2,Ready
2026-06-29T10:24:41+00:00,k3s-s1,Ready
2026-06-29T10:24:41+00:00,k3s-s2,Ready
2026-06-29T10:24:41+00:00,k3s-s3,Ready
2026-06-29T10:24:41+00:00,k3s-w1,Ready
2026-06-29T10:24:41+00:00,k3s-w2,Ready
2026-06-29T10:24:42+00:00,k3s-s1,Ready
2026-06-29T10:24:42+00:00,k3s-s2,Ready
2026-06-29T10:24:42+00:00,k3s-s3,Ready
2026-06-29T10:24:42+00:00,k3s-w1,Ready
2026-06-29T10:24:42+00:00,k3s-w2,Ready
2026-06-29T10:24:43+00:00,k3s-s1,Ready
2026-06-29T10:24:43+00:00,k3s-s2,Ready
2026-06-29T10:24:43+00:00,k3s-s3,Ready
2026-06-29T10:24:43+00:00,k3s-w1,Ready
2026-06-29T10:24:43+00:00,k3s-w2,Ready
2026-06-29T10:24:44+00:00,k3s-s1,Ready
2026-06-29T10:24:44+00:00,k3s-s2,Ready
2026-06-29T10:24:44+00:00,k3s-s3,Ready
2026-06-29T10:24:44+00:00,k3s-w1,Ready
2026-06-29T10:24:44+00:00,k3s-w2,Ready
2026-06-29T10:24:45+00:00,k3s-s1,Ready
2026-06-29T10:24:45+00:00,k3s-s2,Ready
2026-06-29T10:24:45+00:00,k3s-s3,Ready
2026-06-29T10:24:45+00:00,k3s-w1,Ready
2026-06-29T10:24:45+00:00,k3s-w2,Ready
2026-06-29T10:24:46+00:00,k3s-s1,Ready
2026-06-29T10:24:46+00:00,k3s-s2,Ready
2026-06-29T10:24:46+00:00,k3s-s3,Ready
2026-06-29T10:24:46+00:00,k3s-w1,Ready
2026-06-29T10:24:46+00:00,k3s-w2,Ready
2026-06-29T10:24:47+00:00,k3s-s1,Ready
2026-06-29T10:24:47+00:00,k3s-s2,Ready
2026-06-29T10:24:47+00:00,k3s-s3,Ready
2026-06-29T10:24:47+00:00,k3s-w1,Ready
2026-06-29T10:24:47+00:00,k3s-w2,Ready
2026-06-29T10:24:48+00:00,k3s-s1,Ready
2026-06-29T10:24:48+00:00,k3s-s2,Ready
2026-06-29T10:24:48+00:00,k3s-s3,Ready
2026-06-29T10:24:48+00:00,k3s-w1,Ready
2026-06-29T10:24:48+00:00,k3s-w2,Ready
2026-06-29T10:24:49+00:00,k3s-s1,Ready
2026-06-29T10:24:49+00:00,k3s-s2,Ready
2026-06-29T10:24:49+00:00,k3s-s3,Ready
2026-06-29T10:24:49+00:00,k3s-w1,Ready
2026-06-29T10:24:49+00:00,k3s-w2,Ready
2026-06-29T10:24:50+00:00,k3s-s1,Ready
2026-06-29T10:24:50+00:00,k3s-s2,Ready
2026-06-29T10:24:50+00:00,k3s-s3,Ready
2026-06-29T10:24:50+00:00,k3s-w1,Ready
2026-06-29T10:24:50+00:00,k3s-w2,Ready
2026-06-29T10:24:51+00:00,k3s-s1,Ready
2026-06-29T10:24:51+00:00,k3s-s2,Ready
2026-06-29T10:24:51+00:00,k3s-s3,Ready
2026-06-29T10:24:51+00:00,k3s-w1,Ready
2026-06-29T10:24:51+00:00,k3s-w2,Ready
2026-06-29T10:24:53+00:00,k3s-s1,Ready
2026-06-29T10:24:53+00:00,k3s-s2,Ready
2026-06-29T10:24:53+00:00,k3s-s3,Ready
2026-06-29T10:24:53+00:00,k3s-w1,Ready
2026-06-29T10:24:53+00:00,k3s-w2,Ready
2026-06-29T10:24:54+00:00,k3s-s1,Ready
2026-06-29T10:24:54+00:00,k3s-s2,Ready
2026-06-29T10:24:54+00:00,k3s-s3,Ready
2026-06-29T10:24:54+00:00,k3s-w1,Ready
2026-06-29T10:24:54+00:00,k3s-w2,Ready
2026-06-29T10:24:55+00:00,k3s-s1,Ready
2026-06-29T10:24:55+00:00,k3s-s2,Ready
2026-06-29T10:24:55+00:00,k3s-s3,Ready
2026-06-29T10:24:55+00:00,k3s-w1,Ready
2026-06-29T10:24:55+00:00,k3s-w2,Ready
2026-06-29T10:24:56+00:00,k3s-s1,Ready
2026-06-29T10:24:56+00:00,k3s-s2,Ready
2026-06-29T10:24:56+00:00,k3s-s3,Ready
2026-06-29T10:24:56+00:00,k3s-w1,Ready
2026-06-29T10:24:56+00:00,k3s-w2,Ready
2026-06-29T10:24:57+00:00,k3s-s1,Ready
2026-06-29T10:24:57+00:00,k3s-s2,Ready
2026-06-29T10:24:57+00:00,k3s-s3,Ready
2026-06-29T10:24:57+00:00,k3s-w1,Ready
2026-06-29T10:24:57+00:00,k3s-w2,Ready
2026-06-29T10:24:58+00:00,k3s-s1,Ready
2026-06-29T10:24:58+00:00,k3s-s2,Ready
2026-06-29T10:24:58+00:00,k3s-s3,Ready
2026-06-29T10:24:58+00:00,k3s-w1,Ready
2026-06-29T10:24:58+00:00,k3s-w2,Ready
2026-06-29T10:24:59+00:00,k3s-s1,Ready
2026-06-29T10:24:59+00:00,k3s-s2,Ready
2026-06-29T10:24:59+00:00,k3s-s3,Ready
2026-06-29T10:24:59+00:00,k3s-w1,Ready
2026-06-29T10:24:59+00:00,k3s-w2,Ready
2026-06-29T10:25:00+00:00,k3s-s1,Ready
2026-06-29T10:25:00+00:00,k3s-s2,Ready
2026-06-29T10:25:00+00:00,k3s-s3,Ready
2026-06-29T10:25:00+00:00,k3s-w1,Ready
2026-06-29T10:25:00+00:00,k3s-w2,Ready
2026-06-29T10:25:01+00:00,k3s-s1,Ready
2026-06-29T10:25:01+00:00,k3s-s2,Ready
2026-06-29T10:25:01+00:00,k3s-s3,Ready
2026-06-29T10:25:01+00:00,k3s-w1,Ready
2026-06-29T10:25:01+00:00,k3s-w2,Ready
2026-06-29T10:25:02+00:00,k3s-s1,Ready
2026-06-29T10:25:02+00:00,k3s-s2,Ready
2026-06-29T10:25:02+00:00,k3s-s3,Ready
2026-06-29T10:25:02+00:00,k3s-w1,Ready
2026-06-29T10:25:02+00:00,k3s-w2,Ready
2026-06-29T10:25:03+00:00,k3s-s1,Ready
2026-06-29T10:25:03+00:00,k3s-s2,Ready
2026-06-29T10:25:03+00:00,k3s-s3,Ready
2026-06-29T10:25:03+00:00,k3s-w1,Ready
2026-06-29T10:25:03+00:00,k3s-w2,Ready
2026-06-29T10:25:04+00:00,k3s-s1,Ready
2026-06-29T10:25:04+00:00,k3s-s2,Ready
2026-06-29T10:25:04+00:00,k3s-s3,Ready
2026-06-29T10:25:04+00:00,k3s-w1,Ready
2026-06-29T10:25:04+00:00,k3s-w2,Ready
2026-06-29T10:25:05+00:00,k3s-s1,Ready
2026-06-29T10:25:05+00:00,k3s-s2,Ready
2026-06-29T10:25:05+00:00,k3s-s3,Ready
2026-06-29T10:25:05+00:00,k3s-w1,Ready
2026-06-29T10:25:05+00:00,k3s-w2,Ready
2026-06-29T10:25:07+00:00,k3s-s1,Ready
2026-06-29T10:25:07+00:00,k3s-s2,Ready
2026-06-29T10:25:07+00:00,k3s-s3,Ready
2026-06-29T10:25:07+00:00,k3s-w1,Ready
2026-06-29T10:25:07+00:00,k3s-w2,Ready
2026-06-29T10:25:08+00:00,k3s-s1,Ready
2026-06-29T10:25:08+00:00,k3s-s2,Ready
2026-06-29T10:25:08+00:00,k3s-s3,Ready
2026-06-29T10:25:08+00:00,k3s-w1,Ready
2026-06-29T10:25:08+00:00,k3s-w2,Ready
2026-06-29T10:25:09+00:00,k3s-s1,Ready
2026-06-29T10:25:09+00:00,k3s-s2,Ready
2026-06-29T10:25:09+00:00,k3s-s3,Ready
2026-06-29T10:25:09+00:00,k3s-w1,Ready
2026-06-29T10:25:09+00:00,k3s-w2,Ready
2026-06-29T10:25:10+00:00,k3s-s1,Ready
2026-06-29T10:25:10+00:00,k3s-s2,Ready
2026-06-29T10:25:10+00:00,k3s-s3,Ready
2026-06-29T10:25:10+00:00,k3s-w1,Ready
2026-06-29T10:25:10+00:00,k3s-w2,Ready
2026-06-29T10:25:11+00:00,k3s-s1,Ready
2026-06-29T10:25:11+00:00,k3s-s2,Ready
2026-06-29T10:25:11+00:00,k3s-s3,Ready
2026-06-29T10:25:11+00:00,k3s-w1,Ready
2026-06-29T10:25:11+00:00,k3s-w2,Ready
2026-06-29T10:25:12+00:00,k3s-s1,Ready
2026-06-29T10:25:12+00:00,k3s-s2,Ready
2026-06-29T10:25:12+00:00,k3s-s3,Ready
2026-06-29T10:25:12+00:00,k3s-w1,Ready
2026-06-29T10:25:12+00:00,k3s-w2,Ready
2026-06-29T10:25:13+00:00,k3s-s1,Ready
2026-06-29T10:25:13+00:00,k3s-s2,Ready
2026-06-29T10:25:13+00:00,k3s-s3,Ready
2026-06-29T10:25:13+00:00,k3s-w1,Ready
2026-06-29T10:25:13+00:00,k3s-w2,Ready
2026-06-29T10:25:14+00:00,k3s-s1,Ready
2026-06-29T10:25:14+00:00,k3s-s2,Ready
2026-06-29T10:25:14+00:00,k3s-s3,Ready
2026-06-29T10:25:14+00:00,k3s-w1,Ready
2026-06-29T10:25:14+00:00,k3s-w2,Ready
2026-06-29T10:25:15+00:00,k3s-s1,Ready
2026-06-29T10:25:15+00:00,k3s-s2,Ready
2026-06-29T10:25:15+00:00,k3s-s3,Ready
2026-06-29T10:25:15+00:00,k3s-w1,Ready
2026-06-29T10:25:15+00:00,k3s-w2,Ready
2026-06-29T10:25:16+00:00,k3s-s1,Ready
2026-06-29T10:25:16+00:00,k3s-s2,Ready
2026-06-29T10:25:16+00:00,k3s-s3,Ready
2026-06-29T10:25:16+00:00,k3s-w1,Ready
2026-06-29T10:25:16+00:00,k3s-w2,Ready
2026-06-29T10:25:17+00:00,k3s-s1,Ready
2026-06-29T10:25:17+00:00,k3s-s2,Ready
2026-06-29T10:25:17+00:00,k3s-s3,Ready
2026-06-29T10:25:17+00:00,k3s-w1,Ready
2026-06-29T10:25:17+00:00,k3s-w2,Ready
2026-06-29T10:25:18+00:00,k3s-s1,Ready
2026-06-29T10:25:18+00:00,k3s-s2,Ready
2026-06-29T10:25:18+00:00,k3s-s3,Ready
2026-06-29T10:25:18+00:00,k3s-w1,Ready
2026-06-29T10:25:18+00:00,k3s-w2,Ready
2026-06-29T10:25:19+00:00,k3s-s1,Ready
2026-06-29T10:25:19+00:00,k3s-s2,Ready
2026-06-29T10:25:19+00:00,k3s-s3,Ready
2026-06-29T10:25:19+00:00,k3s-w1,Ready
2026-06-29T10:25:19+00:00,k3s-w2,Ready
2026-06-29T10:25:20+00:00,k3s-s1,Ready
2026-06-29T10:25:20+00:00,k3s-s2,Ready
2026-06-29T10:25:20+00:00,k3s-s3,Ready
2026-06-29T10:25:20+00:00,k3s-w1,Ready
2026-06-29T10:25:20+00:00,k3s-w2,Ready
2026-06-29T10:25:22+00:00,k3s-s1,Ready
2026-06-29T10:25:22+00:00,k3s-s2,Ready
2026-06-29T10:25:22+00:00,k3s-s3,Ready
2026-06-29T10:25:22+00:00,k3s-w1,Ready
2026-06-29T10:25:22+00:00,k3s-w2,Ready
2026-06-29T10:25:23+00:00,k3s-s1,Ready
2026-06-29T10:25:23+00:00,k3s-s2,Ready
2026-06-29T10:25:23+00:00,k3s-s3,Ready
2026-06-29T10:25:23+00:00,k3s-w1,Ready
2026-06-29T10:25:23+00:00,k3s-w2,Ready
2026-06-29T10:25:24+00:00,k3s-s1,Ready
2026-06-29T10:25:24+00:00,k3s-s2,Ready
2026-06-29T10:25:24+00:00,k3s-s3,Ready
2026-06-29T10:25:24+00:00,k3s-w1,Ready
2026-06-29T10:25:24+00:00,k3s-w2,Ready
2026-06-29T10:25:25+00:00,k3s-s1,Ready
2026-06-29T10:25:25+00:00,k3s-s2,Ready
2026-06-29T10:25:25+00:00,k3s-s3,Ready
2026-06-29T10:25:25+00:00,k3s-w1,Ready
2026-06-29T10:25:25+00:00,k3s-w2,Ready
2026-06-29T10:25:26+00:00,k3s-s1,Ready
2026-06-29T10:25:26+00:00,k3s-s2,Ready
2026-06-29T10:25:26+00:00,k3s-s3,Ready
2026-06-29T10:25:26+00:00,k3s-w1,Ready
2026-06-29T10:25:26+00:00,k3s-w2,Ready
2026-06-29T10:25:27+00:00,k3s-s1,Ready
2026-06-29T10:25:27+00:00,k3s-s2,Ready
2026-06-29T10:25:27+00:00,k3s-s3,Ready
2026-06-29T10:25:27+00:00,k3s-w1,Ready
2026-06-29T10:25:27+00:00,k3s-w2,Ready
2026-06-29T10:25:28+00:00,k3s-s1,Ready
2026-06-29T10:25:28+00:00,k3s-s2,Ready
2026-06-29T10:25:28+00:00,k3s-s3,Ready
2026-06-29T10:25:28+00:00,k3s-w1,Ready
2026-06-29T10:25:28+00:00,k3s-w2,Ready
2026-06-29T10:25:29+00:00,k3s-s1,Ready
2026-06-29T10:25:29+00:00,k3s-s2,Ready
2026-06-29T10:25:29+00:00,k3s-s3,Ready
2026-06-29T10:25:29+00:00,k3s-w1,Ready
2026-06-29T10:25:29+00:00,k3s-w2,Ready
2026-06-29T10:25:30+00:00,k3s-s1,Ready
2026-06-29T10:25:30+00:00,k3s-s2,Ready
2026-06-29T10:25:30+00:00,k3s-s3,Ready
2026-06-29T10:25:30+00:00,k3s-w1,Ready
2026-06-29T10:25:30+00:00,k3s-w2,Ready
2026-06-29T10:25:31+00:00,k3s-s1,Ready
2026-06-29T10:25:31+00:00,k3s-s2,Ready
2026-06-29T10:25:31+00:00,k3s-s3,Ready
2026-06-29T10:25:31+00:00,k3s-w1,Ready
2026-06-29T10:25:31+00:00,k3s-w2,Ready
2026-06-29T10:25:32+00:00,k3s-s1,Ready
2026-06-29T10:25:32+00:00,k3s-s2,Ready
2026-06-29T10:25:32+00:00,k3s-s3,Ready
2026-06-29T10:25:32+00:00,k3s-w1,Ready
2026-06-29T10:25:32+00:00,k3s-w2,Ready
2026-06-29T10:25:33+00:00,k3s-s1,Ready
2026-06-29T10:25:33+00:00,k3s-s2,Ready
2026-06-29T10:25:33+00:00,k3s-s3,Ready
2026-06-29T10:25:33+00:00,k3s-w1,Ready
2026-06-29T10:25:33+00:00,k3s-w2,Ready
2026-06-29T10:25:34+00:00,k3s-s1,Ready
2026-06-29T10:25:34+00:00,k3s-s2,Ready
2026-06-29T10:25:34+00:00,k3s-s3,Ready
2026-06-29T10:25:34+00:00,k3s-w1,Ready
2026-06-29T10:25:34+00:00,k3s-w2,Ready
2026-06-29T10:25:35+00:00,k3s-s1,Ready
2026-06-29T10:25:35+00:00,k3s-s2,Ready
2026-06-29T10:25:35+00:00,k3s-s3,Ready
2026-06-29T10:25:35+00:00,k3s-w1,Ready
2026-06-29T10:25:35+00:00,k3s-w2,Ready
2026-06-29T10:25:36+00:00,k3s-s1,Ready
2026-06-29T10:25:36+00:00,k3s-s2,Ready
2026-06-29T10:25:36+00:00,k3s-s3,Ready
2026-06-29T10:25:36+00:00,k3s-w1,Ready
2026-06-29T10:25:36+00:00,k3s-w2,Ready
2026-06-29T10:25:38+00:00,k3s-s1,Ready
2026-06-29T10:25:38+00:00,k3s-s2,Ready
2026-06-29T10:25:38+00:00,k3s-s3,Ready
2026-06-29T10:25:38+00:00,k3s-w1,Ready
2026-06-29T10:25:38+00:00,k3s-w2,Ready
2026-06-29T10:25:39+00:00,k3s-s1,Ready
2026-06-29T10:25:39+00:00,k3s-s2,Ready
2026-06-29T10:25:39+00:00,k3s-s3,Ready
2026-06-29T10:25:39+00:00,k3s-w1,Ready
2026-06-29T10:25:39+00:00,k3s-w2,Ready
2026-06-29T10:25:40+00:00,k3s-s1,Ready
2026-06-29T10:25:40+00:00,k3s-s2,Ready
2026-06-29T10:25:40+00:00,k3s-s3,Ready
2026-06-29T10:25:40+00:00,k3s-w1,Ready
2026-06-29T10:25:40+00:00,k3s-w2,Ready
2026-06-29T10:25:41+00:00,k3s-s1,Ready
2026-06-29T10:25:41+00:00,k3s-s2,Ready
2026-06-29T10:25:41+00:00,k3s-s3,Ready
2026-06-29T10:25:41+00:00,k3s-w1,Ready
2026-06-29T10:25:41+00:00,k3s-w2,Ready
2026-06-29T10:25:42+00:00,k3s-s1,Ready
2026-06-29T10:25:42+00:00,k3s-s2,Ready
2026-06-29T10:25:42+00:00,k3s-s3,Ready
2026-06-29T10:25:42+00:00,k3s-w1,Ready
2026-06-29T10:25:42+00:00,k3s-w2,Ready
2026-06-29T10:25:43+00:00,k3s-s1,Ready
2026-06-29T10:25:43+00:00,k3s-s2,Ready
2026-06-29T10:25:43+00:00,k3s-s3,Ready
2026-06-29T10:25:43+00:00,k3s-w1,Ready
2026-06-29T10:25:43+00:00,k3s-w2,Ready
2026-06-29T10:25:44+00:00,k3s-s1,Ready
2026-06-29T10:25:44+00:00,k3s-s2,Ready
2026-06-29T10:25:44+00:00,k3s-s3,Ready
2026-06-29T10:25:44+00:00,k3s-w1,Ready
2026-06-29T10:25:44+00:00,k3s-w2,Ready
2026-06-29T10:25:45+00:00,k3s-s1,Ready
2026-06-29T10:25:45+00:00,k3s-s2,Ready
2026-06-29T10:25:45+00:00,k3s-s3,Ready
2026-06-29T10:25:45+00:00,k3s-w1,Ready
2026-06-29T10:25:45+00:00,k3s-w2,Ready
2026-06-29T10:25:46+00:00,k3s-s1,Ready
2026-06-29T10:25:46+00:00,k3s-s2,Ready
2026-06-29T10:25:46+00:00,k3s-s3,Ready
2026-06-29T10:25:46+00:00,k3s-w1,Ready
2026-06-29T10:25:46+00:00,k3s-w2,Ready
2026-06-29T10:25:47+00:00,k3s-s1,Ready
2026-06-29T10:25:47+00:00,k3s-s2,Ready
2026-06-29T10:25:47+00:00,k3s-s3,Ready
2026-06-29T10:25:47+00:00,k3s-w1,Ready
2026-06-29T10:25:47+00:00,k3s-w2,Ready
2026-06-29T10:25:48+00:00,k3s-s1,Ready
2026-06-29T10:25:48+00:00,k3s-s2,Ready
2026-06-29T10:25:48+00:00,k3s-s3,Ready
2026-06-29T10:25:48+00:00,k3s-w1,Ready
2026-06-29T10:25:48+00:00,k3s-w2,Ready
2026-06-29T10:25:49+00:00,k3s-s1,Ready
2026-06-29T10:25:49+00:00,k3s-s2,Ready
2026-06-29T10:25:49+00:00,k3s-s3,Ready
2026-06-29T10:25:49+00:00,k3s-w1,Ready
2026-06-29T10:25:49+00:00,k3s-w2,Ready
2026-06-29T10:25:50+00:00,k3s-s1,Ready
2026-06-29T10:25:50+00:00,k3s-s2,Ready
2026-06-29T10:25:50+00:00,k3s-s3,Ready
2026-06-29T10:25:50+00:00,k3s-w1,Ready
2026-06-29T10:25:50+00:00,k3s-w2,Ready
2026-06-29T10:25:52+00:00,k3s-s1,Ready
2026-06-29T10:25:52+00:00,k3s-s2,Ready
2026-06-29T10:25:52+00:00,k3s-s3,Ready
2026-06-29T10:25:52+00:00,k3s-w1,Ready
2026-06-29T10:25:52+00:00,k3s-w2,Ready
2026-06-29T10:25:53+00:00,k3s-s1,Ready
2026-06-29T10:25:53+00:00,k3s-s2,Ready
2026-06-29T10:25:53+00:00,k3s-s3,Ready
2026-06-29T10:25:53+00:00,k3s-w1,Ready
2026-06-29T10:25:53+00:00,k3s-w2,Ready
2026-06-29T10:25:54+00:00,k3s-s1,Ready
2026-06-29T10:25:54+00:00,k3s-s2,Ready
2026-06-29T10:25:54+00:00,k3s-s3,Ready
2026-06-29T10:25:54+00:00,k3s-w1,Ready
2026-06-29T10:25:54+00:00,k3s-w2,Ready
2026-06-29T10:25:55+00:00,k3s-s1,Ready
2026-06-29T10:25:55+00:00,k3s-s2,Ready
2026-06-29T10:25:55+00:00,k3s-s3,Ready
2026-06-29T10:25:55+00:00,k3s-w1,Ready
2026-06-29T10:25:55+00:00,k3s-w2,Ready
2026-06-29T10:25:56+00:00,k3s-s1,Ready
2026-06-29T10:25:56+00:00,k3s-s2,Ready
2026-06-29T10:25:56+00:00,k3s-s3,Ready
2026-06-29T10:25:56+00:00,k3s-w1,Ready
2026-06-29T10:25:56+00:00,k3s-w2,Ready
2026-06-29T10:25:57+00:00,k3s-s1,Ready
2026-06-29T10:25:57+00:00,k3s-s2,Ready
2026-06-29T10:25:57+00:00,k3s-s3,Ready
2026-06-29T10:25:57+00:00,k3s-w1,Ready
2026-06-29T10:25:57+00:00,k3s-w2,Ready
2026-06-29T10:25:58+00:00,k3s-s1,Ready
2026-06-29T10:25:58+00:00,k3s-s2,Ready
2026-06-29T10:25:58+00:00,k3s-s3,Ready
2026-06-29T10:25:58+00:00,k3s-w1,Ready
2026-06-29T10:25:58+00:00,k3s-w2,Ready
2026-06-29T10:25:59+00:00,k3s-s1,Ready
2026-06-29T10:25:59+00:00,k3s-s2,Ready
2026-06-29T10:25:59+00:00,k3s-s3,Ready
2026-06-29T10:25:59+00:00,k3s-w1,Ready
2026-06-29T10:25:59+00:00,k3s-w2,Ready
2026-06-29T10:26:00+00:00,k3s-s1,Ready
2026-06-29T10:26:00+00:00,k3s-s2,Ready
2026-06-29T10:26:00+00:00,k3s-s3,Ready
2026-06-29T10:26:00+00:00,k3s-w1,Ready
2026-06-29T10:26:00+00:00,k3s-w2,Ready
2026-06-29T10:26:01+00:00,k3s-s1,Ready
2026-06-29T10:26:01+00:00,k3s-s2,Ready
2026-06-29T10:26:01+00:00,k3s-s3,Ready
2026-06-29T10:26:01+00:00,k3s-w1,Ready
2026-06-29T10:26:01+00:00,k3s-w2,Ready
2026-06-29T10:26:02+00:00,k3s-s1,Ready
2026-06-29T10:26:02+00:00,k3s-s2,Ready
2026-06-29T10:26:02+00:00,k3s-s3,Ready
2026-06-29T10:26:02+00:00,k3s-w1,Ready
2026-06-29T10:26:02+00:00,k3s-w2,Ready
2026-06-29T10:26:03+00:00,k3s-s1,Ready
2026-06-29T10:26:03+00:00,k3s-s2,Ready
2026-06-29T10:26:03+00:00,k3s-s3,Ready
2026-06-29T10:26:03+00:00,k3s-w1,Ready
2026-06-29T10:26:03+00:00,k3s-w2,Ready
2026-06-29T10:26:04+00:00,k3s-s1,Ready
2026-06-29T10:26:04+00:00,k3s-s2,Ready
2026-06-29T10:26:04+00:00,k3s-s3,Ready
2026-06-29T10:26:04+00:00,k3s-w1,Ready
2026-06-29T10:26:04+00:00,k3s-w2,Ready
2026-06-29T10:26:05+00:00,k3s-s1,Ready
2026-06-29T10:26:05+00:00,k3s-s2,Ready
2026-06-29T10:26:05+00:00,k3s-s3,Ready
2026-06-29T10:26:05+00:00,k3s-w1,Ready
2026-06-29T10:26:05+00:00,k3s-w2,Ready
2026-06-29T10:26:06+00:00,k3s-s1,Ready
2026-06-29T10:26:06+00:00,k3s-s2,Ready
2026-06-29T10:26:06+00:00,k3s-s3,Ready
2026-06-29T10:26:06+00:00,k3s-w1,Ready
2026-06-29T10:26:06+00:00,k3s-w2,Ready
2026-06-29T10:26:08+00:00,k3s-s1,Ready
2026-06-29T10:26:08+00:00,k3s-s2,Ready
2026-06-29T10:26:08+00:00,k3s-s3,Ready
2026-06-29T10:26:08+00:00,k3s-w1,Ready
2026-06-29T10:26:08+00:00,k3s-w2,Ready
2026-06-29T10:26:09+00:00,k3s-s1,Ready
2026-06-29T10:26:09+00:00,k3s-s2,Ready
2026-06-29T10:26:09+00:00,k3s-s3,Ready
2026-06-29T10:26:09+00:00,k3s-w1,Ready
2026-06-29T10:26:09+00:00,k3s-w2,Ready
2026-06-29T10:26:10+00:00,k3s-s1,Ready
2026-06-29T10:26:10+00:00,k3s-s2,Ready
2026-06-29T10:26:10+00:00,k3s-s3,Ready
2026-06-29T10:26:10+00:00,k3s-w1,Ready
2026-06-29T10:26:10+00:00,k3s-w2,Ready
2026-06-29T10:26:11+00:00,k3s-s1,Ready
2026-06-29T10:26:11+00:00,k3s-s2,Ready
2026-06-29T10:26:11+00:00,k3s-s3,Ready
2026-06-29T10:26:11+00:00,k3s-w1,Ready
2026-06-29T10:26:11+00:00,k3s-w2,Ready
2026-06-29T10:26:12+00:00,k3s-s1,Ready
2026-06-29T10:26:12+00:00,k3s-s2,NotReady
2026-06-29T10:26:12+00:00,k3s-s3,Ready
2026-06-29T10:26:12+00:00,k3s-w1,Ready
2026-06-29T10:26:12+00:00,k3s-w2,Ready
2026-06-29T10:26:13+00:00,k3s-s1,Ready
2026-06-29T10:26:13+00:00,k3s-s2,NotReady
2026-06-29T10:26:13+00:00,k3s-s3,Ready
2026-06-29T10:26:13+00:00,k3s-w1,Ready
2026-06-29T10:26:13+00:00,k3s-w2,Ready
2026-06-29T10:26:14+00:00,k3s-s1,Ready
2026-06-29T10:26:14+00:00,k3s-s2,NotReady
2026-06-29T10:26:14+00:00,k3s-s3,Ready
2026-06-29T10:26:14+00:00,k3s-w1,Ready
2026-06-29T10:26:14+00:00,k3s-w2,Ready
2026-06-29T10:26:15+00:00,k3s-s1,Ready
2026-06-29T10:26:15+00:00,k3s-s2,NotReady
2026-06-29T10:26:15+00:00,k3s-s3,Ready
2026-06-29T10:26:15+00:00,k3s-w1,Ready
2026-06-29T10:26:15+00:00,k3s-w2,Ready
2026-06-29T10:26:16+00:00,k3s-s1,Ready
2026-06-29T10:26:16+00:00,k3s-s2,NotReady
2026-06-29T10:26:16+00:00,k3s-s3,Ready
2026-06-29T10:26:16+00:00,k3s-w1,Ready
2026-06-29T10:26:16+00:00,k3s-w2,Ready
2026-06-29T10:26:17+00:00,k3s-s1,Ready
2026-06-29T10:26:17+00:00,k3s-s2,NotReady
2026-06-29T10:26:17+00:00,k3s-s3,Ready
2026-06-29T10:26:17+00:00,k3s-w1,Ready
2026-06-29T10:26:17+00:00,k3s-w2,Ready
2026-06-29T10:26:18+00:00,k3s-s1,Ready
2026-06-29T10:26:18+00:00,k3s-s2,NotReady
2026-06-29T10:26:18+00:00,k3s-s3,Ready
2026-06-29T10:26:18+00:00,k3s-w1,Ready
2026-06-29T10:26:18+00:00,k3s-w2,Ready
2026-06-29T10:26:19+00:00,k3s-s1,Ready
2026-06-29T10:26:19+00:00,k3s-s2,NotReady
2026-06-29T10:26:19+00:00,k3s-s3,Ready
2026-06-29T10:26:19+00:00,k3s-w1,Ready
2026-06-29T10:26:19+00:00,k3s-w2,Ready
2026-06-29T10:26:20+00:00,k3s-s1,Ready
2026-06-29T10:26:20+00:00,k3s-s2,NotReady
2026-06-29T10:26:20+00:00,k3s-s3,Ready
2026-06-29T10:26:20+00:00,k3s-w1,Ready
2026-06-29T10:26:20+00:00,k3s-w2,Ready
2026-06-29T10:26:22+00:00,k3s-s1,Ready
2026-06-29T10:26:22+00:00,k3s-s2,NotReady
2026-06-29T10:26:22+00:00,k3s-s3,Ready
2026-06-29T10:26:22+00:00,k3s-w1,Ready
2026-06-29T10:26:22+00:00,k3s-w2,Ready
2026-06-29T10:26:23+00:00,k3s-s1,Ready
2026-06-29T10:26:23+00:00,k3s-s2,NotReady
2026-06-29T10:26:23+00:00,k3s-s3,Ready
2026-06-29T10:26:23+00:00,k3s-w1,Ready
2026-06-29T10:26:23+00:00,k3s-w2,Ready
2026-06-29T10:26:24+00:00,k3s-s1,Ready
2026-06-29T10:26:24+00:00,k3s-s2,NotReady
2026-06-29T10:26:24+00:00,k3s-s3,Ready
2026-06-29T10:26:24+00:00,k3s-w1,Ready
2026-06-29T10:26:24+00:00,k3s-w2,Ready
2026-06-29T10:26:25+00:00,k3s-s1,Ready
2026-06-29T10:26:25+00:00,k3s-s2,NotReady
2026-06-29T10:26:25+00:00,k3s-s3,Ready
2026-06-29T10:26:25+00:00,k3s-w1,Ready
2026-06-29T10:26:25+00:00,k3s-w2,Ready
2026-06-29T10:26:26+00:00,k3s-s1,Ready
2026-06-29T10:26:26+00:00,k3s-s2,NotReady
2026-06-29T10:26:26+00:00,k3s-s3,Ready
2026-06-29T10:26:26+00:00,k3s-w1,Ready
2026-06-29T10:26:26+00:00,k3s-w2,Ready
2026-06-29T10:26:27+00:00,k3s-s1,Ready
2026-06-29T10:26:27+00:00,k3s-s2,NotReady
2026-06-29T10:26:27+00:00,k3s-s3,Ready
2026-06-29T10:26:27+00:00,k3s-w1,Ready
2026-06-29T10:26:27+00:00,k3s-w2,Ready
2026-06-29T10:26:28+00:00,k3s-s1,Ready
2026-06-29T10:26:28+00:00,k3s-s2,NotReady
2026-06-29T10:26:28+00:00,k3s-s3,Ready
2026-06-29T10:26:28+00:00,k3s-w1,Ready
2026-06-29T10:26:28+00:00,k3s-w2,Ready
2026-06-29T10:26:29+00:00,k3s-s1,Ready
2026-06-29T10:26:29+00:00,k3s-s2,NotReady
2026-06-29T10:26:29+00:00,k3s-s3,Ready
2026-06-29T10:26:29+00:00,k3s-w1,Ready
2026-06-29T10:26:29+00:00,k3s-w2,Ready
2026-06-29T10:26:30+00:00,k3s-s1,Ready
2026-06-29T10:26:30+00:00,k3s-s2,NotReady
2026-06-29T10:26:30+00:00,k3s-s3,Ready
2026-06-29T10:26:30+00:00,k3s-w1,Ready
2026-06-29T10:26:30+00:00,k3s-w2,Ready
2026-06-29T10:26:31+00:00,k3s-s1,Ready
2026-06-29T10:26:31+00:00,k3s-s2,NotReady
2026-06-29T10:26:31+00:00,k3s-s3,Ready
2026-06-29T10:26:31+00:00,k3s-w1,Ready
2026-06-29T10:26:31+00:00,k3s-w2,Ready
2026-06-29T10:26:32+00:00,k3s-s1,Ready
2026-06-29T10:26:32+00:00,k3s-s2,NotReady
2026-06-29T10:26:32+00:00,k3s-s3,Ready
2026-06-29T10:26:32+00:00,k3s-w1,Ready
2026-06-29T10:26:32+00:00,k3s-w2,Ready
2026-06-29T10:26:33+00:00,k3s-s1,Ready
2026-06-29T10:26:33+00:00,k3s-s2,NotReady
2026-06-29T10:26:33+00:00,k3s-s3,Ready
2026-06-29T10:26:33+00:00,k3s-w1,Ready
2026-06-29T10:26:33+00:00,k3s-w2,Ready
2026-06-29T10:26:34+00:00,k3s-s1,Ready
2026-06-29T10:26:34+00:00,k3s-s2,NotReady
2026-06-29T10:26:34+00:00,k3s-s3,Ready
2026-06-29T10:26:34+00:00,k3s-w1,Ready
2026-06-29T10:26:34+00:00,k3s-w2,Ready
2026-06-29T10:26:36+00:00,k3s-s1,Ready
2026-06-29T10:26:36+00:00,k3s-s2,NotReady
2026-06-29T10:26:36+00:00,k3s-s3,Ready
2026-06-29T10:26:36+00:00,k3s-w1,Ready
2026-06-29T10:26:36+00:00,k3s-w2,Ready
2026-06-29T10:26:37+00:00,k3s-s1,Ready
2026-06-29T10:26:37+00:00,k3s-s2,NotReady
2026-06-29T10:26:37+00:00,k3s-s3,Ready
2026-06-29T10:26:37+00:00,k3s-w1,Ready
2026-06-29T10:26:37+00:00,k3s-w2,Ready
2026-06-29T10:26:38+00:00,k3s-s1,Ready
2026-06-29T10:26:38+00:00,k3s-s2,NotReady
2026-06-29T10:26:38+00:00,k3s-s3,Ready
2026-06-29T10:26:38+00:00,k3s-w1,Ready
2026-06-29T10:26:38+00:00,k3s-w2,Ready
2026-06-29T10:26:39+00:00,k3s-s1,Ready
2026-06-29T10:26:39+00:00,k3s-s2,NotReady
2026-06-29T10:26:39+00:00,k3s-s3,Ready
2026-06-29T10:26:39+00:00,k3s-w1,Ready
2026-06-29T10:26:39+00:00,k3s-w2,Ready
2026-06-29T10:26:40+00:00,k3s-s1,Ready
2026-06-29T10:26:40+00:00,k3s-s2,NotReady
2026-06-29T10:26:40+00:00,k3s-s3,Ready
2026-06-29T10:26:40+00:00,k3s-w1,Ready
2026-06-29T10:26:40+00:00,k3s-w2,Ready
2026-06-29T10:26:41+00:00,k3s-s1,Ready
2026-06-29T10:26:41+00:00,k3s-s2,NotReady
2026-06-29T10:26:41+00:00,k3s-s3,Ready
2026-06-29T10:26:41+00:00,k3s-w1,Ready
2026-06-29T10:26:41+00:00,k3s-w2,Ready
2026-06-29T10:26:42+00:00,k3s-s1,Ready
2026-06-29T10:26:42+00:00,k3s-s2,NotReady
2026-06-29T10:26:42+00:00,k3s-s3,Ready
2026-06-29T10:26:42+00:00,k3s-w1,Ready
2026-06-29T10:26:42+00:00,k3s-w2,Ready
2026-06-29T10:26:43+00:00,k3s-s1,Ready
2026-06-29T10:26:43+00:00,k3s-s2,NotReady
2026-06-29T10:26:43+00:00,k3s-s3,Ready
2026-06-29T10:26:43+00:00,k3s-w1,Ready
2026-06-29T10:26:43+00:00,k3s-w2,Ready
2026-06-29T10:26:44+00:00,k3s-s1,Ready
2026-06-29T10:26:44+00:00,k3s-s2,NotReady
2026-06-29T10:26:44+00:00,k3s-s3,Ready
2026-06-29T10:26:44+00:00,k3s-w1,Ready
2026-06-29T10:26:44+00:00,k3s-w2,Ready
2026-06-29T10:26:45+00:00,k3s-s1,Ready
2026-06-29T10:26:45+00:00,k3s-s2,NotReady
2026-06-29T10:26:45+00:00,k3s-s3,Ready
2026-06-29T10:26:45+00:00,k3s-w1,Ready
2026-06-29T10:26:45+00:00,k3s-w2,Ready
2026-06-29T10:26:46+00:00,k3s-s1,Ready
2026-06-29T10:26:46+00:00,k3s-s2,NotReady
2026-06-29T10:26:46+00:00,k3s-s3,Ready
2026-06-29T10:26:46+00:00,k3s-w1,Ready
2026-06-29T10:26:46+00:00,k3s-w2,Ready
2026-06-29T10:26:47+00:00,k3s-s1,Ready
2026-06-29T10:26:47+00:00,k3s-s2,NotReady
2026-06-29T10:26:47+00:00,k3s-s3,Ready
2026-06-29T10:26:47+00:00,k3s-w1,Ready
2026-06-29T10:26:47+00:00,k3s-w2,Ready
2026-06-29T10:26:48+00:00,k3s-s1,Ready
2026-06-29T10:26:48+00:00,k3s-s2,NotReady
2026-06-29T10:26:48+00:00,k3s-s3,Ready
2026-06-29T10:26:48+00:00,k3s-w1,Ready
2026-06-29T10:26:48+00:00,k3s-w2,Ready
2026-06-29T10:26:50+00:00,k3s-s1,Ready
2026-06-29T10:26:50+00:00,k3s-s2,NotReady
2026-06-29T10:26:50+00:00,k3s-s3,Ready
2026-06-29T10:26:50+00:00,k3s-w1,Ready
2026-06-29T10:26:50+00:00,k3s-w2,Ready
2026-06-29T10:26:51+00:00,k3s-s1,Ready
2026-06-29T10:26:51+00:00,k3s-s2,NotReady
2026-06-29T10:26:51+00:00,k3s-s3,Ready
2026-06-29T10:26:51+00:00,k3s-w1,Ready
2026-06-29T10:26:51+00:00,k3s-w2,Ready
2026-06-29T10:26:52+00:00,k3s-s1,Ready
2026-06-29T10:26:52+00:00,k3s-s2,NotReady
2026-06-29T10:26:52+00:00,k3s-s3,Ready
2026-06-29T10:26:52+00:00,k3s-w1,Ready
2026-06-29T10:26:52+00:00,k3s-w2,Ready
2026-06-29T10:26:53+00:00,k3s-s1,Ready
2026-06-29T10:26:53+00:00,k3s-s2,NotReady
2026-06-29T10:26:53+00:00,k3s-s3,Ready
2026-06-29T10:26:53+00:00,k3s-w1,Ready
2026-06-29T10:26:53+00:00,k3s-w2,Ready
2026-06-29T10:26:54+00:00,k3s-s1,Ready
2026-06-29T10:26:54+00:00,k3s-s2,NotReady
2026-06-29T10:26:54+00:00,k3s-s3,Ready
2026-06-29T10:26:54+00:00,k3s-w1,Ready
2026-06-29T10:26:54+00:00,k3s-w2,Ready
2026-06-29T10:26:55+00:00,k3s-s1,Ready
2026-06-29T10:26:55+00:00,k3s-s2,NotReady
2026-06-29T10:26:55+00:00,k3s-s3,Ready
2026-06-29T10:26:55+00:00,k3s-w1,Ready
2026-06-29T10:26:55+00:00,k3s-w2,Ready
2026-06-29T10:26:56+00:00,k3s-s1,Ready
2026-06-29T10:26:56+00:00,k3s-s2,NotReady
2026-06-29T10:26:56+00:00,k3s-s3,Ready
2026-06-29T10:26:56+00:00,k3s-w1,Ready
2026-06-29T10:26:56+00:00,k3s-w2,Ready
2026-06-29T10:26:57+00:00,k3s-s1,Ready
2026-06-29T10:26:57+00:00,k3s-s2,NotReady
2026-06-29T10:26:57+00:00,k3s-s3,Ready
2026-06-29T10:26:57+00:00,k3s-w1,Ready
2026-06-29T10:26:57+00:00,k3s-w2,Ready
2026-06-29T10:26:58+00:00,k3s-s1,Ready
2026-06-29T10:26:58+00:00,k3s-s2,NotReady
2026-06-29T10:26:58+00:00,k3s-s3,Ready
2026-06-29T10:26:58+00:00,k3s-w1,Ready
2026-06-29T10:26:58+00:00,k3s-w2,Ready
2026-06-29T10:26:59+00:00,k3s-s1,Ready
2026-06-29T10:26:59+00:00,k3s-s2,NotReady
2026-06-29T10:26:59+00:00,k3s-s3,Ready
2026-06-29T10:26:59+00:00,k3s-w1,Ready
2026-06-29T10:26:59+00:00,k3s-w2,Ready
2026-06-29T10:27:00+00:00,k3s-s1,Ready
2026-06-29T10:27:00+00:00,k3s-s2,NotReady
2026-06-29T10:27:00+00:00,k3s-s3,Ready
2026-06-29T10:27:00+00:00,k3s-w1,Ready
2026-06-29T10:27:00+00:00,k3s-w2,Ready
2026-06-29T10:27:01+00:00,k3s-s1,Ready
2026-06-29T10:27:01+00:00,k3s-s2,NotReady
2026-06-29T10:27:01+00:00,k3s-s3,Ready
2026-06-29T10:27:01+00:00,k3s-w1,Ready
2026-06-29T10:27:01+00:00,k3s-w2,Ready
2026-06-29T10:27:02+00:00,k3s-s1,Ready
2026-06-29T10:27:02+00:00,k3s-s2,NotReady
2026-06-29T10:27:02+00:00,k3s-s3,Ready
2026-06-29T10:27:02+00:00,k3s-w1,Ready
2026-06-29T10:27:02+00:00,k3s-w2,Ready
2026-06-29T10:27:04+00:00,k3s-s1,Ready
2026-06-29T10:27:04+00:00,k3s-s2,NotReady
2026-06-29T10:27:04+00:00,k3s-s3,Ready
2026-06-29T10:27:04+00:00,k3s-w1,Ready
2026-06-29T10:27:04+00:00,k3s-w2,Ready
2026-06-29T10:27:05+00:00,k3s-s1,Ready
2026-06-29T10:27:05+00:00,k3s-s2,NotReady
2026-06-29T10:27:05+00:00,k3s-s3,Ready
2026-06-29T10:27:05+00:00,k3s-w1,Ready
2026-06-29T10:27:05+00:00,k3s-w2,Ready
2026-06-29T10:27:06+00:00,k3s-s1,Ready
2026-06-29T10:27:06+00:00,k3s-s2,NotReady
2026-06-29T10:27:06+00:00,k3s-s3,Ready
2026-06-29T10:27:06+00:00,k3s-w1,Ready
2026-06-29T10:27:06+00:00,k3s-w2,Ready
2026-06-29T10:27:07+00:00,k3s-s1,Ready
2026-06-29T10:27:07+00:00,k3s-s2,NotReady
2026-06-29T10:27:07+00:00,k3s-s3,Ready
2026-06-29T10:27:07+00:00,k3s-w1,Ready
2026-06-29T10:27:07+00:00,k3s-w2,Ready
2026-06-29T10:27:08+00:00,k3s-s1,Ready
2026-06-29T10:27:08+00:00,k3s-s2,NotReady
2026-06-29T10:27:08+00:00,k3s-s3,Ready
2026-06-29T10:27:08+00:00,k3s-w1,Ready
2026-06-29T10:27:08+00:00,k3s-w2,Ready
2026-06-29T10:27:09+00:00,k3s-s1,Ready
2026-06-29T10:27:09+00:00,k3s-s2,NotReady
2026-06-29T10:27:09+00:00,k3s-s3,Ready
2026-06-29T10:27:09+00:00,k3s-w1,Ready
2026-06-29T10:27:09+00:00,k3s-w2,Ready
2026-06-29T10:27:10+00:00,k3s-s1,Ready
2026-06-29T10:27:10+00:00,k3s-s2,NotReady
2026-06-29T10:27:10+00:00,k3s-s3,Ready
2026-06-29T10:27:10+00:00,k3s-w1,Ready
2026-06-29T10:27:10+00:00,k3s-w2,Ready
2026-06-29T10:27:11+00:00,k3s-s1,Ready
2026-06-29T10:27:11+00:00,k3s-s2,NotReady
2026-06-29T10:27:11+00:00,k3s-s3,Ready
2026-06-29T10:27:11+00:00,k3s-w1,Ready
2026-06-29T10:27:11+00:00,k3s-w2,Ready
2026-06-29T10:27:12+00:00,k3s-s1,Ready
2026-06-29T10:27:12+00:00,k3s-s2,NotReady
2026-06-29T10:27:12+00:00,k3s-s3,Ready
2026-06-29T10:27:12+00:00,k3s-w1,Ready
2026-06-29T10:27:12+00:00,k3s-w2,Ready
2026-06-29T10:27:13+00:00,k3s-s1,Ready
2026-06-29T10:27:13+00:00,k3s-s2,NotReady
2026-06-29T10:27:13+00:00,k3s-s3,Ready
2026-06-29T10:27:13+00:00,k3s-w1,Ready
2026-06-29T10:27:13+00:00,k3s-w2,Ready
2026-06-29T10:27:14+00:00,k3s-s1,Ready
2026-06-29T10:27:14+00:00,k3s-s2,NotReady
2026-06-29T10:27:14+00:00,k3s-s3,Ready
2026-06-29T10:27:14+00:00,k3s-w1,Ready
2026-06-29T10:27:14+00:00,k3s-w2,Ready
2026-06-29T10:27:15+00:00,k3s-s1,Ready
2026-06-29T10:27:15+00:00,k3s-s2,NotReady
2026-06-29T10:27:15+00:00,k3s-s3,Ready
2026-06-29T10:27:15+00:00,k3s-w1,Ready
2026-06-29T10:27:15+00:00,k3s-w2,Ready
2026-06-29T10:27:16+00:00,k3s-s1,Ready
2026-06-29T10:27:16+00:00,k3s-s2,NotReady
2026-06-29T10:27:16+00:00,k3s-s3,Ready
2026-06-29T10:27:16+00:00,k3s-w1,Ready
2026-06-29T10:27:16+00:00,k3s-w2,Ready
2026-06-29T10:27:18+00:00,k3s-s1,Ready
2026-06-29T10:27:18+00:00,k3s-s2,NotReady
2026-06-29T10:27:18+00:00,k3s-s3,Ready
2026-06-29T10:27:18+00:00,k3s-w1,Ready
2026-06-29T10:27:18+00:00,k3s-w2,Ready
2026-06-29T10:27:19+00:00,k3s-s1,Ready
2026-06-29T10:27:19+00:00,k3s-s2,NotReady
2026-06-29T10:27:19+00:00,k3s-s3,Ready
2026-06-29T10:27:19+00:00,k3s-w1,Ready
2026-06-29T10:27:19+00:00,k3s-w2,Ready
2026-06-29T10:27:20+00:00,k3s-s1,Ready
2026-06-29T10:27:20+00:00,k3s-s2,NotReady
2026-06-29T10:27:20+00:00,k3s-s3,Ready
2026-06-29T10:27:20+00:00,k3s-w1,Ready
2026-06-29T10:27:20+00:00,k3s-w2,Ready
2026-06-29T10:27:21+00:00,k3s-s1,Ready
2026-06-29T10:27:21+00:00,k3s-s2,NotReady
2026-06-29T10:27:21+00:00,k3s-s3,Ready
2026-06-29T10:27:21+00:00,k3s-w1,Ready
2026-06-29T10:27:21+00:00,k3s-w2,Ready
2026-06-29T10:27:22+00:00,k3s-s1,Ready
2026-06-29T10:27:22+00:00,k3s-s2,NotReady
2026-06-29T10:27:22+00:00,k3s-s3,Ready
2026-06-29T10:27:22+00:00,k3s-w1,Ready
2026-06-29T10:27:22+00:00,k3s-w2,Ready
2026-06-29T10:27:23+00:00,k3s-s1,Ready
2026-06-29T10:27:23+00:00,k3s-s2,NotReady
2026-06-29T10:27:23+00:00,k3s-s3,Ready
2026-06-29T10:27:23+00:00,k3s-w1,Ready
2026-06-29T10:27:23+00:00,k3s-w2,Ready
2026-06-29T10:27:24+00:00,k3s-s1,Ready
2026-06-29T10:27:24+00:00,k3s-s2,NotReady
2026-06-29T10:27:24+00:00,k3s-s3,Ready
2026-06-29T10:27:24+00:00,k3s-w1,Ready
2026-06-29T10:27:24+00:00,k3s-w2,Ready
2026-06-29T10:27:25+00:00,k3s-s1,Ready
2026-06-29T10:27:25+00:00,k3s-s2,NotReady
2026-06-29T10:27:25+00:00,k3s-s3,Ready
2026-06-29T10:27:25+00:00,k3s-w1,Ready
2026-06-29T10:27:25+00:00,k3s-w2,Ready
2026-06-29T10:27:26+00:00,k3s-s1,Ready
2026-06-29T10:27:26+00:00,k3s-s2,NotReady
2026-06-29T10:27:26+00:00,k3s-s3,Ready
2026-06-29T10:27:26+00:00,k3s-w1,Ready
2026-06-29T10:27:26+00:00,k3s-w2,Ready
2026-06-29T10:27:27+00:00,k3s-s1,Ready
2026-06-29T10:27:27+00:00,k3s-s2,NotReady
2026-06-29T10:27:27+00:00,k3s-s3,Ready
2026-06-29T10:27:27+00:00,k3s-w1,Ready
2026-06-29T10:27:27+00:00,k3s-w2,Ready
2026-06-29T10:27:28+00:00,k3s-s1,Ready
2026-06-29T10:27:28+00:00,k3s-s2,NotReady
2026-06-29T10:27:28+00:00,k3s-s3,Ready
2026-06-29T10:27:28+00:00,k3s-w1,Ready
2026-06-29T10:27:28+00:00,k3s-w2,Ready
2026-06-29T10:27:29+00:00,k3s-s1,Ready
2026-06-29T10:27:29+00:00,k3s-s2,NotReady
2026-06-29T10:27:29+00:00,k3s-s3,Ready
2026-06-29T10:27:29+00:00,k3s-w1,Ready
2026-06-29T10:27:29+00:00,k3s-w2,Ready
2026-06-29T10:27:30+00:00,k3s-s1,Ready
2026-06-29T10:27:30+00:00,k3s-s2,NotReady
2026-06-29T10:27:30+00:00,k3s-s3,Ready
2026-06-29T10:27:30+00:00,k3s-w1,Ready
2026-06-29T10:27:30+00:00,k3s-w2,Ready
2026-06-29T10:27:31+00:00,k3s-s1,Ready
2026-06-29T10:27:31+00:00,k3s-s2,NotReady
2026-06-29T10:27:31+00:00,k3s-s3,Ready
2026-06-29T10:27:31+00:00,k3s-w1,Ready
2026-06-29T10:27:31+00:00,k3s-w2,Ready
2026-06-29T10:27:33+00:00,k3s-s1,Ready
2026-06-29T10:27:33+00:00,k3s-s2,NotReady
2026-06-29T10:27:33+00:00,k3s-s3,Ready
2026-06-29T10:27:33+00:00,k3s-w1,Ready
2026-06-29T10:27:33+00:00,k3s-w2,Ready
2026-06-29T10:27:34+00:00,k3s-s1,Ready
2026-06-29T10:27:34+00:00,k3s-s2,NotReady
2026-06-29T10:27:34+00:00,k3s-s3,Ready
2026-06-29T10:27:34+00:00,k3s-w1,Ready
2026-06-29T10:27:34+00:00,k3s-w2,Ready
2026-06-29T10:27:35+00:00,k3s-s1,Ready
2026-06-29T10:27:35+00:00,k3s-s2,NotReady
2026-06-29T10:27:35+00:00,k3s-s3,Ready
2026-06-29T10:27:35+00:00,k3s-w1,Ready
2026-06-29T10:27:35+00:00,k3s-w2,Ready
2026-06-29T10:27:36+00:00,k3s-s1,Ready
2026-06-29T10:27:36+00:00,k3s-s2,NotReady
2026-06-29T10:27:36+00:00,k3s-s3,Ready
2026-06-29T10:27:36+00:00,k3s-w1,Ready
2026-06-29T10:27:36+00:00,k3s-w2,Ready
2026-06-29T10:27:37+00:00,k3s-s1,Ready
2026-06-29T10:27:37+00:00,k3s-s2,NotReady
2026-06-29T10:27:37+00:00,k3s-s3,Ready
2026-06-29T10:27:37+00:00,k3s-w1,Ready
2026-06-29T10:27:37+00:00,k3s-w2,Ready
2026-06-29T10:27:38+00:00,k3s-s1,Ready
2026-06-29T10:27:38+00:00,k3s-s2,NotReady
2026-06-29T10:27:38+00:00,k3s-s3,Ready
2026-06-29T10:27:38+00:00,k3s-w1,Ready
2026-06-29T10:27:38+00:00,k3s-w2,Ready
2026-06-29T10:27:39+00:00,k3s-s1,Ready
2026-06-29T10:27:39+00:00,k3s-s2,NotReady
2026-06-29T10:27:39+00:00,k3s-s3,Ready
2026-06-29T10:27:39+00:00,k3s-w1,Ready
2026-06-29T10:27:39+00:00,k3s-w2,Ready
2026-06-29T10:27:40+00:00,k3s-s1,Ready
2026-06-29T10:27:40+00:00,k3s-s2,NotReady
2026-06-29T10:27:40+00:00,k3s-s3,Ready
2026-06-29T10:27:40+00:00,k3s-w1,Ready
2026-06-29T10:27:40+00:00,k3s-w2,Ready
2026-06-29T10:27:41+00:00,k3s-s1,Ready
2026-06-29T10:27:41+00:00,k3s-s2,NotReady
2026-06-29T10:27:41+00:00,k3s-s3,Ready
2026-06-29T10:27:41+00:00,k3s-w1,Ready
2026-06-29T10:27:41+00:00,k3s-w2,Ready
2026-06-29T10:27:42+00:00,k3s-s1,Ready
2026-06-29T10:27:42+00:00,k3s-s2,NotReady
2026-06-29T10:27:42+00:00,k3s-s3,Ready
2026-06-29T10:27:42+00:00,k3s-w1,Ready
2026-06-29T10:27:42+00:00,k3s-w2,Ready
2026-06-29T10:27:43+00:00,k3s-s1,Ready
2026-06-29T10:27:43+00:00,k3s-s2,NotReady
2026-06-29T10:27:43+00:00,k3s-s3,Ready
2026-06-29T10:27:43+00:00,k3s-w1,Ready
2026-06-29T10:27:43+00:00,k3s-w2,Ready
2026-06-29T10:27:44+00:00,k3s-s1,Ready
2026-06-29T10:27:44+00:00,k3s-s2,NotReady
2026-06-29T10:27:44+00:00,k3s-s3,Ready
2026-06-29T10:27:44+00:00,k3s-w1,Ready
2026-06-29T10:27:44+00:00,k3s-w2,Ready
2026-06-29T10:27:45+00:00,k3s-s1,Ready
2026-06-29T10:27:45+00:00,k3s-s2,NotReady
2026-06-29T10:27:45+00:00,k3s-s3,Ready
2026-06-29T10:27:45+00:00,k3s-w1,Ready
2026-06-29T10:27:45+00:00,k3s-w2,Ready
2026-06-29T10:27:46+00:00,k3s-s1,Ready
2026-06-29T10:27:46+00:00,k3s-s2,NotReady
2026-06-29T10:27:46+00:00,k3s-s3,Ready
2026-06-29T10:27:46+00:00,k3s-w1,Ready
2026-06-29T10:27:46+00:00,k3s-w2,Ready
2026-06-29T10:27:47+00:00,k3s-s1,Ready
2026-06-29T10:27:47+00:00,k3s-s2,NotReady
2026-06-29T10:27:47+00:00,k3s-s3,Ready
2026-06-29T10:27:47+00:00,k3s-w1,Ready
2026-06-29T10:27:47+00:00,k3s-w2,Ready
2026-06-29T10:27:48+00:00,k3s-s1,Ready
2026-06-29T10:27:48+00:00,k3s-s2,NotReady
2026-06-29T10:27:48+00:00,k3s-s3,Ready
2026-06-29T10:27:48+00:00,k3s-w1,Ready
2026-06-29T10:27:48+00:00,k3s-w2,Ready
2026-06-29T10:27:49+00:00,k3s-s1,Ready
2026-06-29T10:27:49+00:00,k3s-s2,NotReady
2026-06-29T10:27:49+00:00,k3s-s3,Ready
2026-06-29T10:27:49+00:00,k3s-w1,Ready
2026-06-29T10:27:49+00:00,k3s-w2,Ready
2026-06-29T10:27:51+00:00,k3s-s1,Ready
2026-06-29T10:27:51+00:00,k3s-s2,NotReady
2026-06-29T10:27:51+00:00,k3s-s3,Ready
2026-06-29T10:27:51+00:00,k3s-w1,Ready
2026-06-29T10:27:51+00:00,k3s-w2,Ready
2026-06-29T10:27:52+00:00,k3s-s1,Ready
2026-06-29T10:27:52+00:00,k3s-s2,NotReady
2026-06-29T10:27:52+00:00,k3s-s3,Ready
2026-06-29T10:27:52+00:00,k3s-w1,Ready
2026-06-29T10:27:52+00:00,k3s-w2,Ready
2026-06-29T10:27:53+00:00,k3s-s1,Ready
2026-06-29T10:27:53+00:00,k3s-s2,NotReady
2026-06-29T10:27:53+00:00,k3s-s3,Ready
2026-06-29T10:27:53+00:00,k3s-w1,Ready
2026-06-29T10:27:53+00:00,k3s-w2,Ready
2026-06-29T10:27:54+00:00,k3s-s1,Ready
2026-06-29T10:27:54+00:00,k3s-s2,NotReady
2026-06-29T10:27:54+00:00,k3s-s3,Ready
2026-06-29T10:27:54+00:00,k3s-w1,Ready
2026-06-29T10:27:54+00:00,k3s-w2,Ready
2026-06-29T10:27:55+00:00,k3s-s1,Ready
2026-06-29T10:27:55+00:00,k3s-s2,NotReady
2026-06-29T10:27:55+00:00,k3s-s3,Ready
2026-06-29T10:27:55+00:00,k3s-w1,Ready
2026-06-29T10:27:55+00:00,k3s-w2,Ready
2026-06-29T10:27:56+00:00,k3s-s1,Ready
2026-06-29T10:27:56+00:00,k3s-s2,NotReady
2026-06-29T10:27:56+00:00,k3s-s3,Ready
2026-06-29T10:27:56+00:00,k3s-w1,Ready
2026-06-29T10:27:56+00:00,k3s-w2,Ready
2026-06-29T10:27:57+00:00,k3s-s1,Ready
2026-06-29T10:27:57+00:00,k3s-s2,NotReady
2026-06-29T10:27:57+00:00,k3s-s3,Ready
2026-06-29T10:27:57+00:00,k3s-w1,Ready
2026-06-29T10:27:57+00:00,k3s-w2,Ready
2026-06-29T10:27:58+00:00,k3s-s1,Ready
2026-06-29T10:27:58+00:00,k3s-s2,NotReady
2026-06-29T10:27:58+00:00,k3s-s3,Ready
2026-06-29T10:27:58+00:00,k3s-w1,Ready
2026-06-29T10:27:58+00:00,k3s-w2,Ready
2026-06-29T10:27:59+00:00,k3s-s1,Ready
2026-06-29T10:27:59+00:00,k3s-s2,NotReady
2026-06-29T10:27:59+00:00,k3s-s3,Ready
2026-06-29T10:27:59+00:00,k3s-w1,Ready
2026-06-29T10:27:59+00:00,k3s-w2,Ready
2026-06-29T10:28:00+00:00,k3s-s1,Ready
2026-06-29T10:28:00+00:00,k3s-s2,NotReady
2026-06-29T10:28:00+00:00,k3s-s3,Ready
2026-06-29T10:28:00+00:00,k3s-w1,Ready
2026-06-29T10:28:00+00:00,k3s-w2,Ready
2026-06-29T10:28:01+00:00,k3s-s1,Ready
2026-06-29T10:28:01+00:00,k3s-s2,NotReady
2026-06-29T10:28:01+00:00,k3s-s3,Ready
2026-06-29T10:28:01+00:00,k3s-w1,Ready
2026-06-29T10:28:01+00:00,k3s-w2,Ready
2026-06-29T10:28:02+00:00,k3s-s1,Ready
2026-06-29T10:28:02+00:00,k3s-s2,NotReady
2026-06-29T10:28:02+00:00,k3s-s3,Ready
2026-06-29T10:28:02+00:00,k3s-w1,Ready
2026-06-29T10:28:02+00:00,k3s-w2,Ready
2026-06-29T10:28:03+00:00,k3s-s1,Ready
2026-06-29T10:28:03+00:00,k3s-s2,NotReady
2026-06-29T10:28:03+00:00,k3s-s3,Ready
2026-06-29T10:28:03+00:00,k3s-w1,Ready
2026-06-29T10:28:03+00:00,k3s-w2,Ready
2026-06-29T10:28:04+00:00,k3s-s1,Ready
2026-06-29T10:28:04+00:00,k3s-s2,NotReady
2026-06-29T10:28:04+00:00,k3s-s3,Ready
2026-06-29T10:28:04+00:00,k3s-w1,Ready
2026-06-29T10:28:04+00:00,k3s-w2,Ready
2026-06-29T10:28:05+00:00,k3s-s1,Ready
2026-06-29T10:28:05+00:00,k3s-s2,NotReady
2026-06-29T10:28:05+00:00,k3s-s3,Ready
2026-06-29T10:28:05+00:00,k3s-w1,Ready
2026-06-29T10:28:05+00:00,k3s-w2,Ready
2026-06-29T10:28:06+00:00,k3s-s1,Ready
2026-06-29T10:28:06+00:00,k3s-s2,NotReady
2026-06-29T10:28:06+00:00,k3s-s3,Ready
2026-06-29T10:28:06+00:00,k3s-w1,Ready
2026-06-29T10:28:06+00:00,k3s-w2,Ready
2026-06-29T10:28:07+00:00,k3s-s1,Ready
2026-06-29T10:28:07+00:00,k3s-s2,NotReady
2026-06-29T10:28:07+00:00,k3s-s3,Ready
2026-06-29T10:28:07+00:00,k3s-w1,Ready
2026-06-29T10:28:07+00:00,k3s-w2,Ready
2026-06-29T10:28:08+00:00,k3s-s1,Ready
2026-06-29T10:28:08+00:00,k3s-s2,NotReady
2026-06-29T10:28:08+00:00,k3s-s3,Ready
2026-06-29T10:28:08+00:00,k3s-w1,Ready
2026-06-29T10:28:08+00:00,k3s-w2,Ready
2026-06-29T10:28:09+00:00,k3s-s1,Ready
2026-06-29T10:28:09+00:00,k3s-s2,NotReady
2026-06-29T10:28:09+00:00,k3s-s3,Ready
2026-06-29T10:28:09+00:00,k3s-w1,Ready
2026-06-29T10:28:09+00:00,k3s-w2,Ready
2026-06-29T10:28:11+00:00,k3s-s1,Ready
2026-06-29T10:28:11+00:00,k3s-s2,NotReady
2026-06-29T10:28:11+00:00,k3s-s3,Ready
2026-06-29T10:28:11+00:00,k3s-w1,Ready
2026-06-29T10:28:11+00:00,k3s-w2,Ready
2026-06-29T10:28:12+00:00,k3s-s1,Ready
2026-06-29T10:28:12+00:00,k3s-s2,NotReady
2026-06-29T10:28:12+00:00,k3s-s3,Ready
2026-06-29T10:28:12+00:00,k3s-w1,Ready
2026-06-29T10:28:12+00:00,k3s-w2,Ready
2026-06-29T10:28:13+00:00,k3s-s1,Ready
2026-06-29T10:28:13+00:00,k3s-s2,NotReady
2026-06-29T10:28:13+00:00,k3s-s3,Ready
2026-06-29T10:28:13+00:00,k3s-w1,Ready
2026-06-29T10:28:13+00:00,k3s-w2,Ready
2026-06-29T10:28:14+00:00,k3s-s1,Ready
2026-06-29T10:28:14+00:00,k3s-s2,NotReady
2026-06-29T10:28:14+00:00,k3s-s3,Ready
2026-06-29T10:28:14+00:00,k3s-w1,Ready
2026-06-29T10:28:14+00:00,k3s-w2,Ready
2026-06-29T10:28:15+00:00,k3s-s1,Ready
2026-06-29T10:28:15+00:00,k3s-s2,NotReady
2026-06-29T10:28:15+00:00,k3s-s3,Ready
2026-06-29T10:28:15+00:00,k3s-w1,Ready
2026-06-29T10:28:15+00:00,k3s-w2,Ready
2026-06-29T10:28:16+00:00,k3s-s1,Ready
2026-06-29T10:28:16+00:00,k3s-s2,NotReady
2026-06-29T10:28:16+00:00,k3s-s3,Ready
2026-06-29T10:28:16+00:00,k3s-w1,Ready
2026-06-29T10:28:16+00:00,k3s-w2,Ready
2026-06-29T10:28:17+00:00,k3s-s1,Ready
2026-06-29T10:28:17+00:00,k3s-s2,NotReady
2026-06-29T10:28:17+00:00,k3s-s3,Ready
2026-06-29T10:28:17+00:00,k3s-w1,Ready
2026-06-29T10:28:17+00:00,k3s-w2,Ready
2026-06-29T10:28:18+00:00,k3s-s1,Ready
2026-06-29T10:28:18+00:00,k3s-s2,NotReady
2026-06-29T10:28:18+00:00,k3s-s3,Ready
2026-06-29T10:28:18+00:00,k3s-w1,Ready
2026-06-29T10:28:18+00:00,k3s-w2,Ready
2026-06-29T10:28:19+00:00,k3s-s1,Ready
2026-06-29T10:28:19+00:00,k3s-s2,NotReady
2026-06-29T10:28:19+00:00,k3s-s3,Ready
2026-06-29T10:28:19+00:00,k3s-w1,Ready
2026-06-29T10:28:19+00:00,k3s-w2,Ready
2026-06-29T10:28:20+00:00,k3s-s1,Ready
2026-06-29T10:28:20+00:00,k3s-s2,NotReady
2026-06-29T10:28:20+00:00,k3s-s3,Ready
2026-06-29T10:28:20+00:00,k3s-w1,Ready
2026-06-29T10:28:20+00:00,k3s-w2,Ready
2026-06-29T10:28:21+00:00,k3s-s1,Ready
2026-06-29T10:28:21+00:00,k3s-s2,NotReady
2026-06-29T10:28:21+00:00,k3s-s3,Ready
2026-06-29T10:28:21+00:00,k3s-w1,Ready
2026-06-29T10:28:21+00:00,k3s-w2,Ready
2026-06-29T10:28:22+00:00,k3s-s1,Ready
2026-06-29T10:28:22+00:00,k3s-s2,NotReady
2026-06-29T10:28:22+00:00,k3s-s3,Ready
2026-06-29T10:28:22+00:00,k3s-w1,Ready
2026-06-29T10:28:22+00:00,k3s-w2,Ready
2026-06-29T10:28:23+00:00,k3s-s1,Ready
2026-06-29T10:28:23+00:00,k3s-s2,NotReady
2026-06-29T10:28:23+00:00,k3s-s3,Ready
2026-06-29T10:28:23+00:00,k3s-w1,Ready
2026-06-29T10:28:23+00:00,k3s-w2,Ready
2026-06-29T10:28:24+00:00,k3s-s1,Ready
2026-06-29T10:28:24+00:00,k3s-s2,NotReady
2026-06-29T10:28:24+00:00,k3s-s3,Ready
2026-06-29T10:28:24+00:00,k3s-w1,Ready
2026-06-29T10:28:24+00:00,k3s-w2,Ready
2026-06-29T10:28:25+00:00,k3s-s1,Ready
2026-06-29T10:28:25+00:00,k3s-s2,NotReady
2026-06-29T10:28:25+00:00,k3s-s3,Ready
2026-06-29T10:28:25+00:00,k3s-w1,Ready
2026-06-29T10:28:25+00:00,k3s-w2,Ready
2026-06-29T10:28:26+00:00,k3s-s1,Ready
2026-06-29T10:28:26+00:00,k3s-s2,NotReady
2026-06-29T10:28:26+00:00,k3s-s3,Ready
2026-06-29T10:28:26+00:00,k3s-w1,Ready
2026-06-29T10:28:26+00:00,k3s-w2,Ready
2026-06-29T10:28:27+00:00,k3s-s1,Ready
2026-06-29T10:28:27+00:00,k3s-s2,NotReady
2026-06-29T10:28:27+00:00,k3s-s3,Ready
2026-06-29T10:28:27+00:00,k3s-w1,Ready
2026-06-29T10:28:27+00:00,k3s-w2,Ready
2026-06-29T10:28:28+00:00,k3s-s1,Ready
2026-06-29T10:28:28+00:00,k3s-s2,NotReady
2026-06-29T10:28:28+00:00,k3s-s3,Ready
2026-06-29T10:28:28+00:00,k3s-w1,Ready
2026-06-29T10:28:28+00:00,k3s-w2,Ready
2026-06-29T10:28:29+00:00,k3s-s1,Ready
2026-06-29T10:28:29+00:00,k3s-s2,NotReady
2026-06-29T10:28:29+00:00,k3s-s3,Ready
2026-06-29T10:28:29+00:00,k3s-w1,Ready
2026-06-29T10:28:29+00:00,k3s-w2,Ready
2026-06-29T10:28:31+00:00,k3s-s1,Ready
2026-06-29T10:28:31+00:00,k3s-s2,NotReady
2026-06-29T10:28:31+00:00,k3s-s3,Ready
2026-06-29T10:28:31+00:00,k3s-w1,Ready
2026-06-29T10:28:31+00:00,k3s-w2,Ready
2026-06-29T10:28:32+00:00,k3s-s1,Ready
2026-06-29T10:28:32+00:00,k3s-s2,NotReady
2026-06-29T10:28:32+00:00,k3s-s3,Ready
2026-06-29T10:28:32+00:00,k3s-w1,Ready
2026-06-29T10:28:32+00:00,k3s-w2,Ready
2026-06-29T10:28:33+00:00,k3s-s1,Ready
2026-06-29T10:28:33+00:00,k3s-s2,NotReady
2026-06-29T10:28:33+00:00,k3s-s3,Ready
2026-06-29T10:28:33+00:00,k3s-w1,Ready
2026-06-29T10:28:33+00:00,k3s-w2,Ready
2026-06-29T10:28:34+00:00,k3s-s1,Ready
2026-06-29T10:28:34+00:00,k3s-s2,NotReady
2026-06-29T10:28:34+00:00,k3s-s3,Ready
2026-06-29T10:28:34+00:00,k3s-w1,Ready
2026-06-29T10:28:34+00:00,k3s-w2,Ready
2026-06-29T10:28:35+00:00,k3s-s1,Ready
2026-06-29T10:28:35+00:00,k3s-s2,NotReady
2026-06-29T10:28:35+00:00,k3s-s3,Ready
2026-06-29T10:28:35+00:00,k3s-w1,Ready
2026-06-29T10:28:35+00:00,k3s-w2,Ready
2026-06-29T10:28:36+00:00,k3s-s1,Ready
2026-06-29T10:28:36+00:00,k3s-s2,NotReady
2026-06-29T10:28:36+00:00,k3s-s3,Ready
2026-06-29T10:28:36+00:00,k3s-w1,Ready
2026-06-29T10:28:36+00:00,k3s-w2,Ready
2026-06-29T10:28:37+00:00,k3s-s1,Ready
2026-06-29T10:28:37+00:00,k3s-s2,NotReady
2026-06-29T10:28:37+00:00,k3s-s3,Ready
2026-06-29T10:28:37+00:00,k3s-w1,Ready
2026-06-29T10:28:37+00:00,k3s-w2,Ready
2026-06-29T10:28:38+00:00,k3s-s1,Ready
2026-06-29T10:28:38+00:00,k3s-s2,NotReady
2026-06-29T10:28:38+00:00,k3s-s3,Ready
2026-06-29T10:28:38+00:00,k3s-w1,Ready
2026-06-29T10:28:38+00:00,k3s-w2,Ready
2026-06-29T10:28:39+00:00,k3s-s1,Ready
2026-06-29T10:28:39+00:00,k3s-s2,NotReady
2026-06-29T10:28:39+00:00,k3s-s3,Ready
2026-06-29T10:28:39+00:00,k3s-w1,Ready
2026-06-29T10:28:39+00:00,k3s-w2,Ready
2026-06-29T10:28:40+00:00,k3s-s1,Ready
2026-06-29T10:28:40+00:00,k3s-s2,NotReady
2026-06-29T10:28:40+00:00,k3s-s3,Ready
2026-06-29T10:28:40+00:00,k3s-w1,Ready
2026-06-29T10:28:40+00:00,k3s-w2,Ready
2026-06-29T10:28:41+00:00,k3s-s1,Ready
2026-06-29T10:28:41+00:00,k3s-s2,NotReady
2026-06-29T10:28:41+00:00,k3s-s3,Ready
2026-06-29T10:28:41+00:00,k3s-w1,Ready
2026-06-29T10:28:41+00:00,k3s-w2,Ready
2026-06-29T10:28:42+00:00,k3s-s1,Ready
2026-06-29T10:28:42+00:00,k3s-s2,NotReady
2026-06-29T10:28:42+00:00,k3s-s3,Ready
2026-06-29T10:28:42+00:00,k3s-w1,Ready
2026-06-29T10:28:42+00:00,k3s-w2,Ready
2026-06-29T10:28:43+00:00,k3s-s1,Ready
2026-06-29T10:28:43+00:00,k3s-s2,NotReady
2026-06-29T10:28:43+00:00,k3s-s3,Ready
2026-06-29T10:28:43+00:00,k3s-w1,Ready
2026-06-29T10:28:43+00:00,k3s-w2,Ready
2026-06-29T10:28:44+00:00,k3s-s1,Ready
2026-06-29T10:28:44+00:00,k3s-s2,NotReady
2026-06-29T10:28:44+00:00,k3s-s3,Ready
2026-06-29T10:28:44+00:00,k3s-w1,Ready
2026-06-29T10:28:44+00:00,k3s-w2,Ready
2026-06-29T10:28:45+00:00,k3s-s1,Ready
2026-06-29T10:28:45+00:00,k3s-s2,NotReady
2026-06-29T10:28:45+00:00,k3s-s3,Ready
2026-06-29T10:28:45+00:00,k3s-w1,Ready
2026-06-29T10:28:45+00:00,k3s-w2,Ready
2026-06-29T10:28:46+00:00,k3s-s1,Ready
2026-06-29T10:28:46+00:00,k3s-s2,NotReady
2026-06-29T10:28:46+00:00,k3s-s3,Ready
2026-06-29T10:28:46+00:00,k3s-w1,Ready
2026-06-29T10:28:46+00:00,k3s-w2,Ready
2026-06-29T10:28:47+00:00,k3s-s1,Ready
2026-06-29T10:28:47+00:00,k3s-s2,NotReady
2026-06-29T10:28:47+00:00,k3s-s3,Ready
2026-06-29T10:28:47+00:00,k3s-w1,Ready
2026-06-29T10:28:47+00:00,k3s-w2,Ready
2026-06-29T10:28:48+00:00,k3s-s1,Ready
2026-06-29T10:28:48+00:00,k3s-s2,NotReady
2026-06-29T10:28:48+00:00,k3s-s3,Ready
2026-06-29T10:28:48+00:00,k3s-w1,Ready
2026-06-29T10:28:48+00:00,k3s-w2,Ready
2026-06-29T10:28:49+00:00,k3s-s1,Ready
2026-06-29T10:28:49+00:00,k3s-s2,NotReady
2026-06-29T10:28:49+00:00,k3s-s3,Ready
2026-06-29T10:28:49+00:00,k3s-w1,Ready
2026-06-29T10:28:49+00:00,k3s-w2,Ready
2026-06-29T10:28:51+00:00,k3s-s1,Ready
2026-06-29T10:28:51+00:00,k3s-s2,NotReady
2026-06-29T10:28:51+00:00,k3s-s3,Ready
2026-06-29T10:28:51+00:00,k3s-w1,Ready
2026-06-29T10:28:51+00:00,k3s-w2,Ready
2026-06-29T10:28:52+00:00,k3s-s1,Ready
2026-06-29T10:28:52+00:00,k3s-s2,NotReady
2026-06-29T10:28:52+00:00,k3s-s3,Ready
2026-06-29T10:28:52+00:00,k3s-w1,Ready
2026-06-29T10:28:52+00:00,k3s-w2,Ready
2026-06-29T10:28:53+00:00,k3s-s1,Ready
2026-06-29T10:28:53+00:00,k3s-s2,NotReady
2026-06-29T10:28:53+00:00,k3s-s3,Ready
2026-06-29T10:28:53+00:00,k3s-w1,Ready
2026-06-29T10:28:53+00:00,k3s-w2,Ready
2026-06-29T10:28:54+00:00,k3s-s1,Ready
2026-06-29T10:28:54+00:00,k3s-s2,NotReady
2026-06-29T10:28:54+00:00,k3s-s3,Ready
2026-06-29T10:28:54+00:00,k3s-w1,Ready
2026-06-29T10:28:54+00:00,k3s-w2,Ready
2026-06-29T10:28:55+00:00,k3s-s1,Ready
2026-06-29T10:28:55+00:00,k3s-s2,NotReady
2026-06-29T10:28:55+00:00,k3s-s3,Ready
2026-06-29T10:28:55+00:00,k3s-w1,Ready
2026-06-29T10:28:55+00:00,k3s-w2,Ready
2026-06-29T10:28:56+00:00,k3s-s1,Ready
2026-06-29T10:28:56+00:00,k3s-s2,NotReady
2026-06-29T10:28:56+00:00,k3s-s3,Ready
2026-06-29T10:28:56+00:00,k3s-w1,Ready
2026-06-29T10:28:56+00:00,k3s-w2,Ready
2026-06-29T10:28:57+00:00,k3s-s1,Ready
2026-06-29T10:28:57+00:00,k3s-s2,NotReady
2026-06-29T10:28:57+00:00,k3s-s3,Ready
2026-06-29T10:28:57+00:00,k3s-w1,Ready
2026-06-29T10:28:57+00:00,k3s-w2,Ready
2026-06-29T10:28:58+00:00,k3s-s1,Ready
2026-06-29T10:28:58+00:00,k3s-s2,NotReady
2026-06-29T10:28:58+00:00,k3s-s3,Ready
2026-06-29T10:28:58+00:00,k3s-w1,Ready
2026-06-29T10:28:58+00:00,k3s-w2,Ready
2026-06-29T10:28:59+00:00,k3s-s1,Ready
2026-06-29T10:28:59+00:00,k3s-s2,NotReady
2026-06-29T10:28:59+00:00,k3s-s3,Ready
2026-06-29T10:28:59+00:00,k3s-w1,Ready
2026-06-29T10:28:59+00:00,k3s-w2,Ready
2026-06-29T10:29:00+00:00,k3s-s1,Ready
2026-06-29T10:29:00+00:00,k3s-s2,NotReady
2026-06-29T10:29:00+00:00,k3s-s3,Ready
2026-06-29T10:29:00+00:00,k3s-w1,Ready
2026-06-29T10:29:00+00:00,k3s-w2,Ready
2026-06-29T10:29:01+00:00,k3s-s1,Ready
2026-06-29T10:29:01+00:00,k3s-s2,NotReady
2026-06-29T10:29:01+00:00,k3s-s3,Ready
2026-06-29T10:29:01+00:00,k3s-w1,Ready
2026-06-29T10:29:01+00:00,k3s-w2,Ready
2026-06-29T10:29:02+00:00,k3s-s1,Ready
2026-06-29T10:29:02+00:00,k3s-s2,NotReady
2026-06-29T10:29:02+00:00,k3s-s3,Ready
2026-06-29T10:29:02+00:00,k3s-w1,Ready
2026-06-29T10:29:02+00:00,k3s-w2,Ready
2026-06-29T10:29:03+00:00,k3s-s1,Ready
2026-06-29T10:29:03+00:00,k3s-s2,NotReady
2026-06-29T10:29:03+00:00,k3s-s3,Ready
2026-06-29T10:29:03+00:00,k3s-w1,Ready
2026-06-29T10:29:03+00:00,k3s-w2,Ready
2026-06-29T10:29:04+00:00,k3s-s1,Ready
2026-06-29T10:29:04+00:00,k3s-s2,NotReady
2026-06-29T10:29:04+00:00,k3s-s3,Ready
2026-06-29T10:29:04+00:00,k3s-w1,Ready
2026-06-29T10:29:04+00:00,k3s-w2,Ready
2026-06-29T10:29:05+00:00,k3s-s1,Ready
2026-06-29T10:29:05+00:00,k3s-s2,NotReady
2026-06-29T10:29:05+00:00,k3s-s3,Ready
2026-06-29T10:29:05+00:00,k3s-w1,Ready
2026-06-29T10:29:05+00:00,k3s-w2,Ready
2026-06-29T10:29:06+00:00,k3s-s1,Ready
2026-06-29T10:29:06+00:00,k3s-s2,NotReady
2026-06-29T10:29:06+00:00,k3s-s3,Ready
2026-06-29T10:29:06+00:00,k3s-w1,Ready
2026-06-29T10:29:06+00:00,k3s-w2,Ready
2026-06-29T10:29:07+00:00,k3s-s1,Ready
2026-06-29T10:29:07+00:00,k3s-s2,NotReady
2026-06-29T10:29:07+00:00,k3s-s3,Ready
2026-06-29T10:29:07+00:00,k3s-w1,Ready
2026-06-29T10:29:07+00:00,k3s-w2,Ready
2026-06-29T10:29:08+00:00,k3s-s1,Ready
2026-06-29T10:29:08+00:00,k3s-s2,NotReady
2026-06-29T10:29:08+00:00,k3s-s3,Ready
2026-06-29T10:29:08+00:00,k3s-w1,Ready
2026-06-29T10:29:08+00:00,k3s-w2,Ready
2026-06-29T10:29:09+00:00,k3s-s1,Ready
2026-06-29T10:29:09+00:00,k3s-s2,NotReady
2026-06-29T10:29:09+00:00,k3s-s3,Ready
2026-06-29T10:29:09+00:00,k3s-w1,Ready
2026-06-29T10:29:09+00:00,k3s-w2,Ready
2026-06-29T10:29:11+00:00,k3s-s1,Ready
2026-06-29T10:29:11+00:00,k3s-s2,NotReady
2026-06-29T10:29:11+00:00,k3s-s3,Ready
2026-06-29T10:29:11+00:00,k3s-w1,Ready
2026-06-29T10:29:11+00:00,k3s-w2,Ready
2026-06-29T10:29:12+00:00,k3s-s1,Ready
2026-06-29T10:29:12+00:00,k3s-s2,NotReady
2026-06-29T10:29:12+00:00,k3s-s3,Ready
2026-06-29T10:29:12+00:00,k3s-w1,Ready
2026-06-29T10:29:12+00:00,k3s-w2,Ready
2026-06-29T10:29:13+00:00,k3s-s1,Ready
2026-06-29T10:29:13+00:00,k3s-s2,NotReady
2026-06-29T10:29:13+00:00,k3s-s3,Ready
2026-06-29T10:29:13+00:00,k3s-w1,Ready
2026-06-29T10:29:13+00:00,k3s-w2,Ready
2026-06-29T10:29:14+00:00,k3s-s1,Ready
2026-06-29T10:29:14+00:00,k3s-s2,NotReady
2026-06-29T10:29:14+00:00,k3s-s3,Ready
2026-06-29T10:29:14+00:00,k3s-w1,Ready
2026-06-29T10:29:14+00:00,k3s-w2,Ready
2026-06-29T10:29:15+00:00,k3s-s1,Ready
2026-06-29T10:29:15+00:00,k3s-s2,NotReady
2026-06-29T10:29:15+00:00,k3s-s3,Ready
2026-06-29T10:29:15+00:00,k3s-w1,Ready
2026-06-29T10:29:15+00:00,k3s-w2,Ready
2026-06-29T10:29:16+00:00,k3s-s1,Ready
2026-06-29T10:29:16+00:00,k3s-s2,NotReady
2026-06-29T10:29:16+00:00,k3s-s3,Ready
2026-06-29T10:29:16+00:00,k3s-w1,Ready
2026-06-29T10:29:16+00:00,k3s-w2,Ready
2026-06-29T10:29:17+00:00,k3s-s1,Ready
2026-06-29T10:29:17+00:00,k3s-s2,NotReady
2026-06-29T10:29:17+00:00,k3s-s3,Ready
2026-06-29T10:29:17+00:00,k3s-w1,Ready
2026-06-29T10:29:17+00:00,k3s-w2,Ready
2026-06-29T10:29:18+00:00,k3s-s1,Ready
2026-06-29T10:29:18+00:00,k3s-s2,NotReady
2026-06-29T10:29:18+00:00,k3s-s3,Ready
2026-06-29T10:29:18+00:00,k3s-w1,Ready
2026-06-29T10:29:18+00:00,k3s-w2,Ready
2026-06-29T10:29:19+00:00,k3s-s1,Ready
2026-06-29T10:29:19+00:00,k3s-s2,NotReady
2026-06-29T10:29:19+00:00,k3s-s3,Ready
2026-06-29T10:29:19+00:00,k3s-w1,Ready
2026-06-29T10:29:19+00:00,k3s-w2,Ready
2026-06-29T10:29:20+00:00,k3s-s1,Ready
2026-06-29T10:29:20+00:00,k3s-s2,NotReady
2026-06-29T10:29:20+00:00,k3s-s3,Ready
2026-06-29T10:29:20+00:00,k3s-w1,Ready
2026-06-29T10:29:20+00:00,k3s-w2,Ready
2026-06-29T10:29:21+00:00,k3s-s1,Ready
2026-06-29T10:29:21+00:00,k3s-s2,NotReady
2026-06-29T10:29:21+00:00,k3s-s3,Ready
2026-06-29T10:29:21+00:00,k3s-w1,Ready
2026-06-29T10:29:21+00:00,k3s-w2,Ready
2026-06-29T10:29:22+00:00,k3s-s1,Ready
2026-06-29T10:29:22+00:00,k3s-s2,NotReady
2026-06-29T10:29:22+00:00,k3s-s3,Ready
2026-06-29T10:29:22+00:00,k3s-w1,Ready
2026-06-29T10:29:22+00:00,k3s-w2,Ready
2026-06-29T10:29:23+00:00,k3s-s1,Ready
2026-06-29T10:29:23+00:00,k3s-s2,NotReady
2026-06-29T10:29:23+00:00,k3s-s3,Ready
2026-06-29T10:29:23+00:00,k3s-w1,Ready
2026-06-29T10:29:23+00:00,k3s-w2,Ready
2026-06-29T10:29:24+00:00,k3s-s1,Ready
2026-06-29T10:29:24+00:00,k3s-s2,NotReady
2026-06-29T10:29:24+00:00,k3s-s3,Ready
2026-06-29T10:29:24+00:00,k3s-w1,Ready
2026-06-29T10:29:24+00:00,k3s-w2,Ready
2026-06-29T10:29:25+00:00,k3s-s1,Ready
2026-06-29T10:29:25+00:00,k3s-s2,NotReady
2026-06-29T10:29:25+00:00,k3s-s3,Ready
2026-06-29T10:29:25+00:00,k3s-w1,Ready
2026-06-29T10:29:25+00:00,k3s-w2,Ready
2026-06-29T10:29:26+00:00,k3s-s1,Ready
2026-06-29T10:29:26+00:00,k3s-s2,NotReady
2026-06-29T10:29:26+00:00,k3s-s3,Ready
2026-06-29T10:29:26+00:00,k3s-w1,Ready
2026-06-29T10:29:26+00:00,k3s-w2,Ready
2026-06-29T10:29:27+00:00,k3s-s1,Ready
2026-06-29T10:29:27+00:00,k3s-s2,NotReady
2026-06-29T10:29:27+00:00,k3s-s3,Ready
2026-06-29T10:29:27+00:00,k3s-w1,Ready
2026-06-29T10:29:27+00:00,k3s-w2,Ready
2026-06-29T10:29:28+00:00,k3s-s1,Ready
2026-06-29T10:29:28+00:00,k3s-s2,NotReady
2026-06-29T10:29:28+00:00,k3s-s3,Ready
2026-06-29T10:29:28+00:00,k3s-w1,Ready
2026-06-29T10:29:28+00:00,k3s-w2,Ready
2026-06-29T10:29:29+00:00,k3s-s1,Ready
2026-06-29T10:29:29+00:00,k3s-s2,NotReady
2026-06-29T10:29:29+00:00,k3s-s3,Ready
2026-06-29T10:29:29+00:00,k3s-w1,Ready
2026-06-29T10:29:29+00:00,k3s-w2,Ready
2026-06-29T10:29:31+00:00,k3s-s1,Ready
2026-06-29T10:29:31+00:00,k3s-s2,NotReady
2026-06-29T10:29:31+00:00,k3s-s3,Ready
2026-06-29T10:29:31+00:00,k3s-w1,Ready
2026-06-29T10:29:31+00:00,k3s-w2,Ready
2026-06-29T10:29:32+00:00,k3s-s1,Ready
2026-06-29T10:29:32+00:00,k3s-s2,NotReady
2026-06-29T10:29:32+00:00,k3s-s3,Ready
2026-06-29T10:29:32+00:00,k3s-w1,Ready
2026-06-29T10:29:32+00:00,k3s-w2,Ready
2026-06-29T10:29:33+00:00,k3s-s1,Ready
2026-06-29T10:29:33+00:00,k3s-s2,NotReady
2026-06-29T10:29:33+00:00,k3s-s3,Ready
2026-06-29T10:29:33+00:00,k3s-w1,Ready
2026-06-29T10:29:33+00:00,k3s-w2,Ready
2026-06-29T10:29:34+00:00,k3s-s1,Ready
2026-06-29T10:29:34+00:00,k3s-s2,NotReady
2026-06-29T10:29:34+00:00,k3s-s3,Ready
2026-06-29T10:29:34+00:00,k3s-w1,Ready
2026-06-29T10:29:34+00:00,k3s-w2,Ready
2026-06-29T10:29:35+00:00,k3s-s1,Ready
2026-06-29T10:29:35+00:00,k3s-s2,NotReady
2026-06-29T10:29:35+00:00,k3s-s3,Ready
2026-06-29T10:29:35+00:00,k3s-w1,Ready
2026-06-29T10:29:35+00:00,k3s-w2,Ready
2026-06-29T10:29:36+00:00,k3s-s1,Ready
2026-06-29T10:29:36+00:00,k3s-s2,NotReady
2026-06-29T10:29:36+00:00,k3s-s3,Ready
2026-06-29T10:29:36+00:00,k3s-w1,Ready
2026-06-29T10:29:36+00:00,k3s-w2,Ready
2026-06-29T10:29:37+00:00,k3s-s1,Ready
2026-06-29T10:29:37+00:00,k3s-s2,NotReady
2026-06-29T10:29:37+00:00,k3s-s3,Ready
2026-06-29T10:29:37+00:00,k3s-w1,Ready
2026-06-29T10:29:37+00:00,k3s-w2,Ready
2026-06-29T10:29:38+00:00,k3s-s1,Ready
2026-06-29T10:29:38+00:00,k3s-s2,NotReady
2026-06-29T10:29:38+00:00,k3s-s3,Ready
2026-06-29T10:29:38+00:00,k3s-w1,Ready
2026-06-29T10:29:38+00:00,k3s-w2,Ready
2026-06-29T10:29:39+00:00,k3s-s1,Ready
2026-06-29T10:29:39+00:00,k3s-s2,NotReady
2026-06-29T10:29:39+00:00,k3s-s3,Ready
2026-06-29T10:29:39+00:00,k3s-w1,Ready
2026-06-29T10:29:39+00:00,k3s-w2,Ready
2026-06-29T10:29:40+00:00,k3s-s1,Ready
2026-06-29T10:29:40+00:00,k3s-s2,NotReady
2026-06-29T10:29:40+00:00,k3s-s3,Ready
2026-06-29T10:29:40+00:00,k3s-w1,Ready
2026-06-29T10:29:40+00:00,k3s-w2,Ready
2026-06-29T10:29:41+00:00,k3s-s1,Ready
2026-06-29T10:29:41+00:00,k3s-s2,NotReady
2026-06-29T10:29:41+00:00,k3s-s3,Ready
2026-06-29T10:29:41+00:00,k3s-w1,Ready
2026-06-29T10:29:41+00:00,k3s-w2,Ready
2026-06-29T10:29:42+00:00,k3s-s1,Ready
2026-06-29T10:29:42+00:00,k3s-s2,NotReady
2026-06-29T10:29:42+00:00,k3s-s3,Ready
2026-06-29T10:29:42+00:00,k3s-w1,Ready
2026-06-29T10:29:42+00:00,k3s-w2,Ready
2026-06-29T10:29:43+00:00,k3s-s1,Ready
2026-06-29T10:29:43+00:00,k3s-s2,NotReady
2026-06-29T10:29:43+00:00,k3s-s3,Ready
2026-06-29T10:29:43+00:00,k3s-w1,Ready
2026-06-29T10:29:43+00:00,k3s-w2,Ready
2026-06-29T10:29:44+00:00,k3s-s1,Ready
2026-06-29T10:29:44+00:00,k3s-s2,NotReady
2026-06-29T10:29:44+00:00,k3s-s3,Ready
2026-06-29T10:29:44+00:00,k3s-w1,Ready
2026-06-29T10:29:44+00:00,k3s-w2,Ready
2026-06-29T10:29:45+00:00,k3s-s1,Ready
2026-06-29T10:29:45+00:00,k3s-s2,NotReady
2026-06-29T10:29:45+00:00,k3s-s3,Ready
2026-06-29T10:29:45+00:00,k3s-w1,Ready
2026-06-29T10:29:45+00:00,k3s-w2,Ready
2026-06-29T10:29:46+00:00,k3s-s1,Ready
2026-06-29T10:29:46+00:00,k3s-s2,NotReady
2026-06-29T10:29:46+00:00,k3s-s3,Ready
2026-06-29T10:29:46+00:00,k3s-w1,Ready
2026-06-29T10:29:46+00:00,k3s-w2,Ready
2026-06-29T10:29:47+00:00,k3s-s1,Ready
2026-06-29T10:29:47+00:00,k3s-s2,NotReady
2026-06-29T10:29:47+00:00,k3s-s3,Ready
2026-06-29T10:29:47+00:00,k3s-w1,Ready
2026-06-29T10:29:47+00:00,k3s-w2,Ready
2026-06-29T10:29:48+00:00,k3s-s1,Ready
2026-06-29T10:29:48+00:00,k3s-s2,NotReady
2026-06-29T10:29:48+00:00,k3s-s3,Ready
2026-06-29T10:29:48+00:00,k3s-w1,Ready
2026-06-29T10:29:48+00:00,k3s-w2,Ready
2026-06-29T10:29:49+00:00,k3s-s1,Ready
2026-06-29T10:29:49+00:00,k3s-s2,NotReady
2026-06-29T10:29:49+00:00,k3s-s3,Ready
2026-06-29T10:29:49+00:00,k3s-w1,Ready
2026-06-29T10:29:49+00:00,k3s-w2,Ready
2026-06-29T10:29:51+00:00,k3s-s1,Ready
2026-06-29T10:29:51+00:00,k3s-s2,NotReady
2026-06-29T10:29:51+00:00,k3s-s3,Ready
2026-06-29T10:29:51+00:00,k3s-w1,Ready
2026-06-29T10:29:51+00:00,k3s-w2,Ready
2026-06-29T10:29:52+00:00,k3s-s1,Ready
2026-06-29T10:29:52+00:00,k3s-s2,NotReady
2026-06-29T10:29:52+00:00,k3s-s3,Ready
2026-06-29T10:29:52+00:00,k3s-w1,Ready
2026-06-29T10:29:52+00:00,k3s-w2,Ready
2026-06-29T10:29:53+00:00,k3s-s1,Ready
2026-06-29T10:29:53+00:00,k3s-s2,NotReady
2026-06-29T10:29:53+00:00,k3s-s3,Ready
2026-06-29T10:29:53+00:00,k3s-w1,Ready
2026-06-29T10:29:53+00:00,k3s-w2,Ready
2026-06-29T10:29:54+00:00,k3s-s1,Ready
2026-06-29T10:29:54+00:00,k3s-s2,NotReady
2026-06-29T10:29:54+00:00,k3s-s3,Ready
2026-06-29T10:29:54+00:00,k3s-w1,Ready
2026-06-29T10:29:54+00:00,k3s-w2,Ready
2026-06-29T10:29:55+00:00,k3s-s1,Ready
2026-06-29T10:29:55+00:00,k3s-s2,NotReady
2026-06-29T10:29:55+00:00,k3s-s3,Ready
2026-06-29T10:29:55+00:00,k3s-w1,Ready
2026-06-29T10:29:55+00:00,k3s-w2,Ready
2026-06-29T10:29:56+00:00,k3s-s1,Ready
2026-06-29T10:29:56+00:00,k3s-s2,NotReady
2026-06-29T10:29:56+00:00,k3s-s3,Ready
2026-06-29T10:29:56+00:00,k3s-w1,Ready
2026-06-29T10:29:56+00:00,k3s-w2,Ready
2026-06-29T10:29:57+00:00,k3s-s1,Ready
2026-06-29T10:29:57+00:00,k3s-s2,NotReady
2026-06-29T10:29:57+00:00,k3s-s3,Ready
2026-06-29T10:29:57+00:00,k3s-w1,Ready
2026-06-29T10:29:57+00:00,k3s-w2,Ready
2026-06-29T10:29:58+00:00,k3s-s1,Ready
2026-06-29T10:29:58+00:00,k3s-s2,NotReady
2026-06-29T10:29:58+00:00,k3s-s3,Ready
2026-06-29T10:29:58+00:00,k3s-w1,Ready
2026-06-29T10:29:58+00:00,k3s-w2,Ready
2026-06-29T10:29:59+00:00,k3s-s1,Ready
2026-06-29T10:29:59+00:00,k3s-s2,NotReady
2026-06-29T10:29:59+00:00,k3s-s3,Ready
2026-06-29T10:29:59+00:00,k3s-w1,Ready
2026-06-29T10:29:59+00:00,k3s-w2,Ready
2026-06-29T10:30:00+00:00,k3s-s1,Ready
2026-06-29T10:30:00+00:00,k3s-s2,NotReady
2026-06-29T10:30:00+00:00,k3s-s3,Ready
2026-06-29T10:30:00+00:00,k3s-w1,Ready
2026-06-29T10:30:00+00:00,k3s-w2,Ready
2026-06-29T10:30:01+00:00,k3s-s1,Ready
2026-06-29T10:30:01+00:00,k3s-s2,NotReady
2026-06-29T10:30:01+00:00,k3s-s3,Ready
2026-06-29T10:30:01+00:00,k3s-w1,Ready
2026-06-29T10:30:01+00:00,k3s-w2,Ready
2026-06-29T10:30:02+00:00,k3s-s1,Ready
2026-06-29T10:30:02+00:00,k3s-s2,NotReady
2026-06-29T10:30:02+00:00,k3s-s3,Ready
2026-06-29T10:30:02+00:00,k3s-w1,Ready
2026-06-29T10:30:02+00:00,k3s-w2,Ready
2026-06-29T10:30:03+00:00,k3s-s1,Ready
2026-06-29T10:30:03+00:00,k3s-s2,NotReady
2026-06-29T10:30:03+00:00,k3s-s3,Ready
2026-06-29T10:30:03+00:00,k3s-w1,Ready
2026-06-29T10:30:03+00:00,k3s-w2,Ready
2026-06-29T10:30:04+00:00,k3s-s1,Ready
2026-06-29T10:30:04+00:00,k3s-s2,NotReady
2026-06-29T10:30:04+00:00,k3s-s3,Ready
2026-06-29T10:30:04+00:00,k3s-w1,Ready
2026-06-29T10:30:04+00:00,k3s-w2,Ready
2026-06-29T10:30:05+00:00,k3s-s1,Ready
2026-06-29T10:30:05+00:00,k3s-s2,NotReady
2026-06-29T10:30:05+00:00,k3s-s3,Ready
2026-06-29T10:30:05+00:00,k3s-w1,Ready
2026-06-29T10:30:05+00:00,k3s-w2,Ready
2026-06-29T10:30:06+00:00,k3s-s1,Ready
2026-06-29T10:30:06+00:00,k3s-s2,NotReady
2026-06-29T10:30:06+00:00,k3s-s3,Ready
2026-06-29T10:30:06+00:00,k3s-w1,Ready
2026-06-29T10:30:06+00:00,k3s-w2,Ready
2026-06-29T10:30:07+00:00,k3s-s1,Ready
2026-06-29T10:30:07+00:00,k3s-s2,NotReady
2026-06-29T10:30:07+00:00,k3s-s3,Ready
2026-06-29T10:30:07+00:00,k3s-w1,Ready
2026-06-29T10:30:07+00:00,k3s-w2,Ready
2026-06-29T10:30:08+00:00,k3s-s1,Ready
2026-06-29T10:30:08+00:00,k3s-s2,NotReady
2026-06-29T10:30:08+00:00,k3s-s3,Ready
2026-06-29T10:30:08+00:00,k3s-w1,Ready
2026-06-29T10:30:08+00:00,k3s-w2,Ready
2026-06-29T10:30:09+00:00,k3s-s1,Ready
2026-06-29T10:30:09+00:00,k3s-s2,NotReady
2026-06-29T10:30:09+00:00,k3s-s3,Ready
2026-06-29T10:30:09+00:00,k3s-w1,Ready
2026-06-29T10:30:09+00:00,k3s-w2,Ready
2026-06-29T10:30:11+00:00,k3s-s1,Ready
2026-06-29T10:30:11+00:00,k3s-s2,NotReady
2026-06-29T10:30:11+00:00,k3s-s3,Ready
2026-06-29T10:30:11+00:00,k3s-w1,Ready
2026-06-29T10:30:11+00:00,k3s-w2,Ready
2026-06-29T10:30:12+00:00,k3s-s1,Ready
2026-06-29T10:30:12+00:00,k3s-s2,NotReady
2026-06-29T10:30:12+00:00,k3s-s3,Ready
2026-06-29T10:30:12+00:00,k3s-w1,Ready
2026-06-29T10:30:12+00:00,k3s-w2,Ready
2026-06-29T10:30:13+00:00,k3s-s1,Ready
2026-06-29T10:30:13+00:00,k3s-s2,NotReady
2026-06-29T10:30:13+00:00,k3s-s3,Ready
2026-06-29T10:30:13+00:00,k3s-w1,Ready
2026-06-29T10:30:13+00:00,k3s-w2,Ready
2026-06-29T10:30:14+00:00,k3s-s1,Ready
2026-06-29T10:30:14+00:00,k3s-s2,NotReady
2026-06-29T10:30:14+00:00,k3s-s3,Ready
2026-06-29T10:30:14+00:00,k3s-w1,Ready
2026-06-29T10:30:14+00:00,k3s-w2,Ready
2026-06-29T10:30:15+00:00,k3s-s1,Ready
2026-06-29T10:30:15+00:00,k3s-s2,NotReady
2026-06-29T10:30:15+00:00,k3s-s3,Ready
2026-06-29T10:30:15+00:00,k3s-w1,Ready
2026-06-29T10:30:15+00:00,k3s-w2,Ready
2026-06-29T10:30:16+00:00,k3s-s1,Ready
2026-06-29T10:30:16+00:00,k3s-s2,NotReady
2026-06-29T10:30:16+00:00,k3s-s3,Ready
2026-06-29T10:30:16+00:00,k3s-w1,Ready
2026-06-29T10:30:16+00:00,k3s-w2,Ready
2026-06-29T10:30:17+00:00,k3s-s1,Ready
2026-06-29T10:30:17+00:00,k3s-s2,NotReady
2026-06-29T10:30:17+00:00,k3s-s3,Ready
2026-06-29T10:30:17+00:00,k3s-w1,Ready
2026-06-29T10:30:17+00:00,k3s-w2,Ready
2026-06-29T10:30:18+00:00,k3s-s1,Ready
2026-06-29T10:30:18+00:00,k3s-s2,NotReady
2026-06-29T10:30:18+00:00,k3s-s3,Ready
2026-06-29T10:30:18+00:00,k3s-w1,Ready
2026-06-29T10:30:18+00:00,k3s-w2,Ready
2026-06-29T10:30:19+00:00,k3s-s1,Ready
2026-06-29T10:30:19+00:00,k3s-s2,NotReady
2026-06-29T10:30:19+00:00,k3s-s3,Ready
2026-06-29T10:30:19+00:00,k3s-w1,Ready
2026-06-29T10:30:19+00:00,k3s-w2,Ready
2026-06-29T10:30:20+00:00,k3s-s1,Ready
2026-06-29T10:30:20+00:00,k3s-s2,NotReady
2026-06-29T10:30:20+00:00,k3s-s3,Ready
2026-06-29T10:30:20+00:00,k3s-w1,Ready
2026-06-29T10:30:20+00:00,k3s-w2,Ready
2026-06-29T10:30:21+00:00,k3s-s1,Ready
2026-06-29T10:30:21+00:00,k3s-s2,NotReady
2026-06-29T10:30:21+00:00,k3s-s3,Ready
2026-06-29T10:30:21+00:00,k3s-w1,Ready
2026-06-29T10:30:21+00:00,k3s-w2,Ready
2026-06-29T10:30:22+00:00,k3s-s1,Ready
2026-06-29T10:30:22+00:00,k3s-s2,NotReady
2026-06-29T10:30:22+00:00,k3s-s3,Ready
2026-06-29T10:30:22+00:00,k3s-w1,Ready
2026-06-29T10:30:22+00:00,k3s-w2,Ready
2026-06-29T10:30:23+00:00,k3s-s1,Ready
2026-06-29T10:30:23+00:00,k3s-s2,NotReady
2026-06-29T10:30:23+00:00,k3s-s3,Ready
2026-06-29T10:30:23+00:00,k3s-w1,Ready
2026-06-29T10:30:23+00:00,k3s-w2,Ready
2026-06-29T10:30:24+00:00,k3s-s1,Ready
2026-06-29T10:30:24+00:00,k3s-s2,NotReady
2026-06-29T10:30:24+00:00,k3s-s3,Ready
2026-06-29T10:30:24+00:00,k3s-w1,Ready
2026-06-29T10:30:24+00:00,k3s-w2,Ready
2026-06-29T10:30:25+00:00,k3s-s1,Ready
2026-06-29T10:30:25+00:00,k3s-s2,NotReady
2026-06-29T10:30:25+00:00,k3s-s3,Ready
2026-06-29T10:30:25+00:00,k3s-w1,Ready
2026-06-29T10:30:25+00:00,k3s-w2,Ready
2026-06-29T10:30:26+00:00,k3s-s1,Ready
2026-06-29T10:30:26+00:00,k3s-s2,NotReady
2026-06-29T10:30:26+00:00,k3s-s3,Ready
2026-06-29T10:30:26+00:00,k3s-w1,Ready
2026-06-29T10:30:26+00:00,k3s-w2,Ready
2026-06-29T10:30:27+00:00,k3s-s1,Ready
2026-06-29T10:30:27+00:00,k3s-s2,NotReady
2026-06-29T10:30:27+00:00,k3s-s3,Ready
2026-06-29T10:30:27+00:00,k3s-w1,Ready
2026-06-29T10:30:27+00:00,k3s-w2,Ready
2026-06-29T10:30:28+00:00,k3s-s1,Ready
2026-06-29T10:30:28+00:00,k3s-s2,NotReady
2026-06-29T10:30:28+00:00,k3s-s3,Ready
2026-06-29T10:30:28+00:00,k3s-w1,Ready
2026-06-29T10:30:28+00:00,k3s-w2,Ready
2026-06-29T10:30:29+00:00,k3s-s1,Ready
2026-06-29T10:30:29+00:00,k3s-s2,NotReady
2026-06-29T10:30:29+00:00,k3s-s3,Ready
2026-06-29T10:30:29+00:00,k3s-w1,Ready
2026-06-29T10:30:29+00:00,k3s-w2,Ready
2026-06-29T10:30:31+00:00,k3s-s1,Ready
2026-06-29T10:30:31+00:00,k3s-s2,NotReady
2026-06-29T10:30:31+00:00,k3s-s3,Ready
2026-06-29T10:30:31+00:00,k3s-w1,Ready
2026-06-29T10:30:31+00:00,k3s-w2,Ready
2026-06-29T10:30:32+00:00,k3s-s1,Ready
2026-06-29T10:30:32+00:00,k3s-s2,NotReady
2026-06-29T10:30:32+00:00,k3s-s3,Ready
2026-06-29T10:30:32+00:00,k3s-w1,Ready
2026-06-29T10:30:32+00:00,k3s-w2,Ready
2026-06-29T10:30:33+00:00,k3s-s1,Ready
2026-06-29T10:30:33+00:00,k3s-s2,NotReady
2026-06-29T10:30:33+00:00,k3s-s3,Ready
2026-06-29T10:30:33+00:00,k3s-w1,Ready
2026-06-29T10:30:33+00:00,k3s-w2,Ready
2026-06-29T10:30:34+00:00,k3s-s1,Ready
2026-06-29T10:30:34+00:00,k3s-s2,NotReady
2026-06-29T10:30:34+00:00,k3s-s3,Ready
2026-06-29T10:30:34+00:00,k3s-w1,Ready
2026-06-29T10:30:34+00:00,k3s-w2,Ready
2026-06-29T10:30:35+00:00,k3s-s1,Ready
2026-06-29T10:30:35+00:00,k3s-s2,NotReady
2026-06-29T10:30:35+00:00,k3s-s3,Ready
2026-06-29T10:30:35+00:00,k3s-w1,Ready
2026-06-29T10:30:35+00:00,k3s-w2,Ready
2026-06-29T10:30:36+00:00,k3s-s1,Ready
2026-06-29T10:30:36+00:00,k3s-s2,NotReady
2026-06-29T10:30:36+00:00,k3s-s3,Ready
2026-06-29T10:30:36+00:00,k3s-w1,Ready
2026-06-29T10:30:36+00:00,k3s-w2,Ready
2026-06-29T10:30:37+00:00,k3s-s1,Ready
2026-06-29T10:30:37+00:00,k3s-s2,NotReady
2026-06-29T10:30:37+00:00,k3s-s3,Ready
2026-06-29T10:30:37+00:00,k3s-w1,Ready
2026-06-29T10:30:37+00:00,k3s-w2,Ready
2026-06-29T10:30:38+00:00,k3s-s1,Ready
2026-06-29T10:30:38+00:00,k3s-s2,NotReady
2026-06-29T10:30:38+00:00,k3s-s3,Ready
2026-06-29T10:30:38+00:00,k3s-w1,Ready
2026-06-29T10:30:38+00:00,k3s-w2,Ready
2026-06-29T10:30:39+00:00,k3s-s1,Ready
2026-06-29T10:30:39+00:00,k3s-s2,NotReady
2026-06-29T10:30:39+00:00,k3s-s3,Ready
2026-06-29T10:30:39+00:00,k3s-w1,Ready
2026-06-29T10:30:39+00:00,k3s-w2,Ready
2026-06-29T10:30:40+00:00,k3s-s1,Ready
2026-06-29T10:30:40+00:00,k3s-s2,NotReady
2026-06-29T10:30:40+00:00,k3s-s3,Ready
2026-06-29T10:30:40+00:00,k3s-w1,Ready
2026-06-29T10:30:40+00:00,k3s-w2,Ready
2026-06-29T10:30:41+00:00,k3s-s1,Ready
2026-06-29T10:30:41+00:00,k3s-s2,NotReady
2026-06-29T10:30:41+00:00,k3s-s3,Ready
2026-06-29T10:30:41+00:00,k3s-w1,Ready
2026-06-29T10:30:41+00:00,k3s-w2,Ready
2026-06-29T10:30:42+00:00,k3s-s1,Ready
2026-06-29T10:30:42+00:00,k3s-s2,NotReady
2026-06-29T10:30:42+00:00,k3s-s3,Ready
2026-06-29T10:30:42+00:00,k3s-w1,Ready
2026-06-29T10:30:42+00:00,k3s-w2,Ready
2026-06-29T10:30:43+00:00,k3s-s1,Ready
2026-06-29T10:30:43+00:00,k3s-s2,NotReady
2026-06-29T10:30:43+00:00,k3s-s3,Ready
2026-06-29T10:30:43+00:00,k3s-w1,Ready
2026-06-29T10:30:43+00:00,k3s-w2,Ready
2026-06-29T10:30:44+00:00,k3s-s1,Ready
2026-06-29T10:30:44+00:00,k3s-s2,NotReady
2026-06-29T10:30:44+00:00,k3s-s3,Ready
2026-06-29T10:30:44+00:00,k3s-w1,Ready
2026-06-29T10:30:44+00:00,k3s-w2,Ready
2026-06-29T10:30:45+00:00,k3s-s1,Ready
2026-06-29T10:30:45+00:00,k3s-s2,NotReady
2026-06-29T10:30:45+00:00,k3s-s3,Ready
2026-06-29T10:30:45+00:00,k3s-w1,Ready
2026-06-29T10:30:45+00:00,k3s-w2,Ready
2026-06-29T10:30:46+00:00,k3s-s1,Ready
2026-06-29T10:30:46+00:00,k3s-s2,NotReady
2026-06-29T10:30:46+00:00,k3s-s3,Ready
2026-06-29T10:30:46+00:00,k3s-w1,Ready
2026-06-29T10:30:46+00:00,k3s-w2,Ready
2026-06-29T10:30:47+00:00,k3s-s1,Ready
2026-06-29T10:30:47+00:00,k3s-s2,NotReady
2026-06-29T10:30:47+00:00,k3s-s3,Ready
2026-06-29T10:30:47+00:00,k3s-w1,Ready
2026-06-29T10:30:47+00:00,k3s-w2,Ready
2026-06-29T10:30:48+00:00,k3s-s1,Ready
2026-06-29T10:30:48+00:00,k3s-s2,NotReady
2026-06-29T10:30:48+00:00,k3s-s3,Ready
2026-06-29T10:30:48+00:00,k3s-w1,Ready
2026-06-29T10:30:48+00:00,k3s-w2,Ready
2026-06-29T10:30:49+00:00,k3s-s1,Ready
2026-06-29T10:30:49+00:00,k3s-s2,NotReady
2026-06-29T10:30:49+00:00,k3s-s3,Ready
2026-06-29T10:30:49+00:00,k3s-w1,Ready
2026-06-29T10:30:49+00:00,k3s-w2,Ready
2026-06-29T10:30:51+00:00,k3s-s1,Ready
2026-06-29T10:30:51+00:00,k3s-s2,NotReady
2026-06-29T10:30:51+00:00,k3s-s3,Ready
2026-06-29T10:30:51+00:00,k3s-w1,Ready
2026-06-29T10:30:51+00:00,k3s-w2,Ready
2026-06-29T10:30:52+00:00,k3s-s1,Ready
2026-06-29T10:30:52+00:00,k3s-s2,NotReady
2026-06-29T10:30:52+00:00,k3s-s3,Ready
2026-06-29T10:30:52+00:00,k3s-w1,Ready
2026-06-29T10:30:52+00:00,k3s-w2,Ready
2026-06-29T10:30:53+00:00,k3s-s1,Ready
2026-06-29T10:30:53+00:00,k3s-s2,NotReady
2026-06-29T10:30:53+00:00,k3s-s3,Ready
2026-06-29T10:30:53+00:00,k3s-w1,Ready
2026-06-29T10:30:53+00:00,k3s-w2,Ready
2026-06-29T10:30:54+00:00,k3s-s1,Ready
2026-06-29T10:30:54+00:00,k3s-s2,NotReady
2026-06-29T10:30:54+00:00,k3s-s3,Ready
2026-06-29T10:30:54+00:00,k3s-w1,Ready
2026-06-29T10:30:54+00:00,k3s-w2,Ready
2026-06-29T10:30:55+00:00,k3s-s1,Ready
2026-06-29T10:30:55+00:00,k3s-s2,NotReady
2026-06-29T10:30:55+00:00,k3s-s3,Ready
2026-06-29T10:30:55+00:00,k3s-w1,Ready
2026-06-29T10:30:55+00:00,k3s-w2,Ready
2026-06-29T10:30:56+00:00,k3s-s1,Ready
2026-06-29T10:30:56+00:00,k3s-s2,NotReady
2026-06-29T10:30:56+00:00,k3s-s3,Ready
2026-06-29T10:30:56+00:00,k3s-w1,Ready
2026-06-29T10:30:56+00:00,k3s-w2,Ready
2026-06-29T10:30:57+00:00,k3s-s1,Ready
2026-06-29T10:30:57+00:00,k3s-s2,NotReady
2026-06-29T10:30:57+00:00,k3s-s3,Ready
2026-06-29T10:30:57+00:00,k3s-w1,Ready
2026-06-29T10:30:57+00:00,k3s-w2,Ready
2026-06-29T10:30:58+00:00,k3s-s1,Ready
2026-06-29T10:30:58+00:00,k3s-s2,NotReady
2026-06-29T10:30:58+00:00,k3s-s3,Ready
2026-06-29T10:30:58+00:00,k3s-w1,Ready
2026-06-29T10:30:58+00:00,k3s-w2,Ready
2026-06-29T10:30:59+00:00,k3s-s1,Ready
2026-06-29T10:30:59+00:00,k3s-s2,NotReady
2026-06-29T10:30:59+00:00,k3s-s3,Ready
2026-06-29T10:30:59+00:00,k3s-w1,Ready
2026-06-29T10:30:59+00:00,k3s-w2,Ready
2026-06-29T10:31:00+00:00,k3s-s1,Ready
2026-06-29T10:31:00+00:00,k3s-s2,NotReady
2026-06-29T10:31:00+00:00,k3s-s3,Ready
2026-06-29T10:31:00+00:00,k3s-w1,Ready
2026-06-29T10:31:00+00:00,k3s-w2,Ready
2026-06-29T10:31:01+00:00,k3s-s1,Ready
2026-06-29T10:31:01+00:00,k3s-s2,NotReady
2026-06-29T10:31:01+00:00,k3s-s3,Ready
2026-06-29T10:31:01+00:00,k3s-w1,Ready
2026-06-29T10:31:01+00:00,k3s-w2,Ready
2026-06-29T10:31:02+00:00,k3s-s1,Ready
2026-06-29T10:31:02+00:00,k3s-s2,NotReady
2026-06-29T10:31:02+00:00,k3s-s3,Ready
2026-06-29T10:31:02+00:00,k3s-w1,Ready
2026-06-29T10:31:02+00:00,k3s-w2,Ready
2026-06-29T10:31:03+00:00,k3s-s1,Ready
2026-06-29T10:31:03+00:00,k3s-s2,NotReady
2026-06-29T10:31:03+00:00,k3s-s3,Ready
2026-06-29T10:31:03+00:00,k3s-w1,Ready
2026-06-29T10:31:03+00:00,k3s-w2,Ready
2026-06-29T10:31:04+00:00,k3s-s1,Ready
2026-06-29T10:31:04+00:00,k3s-s2,NotReady
2026-06-29T10:31:04+00:00,k3s-s3,Ready
2026-06-29T10:31:04+00:00,k3s-w1,Ready
2026-06-29T10:31:04+00:00,k3s-w2,Ready
2026-06-29T10:31:05+00:00,k3s-s1,Ready
2026-06-29T10:31:05+00:00,k3s-s2,NotReady
2026-06-29T10:31:05+00:00,k3s-s3,Ready
2026-06-29T10:31:05+00:00,k3s-w1,Ready
2026-06-29T10:31:05+00:00,k3s-w2,Ready
2026-06-29T10:31:06+00:00,k3s-s1,Ready
2026-06-29T10:31:06+00:00,k3s-s2,NotReady
2026-06-29T10:31:06+00:00,k3s-s3,Ready
2026-06-29T10:31:06+00:00,k3s-w1,Ready
2026-06-29T10:31:06+00:00,k3s-w2,Ready
2026-06-29T10:31:07+00:00,k3s-s1,Ready
2026-06-29T10:31:07+00:00,k3s-s2,NotReady
2026-06-29T10:31:07+00:00,k3s-s3,Ready
2026-06-29T10:31:07+00:00,k3s-w1,Ready
2026-06-29T10:31:07+00:00,k3s-w2,Ready
2026-06-29T10:31:08+00:00,k3s-s1,Ready
2026-06-29T10:31:08+00:00,k3s-s2,NotReady
2026-06-29T10:31:08+00:00,k3s-s3,Ready
2026-06-29T10:31:08+00:00,k3s-w1,Ready
2026-06-29T10:31:08+00:00,k3s-w2,Ready
2026-06-29T10:31:09+00:00,k3s-s1,Ready
2026-06-29T10:31:09+00:00,k3s-s2,NotReady
2026-06-29T10:31:09+00:00,k3s-s3,Ready
2026-06-29T10:31:09+00:00,k3s-w1,Ready
2026-06-29T10:31:09+00:00,k3s-w2,Ready
2026-06-29T10:31:10+00:00,k3s-s1,Ready
2026-06-29T10:31:10+00:00,k3s-s2,NotReady
2026-06-29T10:31:10+00:00,k3s-s3,Ready
2026-06-29T10:31:10+00:00,k3s-w1,Ready
2026-06-29T10:31:10+00:00,k3s-w2,Ready
2026-06-29T10:31:12+00:00,k3s-s1,Ready
2026-06-29T10:31:12+00:00,k3s-s2,NotReady
2026-06-29T10:31:12+00:00,k3s-s3,Ready
2026-06-29T10:31:12+00:00,k3s-w1,Ready
2026-06-29T10:31:12+00:00,k3s-w2,Ready
2026-06-29T10:31:13+00:00,k3s-s1,Ready
2026-06-29T10:31:13+00:00,k3s-s2,NotReady
2026-06-29T10:31:13+00:00,k3s-s3,Ready
2026-06-29T10:31:13+00:00,k3s-w1,Ready
2026-06-29T10:31:13+00:00,k3s-w2,Ready
2026-06-29T10:31:14+00:00,k3s-s1,Ready
2026-06-29T10:31:14+00:00,k3s-s2,NotReady
2026-06-29T10:31:14+00:00,k3s-s3,Ready
2026-06-29T10:31:14+00:00,k3s-w1,Ready
2026-06-29T10:31:14+00:00,k3s-w2,Ready
2026-06-29T10:31:15+00:00,k3s-s1,Ready
2026-06-29T10:31:15+00:00,k3s-s2,NotReady
2026-06-29T10:31:15+00:00,k3s-s3,Ready
2026-06-29T10:31:15+00:00,k3s-w1,Ready
2026-06-29T10:31:15+00:00,k3s-w2,Ready
2026-06-29T10:31:16+00:00,k3s-s1,Ready
2026-06-29T10:31:16+00:00,k3s-s2,NotReady
2026-06-29T10:31:16+00:00,k3s-s3,Ready
2026-06-29T10:31:16+00:00,k3s-w1,Ready
2026-06-29T10:31:16+00:00,k3s-w2,Ready
2026-06-29T10:31:17+00:00,k3s-s1,Ready
2026-06-29T10:31:17+00:00,k3s-s2,NotReady
2026-06-29T10:31:17+00:00,k3s-s3,Ready
2026-06-29T10:31:17+00:00,k3s-w1,Ready
2026-06-29T10:31:17+00:00,k3s-w2,Ready
2026-06-29T10:31:18+00:00,k3s-s1,Ready
2026-06-29T10:31:18+00:00,k3s-s2,NotReady
2026-06-29T10:31:18+00:00,k3s-s3,Ready
2026-06-29T10:31:18+00:00,k3s-w1,Ready
2026-06-29T10:31:18+00:00,k3s-w2,Ready
2026-06-29T10:31:19+00:00,k3s-s1,Ready
2026-06-29T10:31:19+00:00,k3s-s2,NotReady
2026-06-29T10:31:19+00:00,k3s-s3,Ready
2026-06-29T10:31:19+00:00,k3s-w1,Ready
2026-06-29T10:31:19+00:00,k3s-w2,Ready
2026-06-29T10:31:20+00:00,k3s-s1,Ready
2026-06-29T10:31:20+00:00,k3s-s2,NotReady
2026-06-29T10:31:20+00:00,k3s-s3,Ready
2026-06-29T10:31:20+00:00,k3s-w1,Ready
2026-06-29T10:31:20+00:00,k3s-w2,Ready
2026-06-29T10:31:21+00:00,k3s-s1,Ready
2026-06-29T10:31:21+00:00,k3s-s2,NotReady
2026-06-29T10:31:21+00:00,k3s-s3,Ready
2026-06-29T10:31:21+00:00,k3s-w1,Ready
2026-06-29T10:31:21+00:00,k3s-w2,Ready
2026-06-29T10:31:22+00:00,k3s-s1,Ready
2026-06-29T10:31:22+00:00,k3s-s2,NotReady
2026-06-29T10:31:22+00:00,k3s-s3,Ready
2026-06-29T10:31:22+00:00,k3s-w1,Ready
2026-06-29T10:31:22+00:00,k3s-w2,Ready
2026-06-29T10:31:23+00:00,k3s-s1,Ready
2026-06-29T10:31:23+00:00,k3s-s2,NotReady
2026-06-29T10:31:23+00:00,k3s-s3,Ready
2026-06-29T10:31:23+00:00,k3s-w1,Ready
2026-06-29T10:31:23+00:00,k3s-w2,Ready
2026-06-29T10:31:24+00:00,k3s-s1,Ready
2026-06-29T10:31:24+00:00,k3s-s2,NotReady
2026-06-29T10:31:24+00:00,k3s-s3,Ready
2026-06-29T10:31:24+00:00,k3s-w1,Ready
2026-06-29T10:31:24+00:00,k3s-w2,Ready
2026-06-29T10:31:25+00:00,k3s-s1,Ready
2026-06-29T10:31:25+00:00,k3s-s2,NotReady
2026-06-29T10:31:25+00:00,k3s-s3,Ready
2026-06-29T10:31:25+00:00,k3s-w1,Ready
2026-06-29T10:31:25+00:00,k3s-w2,Ready
2026-06-29T10:31:26+00:00,k3s-s1,Ready
2026-06-29T10:31:26+00:00,k3s-s2,NotReady
2026-06-29T10:31:26+00:00,k3s-s3,Ready
2026-06-29T10:31:26+00:00,k3s-w1,Ready
2026-06-29T10:31:26+00:00,k3s-w2,Ready
2026-06-29T10:31:27+00:00,k3s-s1,Ready
2026-06-29T10:31:27+00:00,k3s-s2,NotReady
2026-06-29T10:31:27+00:00,k3s-s3,Ready
2026-06-29T10:31:27+00:00,k3s-w1,Ready
2026-06-29T10:31:27+00:00,k3s-w2,Ready
2026-06-29T10:31:28+00:00,k3s-s1,Ready
2026-06-29T10:31:28+00:00,k3s-s2,NotReady
2026-06-29T10:31:28+00:00,k3s-s3,Ready
2026-06-29T10:31:28+00:00,k3s-w1,Ready
2026-06-29T10:31:28+00:00,k3s-w2,Ready
2026-06-29T10:31:29+00:00,k3s-s1,Ready
2026-06-29T10:31:29+00:00,k3s-s2,NotReady
2026-06-29T10:31:29+00:00,k3s-s3,Ready
2026-06-29T10:31:29+00:00,k3s-w1,Ready
2026-06-29T10:31:29+00:00,k3s-w2,Ready
2026-06-29T10:31:30+00:00,k3s-s1,Ready
2026-06-29T10:31:30+00:00,k3s-s2,NotReady
2026-06-29T10:31:30+00:00,k3s-s3,Ready
2026-06-29T10:31:30+00:00,k3s-w1,Ready
2026-06-29T10:31:30+00:00,k3s-w2,Ready
2026-06-29T10:31:32+00:00,k3s-s1,Ready
2026-06-29T10:31:32+00:00,k3s-s2,NotReady
2026-06-29T10:31:32+00:00,k3s-s3,Ready
2026-06-29T10:31:32+00:00,k3s-w1,Ready
2026-06-29T10:31:32+00:00,k3s-w2,Ready
2026-06-29T10:31:33+00:00,k3s-s1,Ready
2026-06-29T10:31:33+00:00,k3s-s2,NotReady
2026-06-29T10:31:33+00:00,k3s-s3,Ready
2026-06-29T10:31:33+00:00,k3s-w1,Ready
2026-06-29T10:31:33+00:00,k3s-w2,Ready
2026-06-29T10:31:34+00:00,k3s-s1,Ready
2026-06-29T10:31:34+00:00,k3s-s2,NotReady
2026-06-29T10:31:34+00:00,k3s-s3,Ready
2026-06-29T10:31:34+00:00,k3s-w1,Ready
2026-06-29T10:31:34+00:00,k3s-w2,Ready
2026-06-29T10:31:35+00:00,k3s-s1,Ready
2026-06-29T10:31:35+00:00,k3s-s2,NotReady
2026-06-29T10:31:35+00:00,k3s-s3,Ready
2026-06-29T10:31:35+00:00,k3s-w1,Ready
2026-06-29T10:31:35+00:00,k3s-w2,Ready
2026-06-29T10:31:36+00:00,k3s-s1,Ready
2026-06-29T10:31:36+00:00,k3s-s2,NotReady
2026-06-29T10:31:36+00:00,k3s-s3,Ready
2026-06-29T10:31:36+00:00,k3s-w1,Ready
2026-06-29T10:31:36+00:00,k3s-w2,Ready
2026-06-29T10:31:37+00:00,k3s-s1,Ready
2026-06-29T10:31:37+00:00,k3s-s2,NotReady
2026-06-29T10:31:37+00:00,k3s-s3,Ready
2026-06-29T10:31:37+00:00,k3s-w1,Ready
2026-06-29T10:31:37+00:00,k3s-w2,Ready
2026-06-29T10:31:38+00:00,k3s-s1,Ready
2026-06-29T10:31:38+00:00,k3s-s2,NotReady
2026-06-29T10:31:38+00:00,k3s-s3,Ready
2026-06-29T10:31:38+00:00,k3s-w1,Ready
2026-06-29T10:31:38+00:00,k3s-w2,Ready
2026-06-29T10:31:39+00:00,k3s-s1,Ready
2026-06-29T10:31:39+00:00,k3s-s2,NotReady
2026-06-29T10:31:39+00:00,k3s-s3,Ready
2026-06-29T10:31:39+00:00,k3s-w1,Ready
2026-06-29T10:31:39+00:00,k3s-w2,Ready
2026-06-29T10:31:40+00:00,k3s-s1,Ready
2026-06-29T10:31:40+00:00,k3s-s2,NotReady
2026-06-29T10:31:40+00:00,k3s-s3,Ready
2026-06-29T10:31:40+00:00,k3s-w1,Ready
2026-06-29T10:31:40+00:00,k3s-w2,Ready
2026-06-29T10:31:41+00:00,k3s-s1,Ready
2026-06-29T10:31:41+00:00,k3s-s2,NotReady
2026-06-29T10:31:41+00:00,k3s-s3,Ready
2026-06-29T10:31:41+00:00,k3s-w1,Ready
2026-06-29T10:31:41+00:00,k3s-w2,Ready
2026-06-29T10:31:42+00:00,k3s-s1,Ready
2026-06-29T10:31:42+00:00,k3s-s2,NotReady
2026-06-29T10:31:42+00:00,k3s-s3,Ready
2026-06-29T10:31:42+00:00,k3s-w1,Ready
2026-06-29T10:31:42+00:00,k3s-w2,Ready
2026-06-29T10:31:43+00:00,k3s-s1,Ready
2026-06-29T10:31:43+00:00,k3s-s2,NotReady
2026-06-29T10:31:43+00:00,k3s-s3,Ready
2026-06-29T10:31:43+00:00,k3s-w1,Ready
2026-06-29T10:31:43+00:00,k3s-w2,Ready
2026-06-29T10:31:44+00:00,k3s-s1,Ready
2026-06-29T10:31:44+00:00,k3s-s2,NotReady
2026-06-29T10:31:44+00:00,k3s-s3,Ready
2026-06-29T10:31:44+00:00,k3s-w1,Ready
2026-06-29T10:31:44+00:00,k3s-w2,Ready
2026-06-29T10:31:45+00:00,k3s-s1,Ready
2026-06-29T10:31:45+00:00,k3s-s2,NotReady
2026-06-29T10:31:45+00:00,k3s-s3,Ready
2026-06-29T10:31:45+00:00,k3s-w1,Ready
2026-06-29T10:31:45+00:00,k3s-w2,Ready
2026-06-29T10:31:46+00:00,k3s-s1,Ready
2026-06-29T10:31:46+00:00,k3s-s2,NotReady
2026-06-29T10:31:46+00:00,k3s-s3,Ready
2026-06-29T10:31:46+00:00,k3s-w1,Ready
2026-06-29T10:31:46+00:00,k3s-w2,Ready
2026-06-29T10:31:47+00:00,k3s-s1,Ready
2026-06-29T10:31:47+00:00,k3s-s2,NotReady
2026-06-29T10:31:47+00:00,k3s-s3,Ready
2026-06-29T10:31:47+00:00,k3s-w1,Ready
2026-06-29T10:31:47+00:00,k3s-w2,Ready
2026-06-29T10:31:48+00:00,k3s-s1,Ready
2026-06-29T10:31:48+00:00,k3s-s2,NotReady
2026-06-29T10:31:48+00:00,k3s-s3,Ready
2026-06-29T10:31:48+00:00,k3s-w1,Ready
2026-06-29T10:31:48+00:00,k3s-w2,Ready
2026-06-29T10:31:49+00:00,k3s-s1,Ready
2026-06-29T10:31:49+00:00,k3s-s2,NotReady
2026-06-29T10:31:49+00:00,k3s-s3,Ready
2026-06-29T10:31:49+00:00,k3s-w1,Ready
2026-06-29T10:31:49+00:00,k3s-w2,Ready
2026-06-29T10:31:51+00:00,k3s-s1,Ready
2026-06-29T10:31:51+00:00,k3s-s2,NotReady
2026-06-29T10:31:51+00:00,k3s-s3,Ready
2026-06-29T10:31:51+00:00,k3s-w1,Ready
2026-06-29T10:31:51+00:00,k3s-w2,Ready
2026-06-29T10:31:52+00:00,k3s-s1,Ready
2026-06-29T10:31:52+00:00,k3s-s2,NotReady
2026-06-29T10:31:52+00:00,k3s-s3,Ready
2026-06-29T10:31:52+00:00,k3s-w1,Ready
2026-06-29T10:31:52+00:00,k3s-w2,Ready
2026-06-29T10:31:53+00:00,k3s-s1,Ready
2026-06-29T10:31:53+00:00,k3s-s2,NotReady
2026-06-29T10:31:53+00:00,k3s-s3,Ready
2026-06-29T10:31:53+00:00,k3s-w1,Ready
2026-06-29T10:31:53+00:00,k3s-w2,Ready
2026-06-29T10:31:54+00:00,k3s-s1,Ready
2026-06-29T10:31:54+00:00,k3s-s2,NotReady
2026-06-29T10:31:54+00:00,k3s-s3,Ready
2026-06-29T10:31:54+00:00,k3s-w1,Ready
2026-06-29T10:31:54+00:00,k3s-w2,Ready
2026-06-29T10:31:55+00:00,k3s-s1,Ready
2026-06-29T10:31:55+00:00,k3s-s2,NotReady
2026-06-29T10:31:55+00:00,k3s-s3,Ready
2026-06-29T10:31:55+00:00,k3s-w1,Ready
2026-06-29T10:31:55+00:00,k3s-w2,Ready
2026-06-29T10:31:56+00:00,k3s-s1,Ready
2026-06-29T10:31:56+00:00,k3s-s2,NotReady
2026-06-29T10:31:56+00:00,k3s-s3,Ready
2026-06-29T10:31:56+00:00,k3s-w1,Ready
2026-06-29T10:31:56+00:00,k3s-w2,Ready
2026-06-29T10:31:57+00:00,k3s-s1,Ready
2026-06-29T10:31:57+00:00,k3s-s2,NotReady
2026-06-29T10:31:57+00:00,k3s-s3,Ready
2026-06-29T10:31:57+00:00,k3s-w1,Ready
2026-06-29T10:31:57+00:00,k3s-w2,Ready
2026-06-29T10:31:58+00:00,k3s-s1,Ready
2026-06-29T10:31:58+00:00,k3s-s2,NotReady
2026-06-29T10:31:58+00:00,k3s-s3,Ready
2026-06-29T10:31:58+00:00,k3s-w1,Ready
2026-06-29T10:31:58+00:00,k3s-w2,Ready
2026-06-29T10:31:59+00:00,k3s-s1,Ready
2026-06-29T10:31:59+00:00,k3s-s2,NotReady
2026-06-29T10:31:59+00:00,k3s-s3,Ready
2026-06-29T10:31:59+00:00,k3s-w1,Ready
2026-06-29T10:31:59+00:00,k3s-w2,Ready
2026-06-29T10:32:00+00:00,k3s-s1,Ready
2026-06-29T10:32:00+00:00,k3s-s2,NotReady
2026-06-29T10:32:00+00:00,k3s-s3,Ready
2026-06-29T10:32:00+00:00,k3s-w1,Ready
2026-06-29T10:32:00+00:00,k3s-w2,Ready
2026-06-29T10:32:01+00:00,k3s-s1,Ready
2026-06-29T10:32:01+00:00,k3s-s2,NotReady
2026-06-29T10:32:01+00:00,k3s-s3,Ready
2026-06-29T10:32:01+00:00,k3s-w1,Ready
2026-06-29T10:32:01+00:00,k3s-w2,Ready
2026-06-29T10:32:02+00:00,k3s-s1,Ready
2026-06-29T10:32:02+00:00,k3s-s2,NotReady
2026-06-29T10:32:02+00:00,k3s-s3,Ready
2026-06-29T10:32:02+00:00,k3s-w1,Ready
2026-06-29T10:32:02+00:00,k3s-w2,Ready
2026-06-29T10:32:03+00:00,k3s-s1,Ready
2026-06-29T10:32:03+00:00,k3s-s2,NotReady
2026-06-29T10:32:03+00:00,k3s-s3,Ready
2026-06-29T10:32:03+00:00,k3s-w1,Ready
2026-06-29T10:32:03+00:00,k3s-w2,Ready
2026-06-29T10:32:04+00:00,k3s-s1,Ready
2026-06-29T10:32:04+00:00,k3s-s2,NotReady
2026-06-29T10:32:04+00:00,k3s-s3,Ready
2026-06-29T10:32:04+00:00,k3s-w1,Ready
2026-06-29T10:32:04+00:00,k3s-w2,Ready
2026-06-29T10:32:05+00:00,k3s-s1,Ready
2026-06-29T10:32:05+00:00,k3s-s2,NotReady
2026-06-29T10:32:05+00:00,k3s-s3,Ready
2026-06-29T10:32:05+00:00,k3s-w1,Ready
2026-06-29T10:32:05+00:00,k3s-w2,Ready
2026-06-29T10:32:06+00:00,k3s-s1,Ready
2026-06-29T10:32:06+00:00,k3s-s2,NotReady
2026-06-29T10:32:06+00:00,k3s-s3,Ready
2026-06-29T10:32:06+00:00,k3s-w1,Ready
2026-06-29T10:32:06+00:00,k3s-w2,Ready
2026-06-29T10:32:07+00:00,k3s-s1,Ready
2026-06-29T10:32:07+00:00,k3s-s2,NotReady
2026-06-29T10:32:07+00:00,k3s-s3,Ready
2026-06-29T10:32:07+00:00,k3s-w1,Ready
2026-06-29T10:32:07+00:00,k3s-w2,Ready
2026-06-29T10:32:08+00:00,k3s-s1,Ready
2026-06-29T10:32:08+00:00,k3s-s2,NotReady
2026-06-29T10:32:08+00:00,k3s-s3,Ready
2026-06-29T10:32:08+00:00,k3s-w1,Ready
2026-06-29T10:32:08+00:00,k3s-w2,Ready
2026-06-29T10:32:09+00:00,k3s-s1,Ready
2026-06-29T10:32:09+00:00,k3s-s2,NotReady
2026-06-29T10:32:09+00:00,k3s-s3,Ready
2026-06-29T10:32:09+00:00,k3s-w1,Ready
2026-06-29T10:32:09+00:00,k3s-w2,Ready
2026-06-29T10:32:10+00:00,k3s-s1,Ready
2026-06-29T10:32:10+00:00,k3s-s2,NotReady
2026-06-29T10:32:10+00:00,k3s-s3,Ready
2026-06-29T10:32:10+00:00,k3s-w1,Ready
2026-06-29T10:32:10+00:00,k3s-w2,Ready
2026-06-29T10:32:12+00:00,k3s-s1,Ready
2026-06-29T10:32:12+00:00,k3s-s2,NotReady
2026-06-29T10:32:12+00:00,k3s-s3,Ready
2026-06-29T10:32:12+00:00,k3s-w1,Ready
2026-06-29T10:32:12+00:00,k3s-w2,Ready
2026-06-29T10:32:13+00:00,k3s-s1,Ready
2026-06-29T10:32:13+00:00,k3s-s2,NotReady
2026-06-29T10:32:13+00:00,k3s-s3,Ready
2026-06-29T10:32:13+00:00,k3s-w1,Ready
2026-06-29T10:32:13+00:00,k3s-w2,Ready
2026-06-29T10:32:14+00:00,k3s-s1,Ready
2026-06-29T10:32:14+00:00,k3s-s2,NotReady
2026-06-29T10:32:14+00:00,k3s-s3,Ready
2026-06-29T10:32:14+00:00,k3s-w1,Ready
2026-06-29T10:32:14+00:00,k3s-w2,Ready
2026-06-29T10:32:15+00:00,k3s-s1,Ready
2026-06-29T10:32:15+00:00,k3s-s2,NotReady
2026-06-29T10:32:15+00:00,k3s-s3,Ready
2026-06-29T10:32:15+00:00,k3s-w1,Ready
2026-06-29T10:32:15+00:00,k3s-w2,Ready
2026-06-29T10:32:16+00:00,k3s-s1,Ready
2026-06-29T10:32:16+00:00,k3s-s2,NotReady
2026-06-29T10:32:16+00:00,k3s-s3,Ready
2026-06-29T10:32:16+00:00,k3s-w1,Ready
2026-06-29T10:32:16+00:00,k3s-w2,Ready
2026-06-29T10:32:17+00:00,k3s-s1,Ready
2026-06-29T10:32:17+00:00,k3s-s2,NotReady
2026-06-29T10:32:17+00:00,k3s-s3,Ready
2026-06-29T10:32:17+00:00,k3s-w1,Ready
2026-06-29T10:32:17+00:00,k3s-w2,Ready
2026-06-29T10:32:18+00:00,k3s-s1,Ready
2026-06-29T10:32:18+00:00,k3s-s2,NotReady
2026-06-29T10:32:18+00:00,k3s-s3,Ready
2026-06-29T10:32:18+00:00,k3s-w1,Ready
2026-06-29T10:32:18+00:00,k3s-w2,Ready
2026-06-29T10:32:19+00:00,k3s-s1,Ready
2026-06-29T10:32:19+00:00,k3s-s2,NotReady
2026-06-29T10:32:19+00:00,k3s-s3,Ready
2026-06-29T10:32:19+00:00,k3s-w1,Ready
2026-06-29T10:32:19+00:00,k3s-w2,Ready
2026-06-29T10:32:20+00:00,k3s-s1,Ready
2026-06-29T10:32:20+00:00,k3s-s2,NotReady
2026-06-29T10:32:20+00:00,k3s-s3,Ready
2026-06-29T10:32:20+00:00,k3s-w1,Ready
2026-06-29T10:32:20+00:00,k3s-w2,Ready
2026-06-29T10:32:21+00:00,k3s-s1,Ready
2026-06-29T10:32:21+00:00,k3s-s2,NotReady
2026-06-29T10:32:21+00:00,k3s-s3,Ready
2026-06-29T10:32:21+00:00,k3s-w1,Ready
2026-06-29T10:32:21+00:00,k3s-w2,Ready
2026-06-29T10:32:22+00:00,k3s-s1,Ready
2026-06-29T10:32:22+00:00,k3s-s2,NotReady
2026-06-29T10:32:22+00:00,k3s-s3,Ready
2026-06-29T10:32:22+00:00,k3s-w1,Ready
2026-06-29T10:32:22+00:00,k3s-w2,Ready
2026-06-29T10:32:23+00:00,k3s-s1,Ready
2026-06-29T10:32:23+00:00,k3s-s2,NotReady
2026-06-29T10:32:23+00:00,k3s-s3,Ready
2026-06-29T10:32:23+00:00,k3s-w1,Ready
2026-06-29T10:32:23+00:00,k3s-w2,Ready
2026-06-29T10:32:24+00:00,k3s-s1,Ready
2026-06-29T10:32:24+00:00,k3s-s2,NotReady
2026-06-29T10:32:24+00:00,k3s-s3,Ready
2026-06-29T10:32:24+00:00,k3s-w1,Ready
2026-06-29T10:32:24+00:00,k3s-w2,Ready
2026-06-29T10:32:25+00:00,k3s-s1,Ready
2026-06-29T10:32:25+00:00,k3s-s2,NotReady
2026-06-29T10:32:25+00:00,k3s-s3,Ready
2026-06-29T10:32:25+00:00,k3s-w1,Ready
2026-06-29T10:32:25+00:00,k3s-w2,Ready
2026-06-29T10:32:26+00:00,k3s-s1,Ready
2026-06-29T10:32:26+00:00,k3s-s2,NotReady
2026-06-29T10:32:26+00:00,k3s-s3,Ready
2026-06-29T10:32:26+00:00,k3s-w1,Ready
2026-06-29T10:32:26+00:00,k3s-w2,Ready
2026-06-29T10:32:27+00:00,k3s-s1,Ready
2026-06-29T10:32:27+00:00,k3s-s2,NotReady
2026-06-29T10:32:27+00:00,k3s-s3,Ready
2026-06-29T10:32:27+00:00,k3s-w1,Ready
2026-06-29T10:32:27+00:00,k3s-w2,Ready
2026-06-29T10:32:28+00:00,k3s-s1,Ready
2026-06-29T10:32:28+00:00,k3s-s2,NotReady
2026-06-29T10:32:28+00:00,k3s-s3,Ready
2026-06-29T10:32:28+00:00,k3s-w1,Ready
2026-06-29T10:32:28+00:00,k3s-w2,Ready
2026-06-29T10:32:29+00:00,k3s-s1,Ready
2026-06-29T10:32:29+00:00,k3s-s2,NotReady
2026-06-29T10:32:29+00:00,k3s-s3,Ready
2026-06-29T10:32:29+00:00,k3s-w1,Ready
2026-06-29T10:32:29+00:00,k3s-w2,Ready
2026-06-29T10:32:30+00:00,k3s-s1,Ready
2026-06-29T10:32:30+00:00,k3s-s2,NotReady
2026-06-29T10:32:30+00:00,k3s-s3,Ready
2026-06-29T10:32:30+00:00,k3s-w1,Ready
2026-06-29T10:32:30+00:00,k3s-w2,Ready
2026-06-29T10:32:32+00:00,k3s-s1,Ready
2026-06-29T10:32:32+00:00,k3s-s2,NotReady
2026-06-29T10:32:32+00:00,k3s-s3,Ready
2026-06-29T10:32:32+00:00,k3s-w1,Ready
2026-06-29T10:32:32+00:00,k3s-w2,Ready
2026-06-29T10:32:33+00:00,k3s-s1,Ready
2026-06-29T10:32:33+00:00,k3s-s2,NotReady
2026-06-29T10:32:33+00:00,k3s-s3,Ready
2026-06-29T10:32:33+00:00,k3s-w1,Ready
2026-06-29T10:32:33+00:00,k3s-w2,Ready
2026-06-29T10:32:34+00:00,k3s-s1,Ready
2026-06-29T10:32:34+00:00,k3s-s2,NotReady
2026-06-29T10:32:34+00:00,k3s-s3,Ready
2026-06-29T10:32:34+00:00,k3s-w1,Ready
2026-06-29T10:32:34+00:00,k3s-w2,Ready
2026-06-29T10:32:35+00:00,k3s-s1,Ready
2026-06-29T10:32:35+00:00,k3s-s2,NotReady
2026-06-29T10:32:35+00:00,k3s-s3,Ready
2026-06-29T10:32:35+00:00,k3s-w1,Ready
2026-06-29T10:32:35+00:00,k3s-w2,Ready
2026-06-29T10:32:36+00:00,k3s-s1,Ready
2026-06-29T10:32:36+00:00,k3s-s2,NotReady
2026-06-29T10:32:36+00:00,k3s-s3,Ready
2026-06-29T10:32:36+00:00,k3s-w1,Ready
2026-06-29T10:32:36+00:00,k3s-w2,Ready
2026-06-29T10:32:37+00:00,k3s-s1,Ready
2026-06-29T10:32:37+00:00,k3s-s2,NotReady
2026-06-29T10:32:37+00:00,k3s-s3,Ready
2026-06-29T10:32:37+00:00,k3s-w1,Ready
2026-06-29T10:32:37+00:00,k3s-w2,Ready
2026-06-29T10:32:38+00:00,k3s-s1,Ready
2026-06-29T10:32:38+00:00,k3s-s2,NotReady
2026-06-29T10:32:38+00:00,k3s-s3,Ready
2026-06-29T10:32:38+00:00,k3s-w1,Ready
2026-06-29T10:32:38+00:00,k3s-w2,Ready
2026-06-29T10:32:39+00:00,k3s-s1,Ready
2026-06-29T10:32:39+00:00,k3s-s2,NotReady
2026-06-29T10:32:39+00:00,k3s-s3,Ready
2026-06-29T10:32:39+00:00,k3s-w1,Ready
2026-06-29T10:32:39+00:00,k3s-w2,Ready
2026-06-29T10:32:40+00:00,k3s-s1,Ready
2026-06-29T10:32:40+00:00,k3s-s2,NotReady
2026-06-29T10:32:40+00:00,k3s-s3,Ready
2026-06-29T10:32:40+00:00,k3s-w1,Ready
2026-06-29T10:32:40+00:00,k3s-w2,Ready
2026-06-29T10:32:41+00:00,k3s-s1,Ready
2026-06-29T10:32:41+00:00,k3s-s2,NotReady
2026-06-29T10:32:41+00:00,k3s-s3,Ready
2026-06-29T10:32:41+00:00,k3s-w1,Ready
2026-06-29T10:32:41+00:00,k3s-w2,Ready
2026-06-29T10:32:42+00:00,k3s-s1,Ready
2026-06-29T10:32:42+00:00,k3s-s2,NotReady
2026-06-29T10:32:42+00:00,k3s-s3,Ready
2026-06-29T10:32:42+00:00,k3s-w1,Ready
2026-06-29T10:32:42+00:00,k3s-w2,Ready
2026-06-29T10:32:43+00:00,k3s-s1,Ready
2026-06-29T10:32:43+00:00,k3s-s2,NotReady
2026-06-29T10:32:43+00:00,k3s-s3,Ready
2026-06-29T10:32:43+00:00,k3s-w1,Ready
2026-06-29T10:32:43+00:00,k3s-w2,Ready
2026-06-29T10:32:44+00:00,k3s-s1,Ready
2026-06-29T10:32:44+00:00,k3s-s2,NotReady
2026-06-29T10:32:44+00:00,k3s-s3,Ready
2026-06-29T10:32:44+00:00,k3s-w1,Ready
2026-06-29T10:32:44+00:00,k3s-w2,Ready
2026-06-29T10:32:45+00:00,k3s-s1,Ready
2026-06-29T10:32:45+00:00,k3s-s2,NotReady
2026-06-29T10:32:45+00:00,k3s-s3,Ready
2026-06-29T10:32:45+00:00,k3s-w1,Ready
2026-06-29T10:32:45+00:00,k3s-w2,Ready
2026-06-29T10:32:46+00:00,k3s-s1,Ready
2026-06-29T10:32:46+00:00,k3s-s2,NotReady
2026-06-29T10:32:46+00:00,k3s-s3,Ready
2026-06-29T10:32:46+00:00,k3s-w1,Ready
2026-06-29T10:32:46+00:00,k3s-w2,Ready
2026-06-29T10:32:47+00:00,k3s-s1,Ready
2026-06-29T10:32:47+00:00,k3s-s2,NotReady
2026-06-29T10:32:47+00:00,k3s-s3,Ready
2026-06-29T10:32:47+00:00,k3s-w1,Ready
2026-06-29T10:32:47+00:00,k3s-w2,Ready
2026-06-29T10:32:48+00:00,k3s-s1,Ready
2026-06-29T10:32:48+00:00,k3s-s2,NotReady
2026-06-29T10:32:48+00:00,k3s-s3,Ready
2026-06-29T10:32:48+00:00,k3s-w1,Ready
2026-06-29T10:32:48+00:00,k3s-w2,Ready
2026-06-29T10:32:49+00:00,k3s-s1,Ready
2026-06-29T10:32:49+00:00,k3s-s2,NotReady
2026-06-29T10:32:49+00:00,k3s-s3,Ready
2026-06-29T10:32:49+00:00,k3s-w1,Ready
2026-06-29T10:32:49+00:00,k3s-w2,Ready
2026-06-29T10:32:50+00:00,k3s-s1,Ready
2026-06-29T10:32:50+00:00,k3s-s2,NotReady
2026-06-29T10:32:50+00:00,k3s-s3,Ready
2026-06-29T10:32:50+00:00,k3s-w1,Ready
2026-06-29T10:32:50+00:00,k3s-w2,Ready
2026-06-29T10:32:52+00:00,k3s-s1,Ready
2026-06-29T10:32:52+00:00,k3s-s2,NotReady
2026-06-29T10:32:52+00:00,k3s-s3,Ready
2026-06-29T10:32:52+00:00,k3s-w1,Ready
2026-06-29T10:32:52+00:00,k3s-w2,Ready
2026-06-29T10:32:53+00:00,k3s-s1,Ready
2026-06-29T10:32:53+00:00,k3s-s2,NotReady
2026-06-29T10:32:53+00:00,k3s-s3,Ready
2026-06-29T10:32:53+00:00,k3s-w1,Ready
2026-06-29T10:32:53+00:00,k3s-w2,Ready
2026-06-29T10:32:54+00:00,k3s-s1,Ready
2026-06-29T10:32:54+00:00,k3s-s2,NotReady
2026-06-29T10:32:54+00:00,k3s-s3,Ready
2026-06-29T10:32:54+00:00,k3s-w1,Ready
2026-06-29T10:32:54+00:00,k3s-w2,Ready
2026-06-29T10:32:55+00:00,k3s-s1,Ready
2026-06-29T10:32:55+00:00,k3s-s2,NotReady
2026-06-29T10:32:55+00:00,k3s-s3,Ready
2026-06-29T10:32:55+00:00,k3s-w1,Ready
2026-06-29T10:32:55+00:00,k3s-w2,Ready
2026-06-29T10:32:56+00:00,k3s-s1,Ready
2026-06-29T10:32:56+00:00,k3s-s2,NotReady
2026-06-29T10:32:56+00:00,k3s-s3,Ready
2026-06-29T10:32:56+00:00,k3s-w1,Ready
2026-06-29T10:32:56+00:00,k3s-w2,Ready
2026-06-29T10:32:57+00:00,k3s-s1,Ready
2026-06-29T10:32:57+00:00,k3s-s2,NotReady
2026-06-29T10:32:57+00:00,k3s-s3,Ready
2026-06-29T10:32:57+00:00,k3s-w1,Ready
2026-06-29T10:32:57+00:00,k3s-w2,Ready
2026-06-29T10:32:58+00:00,k3s-s1,Ready
2026-06-29T10:32:58+00:00,k3s-s2,NotReady
2026-06-29T10:32:58+00:00,k3s-s3,Ready
2026-06-29T10:32:58+00:00,k3s-w1,Ready
2026-06-29T10:32:58+00:00,k3s-w2,Ready
2026-06-29T10:32:59+00:00,k3s-s1,Ready
2026-06-29T10:32:59+00:00,k3s-s2,NotReady
2026-06-29T10:32:59+00:00,k3s-s3,Ready
2026-06-29T10:32:59+00:00,k3s-w1,Ready
2026-06-29T10:32:59+00:00,k3s-w2,Ready
2026-06-29T10:33:00+00:00,k3s-s1,Ready
2026-06-29T10:33:00+00:00,k3s-s2,NotReady
2026-06-29T10:33:00+00:00,k3s-s3,Ready
2026-06-29T10:33:00+00:00,k3s-w1,Ready
2026-06-29T10:33:00+00:00,k3s-w2,Ready
2026-06-29T10:33:01+00:00,k3s-s1,Ready
2026-06-29T10:33:01+00:00,k3s-s2,NotReady
2026-06-29T10:33:01+00:00,k3s-s3,Ready
2026-06-29T10:33:01+00:00,k3s-w1,Ready
2026-06-29T10:33:01+00:00,k3s-w2,Ready
2026-06-29T10:33:02+00:00,k3s-s1,Ready
2026-06-29T10:33:02+00:00,k3s-s2,NotReady
2026-06-29T10:33:02+00:00,k3s-s3,Ready
2026-06-29T10:33:02+00:00,k3s-w1,Ready
2026-06-29T10:33:02+00:00,k3s-w2,Ready
2026-06-29T10:33:03+00:00,k3s-s1,Ready
2026-06-29T10:33:03+00:00,k3s-s2,NotReady
2026-06-29T10:33:03+00:00,k3s-s3,Ready
2026-06-29T10:33:03+00:00,k3s-w1,Ready
2026-06-29T10:33:03+00:00,k3s-w2,Ready
2026-06-29T10:33:04+00:00,k3s-s1,Ready
2026-06-29T10:33:04+00:00,k3s-s2,NotReady
2026-06-29T10:33:04+00:00,k3s-s3,Ready
2026-06-29T10:33:04+00:00,k3s-w1,Ready
2026-06-29T10:33:04+00:00,k3s-w2,Ready
2026-06-29T10:33:05+00:00,k3s-s1,Ready
2026-06-29T10:33:05+00:00,k3s-s2,NotReady
2026-06-29T10:33:05+00:00,k3s-s3,Ready
2026-06-29T10:33:05+00:00,k3s-w1,Ready
2026-06-29T10:33:05+00:00,k3s-w2,Ready
2026-06-29T10:33:06+00:00,k3s-s1,Ready
2026-06-29T10:33:06+00:00,k3s-s2,NotReady
2026-06-29T10:33:06+00:00,k3s-s3,Ready
2026-06-29T10:33:06+00:00,k3s-w1,Ready
2026-06-29T10:33:06+00:00,k3s-w2,Ready
2026-06-29T10:33:07+00:00,k3s-s1,Ready
2026-06-29T10:33:07+00:00,k3s-s2,NotReady
2026-06-29T10:33:07+00:00,k3s-s3,Ready
2026-06-29T10:33:07+00:00,k3s-w1,Ready
2026-06-29T10:33:07+00:00,k3s-w2,Ready
2026-06-29T10:33:08+00:00,k3s-s1,Ready
2026-06-29T10:33:08+00:00,k3s-s2,NotReady
2026-06-29T10:33:08+00:00,k3s-s3,Ready
2026-06-29T10:33:08+00:00,k3s-w1,Ready
2026-06-29T10:33:08+00:00,k3s-w2,Ready
2026-06-29T10:33:09+00:00,k3s-s1,Ready
2026-06-29T10:33:09+00:00,k3s-s2,NotReady
2026-06-29T10:33:09+00:00,k3s-s3,Ready
2026-06-29T10:33:09+00:00,k3s-w1,Ready
2026-06-29T10:33:09+00:00,k3s-w2,Ready
2026-06-29T10:33:10+00:00,k3s-s1,Ready
2026-06-29T10:33:10+00:00,k3s-s2,NotReady
2026-06-29T10:33:10+00:00,k3s-s3,Ready
2026-06-29T10:33:10+00:00,k3s-w1,Ready
2026-06-29T10:33:10+00:00,k3s-w2,Ready
2026-06-29T10:33:12+00:00,k3s-s1,Ready
2026-06-29T10:33:12+00:00,k3s-s2,NotReady
2026-06-29T10:33:12+00:00,k3s-s3,Ready
2026-06-29T10:33:12+00:00,k3s-w1,Ready
2026-06-29T10:33:12+00:00,k3s-w2,Ready
2026-06-29T10:33:13+00:00,k3s-s1,Ready
2026-06-29T10:33:13+00:00,k3s-s2,NotReady
2026-06-29T10:33:13+00:00,k3s-s3,Ready
2026-06-29T10:33:13+00:00,k3s-w1,Ready
2026-06-29T10:33:13+00:00,k3s-w2,Ready
2026-06-29T10:33:14+00:00,k3s-s1,Ready
2026-06-29T10:33:14+00:00,k3s-s2,NotReady
2026-06-29T10:33:14+00:00,k3s-s3,Ready
2026-06-29T10:33:14+00:00,k3s-w1,Ready
2026-06-29T10:33:14+00:00,k3s-w2,Ready
2026-06-29T10:33:15+00:00,k3s-s1,Ready
2026-06-29T10:33:15+00:00,k3s-s2,NotReady
2026-06-29T10:33:15+00:00,k3s-s3,Ready
2026-06-29T10:33:15+00:00,k3s-w1,Ready
2026-06-29T10:33:15+00:00,k3s-w2,Ready
2026-06-29T10:33:16+00:00,k3s-s1,Ready
2026-06-29T10:33:16+00:00,k3s-s2,NotReady
2026-06-29T10:33:16+00:00,k3s-s3,Ready
2026-06-29T10:33:16+00:00,k3s-w1,Ready
2026-06-29T10:33:16+00:00,k3s-w2,Ready
2026-06-29T10:33:17+00:00,k3s-s1,Ready
2026-06-29T10:33:17+00:00,k3s-s2,NotReady
2026-06-29T10:33:17+00:00,k3s-s3,Ready
2026-06-29T10:33:17+00:00,k3s-w1,Ready
2026-06-29T10:33:17+00:00,k3s-w2,Ready
2026-06-29T10:33:18+00:00,k3s-s1,Ready
2026-06-29T10:33:18+00:00,k3s-s2,NotReady
2026-06-29T10:33:18+00:00,k3s-s3,Ready
2026-06-29T10:33:18+00:00,k3s-w1,Ready
2026-06-29T10:33:18+00:00,k3s-w2,Ready
2026-06-29T10:33:19+00:00,k3s-s1,Ready
2026-06-29T10:33:19+00:00,k3s-s2,NotReady
2026-06-29T10:33:19+00:00,k3s-s3,Ready
2026-06-29T10:33:19+00:00,k3s-w1,Ready
2026-06-29T10:33:19+00:00,k3s-w2,Ready
2026-06-29T10:33:20+00:00,k3s-s1,Ready
2026-06-29T10:33:20+00:00,k3s-s2,NotReady
2026-06-29T10:33:20+00:00,k3s-s3,Ready
2026-06-29T10:33:20+00:00,k3s-w1,Ready
2026-06-29T10:33:20+00:00,k3s-w2,Ready
2026-06-29T10:33:21+00:00,k3s-s1,Ready
2026-06-29T10:33:21+00:00,k3s-s2,NotReady
2026-06-29T10:33:21+00:00,k3s-s3,Ready
2026-06-29T10:33:21+00:00,k3s-w1,Ready
2026-06-29T10:33:21+00:00,k3s-w2,Ready
2026-06-29T10:33:22+00:00,k3s-s1,Ready
2026-06-29T10:33:22+00:00,k3s-s2,NotReady
2026-06-29T10:33:22+00:00,k3s-s3,Ready
2026-06-29T10:33:22+00:00,k3s-w1,Ready
2026-06-29T10:33:22+00:00,k3s-w2,Ready
2026-06-29T10:33:23+00:00,k3s-s1,Ready
2026-06-29T10:33:23+00:00,k3s-s2,NotReady
2026-06-29T10:33:23+00:00,k3s-s3,Ready
2026-06-29T10:33:23+00:00,k3s-w1,Ready
2026-06-29T10:33:23+00:00,k3s-w2,Ready
2026-06-29T10:33:24+00:00,k3s-s1,Ready
2026-06-29T10:33:24+00:00,k3s-s2,NotReady
2026-06-29T10:33:24+00:00,k3s-s3,Ready
2026-06-29T10:33:24+00:00,k3s-w1,Ready
2026-06-29T10:33:24+00:00,k3s-w2,Ready
2026-06-29T10:33:25+00:00,k3s-s1,Ready
2026-06-29T10:33:25+00:00,k3s-s2,NotReady
2026-06-29T10:33:25+00:00,k3s-s3,Ready
2026-06-29T10:33:25+00:00,k3s-w1,Ready
2026-06-29T10:33:25+00:00,k3s-w2,Ready
2026-06-29T10:33:26+00:00,k3s-s1,Ready
2026-06-29T10:33:26+00:00,k3s-s2,NotReady
2026-06-29T10:33:26+00:00,k3s-s3,Ready
2026-06-29T10:33:26+00:00,k3s-w1,Ready
2026-06-29T10:33:26+00:00,k3s-w2,Ready
2026-06-29T10:33:27+00:00,k3s-s1,Ready
2026-06-29T10:33:27+00:00,k3s-s2,NotReady
2026-06-29T10:33:27+00:00,k3s-s3,Ready
2026-06-29T10:33:27+00:00,k3s-w1,Ready
2026-06-29T10:33:27+00:00,k3s-w2,Ready
2026-06-29T10:33:28+00:00,k3s-s1,Ready
2026-06-29T10:33:28+00:00,k3s-s2,NotReady
2026-06-29T10:33:28+00:00,k3s-s3,Ready
2026-06-29T10:33:28+00:00,k3s-w1,Ready
2026-06-29T10:33:28+00:00,k3s-w2,Ready
2026-06-29T10:33:29+00:00,k3s-s1,Ready
2026-06-29T10:33:29+00:00,k3s-s2,NotReady
2026-06-29T10:33:29+00:00,k3s-s3,Ready
2026-06-29T10:33:29+00:00,k3s-w1,Ready
2026-06-29T10:33:29+00:00,k3s-w2,Ready
2026-06-29T10:33:30+00:00,k3s-s1,Ready
2026-06-29T10:33:30+00:00,k3s-s2,NotReady
2026-06-29T10:33:30+00:00,k3s-s3,Ready
2026-06-29T10:33:30+00:00,k3s-w1,Ready
2026-06-29T10:33:30+00:00,k3s-w2,Ready
2026-06-29T10:33:32+00:00,k3s-s1,Ready
2026-06-29T10:33:32+00:00,k3s-s2,NotReady
2026-06-29T10:33:32+00:00,k3s-s3,Ready
2026-06-29T10:33:32+00:00,k3s-w1,Ready
2026-06-29T10:33:32+00:00,k3s-w2,Ready
2026-06-29T10:33:33+00:00,k3s-s1,Ready
2026-06-29T10:33:33+00:00,k3s-s2,NotReady
2026-06-29T10:33:33+00:00,k3s-s3,Ready
2026-06-29T10:33:33+00:00,k3s-w1,Ready
2026-06-29T10:33:33+00:00,k3s-w2,Ready
2026-06-29T10:33:34+00:00,k3s-s1,Ready
2026-06-29T10:33:34+00:00,k3s-s2,NotReady
2026-06-29T10:33:34+00:00,k3s-s3,Ready
2026-06-29T10:33:34+00:00,k3s-w1,Ready
2026-06-29T10:33:34+00:00,k3s-w2,Ready
2026-06-29T10:33:35+00:00,k3s-s1,Ready
2026-06-29T10:33:35+00:00,k3s-s2,NotReady
2026-06-29T10:33:35+00:00,k3s-s3,Ready
2026-06-29T10:33:35+00:00,k3s-w1,Ready
2026-06-29T10:33:35+00:00,k3s-w2,Ready
2026-06-29T10:33:36+00:00,k3s-s1,Ready
2026-06-29T10:33:36+00:00,k3s-s2,NotReady
2026-06-29T10:33:36+00:00,k3s-s3,Ready
2026-06-29T10:33:36+00:00,k3s-w1,Ready
2026-06-29T10:33:36+00:00,k3s-w2,Ready
2026-06-29T10:33:37+00:00,k3s-s1,Ready
2026-06-29T10:33:37+00:00,k3s-s2,NotReady
2026-06-29T10:33:37+00:00,k3s-s3,Ready
2026-06-29T10:33:37+00:00,k3s-w1,Ready
2026-06-29T10:33:37+00:00,k3s-w2,Ready
2026-06-29T10:33:38+00:00,k3s-s1,Ready
2026-06-29T10:33:38+00:00,k3s-s2,NotReady
2026-06-29T10:33:38+00:00,k3s-s3,Ready
2026-06-29T10:33:38+00:00,k3s-w1,Ready
2026-06-29T10:33:38+00:00,k3s-w2,Ready
2026-06-29T10:33:39+00:00,k3s-s1,Ready
2026-06-29T10:33:39+00:00,k3s-s2,NotReady
2026-06-29T10:33:39+00:00,k3s-s3,Ready
2026-06-29T10:33:39+00:00,k3s-w1,Ready
2026-06-29T10:33:39+00:00,k3s-w2,Ready
2026-06-29T10:33:40+00:00,k3s-s1,Ready
2026-06-29T10:33:40+00:00,k3s-s2,NotReady
2026-06-29T10:33:40+00:00,k3s-s3,Ready
2026-06-29T10:33:40+00:00,k3s-w1,Ready
2026-06-29T10:33:40+00:00,k3s-w2,Ready
2026-06-29T10:33:41+00:00,k3s-s1,Ready
2026-06-29T10:33:41+00:00,k3s-s2,NotReady
2026-06-29T10:33:41+00:00,k3s-s3,Ready
2026-06-29T10:33:41+00:00,k3s-w1,Ready
2026-06-29T10:33:41+00:00,k3s-w2,Ready
2026-06-29T10:33:42+00:00,k3s-s1,Ready
2026-06-29T10:33:42+00:00,k3s-s2,NotReady
2026-06-29T10:33:42+00:00,k3s-s3,Ready
2026-06-29T10:33:42+00:00,k3s-w1,Ready
2026-06-29T10:33:42+00:00,k3s-w2,Ready
2026-06-29T10:33:43+00:00,k3s-s1,Ready
2026-06-29T10:33:43+00:00,k3s-s2,NotReady
2026-06-29T10:33:43+00:00,k3s-s3,Ready
2026-06-29T10:33:43+00:00,k3s-w1,Ready
2026-06-29T10:33:43+00:00,k3s-w2,Ready
2026-06-29T10:33:44+00:00,k3s-s1,Ready
2026-06-29T10:33:44+00:00,k3s-s2,NotReady
2026-06-29T10:33:44+00:00,k3s-s3,Ready
2026-06-29T10:33:44+00:00,k3s-w1,Ready
2026-06-29T10:33:44+00:00,k3s-w2,Ready
2026-06-29T10:33:45+00:00,k3s-s1,Ready
2026-06-29T10:33:45+00:00,k3s-s2,NotReady
2026-06-29T10:33:45+00:00,k3s-s3,Ready
2026-06-29T10:33:45+00:00,k3s-w1,Ready
2026-06-29T10:33:45+00:00,k3s-w2,Ready
2026-06-29T10:33:46+00:00,k3s-s1,Ready
2026-06-29T10:33:46+00:00,k3s-s2,NotReady
2026-06-29T10:33:46+00:00,k3s-s3,Ready
2026-06-29T10:33:46+00:00,k3s-w1,Ready
2026-06-29T10:33:46+00:00,k3s-w2,Ready
2026-06-29T10:33:47+00:00,k3s-s1,Ready
2026-06-29T10:33:47+00:00,k3s-s2,NotReady
2026-06-29T10:33:47+00:00,k3s-s3,Ready
2026-06-29T10:33:47+00:00,k3s-w1,Ready
2026-06-29T10:33:47+00:00,k3s-w2,Ready
2026-06-29T10:33:48+00:00,k3s-s1,Ready
2026-06-29T10:33:48+00:00,k3s-s2,NotReady
2026-06-29T10:33:48+00:00,k3s-s3,Ready
2026-06-29T10:33:48+00:00,k3s-w1,Ready
2026-06-29T10:33:48+00:00,k3s-w2,Ready
2026-06-29T10:33:49+00:00,k3s-s1,Ready
2026-06-29T10:33:49+00:00,k3s-s2,NotReady
2026-06-29T10:33:49+00:00,k3s-s3,Ready
2026-06-29T10:33:49+00:00,k3s-w1,Ready
2026-06-29T10:33:49+00:00,k3s-w2,Ready
2026-06-29T10:33:50+00:00,k3s-s1,Ready
2026-06-29T10:33:50+00:00,k3s-s2,NotReady
2026-06-29T10:33:50+00:00,k3s-s3,Ready
2026-06-29T10:33:50+00:00,k3s-w1,Ready
2026-06-29T10:33:50+00:00,k3s-w2,Ready
2026-06-29T10:33:52+00:00,k3s-s1,Ready
2026-06-29T10:33:52+00:00,k3s-s2,NotReady
2026-06-29T10:33:52+00:00,k3s-s3,Ready
2026-06-29T10:33:52+00:00,k3s-w1,Ready
2026-06-29T10:33:52+00:00,k3s-w2,Ready
2026-06-29T10:33:53+00:00,k3s-s1,Ready
2026-06-29T10:33:53+00:00,k3s-s2,NotReady
2026-06-29T10:33:53+00:00,k3s-s3,Ready
2026-06-29T10:33:53+00:00,k3s-w1,Ready
2026-06-29T10:33:53+00:00,k3s-w2,Ready
2026-06-29T10:33:54+00:00,k3s-s1,Ready
2026-06-29T10:33:54+00:00,k3s-s2,NotReady
2026-06-29T10:33:54+00:00,k3s-s3,Ready
2026-06-29T10:33:54+00:00,k3s-w1,Ready
2026-06-29T10:33:54+00:00,k3s-w2,Ready
2026-06-29T10:33:55+00:00,k3s-s1,Ready
2026-06-29T10:33:55+00:00,k3s-s2,NotReady
2026-06-29T10:33:55+00:00,k3s-s3,Ready
2026-06-29T10:33:55+00:00,k3s-w1,Ready
2026-06-29T10:33:55+00:00,k3s-w2,Ready
2026-06-29T10:33:56+00:00,k3s-s1,Ready
2026-06-29T10:33:56+00:00,k3s-s2,NotReady
2026-06-29T10:33:56+00:00,k3s-s3,Ready
2026-06-29T10:33:56+00:00,k3s-w1,Ready
2026-06-29T10:33:56+00:00,k3s-w2,Ready
2026-06-29T10:33:57+00:00,k3s-s1,Ready
2026-06-29T10:33:57+00:00,k3s-s2,NotReady
2026-06-29T10:33:57+00:00,k3s-s3,Ready
2026-06-29T10:33:57+00:00,k3s-w1,Ready
2026-06-29T10:33:57+00:00,k3s-w2,Ready
2026-06-29T10:33:58+00:00,k3s-s1,Ready
2026-06-29T10:33:58+00:00,k3s-s2,NotReady
2026-06-29T10:33:58+00:00,k3s-s3,Ready
2026-06-29T10:33:58+00:00,k3s-w1,Ready
2026-06-29T10:33:58+00:00,k3s-w2,Ready
2026-06-29T10:33:59+00:00,k3s-s1,Ready
2026-06-29T10:33:59+00:00,k3s-s2,NotReady
2026-06-29T10:33:59+00:00,k3s-s3,Ready
2026-06-29T10:33:59+00:00,k3s-w1,Ready
2026-06-29T10:33:59+00:00,k3s-w2,Ready
2026-06-29T10:34:00+00:00,k3s-s1,Ready
2026-06-29T10:34:00+00:00,k3s-s2,NotReady
2026-06-29T10:34:00+00:00,k3s-s3,Ready
2026-06-29T10:34:00+00:00,k3s-w1,Ready
2026-06-29T10:34:00+00:00,k3s-w2,Ready
2026-06-29T10:34:01+00:00,k3s-s1,Ready
2026-06-29T10:34:01+00:00,k3s-s2,NotReady
2026-06-29T10:34:01+00:00,k3s-s3,Ready
2026-06-29T10:34:01+00:00,k3s-w1,Ready
2026-06-29T10:34:01+00:00,k3s-w2,Ready
2026-06-29T10:34:02+00:00,k3s-s1,Ready
2026-06-29T10:34:02+00:00,k3s-s2,NotReady
2026-06-29T10:34:02+00:00,k3s-s3,Ready
2026-06-29T10:34:02+00:00,k3s-w1,Ready
2026-06-29T10:34:02+00:00,k3s-w2,Ready
2026-06-29T10:34:03+00:00,k3s-s1,Ready
2026-06-29T10:34:03+00:00,k3s-s2,NotReady
2026-06-29T10:34:03+00:00,k3s-s3,Ready
2026-06-29T10:34:03+00:00,k3s-w1,Ready
2026-06-29T10:34:03+00:00,k3s-w2,Ready
2026-06-29T10:34:04+00:00,k3s-s1,Ready
2026-06-29T10:34:04+00:00,k3s-s2,NotReady
2026-06-29T10:34:04+00:00,k3s-s3,Ready
2026-06-29T10:34:04+00:00,k3s-w1,Ready
2026-06-29T10:34:04+00:00,k3s-w2,Ready
2026-06-29T10:34:05+00:00,k3s-s1,Ready
2026-06-29T10:34:05+00:00,k3s-s2,NotReady
2026-06-29T10:34:05+00:00,k3s-s3,Ready
2026-06-29T10:34:05+00:00,k3s-w1,Ready
2026-06-29T10:34:05+00:00,k3s-w2,Ready
2026-06-29T10:34:06+00:00,k3s-s1,Ready
2026-06-29T10:34:06+00:00,k3s-s2,NotReady
2026-06-29T10:34:06+00:00,k3s-s3,Ready
2026-06-29T10:34:06+00:00,k3s-w1,Ready
2026-06-29T10:34:06+00:00,k3s-w2,Ready
2026-06-29T10:34:07+00:00,k3s-s1,Ready
2026-06-29T10:34:07+00:00,k3s-s2,NotReady
2026-06-29T10:34:07+00:00,k3s-s3,Ready
2026-06-29T10:34:07+00:00,k3s-w1,Ready
2026-06-29T10:34:07+00:00,k3s-w2,Ready
2026-06-29T10:34:08+00:00,k3s-s1,Ready
2026-06-29T10:34:08+00:00,k3s-s2,NotReady
2026-06-29T10:34:08+00:00,k3s-s3,Ready
2026-06-29T10:34:08+00:00,k3s-w1,Ready
2026-06-29T10:34:08+00:00,k3s-w2,Ready
2026-06-29T10:34:09+00:00,k3s-s1,Ready
2026-06-29T10:34:09+00:00,k3s-s2,NotReady
2026-06-29T10:34:09+00:00,k3s-s3,Ready
2026-06-29T10:34:09+00:00,k3s-w1,Ready
2026-06-29T10:34:09+00:00,k3s-w2,Ready
2026-06-29T10:34:11+00:00,k3s-s1,Ready
2026-06-29T10:34:11+00:00,k3s-s2,NotReady
2026-06-29T10:34:11+00:00,k3s-s3,Ready
2026-06-29T10:34:11+00:00,k3s-w1,Ready
2026-06-29T10:34:11+00:00,k3s-w2,Ready
2026-06-29T10:34:12+00:00,k3s-s1,Ready
2026-06-29T10:34:12+00:00,k3s-s2,NotReady
2026-06-29T10:34:12+00:00,k3s-s3,Ready
2026-06-29T10:34:12+00:00,k3s-w1,Ready
2026-06-29T10:34:12+00:00,k3s-w2,Ready
2026-06-29T10:34:13+00:00,k3s-s1,Ready
2026-06-29T10:34:13+00:00,k3s-s2,NotReady
2026-06-29T10:34:13+00:00,k3s-s3,Ready
2026-06-29T10:34:13+00:00,k3s-w1,Ready
2026-06-29T10:34:13+00:00,k3s-w2,Ready
2026-06-29T10:34:14+00:00,k3s-s1,Ready
2026-06-29T10:34:14+00:00,k3s-s2,NotReady
2026-06-29T10:34:14+00:00,k3s-s3,Ready
2026-06-29T10:34:14+00:00,k3s-w1,Ready
2026-06-29T10:34:14+00:00,k3s-w2,Ready
2026-06-29T10:34:15+00:00,k3s-s1,Ready
2026-06-29T10:34:15+00:00,k3s-s2,NotReady
2026-06-29T10:34:15+00:00,k3s-s3,Ready
2026-06-29T10:34:15+00:00,k3s-w1,Ready
2026-06-29T10:34:15+00:00,k3s-w2,Ready
2026-06-29T10:34:16+00:00,k3s-s1,Ready
2026-06-29T10:34:16+00:00,k3s-s2,NotReady
2026-06-29T10:34:16+00:00,k3s-s3,Ready
2026-06-29T10:34:16+00:00,k3s-w1,Ready
2026-06-29T10:34:16+00:00,k3s-w2,Ready
2026-06-29T10:34:17+00:00,k3s-s1,Ready
2026-06-29T10:34:17+00:00,k3s-s2,NotReady
2026-06-29T10:34:17+00:00,k3s-s3,Ready
2026-06-29T10:34:17+00:00,k3s-w1,Ready
2026-06-29T10:34:17+00:00,k3s-w2,Ready
2026-06-29T10:34:18+00:00,k3s-s1,Ready
2026-06-29T10:34:18+00:00,k3s-s2,NotReady
2026-06-29T10:34:18+00:00,k3s-s3,Ready
2026-06-29T10:34:18+00:00,k3s-w1,Ready
2026-06-29T10:34:18+00:00,k3s-w2,Ready
2026-06-29T10:34:19+00:00,k3s-s1,Ready
2026-06-29T10:34:19+00:00,k3s-s2,NotReady
2026-06-29T10:34:19+00:00,k3s-s3,Ready
2026-06-29T10:34:19+00:00,k3s-w1,Ready
2026-06-29T10:34:19+00:00,k3s-w2,Ready
2026-06-29T10:34:20+00:00,k3s-s1,Ready
2026-06-29T10:34:20+00:00,k3s-s2,NotReady
2026-06-29T10:34:20+00:00,k3s-s3,Ready
2026-06-29T10:34:20+00:00,k3s-w1,Ready
2026-06-29T10:34:20+00:00,k3s-w2,Ready
2026-06-29T10:34:21+00:00,k3s-s1,Ready
2026-06-29T10:34:21+00:00,k3s-s2,NotReady
2026-06-29T10:34:21+00:00,k3s-s3,Ready
2026-06-29T10:34:21+00:00,k3s-w1,Ready
2026-06-29T10:34:21+00:00,k3s-w2,Ready
2026-06-29T10:34:22+00:00,k3s-s1,Ready
2026-06-29T10:34:22+00:00,k3s-s2,NotReady
2026-06-29T10:34:22+00:00,k3s-s3,Ready
2026-06-29T10:34:22+00:00,k3s-w1,Ready
2026-06-29T10:34:22+00:00,k3s-w2,Ready
2026-06-29T10:34:23+00:00,k3s-s1,Ready
2026-06-29T10:34:23+00:00,k3s-s2,NotReady
2026-06-29T10:34:23+00:00,k3s-s3,Ready
2026-06-29T10:34:23+00:00,k3s-w1,Ready
2026-06-29T10:34:23+00:00,k3s-w2,Ready
2026-06-29T10:34:24+00:00,k3s-s1,Ready
2026-06-29T10:34:24+00:00,k3s-s2,NotReady
2026-06-29T10:34:24+00:00,k3s-s3,Ready
2026-06-29T10:34:24+00:00,k3s-w1,Ready
2026-06-29T10:34:24+00:00,k3s-w2,Ready
2026-06-29T10:34:25+00:00,k3s-s1,Ready
2026-06-29T10:34:25+00:00,k3s-s2,NotReady
2026-06-29T10:34:25+00:00,k3s-s3,Ready
2026-06-29T10:34:25+00:00,k3s-w1,Ready
2026-06-29T10:34:25+00:00,k3s-w2,Ready
2026-06-29T10:34:26+00:00,k3s-s1,Ready
2026-06-29T10:34:26+00:00,k3s-s2,NotReady
2026-06-29T10:34:26+00:00,k3s-s3,Ready
2026-06-29T10:34:26+00:00,k3s-w1,Ready
2026-06-29T10:34:26+00:00,k3s-w2,Ready
2026-06-29T10:34:27+00:00,k3s-s1,Ready
2026-06-29T10:34:27+00:00,k3s-s2,NotReady
2026-06-29T10:34:27+00:00,k3s-s3,Ready
2026-06-29T10:34:27+00:00,k3s-w1,Ready
2026-06-29T10:34:27+00:00,k3s-w2,Ready
2026-06-29T10:34:28+00:00,k3s-s1,Ready
2026-06-29T10:34:28+00:00,k3s-s2,NotReady
2026-06-29T10:34:28+00:00,k3s-s3,Ready
2026-06-29T10:34:28+00:00,k3s-w1,Ready
2026-06-29T10:34:28+00:00,k3s-w2,Ready
2026-06-29T10:34:29+00:00,k3s-s1,Ready
2026-06-29T10:34:29+00:00,k3s-s2,NotReady
2026-06-29T10:34:29+00:00,k3s-s3,Ready
2026-06-29T10:34:29+00:00,k3s-w1,Ready
2026-06-29T10:34:29+00:00,k3s-w2,Ready
2026-06-29T10:34:31+00:00,k3s-s1,Ready
2026-06-29T10:34:31+00:00,k3s-s2,NotReady
2026-06-29T10:34:31+00:00,k3s-s3,Ready
2026-06-29T10:34:31+00:00,k3s-w1,Ready
2026-06-29T10:34:31+00:00,k3s-w2,Ready
2026-06-29T10:34:32+00:00,k3s-s1,Ready
2026-06-29T10:34:32+00:00,k3s-s2,NotReady
2026-06-29T10:34:32+00:00,k3s-s3,Ready
2026-06-29T10:34:32+00:00,k3s-w1,Ready
2026-06-29T10:34:32+00:00,k3s-w2,Ready
2026-06-29T10:34:33+00:00,k3s-s1,Ready
2026-06-29T10:34:33+00:00,k3s-s2,NotReady
2026-06-29T10:34:33+00:00,k3s-s3,Ready
2026-06-29T10:34:33+00:00,k3s-w1,Ready
2026-06-29T10:34:33+00:00,k3s-w2,Ready
2026-06-29T10:34:34+00:00,k3s-s1,Ready
2026-06-29T10:34:34+00:00,k3s-s2,NotReady
2026-06-29T10:34:34+00:00,k3s-s3,Ready
2026-06-29T10:34:34+00:00,k3s-w1,Ready
2026-06-29T10:34:34+00:00,k3s-w2,Ready
2026-06-29T10:34:35+00:00,k3s-s1,Ready
2026-06-29T10:34:35+00:00,k3s-s2,NotReady
2026-06-29T10:34:35+00:00,k3s-s3,Ready
2026-06-29T10:34:35+00:00,k3s-w1,Ready
2026-06-29T10:34:35+00:00,k3s-w2,Ready
2026-06-29T10:34:36+00:00,k3s-s1,Ready
2026-06-29T10:34:36+00:00,k3s-s2,NotReady
2026-06-29T10:34:36+00:00,k3s-s3,Ready
2026-06-29T10:34:36+00:00,k3s-w1,Ready
2026-06-29T10:34:36+00:00,k3s-w2,Ready
2026-06-29T10:34:37+00:00,k3s-s1,Ready
2026-06-29T10:34:37+00:00,k3s-s2,NotReady
2026-06-29T10:34:37+00:00,k3s-s3,Ready
2026-06-29T10:34:37+00:00,k3s-w1,Ready
2026-06-29T10:34:37+00:00,k3s-w2,Ready
2026-06-29T10:34:38+00:00,k3s-s1,Ready
2026-06-29T10:34:38+00:00,k3s-s2,NotReady
2026-06-29T10:34:38+00:00,k3s-s3,Ready
2026-06-29T10:34:38+00:00,k3s-w1,Ready
2026-06-29T10:34:38+00:00,k3s-w2,Ready
2026-06-29T10:34:39+00:00,k3s-s1,Ready
2026-06-29T10:34:39+00:00,k3s-s2,NotReady
2026-06-29T10:34:39+00:00,k3s-s3,Ready
2026-06-29T10:34:39+00:00,k3s-w1,Ready
2026-06-29T10:34:39+00:00,k3s-w2,Ready
2026-06-29T10:34:40+00:00,k3s-s1,Ready
2026-06-29T10:34:40+00:00,k3s-s2,NotReady
2026-06-29T10:34:40+00:00,k3s-s3,Ready
2026-06-29T10:34:40+00:00,k3s-w1,Ready
2026-06-29T10:34:40+00:00,k3s-w2,Ready
2026-06-29T10:34:41+00:00,k3s-s1,Ready
2026-06-29T10:34:41+00:00,k3s-s2,NotReady
2026-06-29T10:34:41+00:00,k3s-s3,Ready
2026-06-29T10:34:41+00:00,k3s-w1,Ready
2026-06-29T10:34:41+00:00,k3s-w2,Ready
2026-06-29T10:34:42+00:00,k3s-s1,Ready
2026-06-29T10:34:42+00:00,k3s-s2,NotReady
2026-06-29T10:34:42+00:00,k3s-s3,Ready
2026-06-29T10:34:42+00:00,k3s-w1,Ready
2026-06-29T10:34:42+00:00,k3s-w2,Ready
2026-06-29T10:34:43+00:00,k3s-s1,Ready
2026-06-29T10:34:43+00:00,k3s-s2,NotReady
2026-06-29T10:34:43+00:00,k3s-s3,Ready
2026-06-29T10:34:43+00:00,k3s-w1,Ready
2026-06-29T10:34:43+00:00,k3s-w2,Ready
2026-06-29T10:34:44+00:00,k3s-s1,Ready
2026-06-29T10:34:44+00:00,k3s-s2,NotReady
2026-06-29T10:34:44+00:00,k3s-s3,Ready
2026-06-29T10:34:44+00:00,k3s-w1,Ready
2026-06-29T10:34:44+00:00,k3s-w2,Ready
2026-06-29T10:34:45+00:00,k3s-s1,Ready
2026-06-29T10:34:45+00:00,k3s-s2,NotReady
2026-06-29T10:34:45+00:00,k3s-s3,Ready
2026-06-29T10:34:45+00:00,k3s-w1,Ready
2026-06-29T10:34:45+00:00,k3s-w2,Ready
2026-06-29T10:34:46+00:00,k3s-s1,Ready
2026-06-29T10:34:46+00:00,k3s-s2,NotReady
2026-06-29T10:34:46+00:00,k3s-s3,Ready
2026-06-29T10:34:46+00:00,k3s-w1,Ready
2026-06-29T10:34:46+00:00,k3s-w2,Ready
2026-06-29T10:34:47+00:00,k3s-s1,Ready
2026-06-29T10:34:47+00:00,k3s-s2,NotReady
2026-06-29T10:34:47+00:00,k3s-s3,Ready
2026-06-29T10:34:47+00:00,k3s-w1,Ready
2026-06-29T10:34:47+00:00,k3s-w2,Ready
2026-06-29T10:34:48+00:00,k3s-s1,Ready
2026-06-29T10:34:48+00:00,k3s-s2,NotReady
2026-06-29T10:34:48+00:00,k3s-s3,Ready
2026-06-29T10:34:48+00:00,k3s-w1,Ready
2026-06-29T10:34:48+00:00,k3s-w2,Ready
2026-06-29T10:34:49+00:00,k3s-s1,Ready
2026-06-29T10:34:49+00:00,k3s-s2,NotReady
2026-06-29T10:34:49+00:00,k3s-s3,Ready
2026-06-29T10:34:49+00:00,k3s-w1,Ready
2026-06-29T10:34:49+00:00,k3s-w2,Ready
2026-06-29T10:34:50+00:00,k3s-s1,Ready
2026-06-29T10:34:50+00:00,k3s-s2,NotReady
2026-06-29T10:34:50+00:00,k3s-s3,Ready
2026-06-29T10:34:50+00:00,k3s-w1,Ready
2026-06-29T10:34:50+00:00,k3s-w2,Ready
2026-06-29T10:34:52+00:00,k3s-s1,Ready
2026-06-29T10:34:52+00:00,k3s-s2,NotReady
2026-06-29T10:34:52+00:00,k3s-s3,Ready
2026-06-29T10:34:52+00:00,k3s-w1,Ready
2026-06-29T10:34:52+00:00,k3s-w2,Ready
2026-06-29T10:34:53+00:00,k3s-s1,Ready
2026-06-29T10:34:53+00:00,k3s-s2,NotReady
2026-06-29T10:34:53+00:00,k3s-s3,Ready
2026-06-29T10:34:53+00:00,k3s-w1,Ready
2026-06-29T10:34:53+00:00,k3s-w2,Ready
2026-06-29T10:34:54+00:00,k3s-s1,Ready
2026-06-29T10:34:54+00:00,k3s-s2,NotReady
2026-06-29T10:34:54+00:00,k3s-s3,Ready
2026-06-29T10:34:54+00:00,k3s-w1,Ready
2026-06-29T10:34:54+00:00,k3s-w2,Ready
2026-06-29T10:34:55+00:00,k3s-s1,Ready
2026-06-29T10:34:55+00:00,k3s-s2,NotReady
2026-06-29T10:34:55+00:00,k3s-s3,Ready
2026-06-29T10:34:55+00:00,k3s-w1,Ready
2026-06-29T10:34:55+00:00,k3s-w2,Ready
2026-06-29T10:34:56+00:00,k3s-s1,Ready
2026-06-29T10:34:56+00:00,k3s-s2,NotReady
2026-06-29T10:34:56+00:00,k3s-s3,Ready
2026-06-29T10:34:56+00:00,k3s-w1,Ready
2026-06-29T10:34:56+00:00,k3s-w2,Ready
2026-06-29T10:34:57+00:00,k3s-s1,Ready
2026-06-29T10:34:57+00:00,k3s-s2,NotReady
2026-06-29T10:34:57+00:00,k3s-s3,Ready
2026-06-29T10:34:57+00:00,k3s-w1,Ready
2026-06-29T10:34:57+00:00,k3s-w2,Ready
2026-06-29T10:34:58+00:00,k3s-s1,Ready
2026-06-29T10:34:58+00:00,k3s-s2,NotReady
2026-06-29T10:34:58+00:00,k3s-s3,Ready
2026-06-29T10:34:58+00:00,k3s-w1,Ready
2026-06-29T10:34:58+00:00,k3s-w2,Ready
2026-06-29T10:34:59+00:00,k3s-s1,Ready
2026-06-29T10:34:59+00:00,k3s-s2,NotReady
2026-06-29T10:34:59+00:00,k3s-s3,Ready
2026-06-29T10:34:59+00:00,k3s-w1,Ready
2026-06-29T10:34:59+00:00,k3s-w2,Ready
2026-06-29T10:35:00+00:00,k3s-s1,Ready
2026-06-29T10:35:00+00:00,k3s-s2,NotReady
2026-06-29T10:35:00+00:00,k3s-s3,Ready
2026-06-29T10:35:00+00:00,k3s-w1,Ready
2026-06-29T10:35:00+00:00,k3s-w2,Ready
2026-06-29T10:35:01+00:00,k3s-s1,Ready
2026-06-29T10:35:01+00:00,k3s-s2,NotReady
2026-06-29T10:35:01+00:00,k3s-s3,Ready
2026-06-29T10:35:01+00:00,k3s-w1,Ready
2026-06-29T10:35:01+00:00,k3s-w2,Ready
2026-06-29T10:35:02+00:00,k3s-s1,Ready
2026-06-29T10:35:02+00:00,k3s-s2,NotReady
2026-06-29T10:35:02+00:00,k3s-s3,Ready
2026-06-29T10:35:02+00:00,k3s-w1,Ready
2026-06-29T10:35:02+00:00,k3s-w2,Ready
2026-06-29T10:35:03+00:00,k3s-s1,Ready
2026-06-29T10:35:03+00:00,k3s-s2,NotReady
2026-06-29T10:35:03+00:00,k3s-s3,Ready
2026-06-29T10:35:03+00:00,k3s-w1,Ready
2026-06-29T10:35:03+00:00,k3s-w2,Ready
2026-06-29T10:35:04+00:00,k3s-s1,Ready
2026-06-29T10:35:04+00:00,k3s-s2,NotReady
2026-06-29T10:35:04+00:00,k3s-s3,Ready
2026-06-29T10:35:04+00:00,k3s-w1,Ready
2026-06-29T10:35:04+00:00,k3s-w2,Ready
2026-06-29T10:35:05+00:00,k3s-s1,Ready
2026-06-29T10:35:05+00:00,k3s-s2,NotReady
2026-06-29T10:35:05+00:00,k3s-s3,Ready
2026-06-29T10:35:05+00:00,k3s-w1,Ready
2026-06-29T10:35:05+00:00,k3s-w2,Ready
2026-06-29T10:35:06+00:00,k3s-s1,Ready
2026-06-29T10:35:06+00:00,k3s-s2,NotReady
2026-06-29T10:35:06+00:00,k3s-s3,Ready
2026-06-29T10:35:06+00:00,k3s-w1,Ready
2026-06-29T10:35:06+00:00,k3s-w2,Ready
2026-06-29T10:35:07+00:00,k3s-s1,Ready
2026-06-29T10:35:07+00:00,k3s-s2,NotReady
2026-06-29T10:35:07+00:00,k3s-s3,Ready
2026-06-29T10:35:07+00:00,k3s-w1,Ready
2026-06-29T10:35:07+00:00,k3s-w2,Ready
2026-06-29T10:35:08+00:00,k3s-s1,Ready
2026-06-29T10:35:08+00:00,k3s-s2,NotReady
2026-06-29T10:35:08+00:00,k3s-s3,Ready
2026-06-29T10:35:08+00:00,k3s-w1,Ready
2026-06-29T10:35:08+00:00,k3s-w2,Ready
2026-06-29T10:35:09+00:00,k3s-s1,Ready
2026-06-29T10:35:09+00:00,k3s-s2,NotReady
2026-06-29T10:35:09+00:00,k3s-s3,Ready
2026-06-29T10:35:09+00:00,k3s-w1,Ready
2026-06-29T10:35:09+00:00,k3s-w2,Ready
2026-06-29T10:35:11+00:00,k3s-s1,Ready
2026-06-29T10:35:11+00:00,k3s-s2,NotReady
2026-06-29T10:35:11+00:00,k3s-s3,Ready
2026-06-29T10:35:11+00:00,k3s-w1,Ready
2026-06-29T10:35:11+00:00,k3s-w2,Ready
2026-06-29T10:35:12+00:00,k3s-s1,Ready
2026-06-29T10:35:12+00:00,k3s-s2,NotReady
2026-06-29T10:35:12+00:00,k3s-s3,Ready
2026-06-29T10:35:12+00:00,k3s-w1,Ready
2026-06-29T10:35:12+00:00,k3s-w2,Ready
2026-06-29T10:35:13+00:00,k3s-s1,Ready
2026-06-29T10:35:13+00:00,k3s-s2,NotReady
2026-06-29T10:35:13+00:00,k3s-s3,Ready
2026-06-29T10:35:13+00:00,k3s-w1,Ready
2026-06-29T10:35:13+00:00,k3s-w2,Ready
2026-06-29T10:35:14+00:00,k3s-s1,Ready
2026-06-29T10:35:14+00:00,k3s-s2,NotReady
2026-06-29T10:35:14+00:00,k3s-s3,Ready
2026-06-29T10:35:14+00:00,k3s-w1,Ready
2026-06-29T10:35:14+00:00,k3s-w2,Ready
2026-06-29T10:35:15+00:00,k3s-s1,Ready
2026-06-29T10:35:15+00:00,k3s-s2,NotReady
2026-06-29T10:35:15+00:00,k3s-s3,Ready
2026-06-29T10:35:15+00:00,k3s-w1,Ready
2026-06-29T10:35:15+00:00,k3s-w2,Ready
2026-06-29T10:35:16+00:00,k3s-s1,Ready
2026-06-29T10:35:16+00:00,k3s-s2,NotReady
2026-06-29T10:35:16+00:00,k3s-s3,Ready
2026-06-29T10:35:16+00:00,k3s-w1,Ready
2026-06-29T10:35:16+00:00,k3s-w2,Ready
2026-06-29T10:35:17+00:00,k3s-s1,Ready
2026-06-29T10:35:17+00:00,k3s-s2,NotReady
2026-06-29T10:35:17+00:00,k3s-s3,Ready
2026-06-29T10:35:17+00:00,k3s-w1,Ready
2026-06-29T10:35:17+00:00,k3s-w2,Ready
2026-06-29T10:35:18+00:00,k3s-s1,Ready
2026-06-29T10:35:18+00:00,k3s-s2,NotReady
2026-06-29T10:35:18+00:00,k3s-s3,Ready
2026-06-29T10:35:18+00:00,k3s-w1,Ready
2026-06-29T10:35:18+00:00,k3s-w2,Ready
2026-06-29T10:35:19+00:00,k3s-s1,Ready
2026-06-29T10:35:19+00:00,k3s-s2,NotReady
2026-06-29T10:35:19+00:00,k3s-s3,Ready
2026-06-29T10:35:19+00:00,k3s-w1,Ready
2026-06-29T10:35:19+00:00,k3s-w2,Ready
2026-06-29T10:35:20+00:00,k3s-s1,Ready
2026-06-29T10:35:20+00:00,k3s-s2,NotReady
2026-06-29T10:35:20+00:00,k3s-s3,Ready
2026-06-29T10:35:20+00:00,k3s-w1,Ready
2026-06-29T10:35:20+00:00,k3s-w2,Ready
2026-06-29T10:35:21+00:00,k3s-s1,Ready
2026-06-29T10:35:21+00:00,k3s-s2,NotReady
2026-06-29T10:35:21+00:00,k3s-s3,Ready
2026-06-29T10:35:21+00:00,k3s-w1,Ready
2026-06-29T10:35:21+00:00,k3s-w2,Ready
2026-06-29T10:35:22+00:00,k3s-s1,Ready
2026-06-29T10:35:22+00:00,k3s-s2,NotReady
2026-06-29T10:35:22+00:00,k3s-s3,Ready
2026-06-29T10:35:22+00:00,k3s-w1,Ready
2026-06-29T10:35:22+00:00,k3s-w2,Ready
2026-06-29T10:35:23+00:00,k3s-s1,Ready
2026-06-29T10:35:23+00:00,k3s-s2,NotReady
2026-06-29T10:35:23+00:00,k3s-s3,Ready
2026-06-29T10:35:23+00:00,k3s-w1,Ready
2026-06-29T10:35:23+00:00,k3s-w2,Ready
2026-06-29T10:35:24+00:00,k3s-s1,Ready
2026-06-29T10:35:24+00:00,k3s-s2,NotReady
2026-06-29T10:35:24+00:00,k3s-s3,Ready
2026-06-29T10:35:24+00:00,k3s-w1,Ready
2026-06-29T10:35:24+00:00,k3s-w2,Ready
2026-06-29T10:35:25+00:00,k3s-s1,Ready
2026-06-29T10:35:25+00:00,k3s-s2,NotReady
2026-06-29T10:35:25+00:00,k3s-s3,Ready
2026-06-29T10:35:25+00:00,k3s-w1,Ready
2026-06-29T10:35:25+00:00,k3s-w2,Ready
2026-06-29T10:35:26+00:00,k3s-s1,Ready
2026-06-29T10:35:26+00:00,k3s-s2,NotReady
2026-06-29T10:35:26+00:00,k3s-s3,Ready
2026-06-29T10:35:26+00:00,k3s-w1,Ready
2026-06-29T10:35:26+00:00,k3s-w2,Ready
2026-06-29T10:35:27+00:00,k3s-s1,Ready
2026-06-29T10:35:27+00:00,k3s-s2,NotReady
2026-06-29T10:35:27+00:00,k3s-s3,Ready
2026-06-29T10:35:27+00:00,k3s-w1,Ready
2026-06-29T10:35:27+00:00,k3s-w2,Ready
2026-06-29T10:35:28+00:00,k3s-s1,Ready
2026-06-29T10:35:28+00:00,k3s-s2,NotReady
2026-06-29T10:35:28+00:00,k3s-s3,Ready
2026-06-29T10:35:28+00:00,k3s-w1,Ready
2026-06-29T10:35:28+00:00,k3s-w2,Ready
2026-06-29T10:35:29+00:00,k3s-s1,Ready
2026-06-29T10:35:29+00:00,k3s-s2,NotReady
2026-06-29T10:35:29+00:00,k3s-s3,Ready
2026-06-29T10:35:29+00:00,k3s-w1,Ready
2026-06-29T10:35:29+00:00,k3s-w2,Ready
2026-06-29T10:35:30+00:00,k3s-s1,Ready
2026-06-29T10:35:30+00:00,k3s-s2,NotReady
2026-06-29T10:35:30+00:00,k3s-s3,Ready
2026-06-29T10:35:30+00:00,k3s-w1,Ready
2026-06-29T10:35:30+00:00,k3s-w2,Ready
2026-06-29T10:35:32+00:00,k3s-s1,Ready
2026-06-29T10:35:32+00:00,k3s-s2,NotReady
2026-06-29T10:35:32+00:00,k3s-s3,Ready
2026-06-29T10:35:32+00:00,k3s-w1,Ready
2026-06-29T10:35:32+00:00,k3s-w2,Ready
2026-06-29T10:35:33+00:00,k3s-s1,Ready
2026-06-29T10:35:33+00:00,k3s-s2,NotReady
2026-06-29T10:35:33+00:00,k3s-s3,Ready
2026-06-29T10:35:33+00:00,k3s-w1,Ready
2026-06-29T10:35:33+00:00,k3s-w2,Ready
2026-06-29T10:35:34+00:00,k3s-s1,Ready
2026-06-29T10:35:34+00:00,k3s-s2,NotReady
2026-06-29T10:35:34+00:00,k3s-s3,Ready
2026-06-29T10:35:34+00:00,k3s-w1,Ready
2026-06-29T10:35:34+00:00,k3s-w2,Ready
2026-06-29T10:35:35+00:00,k3s-s1,Ready
2026-06-29T10:35:35+00:00,k3s-s2,NotReady
2026-06-29T10:35:35+00:00,k3s-s3,Ready
2026-06-29T10:35:35+00:00,k3s-w1,Ready
2026-06-29T10:35:35+00:00,k3s-w2,Ready
2026-06-29T10:35:36+00:00,k3s-s1,Ready
2026-06-29T10:35:36+00:00,k3s-s2,NotReady
2026-06-29T10:35:36+00:00,k3s-s3,Ready
2026-06-29T10:35:36+00:00,k3s-w1,Ready
2026-06-29T10:35:36+00:00,k3s-w2,Ready
2026-06-29T10:35:37+00:00,k3s-s1,Ready
2026-06-29T10:35:37+00:00,k3s-s2,NotReady
2026-06-29T10:35:37+00:00,k3s-s3,Ready
2026-06-29T10:35:37+00:00,k3s-w1,Ready
2026-06-29T10:35:37+00:00,k3s-w2,Ready
2026-06-29T10:35:38+00:00,k3s-s1,Ready
2026-06-29T10:35:38+00:00,k3s-s2,NotReady
2026-06-29T10:35:38+00:00,k3s-s3,Ready
2026-06-29T10:35:38+00:00,k3s-w1,Ready
2026-06-29T10:35:38+00:00,k3s-w2,Ready
2026-06-29T10:35:39+00:00,k3s-s1,Ready
2026-06-29T10:35:39+00:00,k3s-s2,NotReady
2026-06-29T10:35:39+00:00,k3s-s3,Ready
2026-06-29T10:35:39+00:00,k3s-w1,Ready
2026-06-29T10:35:39+00:00,k3s-w2,Ready
2026-06-29T10:35:40+00:00,k3s-s1,Ready
2026-06-29T10:35:40+00:00,k3s-s2,NotReady
2026-06-29T10:35:40+00:00,k3s-s3,Ready
2026-06-29T10:35:40+00:00,k3s-w1,Ready
2026-06-29T10:35:40+00:00,k3s-w2,Ready
2026-06-29T10:35:41+00:00,k3s-s1,Ready
2026-06-29T10:35:41+00:00,k3s-s2,NotReady
2026-06-29T10:35:41+00:00,k3s-s3,Ready
2026-06-29T10:35:41+00:00,k3s-w1,Ready
2026-06-29T10:35:41+00:00,k3s-w2,Ready
2026-06-29T10:35:42+00:00,k3s-s1,Ready
2026-06-29T10:35:42+00:00,k3s-s2,NotReady
2026-06-29T10:35:42+00:00,k3s-s3,Ready
2026-06-29T10:35:42+00:00,k3s-w1,Ready
2026-06-29T10:35:42+00:00,k3s-w2,Ready
2026-06-29T10:35:43+00:00,k3s-s1,Ready
2026-06-29T10:35:43+00:00,k3s-s2,NotReady
2026-06-29T10:35:43+00:00,k3s-s3,Ready
2026-06-29T10:35:43+00:00,k3s-w1,Ready
2026-06-29T10:35:43+00:00,k3s-w2,Ready
2026-06-29T10:35:44+00:00,k3s-s1,Ready
2026-06-29T10:35:44+00:00,k3s-s2,NotReady
2026-06-29T10:35:44+00:00,k3s-s3,Ready
2026-06-29T10:35:44+00:00,k3s-w1,Ready
2026-06-29T10:35:44+00:00,k3s-w2,Ready
2026-06-29T10:35:45+00:00,k3s-s1,Ready
2026-06-29T10:35:45+00:00,k3s-s2,NotReady
2026-06-29T10:35:45+00:00,k3s-s3,Ready
2026-06-29T10:35:45+00:00,k3s-w1,Ready
2026-06-29T10:35:45+00:00,k3s-w2,Ready
2026-06-29T10:35:46+00:00,k3s-s1,Ready
2026-06-29T10:35:46+00:00,k3s-s2,NotReady
2026-06-29T10:35:46+00:00,k3s-s3,Ready
2026-06-29T10:35:46+00:00,k3s-w1,Ready
2026-06-29T10:35:46+00:00,k3s-w2,Ready
2026-06-29T10:35:47+00:00,k3s-s1,Ready
2026-06-29T10:35:47+00:00,k3s-s2,NotReady
2026-06-29T10:35:47+00:00,k3s-s3,Ready
2026-06-29T10:35:47+00:00,k3s-w1,Ready
2026-06-29T10:35:47+00:00,k3s-w2,Ready
2026-06-29T10:35:48+00:00,k3s-s1,Ready
2026-06-29T10:35:48+00:00,k3s-s2,NotReady
2026-06-29T10:35:48+00:00,k3s-s3,Ready
2026-06-29T10:35:48+00:00,k3s-w1,Ready
2026-06-29T10:35:48+00:00,k3s-w2,Ready
2026-06-29T10:35:49+00:00,k3s-s1,Ready
2026-06-29T10:35:49+00:00,k3s-s2,NotReady
2026-06-29T10:35:49+00:00,k3s-s3,Ready
2026-06-29T10:35:49+00:00,k3s-w1,Ready
2026-06-29T10:35:49+00:00,k3s-w2,Ready
2026-06-29T10:35:50+00:00,k3s-s1,Ready
2026-06-29T10:35:50+00:00,k3s-s2,NotReady
2026-06-29T10:35:50+00:00,k3s-s3,Ready
2026-06-29T10:35:50+00:00,k3s-w1,Ready
2026-06-29T10:35:50+00:00,k3s-w2,Ready
2026-06-29T10:35:52+00:00,k3s-s1,Ready
2026-06-29T10:35:52+00:00,k3s-s2,NotReady
2026-06-29T10:35:52+00:00,k3s-s3,Ready
2026-06-29T10:35:52+00:00,k3s-w1,Ready
2026-06-29T10:35:52+00:00,k3s-w2,Ready
2026-06-29T10:35:53+00:00,k3s-s1,Ready
2026-06-29T10:35:53+00:00,k3s-s2,NotReady
2026-06-29T10:35:53+00:00,k3s-s3,Ready
2026-06-29T10:35:53+00:00,k3s-w1,Ready
2026-06-29T10:35:53+00:00,k3s-w2,Ready
2026-06-29T10:35:54+00:00,k3s-s1,Ready
2026-06-29T10:35:54+00:00,k3s-s2,NotReady
2026-06-29T10:35:54+00:00,k3s-s3,Ready
2026-06-29T10:35:54+00:00,k3s-w1,Ready
2026-06-29T10:35:54+00:00,k3s-w2,Ready
2026-06-29T10:35:55+00:00,k3s-s1,Ready
2026-06-29T10:35:55+00:00,k3s-s2,NotReady
2026-06-29T10:35:55+00:00,k3s-s3,Ready
2026-06-29T10:35:55+00:00,k3s-w1,Ready
2026-06-29T10:35:55+00:00,k3s-w2,Ready
2026-06-29T10:35:56+00:00,k3s-s1,Ready
2026-06-29T10:35:56+00:00,k3s-s2,NotReady
2026-06-29T10:35:56+00:00,k3s-s3,Ready
2026-06-29T10:35:56+00:00,k3s-w1,Ready
2026-06-29T10:35:56+00:00,k3s-w2,Ready
2026-06-29T10:35:57+00:00,k3s-s1,Ready
2026-06-29T10:35:57+00:00,k3s-s2,NotReady
2026-06-29T10:35:57+00:00,k3s-s3,Ready
2026-06-29T10:35:57+00:00,k3s-w1,Ready
2026-06-29T10:35:57+00:00,k3s-w2,Ready
2026-06-29T10:35:58+00:00,k3s-s1,Ready
2026-06-29T10:35:58+00:00,k3s-s2,NotReady
2026-06-29T10:35:58+00:00,k3s-s3,Ready
2026-06-29T10:35:58+00:00,k3s-w1,Ready
2026-06-29T10:35:58+00:00,k3s-w2,Ready
2026-06-29T10:35:59+00:00,k3s-s1,Ready
2026-06-29T10:35:59+00:00,k3s-s2,NotReady
2026-06-29T10:35:59+00:00,k3s-s3,Ready
2026-06-29T10:35:59+00:00,k3s-w1,Ready
2026-06-29T10:35:59+00:00,k3s-w2,Ready
2026-06-29T10:36:00+00:00,k3s-s1,Ready
2026-06-29T10:36:00+00:00,k3s-s2,NotReady
2026-06-29T10:36:00+00:00,k3s-s3,Ready
2026-06-29T10:36:00+00:00,k3s-w1,Ready
2026-06-29T10:36:00+00:00,k3s-w2,Ready
2026-06-29T10:36:01+00:00,k3s-s1,Ready
2026-06-29T10:36:01+00:00,k3s-s2,NotReady
2026-06-29T10:36:01+00:00,k3s-s3,Ready
2026-06-29T10:36:01+00:00,k3s-w1,Ready
2026-06-29T10:36:01+00:00,k3s-w2,Ready
2026-06-29T10:36:02+00:00,k3s-s1,Ready
2026-06-29T10:36:02+00:00,k3s-s2,NotReady
2026-06-29T10:36:02+00:00,k3s-s3,Ready
2026-06-29T10:36:02+00:00,k3s-w1,Ready
2026-06-29T10:36:02+00:00,k3s-w2,Ready
2026-06-29T10:36:03+00:00,k3s-s1,Ready
2026-06-29T10:36:03+00:00,k3s-s2,NotReady
2026-06-29T10:36:03+00:00,k3s-s3,Ready
2026-06-29T10:36:03+00:00,k3s-w1,Ready
2026-06-29T10:36:03+00:00,k3s-w2,Ready
2026-06-29T10:36:04+00:00,k3s-s1,Ready
2026-06-29T10:36:04+00:00,k3s-s2,NotReady
2026-06-29T10:36:04+00:00,k3s-s3,Ready
2026-06-29T10:36:04+00:00,k3s-w1,Ready
2026-06-29T10:36:04+00:00,k3s-w2,Ready
2026-06-29T10:36:05+00:00,k3s-s1,Ready
2026-06-29T10:36:05+00:00,k3s-s2,NotReady
2026-06-29T10:36:05+00:00,k3s-s3,Ready
2026-06-29T10:36:05+00:00,k3s-w1,Ready
2026-06-29T10:36:05+00:00,k3s-w2,Ready
2026-06-29T10:36:06+00:00,k3s-s1,Ready
2026-06-29T10:36:06+00:00,k3s-s2,NotReady
2026-06-29T10:36:06+00:00,k3s-s3,Ready
2026-06-29T10:36:06+00:00,k3s-w1,Ready
2026-06-29T10:36:06+00:00,k3s-w2,Ready
2026-06-29T10:36:07+00:00,k3s-s1,Ready
2026-06-29T10:36:07+00:00,k3s-s2,NotReady
2026-06-29T10:36:07+00:00,k3s-s3,Ready
2026-06-29T10:36:07+00:00,k3s-w1,Ready
2026-06-29T10:36:07+00:00,k3s-w2,Ready
2026-06-29T10:36:08+00:00,k3s-s1,Ready
2026-06-29T10:36:08+00:00,k3s-s2,NotReady
2026-06-29T10:36:08+00:00,k3s-s3,Ready
2026-06-29T10:36:08+00:00,k3s-w1,Ready
2026-06-29T10:36:08+00:00,k3s-w2,Ready
2026-06-29T10:36:09+00:00,k3s-s1,Ready
2026-06-29T10:36:09+00:00,k3s-s2,NotReady
2026-06-29T10:36:09+00:00,k3s-s3,Ready
2026-06-29T10:36:09+00:00,k3s-w1,Ready
2026-06-29T10:36:09+00:00,k3s-w2,Ready
2026-06-29T10:36:10+00:00,k3s-s1,Ready
2026-06-29T10:36:10+00:00,k3s-s2,NotReady
2026-06-29T10:36:10+00:00,k3s-s3,Ready
2026-06-29T10:36:10+00:00,k3s-w1,Ready
2026-06-29T10:36:10+00:00,k3s-w2,Ready
2026-06-29T10:36:12+00:00,k3s-s1,Ready
2026-06-29T10:36:12+00:00,k3s-s2,NotReady
2026-06-29T10:36:12+00:00,k3s-s3,Ready
2026-06-29T10:36:12+00:00,k3s-w1,Ready
2026-06-29T10:36:12+00:00,k3s-w2,Ready
2026-06-29T10:36:13+00:00,k3s-s1,Ready
2026-06-29T10:36:13+00:00,k3s-s2,NotReady
2026-06-29T10:36:13+00:00,k3s-s3,Ready
2026-06-29T10:36:13+00:00,k3s-w1,Ready
2026-06-29T10:36:13+00:00,k3s-w2,Ready
2026-06-29T10:36:14+00:00,k3s-s1,Ready
2026-06-29T10:36:14+00:00,k3s-s2,NotReady
2026-06-29T10:36:14+00:00,k3s-s3,Ready
2026-06-29T10:36:14+00:00,k3s-w1,Ready
2026-06-29T10:36:14+00:00,k3s-w2,Ready
2026-06-29T10:36:15+00:00,k3s-s1,Ready
2026-06-29T10:36:15+00:00,k3s-s2,NotReady
2026-06-29T10:36:15+00:00,k3s-s3,Ready
2026-06-29T10:36:15+00:00,k3s-w1,Ready
2026-06-29T10:36:15+00:00,k3s-w2,Ready
2026-06-29T10:36:16+00:00,k3s-s1,Ready
2026-06-29T10:36:16+00:00,k3s-s2,NotReady
2026-06-29T10:36:16+00:00,k3s-s3,Ready
2026-06-29T10:36:16+00:00,k3s-w1,Ready
2026-06-29T10:36:16+00:00,k3s-w2,Ready
2026-06-29T10:36:17+00:00,k3s-s1,Ready
2026-06-29T10:36:17+00:00,k3s-s2,NotReady
2026-06-29T10:36:17+00:00,k3s-s3,Ready
2026-06-29T10:36:17+00:00,k3s-w1,Ready
2026-06-29T10:36:17+00:00,k3s-w2,Ready
2026-06-29T10:36:18+00:00,k3s-s1,Ready
2026-06-29T10:36:18+00:00,k3s-s2,NotReady
2026-06-29T10:36:18+00:00,k3s-s3,Ready
2026-06-29T10:36:18+00:00,k3s-w1,Ready
2026-06-29T10:36:18+00:00,k3s-w2,Ready
2026-06-29T10:36:19+00:00,k3s-s1,Ready
2026-06-29T10:36:19+00:00,k3s-s2,NotReady
2026-06-29T10:36:19+00:00,k3s-s3,Ready
2026-06-29T10:36:19+00:00,k3s-w1,Ready
2026-06-29T10:36:19+00:00,k3s-w2,Ready
2026-06-29T10:36:20+00:00,k3s-s1,Ready
2026-06-29T10:36:20+00:00,k3s-s2,NotReady
2026-06-29T10:36:20+00:00,k3s-s3,Ready
2026-06-29T10:36:20+00:00,k3s-w1,Ready
2026-06-29T10:36:20+00:00,k3s-w2,Ready
2026-06-29T10:36:21+00:00,k3s-s1,Ready
2026-06-29T10:36:21+00:00,k3s-s2,NotReady
2026-06-29T10:36:21+00:00,k3s-s3,Ready
2026-06-29T10:36:21+00:00,k3s-w1,Ready
2026-06-29T10:36:21+00:00,k3s-w2,Ready
2026-06-29T10:36:22+00:00,k3s-s1,Ready
2026-06-29T10:36:22+00:00,k3s-s2,NotReady
2026-06-29T10:36:22+00:00,k3s-s3,Ready
2026-06-29T10:36:22+00:00,k3s-w1,Ready
2026-06-29T10:36:22+00:00,k3s-w2,Ready
2026-06-29T10:36:23+00:00,k3s-s1,Ready
2026-06-29T10:36:23+00:00,k3s-s2,NotReady
2026-06-29T10:36:23+00:00,k3s-s3,Ready
2026-06-29T10:36:23+00:00,k3s-w1,Ready
2026-06-29T10:36:23+00:00,k3s-w2,Ready
2026-06-29T10:36:24+00:00,k3s-s1,Ready
2026-06-29T10:36:24+00:00,k3s-s2,NotReady
2026-06-29T10:36:24+00:00,k3s-s3,Ready
2026-06-29T10:36:24+00:00,k3s-w1,Ready
2026-06-29T10:36:24+00:00,k3s-w2,Ready
2026-06-29T10:36:25+00:00,k3s-s1,Ready
2026-06-29T10:36:25+00:00,k3s-s2,NotReady
2026-06-29T10:36:25+00:00,k3s-s3,Ready
2026-06-29T10:36:25+00:00,k3s-w1,Ready
2026-06-29T10:36:25+00:00,k3s-w2,Ready
2026-06-29T10:36:26+00:00,k3s-s1,Ready
2026-06-29T10:36:26+00:00,k3s-s2,NotReady
2026-06-29T10:36:26+00:00,k3s-s3,Ready
2026-06-29T10:36:26+00:00,k3s-w1,Ready
2026-06-29T10:36:26+00:00,k3s-w2,Ready
2026-06-29T10:36:27+00:00,k3s-s1,Ready
2026-06-29T10:36:27+00:00,k3s-s2,NotReady
2026-06-29T10:36:27+00:00,k3s-s3,Ready
2026-06-29T10:36:27+00:00,k3s-w1,Ready
2026-06-29T10:36:27+00:00,k3s-w2,Ready
2026-06-29T10:36:28+00:00,k3s-s1,Ready
2026-06-29T10:36:28+00:00,k3s-s2,NotReady
2026-06-29T10:36:28+00:00,k3s-s3,Ready
2026-06-29T10:36:28+00:00,k3s-w1,Ready
2026-06-29T10:36:28+00:00,k3s-w2,Ready
2026-06-29T10:36:29+00:00,k3s-s1,Ready
2026-06-29T10:36:29+00:00,k3s-s2,NotReady
2026-06-29T10:36:29+00:00,k3s-s3,Ready
2026-06-29T10:36:29+00:00,k3s-w1,Ready
2026-06-29T10:36:29+00:00,k3s-w2,Ready
2026-06-29T10:36:30+00:00,k3s-s1,Ready
2026-06-29T10:36:30+00:00,k3s-s2,NotReady
2026-06-29T10:36:30+00:00,k3s-s3,Ready
2026-06-29T10:36:30+00:00,k3s-w1,Ready
2026-06-29T10:36:30+00:00,k3s-w2,Ready
2026-06-29T10:36:32+00:00,k3s-s1,Ready
2026-06-29T10:36:32+00:00,k3s-s2,NotReady
2026-06-29T10:36:32+00:00,k3s-s3,Ready
2026-06-29T10:36:32+00:00,k3s-w1,Ready
2026-06-29T10:36:32+00:00,k3s-w2,Ready
2026-06-29T10:36:33+00:00,k3s-s1,Ready
2026-06-29T10:36:33+00:00,k3s-s2,NotReady
2026-06-29T10:36:33+00:00,k3s-s3,Ready
2026-06-29T10:36:33+00:00,k3s-w1,Ready
2026-06-29T10:36:33+00:00,k3s-w2,Ready
2026-06-29T10:36:34+00:00,k3s-s1,Ready
2026-06-29T10:36:34+00:00,k3s-s2,NotReady
2026-06-29T10:36:34+00:00,k3s-s3,Ready
2026-06-29T10:36:34+00:00,k3s-w1,Ready
2026-06-29T10:36:34+00:00,k3s-w2,Ready
2026-06-29T10:36:35+00:00,k3s-s1,Ready
2026-06-29T10:36:35+00:00,k3s-s2,NotReady
2026-06-29T10:36:35+00:00,k3s-s3,Ready
2026-06-29T10:36:35+00:00,k3s-w1,Ready
2026-06-29T10:36:35+00:00,k3s-w2,Ready
2026-06-29T10:36:36+00:00,k3s-s1,Ready
2026-06-29T10:36:36+00:00,k3s-s2,NotReady
2026-06-29T10:36:36+00:00,k3s-s3,Ready
2026-06-29T10:36:36+00:00,k3s-w1,Ready
2026-06-29T10:36:36+00:00,k3s-w2,Ready
2026-06-29T10:36:37+00:00,k3s-s1,Ready
2026-06-29T10:36:37+00:00,k3s-s2,NotReady
2026-06-29T10:36:37+00:00,k3s-s3,Ready
2026-06-29T10:36:37+00:00,k3s-w1,Ready
2026-06-29T10:36:37+00:00,k3s-w2,Ready
2026-06-29T10:36:38+00:00,k3s-s1,Ready
2026-06-29T10:36:38+00:00,k3s-s2,NotReady
2026-06-29T10:36:38+00:00,k3s-s3,Ready
2026-06-29T10:36:38+00:00,k3s-w1,Ready
2026-06-29T10:36:38+00:00,k3s-w2,Ready
2026-06-29T10:36:39+00:00,k3s-s1,Ready
2026-06-29T10:36:39+00:00,k3s-s2,NotReady
2026-06-29T10:36:39+00:00,k3s-s3,Ready
2026-06-29T10:36:39+00:00,k3s-w1,Ready
2026-06-29T10:36:39+00:00,k3s-w2,Ready
2026-06-29T10:36:40+00:00,k3s-s1,Ready
2026-06-29T10:36:40+00:00,k3s-s2,NotReady
2026-06-29T10:36:40+00:00,k3s-s3,Ready
2026-06-29T10:36:40+00:00,k3s-w1,Ready
2026-06-29T10:36:40+00:00,k3s-w2,Ready
2026-06-29T10:36:41+00:00,k3s-s1,Ready
2026-06-29T10:36:41+00:00,k3s-s2,NotReady
2026-06-29T10:36:41+00:00,k3s-s3,Ready
2026-06-29T10:36:41+00:00,k3s-w1,Ready
2026-06-29T10:36:41+00:00,k3s-w2,Ready
2026-06-29T10:36:42+00:00,k3s-s1,Ready
2026-06-29T10:36:42+00:00,k3s-s2,NotReady
2026-06-29T10:36:42+00:00,k3s-s3,Ready
2026-06-29T10:36:42+00:00,k3s-w1,Ready
2026-06-29T10:36:42+00:00,k3s-w2,Ready
2026-06-29T10:36:43+00:00,k3s-s1,Ready
2026-06-29T10:36:43+00:00,k3s-s2,NotReady
2026-06-29T10:36:43+00:00,k3s-s3,Ready
2026-06-29T10:36:43+00:00,k3s-w1,Ready
2026-06-29T10:36:43+00:00,k3s-w2,Ready
2026-06-29T10:36:44+00:00,k3s-s1,Ready
2026-06-29T10:36:44+00:00,k3s-s2,NotReady
2026-06-29T10:36:44+00:00,k3s-s3,Ready
2026-06-29T10:36:44+00:00,k3s-w1,Ready
2026-06-29T10:36:44+00:00,k3s-w2,Ready
2026-06-29T10:36:45+00:00,k3s-s1,Ready
2026-06-29T10:36:45+00:00,k3s-s2,NotReady
2026-06-29T10:36:45+00:00,k3s-s3,Ready
2026-06-29T10:36:45+00:00,k3s-w1,Ready
2026-06-29T10:36:45+00:00,k3s-w2,Ready
2026-06-29T10:36:46+00:00,k3s-s1,Ready
2026-06-29T10:36:46+00:00,k3s-s2,NotReady
2026-06-29T10:36:46+00:00,k3s-s3,Ready
2026-06-29T10:36:46+00:00,k3s-w1,Ready
2026-06-29T10:36:46+00:00,k3s-w2,Ready
2026-06-29T10:36:47+00:00,k3s-s1,Ready
2026-06-29T10:36:47+00:00,k3s-s2,NotReady
2026-06-29T10:36:47+00:00,k3s-s3,Ready
2026-06-29T10:36:47+00:00,k3s-w1,Ready
2026-06-29T10:36:47+00:00,k3s-w2,Ready
2026-06-29T10:36:48+00:00,k3s-s1,Ready
2026-06-29T10:36:48+00:00,k3s-s2,NotReady
2026-06-29T10:36:48+00:00,k3s-s3,Ready
2026-06-29T10:36:48+00:00,k3s-w1,Ready
2026-06-29T10:36:48+00:00,k3s-w2,Ready
2026-06-29T10:36:49+00:00,k3s-s1,Ready
2026-06-29T10:36:49+00:00,k3s-s2,NotReady
2026-06-29T10:36:49+00:00,k3s-s3,Ready
2026-06-29T10:36:49+00:00,k3s-w1,Ready
2026-06-29T10:36:49+00:00,k3s-w2,Ready
2026-06-29T10:36:50+00:00,k3s-s1,Ready
2026-06-29T10:36:50+00:00,k3s-s2,NotReady
2026-06-29T10:36:50+00:00,k3s-s3,Ready
2026-06-29T10:36:50+00:00,k3s-w1,Ready
2026-06-29T10:36:50+00:00,k3s-w2,Ready
2026-06-29T10:36:52+00:00,k3s-s1,Ready
2026-06-29T10:36:52+00:00,k3s-s2,NotReady
2026-06-29T10:36:52+00:00,k3s-s3,Ready
2026-06-29T10:36:52+00:00,k3s-w1,Ready
2026-06-29T10:36:52+00:00,k3s-w2,Ready
2026-06-29T10:36:53+00:00,k3s-s1,Ready
2026-06-29T10:36:53+00:00,k3s-s2,NotReady
2026-06-29T10:36:53+00:00,k3s-s3,Ready
2026-06-29T10:36:53+00:00,k3s-w1,Ready
2026-06-29T10:36:53+00:00,k3s-w2,Ready
2026-06-29T10:36:54+00:00,k3s-s1,Ready
2026-06-29T10:36:54+00:00,k3s-s2,NotReady
2026-06-29T10:36:54+00:00,k3s-s3,Ready
2026-06-29T10:36:54+00:00,k3s-w1,Ready
2026-06-29T10:36:54+00:00,k3s-w2,Ready
2026-06-29T10:36:55+00:00,k3s-s1,Ready
2026-06-29T10:36:55+00:00,k3s-s2,NotReady
2026-06-29T10:36:55+00:00,k3s-s3,Ready
2026-06-29T10:36:55+00:00,k3s-w1,Ready
2026-06-29T10:36:55+00:00,k3s-w2,Ready
2026-06-29T10:36:56+00:00,k3s-s1,Ready
2026-06-29T10:36:56+00:00,k3s-s2,NotReady
2026-06-29T10:36:56+00:00,k3s-s3,Ready
2026-06-29T10:36:56+00:00,k3s-w1,Ready
2026-06-29T10:36:56+00:00,k3s-w2,Ready
2026-06-29T10:36:57+00:00,k3s-s1,Ready
2026-06-29T10:36:57+00:00,k3s-s2,NotReady
2026-06-29T10:36:57+00:00,k3s-s3,Ready
2026-06-29T10:36:57+00:00,k3s-w1,Ready
2026-06-29T10:36:57+00:00,k3s-w2,Ready
2026-06-29T10:36:58+00:00,k3s-s1,Ready
2026-06-29T10:36:58+00:00,k3s-s2,NotReady
2026-06-29T10:36:58+00:00,k3s-s3,Ready
2026-06-29T10:36:58+00:00,k3s-w1,Ready
2026-06-29T10:36:58+00:00,k3s-w2,Ready
2026-06-29T10:36:59+00:00,k3s-s1,Ready
2026-06-29T10:36:59+00:00,k3s-s2,NotReady
2026-06-29T10:36:59+00:00,k3s-s3,Ready
2026-06-29T10:36:59+00:00,k3s-w1,Ready
2026-06-29T10:36:59+00:00,k3s-w2,Ready
2026-06-29T10:37:00+00:00,k3s-s1,Ready
2026-06-29T10:37:00+00:00,k3s-s2,NotReady
2026-06-29T10:37:00+00:00,k3s-s3,Ready
2026-06-29T10:37:00+00:00,k3s-w1,Ready
2026-06-29T10:37:00+00:00,k3s-w2,Ready
2026-06-29T10:37:01+00:00,k3s-s1,Ready
2026-06-29T10:37:01+00:00,k3s-s2,NotReady
2026-06-29T10:37:01+00:00,k3s-s3,Ready
2026-06-29T10:37:01+00:00,k3s-w1,Ready
2026-06-29T10:37:01+00:00,k3s-w2,Ready
2026-06-29T10:37:02+00:00,k3s-s1,Ready
2026-06-29T10:37:02+00:00,k3s-s2,NotReady
2026-06-29T10:37:02+00:00,k3s-s3,Ready
2026-06-29T10:37:02+00:00,k3s-w1,Ready
2026-06-29T10:37:02+00:00,k3s-w2,Ready
2026-06-29T10:37:03+00:00,k3s-s1,Ready
2026-06-29T10:37:03+00:00,k3s-s2,NotReady
2026-06-29T10:37:03+00:00,k3s-s3,Ready
2026-06-29T10:37:03+00:00,k3s-w1,Ready
2026-06-29T10:37:03+00:00,k3s-w2,Ready
2026-06-29T10:37:04+00:00,k3s-s1,Ready
2026-06-29T10:37:04+00:00,k3s-s2,NotReady
2026-06-29T10:37:04+00:00,k3s-s3,Ready
2026-06-29T10:37:04+00:00,k3s-w1,Ready
2026-06-29T10:37:04+00:00,k3s-w2,Ready
2026-06-29T10:37:05+00:00,k3s-s1,Ready
2026-06-29T10:37:05+00:00,k3s-s2,NotReady
2026-06-29T10:37:05+00:00,k3s-s3,Ready
2026-06-29T10:37:05+00:00,k3s-w1,Ready
2026-06-29T10:37:05+00:00,k3s-w2,Ready
2026-06-29T10:37:06+00:00,k3s-s1,Ready
2026-06-29T10:37:06+00:00,k3s-s2,NotReady
2026-06-29T10:37:06+00:00,k3s-s3,Ready
2026-06-29T10:37:06+00:00,k3s-w1,Ready
2026-06-29T10:37:06+00:00,k3s-w2,Ready
2026-06-29T10:37:07+00:00,k3s-s1,Ready
2026-06-29T10:37:07+00:00,k3s-s2,NotReady
2026-06-29T10:37:07+00:00,k3s-s3,Ready
2026-06-29T10:37:07+00:00,k3s-w1,Ready
2026-06-29T10:37:07+00:00,k3s-w2,Ready
2026-06-29T10:37:08+00:00,k3s-s1,Ready
2026-06-29T10:37:08+00:00,k3s-s2,NotReady
2026-06-29T10:37:08+00:00,k3s-s3,Ready
2026-06-29T10:37:08+00:00,k3s-w1,Ready
2026-06-29T10:37:08+00:00,k3s-w2,Ready
2026-06-29T10:37:09+00:00,k3s-s1,Ready
2026-06-29T10:37:09+00:00,k3s-s2,NotReady
2026-06-29T10:37:09+00:00,k3s-s3,Ready
2026-06-29T10:37:09+00:00,k3s-w1,Ready
2026-06-29T10:37:09+00:00,k3s-w2,Ready
2026-06-29T10:37:10+00:00,k3s-s1,Ready
2026-06-29T10:37:10+00:00,k3s-s2,NotReady
2026-06-29T10:37:10+00:00,k3s-s3,Ready
2026-06-29T10:37:10+00:00,k3s-w1,Ready
2026-06-29T10:37:10+00:00,k3s-w2,Ready
2026-06-29T10:37:12+00:00,k3s-s1,Ready
2026-06-29T10:37:12+00:00,k3s-s2,NotReady
2026-06-29T10:37:12+00:00,k3s-s3,Ready
2026-06-29T10:37:12+00:00,k3s-w1,Ready
2026-06-29T10:37:12+00:00,k3s-w2,Ready
2026-06-29T10:37:13+00:00,k3s-s1,Ready
2026-06-29T10:37:13+00:00,k3s-s2,NotReady
2026-06-29T10:37:13+00:00,k3s-s3,Ready
2026-06-29T10:37:13+00:00,k3s-w1,Ready
2026-06-29T10:37:13+00:00,k3s-w2,Ready
2026-06-29T10:37:14+00:00,k3s-s1,Ready
2026-06-29T10:37:14+00:00,k3s-s2,NotReady
2026-06-29T10:37:14+00:00,k3s-s3,Ready
2026-06-29T10:37:14+00:00,k3s-w1,Ready
2026-06-29T10:37:14+00:00,k3s-w2,Ready
2026-06-29T10:37:15+00:00,k3s-s1,Ready
2026-06-29T10:37:15+00:00,k3s-s2,NotReady
2026-06-29T10:37:15+00:00,k3s-s3,Ready
2026-06-29T10:37:15+00:00,k3s-w1,Ready
2026-06-29T10:37:15+00:00,k3s-w2,Ready
2026-06-29T10:37:16+00:00,k3s-s1,Ready
2026-06-29T10:37:16+00:00,k3s-s2,NotReady
2026-06-29T10:37:16+00:00,k3s-s3,Ready
2026-06-29T10:37:16+00:00,k3s-w1,Ready
2026-06-29T10:37:16+00:00,k3s-w2,Ready
2026-06-29T10:37:17+00:00,k3s-s1,Ready
2026-06-29T10:37:17+00:00,k3s-s2,NotReady
2026-06-29T10:37:17+00:00,k3s-s3,Ready
2026-06-29T10:37:17+00:00,k3s-w1,Ready
2026-06-29T10:37:17+00:00,k3s-w2,Ready
2026-06-29T10:37:18+00:00,k3s-s1,Ready
2026-06-29T10:37:18+00:00,k3s-s2,NotReady
2026-06-29T10:37:18+00:00,k3s-s3,Ready
2026-06-29T10:37:18+00:00,k3s-w1,Ready
2026-06-29T10:37:18+00:00,k3s-w2,Ready
2026-06-29T10:37:19+00:00,k3s-s1,Ready
2026-06-29T10:37:19+00:00,k3s-s2,NotReady
2026-06-29T10:37:19+00:00,k3s-s3,Ready
2026-06-29T10:37:19+00:00,k3s-w1,Ready
2026-06-29T10:37:19+00:00,k3s-w2,Ready
2026-06-29T10:37:20+00:00,k3s-s1,Ready
2026-06-29T10:37:20+00:00,k3s-s2,NotReady
2026-06-29T10:37:20+00:00,k3s-s3,Ready
2026-06-29T10:37:20+00:00,k3s-w1,Ready
2026-06-29T10:37:20+00:00,k3s-w2,Ready
2026-06-29T10:37:21+00:00,k3s-s1,Ready
2026-06-29T10:37:21+00:00,k3s-s2,NotReady
2026-06-29T10:37:21+00:00,k3s-s3,Ready
2026-06-29T10:37:21+00:00,k3s-w1,Ready
2026-06-29T10:37:21+00:00,k3s-w2,Ready
2026-06-29T10:37:22+00:00,k3s-s1,Ready
2026-06-29T10:37:22+00:00,k3s-s2,NotReady
2026-06-29T10:37:22+00:00,k3s-s3,Ready
2026-06-29T10:37:22+00:00,k3s-w1,Ready
2026-06-29T10:37:22+00:00,k3s-w2,Ready
2026-06-29T10:37:23+00:00,k3s-s1,Ready
2026-06-29T10:37:23+00:00,k3s-s2,NotReady
2026-06-29T10:37:23+00:00,k3s-s3,Ready
2026-06-29T10:37:23+00:00,k3s-w1,Ready
2026-06-29T10:37:23+00:00,k3s-w2,Ready
2026-06-29T10:37:24+00:00,k3s-s1,Ready
2026-06-29T10:37:24+00:00,k3s-s2,NotReady
2026-06-29T10:37:24+00:00,k3s-s3,Ready
2026-06-29T10:37:24+00:00,k3s-w1,Ready
2026-06-29T10:37:24+00:00,k3s-w2,Ready
2026-06-29T10:37:25+00:00,k3s-s1,Ready
2026-06-29T10:37:25+00:00,k3s-s2,NotReady
2026-06-29T10:37:25+00:00,k3s-s3,Ready
2026-06-29T10:37:25+00:00,k3s-w1,Ready
2026-06-29T10:37:25+00:00,k3s-w2,Ready
2026-06-29T10:37:26+00:00,k3s-s1,Ready
2026-06-29T10:37:26+00:00,k3s-s2,NotReady
2026-06-29T10:37:26+00:00,k3s-s3,Ready
2026-06-29T10:37:26+00:00,k3s-w1,Ready
2026-06-29T10:37:26+00:00,k3s-w2,Ready
2026-06-29T10:37:27+00:00,k3s-s1,Ready
2026-06-29T10:37:27+00:00,k3s-s2,NotReady
2026-06-29T10:37:27+00:00,k3s-s3,Ready
2026-06-29T10:37:27+00:00,k3s-w1,Ready
2026-06-29T10:37:27+00:00,k3s-w2,Ready
2026-06-29T10:37:28+00:00,k3s-s1,Ready
2026-06-29T10:37:28+00:00,k3s-s2,NotReady
2026-06-29T10:37:28+00:00,k3s-s3,Ready
2026-06-29T10:37:28+00:00,k3s-w1,Ready
2026-06-29T10:37:28+00:00,k3s-w2,Ready
2026-06-29T10:37:29+00:00,k3s-s1,Ready
2026-06-29T10:37:29+00:00,k3s-s2,NotReady
2026-06-29T10:37:29+00:00,k3s-s3,Ready
2026-06-29T10:37:29+00:00,k3s-w1,Ready
2026-06-29T10:37:29+00:00,k3s-w2,Ready
2026-06-29T10:37:30+00:00,k3s-s1,Ready
2026-06-29T10:37:30+00:00,k3s-s2,NotReady
2026-06-29T10:37:30+00:00,k3s-s3,Ready
2026-06-29T10:37:30+00:00,k3s-w1,Ready
2026-06-29T10:37:30+00:00,k3s-w2,Ready
2026-06-29T10:37:31+00:00,k3s-s1,Ready
2026-06-29T10:37:31+00:00,k3s-s2,NotReady
2026-06-29T10:37:31+00:00,k3s-s3,Ready
2026-06-29T10:37:31+00:00,k3s-w1,Ready
2026-06-29T10:37:31+00:00,k3s-w2,Ready
2026-06-29T10:37:33+00:00,k3s-s1,Ready
2026-06-29T10:37:33+00:00,k3s-s2,NotReady
2026-06-29T10:37:33+00:00,k3s-s3,Ready
2026-06-29T10:37:33+00:00,k3s-w1,Ready
2026-06-29T10:37:33+00:00,k3s-w2,Ready
2026-06-29T10:37:34+00:00,k3s-s1,Ready
2026-06-29T10:37:34+00:00,k3s-s2,NotReady
2026-06-29T10:37:34+00:00,k3s-s3,Ready
2026-06-29T10:37:34+00:00,k3s-w1,Ready
2026-06-29T10:37:34+00:00,k3s-w2,Ready
2026-06-29T10:37:35+00:00,k3s-s1,Ready
2026-06-29T10:37:35+00:00,k3s-s2,NotReady
2026-06-29T10:37:35+00:00,k3s-s3,Ready
2026-06-29T10:37:35+00:00,k3s-w1,Ready
2026-06-29T10:37:35+00:00,k3s-w2,Ready
2026-06-29T10:37:36+00:00,k3s-s1,Ready
2026-06-29T10:37:36+00:00,k3s-s2,NotReady
2026-06-29T10:37:36+00:00,k3s-s3,Ready
2026-06-29T10:37:36+00:00,k3s-w1,Ready
2026-06-29T10:37:36+00:00,k3s-w2,Ready
2026-06-29T10:37:37+00:00,k3s-s1,Ready
2026-06-29T10:37:37+00:00,k3s-s2,NotReady
2026-06-29T10:37:37+00:00,k3s-s3,Ready
2026-06-29T10:37:37+00:00,k3s-w1,Ready
2026-06-29T10:37:37+00:00,k3s-w2,Ready
2026-06-29T10:37:38+00:00,k3s-s1,Ready
2026-06-29T10:37:38+00:00,k3s-s2,NotReady
2026-06-29T10:37:38+00:00,k3s-s3,Ready
2026-06-29T10:37:38+00:00,k3s-w1,Ready
2026-06-29T10:37:38+00:00,k3s-w2,Ready
2026-06-29T10:37:39+00:00,k3s-s1,Ready
2026-06-29T10:37:39+00:00,k3s-s2,NotReady
2026-06-29T10:37:39+00:00,k3s-s3,Ready
2026-06-29T10:37:39+00:00,k3s-w1,Ready
2026-06-29T10:37:39+00:00,k3s-w2,Ready
2026-06-29T10:37:40+00:00,k3s-s1,Ready
2026-06-29T10:37:40+00:00,k3s-s2,NotReady
2026-06-29T10:37:40+00:00,k3s-s3,Ready
2026-06-29T10:37:40+00:00,k3s-w1,Ready
2026-06-29T10:37:40+00:00,k3s-w2,Ready
2026-06-29T10:37:41+00:00,k3s-s1,Ready
2026-06-29T10:37:41+00:00,k3s-s2,NotReady
2026-06-29T10:37:41+00:00,k3s-s3,Ready
2026-06-29T10:37:41+00:00,k3s-w1,Ready
2026-06-29T10:37:41+00:00,k3s-w2,Ready
2026-06-29T10:37:42+00:00,k3s-s1,Ready
2026-06-29T10:37:42+00:00,k3s-s2,NotReady
2026-06-29T10:37:42+00:00,k3s-s3,Ready
2026-06-29T10:37:42+00:00,k3s-w1,Ready
2026-06-29T10:37:42+00:00,k3s-w2,Ready
2026-06-29T10:37:43+00:00,k3s-s1,Ready
2026-06-29T10:37:43+00:00,k3s-s2,NotReady
2026-06-29T10:37:43+00:00,k3s-s3,Ready
2026-06-29T10:37:43+00:00,k3s-w1,Ready
2026-06-29T10:37:43+00:00,k3s-w2,Ready
2026-06-29T10:37:44+00:00,k3s-s1,Ready
2026-06-29T10:37:44+00:00,k3s-s2,NotReady
2026-06-29T10:37:44+00:00,k3s-s3,Ready
2026-06-29T10:37:44+00:00,k3s-w1,Ready
2026-06-29T10:37:44+00:00,k3s-w2,Ready
2026-06-29T10:37:45+00:00,k3s-s1,Ready
2026-06-29T10:37:45+00:00,k3s-s2,NotReady
2026-06-29T10:37:45+00:00,k3s-s3,Ready
2026-06-29T10:37:45+00:00,k3s-w1,Ready
2026-06-29T10:37:45+00:00,k3s-w2,Ready
2026-06-29T10:37:46+00:00,k3s-s1,Ready
2026-06-29T10:37:46+00:00,k3s-s2,NotReady
2026-06-29T10:37:46+00:00,k3s-s3,Ready
2026-06-29T10:37:46+00:00,k3s-w1,Ready
2026-06-29T10:37:46+00:00,k3s-w2,Ready
2026-06-29T10:37:47+00:00,k3s-s1,Ready
2026-06-29T10:37:47+00:00,k3s-s2,NotReady
2026-06-29T10:37:47+00:00,k3s-s3,Ready
2026-06-29T10:37:47+00:00,k3s-w1,Ready
2026-06-29T10:37:47+00:00,k3s-w2,Ready
2026-06-29T10:37:48+00:00,k3s-s1,Ready
2026-06-29T10:37:48+00:00,k3s-s2,NotReady
2026-06-29T10:37:48+00:00,k3s-s3,Ready
2026-06-29T10:37:48+00:00,k3s-w1,Ready
2026-06-29T10:37:48+00:00,k3s-w2,Ready
2026-06-29T10:37:49+00:00,k3s-s1,Ready
2026-06-29T10:37:49+00:00,k3s-s2,NotReady
2026-06-29T10:37:49+00:00,k3s-s3,Ready
2026-06-29T10:37:49+00:00,k3s-w1,Ready
2026-06-29T10:37:49+00:00,k3s-w2,Ready
2026-06-29T10:37:50+00:00,k3s-s1,Ready
2026-06-29T10:37:50+00:00,k3s-s2,NotReady
2026-06-29T10:37:50+00:00,k3s-s3,Ready
2026-06-29T10:37:50+00:00,k3s-w1,Ready
2026-06-29T10:37:50+00:00,k3s-w2,Ready
2026-06-29T10:37:51+00:00,k3s-s1,Ready
2026-06-29T10:37:51+00:00,k3s-s2,NotReady
2026-06-29T10:37:51+00:00,k3s-s3,Ready
2026-06-29T10:37:51+00:00,k3s-w1,Ready
2026-06-29T10:37:51+00:00,k3s-w2,Ready
2026-06-29T10:37:53+00:00,k3s-s1,Ready
2026-06-29T10:37:53+00:00,k3s-s2,NotReady
2026-06-29T10:37:53+00:00,k3s-s3,Ready
2026-06-29T10:37:53+00:00,k3s-w1,Ready
2026-06-29T10:37:53+00:00,k3s-w2,Ready
2026-06-29T10:37:54+00:00,k3s-s1,Ready
2026-06-29T10:37:54+00:00,k3s-s2,NotReady
2026-06-29T10:37:54+00:00,k3s-s3,Ready
2026-06-29T10:37:54+00:00,k3s-w1,Ready
2026-06-29T10:37:54+00:00,k3s-w2,Ready
2026-06-29T10:37:55+00:00,k3s-s1,Ready
2026-06-29T10:37:55+00:00,k3s-s2,NotReady
2026-06-29T10:37:55+00:00,k3s-s3,Ready
2026-06-29T10:37:55+00:00,k3s-w1,Ready
2026-06-29T10:37:55+00:00,k3s-w2,Ready
2026-06-29T10:37:56+00:00,k3s-s1,Ready
2026-06-29T10:37:56+00:00,k3s-s2,NotReady
2026-06-29T10:37:56+00:00,k3s-s3,Ready
2026-06-29T10:37:56+00:00,k3s-w1,Ready
2026-06-29T10:37:56+00:00,k3s-w2,Ready
2026-06-29T10:37:57+00:00,k3s-s1,Ready
2026-06-29T10:37:57+00:00,k3s-s2,NotReady
2026-06-29T10:37:57+00:00,k3s-s3,Ready
2026-06-29T10:37:57+00:00,k3s-w1,Ready
2026-06-29T10:37:57+00:00,k3s-w2,Ready
2026-06-29T10:37:58+00:00,k3s-s1,Ready
2026-06-29T10:37:58+00:00,k3s-s2,NotReady
2026-06-29T10:37:58+00:00,k3s-s3,Ready
2026-06-29T10:37:58+00:00,k3s-w1,Ready
2026-06-29T10:37:58+00:00,k3s-w2,Ready
2026-06-29T10:37:59+00:00,k3s-s1,Ready
2026-06-29T10:37:59+00:00,k3s-s2,NotReady
2026-06-29T10:37:59+00:00,k3s-s3,Ready
2026-06-29T10:37:59+00:00,k3s-w1,Ready
2026-06-29T10:37:59+00:00,k3s-w2,Ready
2026-06-29T10:38:00+00:00,k3s-s1,Ready
2026-06-29T10:38:00+00:00,k3s-s2,NotReady
2026-06-29T10:38:00+00:00,k3s-s3,Ready
2026-06-29T10:38:00+00:00,k3s-w1,Ready
2026-06-29T10:38:00+00:00,k3s-w2,Ready
2026-06-29T10:38:01+00:00,k3s-s1,Ready
2026-06-29T10:38:01+00:00,k3s-s2,NotReady
2026-06-29T10:38:01+00:00,k3s-s3,Ready
2026-06-29T10:38:01+00:00,k3s-w1,Ready
2026-06-29T10:38:01+00:00,k3s-w2,Ready
2026-06-29T10:38:02+00:00,k3s-s1,Ready
2026-06-29T10:38:02+00:00,k3s-s2,NotReady
2026-06-29T10:38:02+00:00,k3s-s3,Ready
2026-06-29T10:38:02+00:00,k3s-w1,Ready
2026-06-29T10:38:02+00:00,k3s-w2,Ready
2026-06-29T10:38:03+00:00,k3s-s1,Ready
2026-06-29T10:38:03+00:00,k3s-s2,NotReady
2026-06-29T10:38:03+00:00,k3s-s3,Ready
2026-06-29T10:38:03+00:00,k3s-w1,Ready
2026-06-29T10:38:03+00:00,k3s-w2,Ready
2026-06-29T10:38:04+00:00,k3s-s1,Ready
2026-06-29T10:38:04+00:00,k3s-s2,NotReady
2026-06-29T10:38:04+00:00,k3s-s3,Ready
2026-06-29T10:38:04+00:00,k3s-w1,Ready
2026-06-29T10:38:04+00:00,k3s-w2,Ready
2026-06-29T10:38:05+00:00,k3s-s1,Ready
2026-06-29T10:38:05+00:00,k3s-s2,NotReady
2026-06-29T10:38:05+00:00,k3s-s3,Ready
2026-06-29T10:38:05+00:00,k3s-w1,Ready
2026-06-29T10:38:05+00:00,k3s-w2,Ready
2026-06-29T10:38:06+00:00,k3s-s1,Ready
2026-06-29T10:38:06+00:00,k3s-s2,NotReady
2026-06-29T10:38:06+00:00,k3s-s3,Ready
2026-06-29T10:38:06+00:00,k3s-w1,Ready
2026-06-29T10:38:06+00:00,k3s-w2,Ready
2026-06-29T10:38:07+00:00,k3s-s1,Ready
2026-06-29T10:38:07+00:00,k3s-s2,NotReady
2026-06-29T10:38:07+00:00,k3s-s3,Ready
2026-06-29T10:38:07+00:00,k3s-w1,Ready
2026-06-29T10:38:07+00:00,k3s-w2,Ready
2026-06-29T10:38:08+00:00,k3s-s1,Ready
2026-06-29T10:38:08+00:00,k3s-s2,NotReady
2026-06-29T10:38:08+00:00,k3s-s3,Ready
2026-06-29T10:38:08+00:00,k3s-w1,Ready
2026-06-29T10:38:08+00:00,k3s-w2,Ready
2026-06-29T10:38:09+00:00,k3s-s1,Ready
2026-06-29T10:38:09+00:00,k3s-s2,NotReady
2026-06-29T10:38:09+00:00,k3s-s3,Ready
2026-06-29T10:38:09+00:00,k3s-w1,Ready
2026-06-29T10:38:09+00:00,k3s-w2,Ready
2026-06-29T10:38:10+00:00,k3s-s1,Ready
2026-06-29T10:38:10+00:00,k3s-s2,NotReady
2026-06-29T10:38:10+00:00,k3s-s3,Ready
2026-06-29T10:38:10+00:00,k3s-w1,Ready
2026-06-29T10:38:10+00:00,k3s-w2,Ready
2026-06-29T10:38:11+00:00,k3s-s1,Ready
2026-06-29T10:38:11+00:00,k3s-s2,NotReady
2026-06-29T10:38:11+00:00,k3s-s3,Ready
2026-06-29T10:38:11+00:00,k3s-w1,Ready
2026-06-29T10:38:11+00:00,k3s-w2,Ready
2026-06-29T10:38:13+00:00,k3s-s1,Ready
2026-06-29T10:38:13+00:00,k3s-s2,NotReady
2026-06-29T10:38:13+00:00,k3s-s3,Ready
2026-06-29T10:38:13+00:00,k3s-w1,Ready
2026-06-29T10:38:13+00:00,k3s-w2,Ready
2026-06-29T10:38:14+00:00,k3s-s1,Ready
2026-06-29T10:38:14+00:00,k3s-s2,NotReady
2026-06-29T10:38:14+00:00,k3s-s3,Ready
2026-06-29T10:38:14+00:00,k3s-w1,Ready
2026-06-29T10:38:14+00:00,k3s-w2,Ready
2026-06-29T10:38:15+00:00,k3s-s1,Ready
2026-06-29T10:38:15+00:00,k3s-s2,NotReady
2026-06-29T10:38:15+00:00,k3s-s3,Ready
2026-06-29T10:38:15+00:00,k3s-w1,Ready
2026-06-29T10:38:15+00:00,k3s-w2,Ready
2026-06-29T10:38:16+00:00,k3s-s1,Ready
2026-06-29T10:38:16+00:00,k3s-s2,NotReady
2026-06-29T10:38:16+00:00,k3s-s3,Ready
2026-06-29T10:38:16+00:00,k3s-w1,Ready
2026-06-29T10:38:16+00:00,k3s-w2,Ready
2026-06-29T10:38:17+00:00,k3s-s1,Ready
2026-06-29T10:38:17+00:00,k3s-s2,NotReady
2026-06-29T10:38:17+00:00,k3s-s3,Ready
2026-06-29T10:38:17+00:00,k3s-w1,Ready
2026-06-29T10:38:17+00:00,k3s-w2,Ready
2026-06-29T10:38:18+00:00,k3s-s1,Ready
2026-06-29T10:38:18+00:00,k3s-s2,NotReady
2026-06-29T10:38:18+00:00,k3s-s3,Ready
2026-06-29T10:38:18+00:00,k3s-w1,Ready
2026-06-29T10:38:18+00:00,k3s-w2,Ready
2026-06-29T10:38:19+00:00,k3s-s1,Ready
2026-06-29T10:38:19+00:00,k3s-s2,NotReady
2026-06-29T10:38:19+00:00,k3s-s3,Ready
2026-06-29T10:38:19+00:00,k3s-w1,Ready
2026-06-29T10:38:19+00:00,k3s-w2,Ready
2026-06-29T10:38:20+00:00,k3s-s1,Ready
2026-06-29T10:38:20+00:00,k3s-s2,NotReady
2026-06-29T10:38:20+00:00,k3s-s3,Ready
2026-06-29T10:38:20+00:00,k3s-w1,Ready
2026-06-29T10:38:20+00:00,k3s-w2,Ready
2026-06-29T10:38:21+00:00,k3s-s1,Ready
2026-06-29T10:38:21+00:00,k3s-s2,NotReady
2026-06-29T10:38:21+00:00,k3s-s3,Ready
2026-06-29T10:38:21+00:00,k3s-w1,Ready
2026-06-29T10:38:21+00:00,k3s-w2,Ready
2026-06-29T10:38:22+00:00,k3s-s1,Ready
2026-06-29T10:38:22+00:00,k3s-s2,NotReady
2026-06-29T10:38:22+00:00,k3s-s3,Ready
2026-06-29T10:38:22+00:00,k3s-w1,Ready
2026-06-29T10:38:22+00:00,k3s-w2,Ready
2026-06-29T10:38:23+00:00,k3s-s1,Ready
2026-06-29T10:38:23+00:00,k3s-s2,NotReady
2026-06-29T10:38:23+00:00,k3s-s3,Ready
2026-06-29T10:38:23+00:00,k3s-w1,Ready
2026-06-29T10:38:23+00:00,k3s-w2,Ready
2026-06-29T10:38:24+00:00,k3s-s1,Ready
2026-06-29T10:38:24+00:00,k3s-s2,NotReady
2026-06-29T10:38:24+00:00,k3s-s3,Ready
2026-06-29T10:38:24+00:00,k3s-w1,Ready
2026-06-29T10:38:24+00:00,k3s-w2,Ready
2026-06-29T10:38:25+00:00,k3s-s1,Ready
2026-06-29T10:38:25+00:00,k3s-s2,NotReady
2026-06-29T10:38:25+00:00,k3s-s3,Ready
2026-06-29T10:38:25+00:00,k3s-w1,Ready
2026-06-29T10:38:25+00:00,k3s-w2,Ready
2026-06-29T10:38:26+00:00,k3s-s1,Ready
2026-06-29T10:38:26+00:00,k3s-s2,NotReady
2026-06-29T10:38:26+00:00,k3s-s3,Ready
2026-06-29T10:38:26+00:00,k3s-w1,Ready
2026-06-29T10:38:26+00:00,k3s-w2,Ready
2026-06-29T10:38:27+00:00,k3s-s1,Ready
2026-06-29T10:38:27+00:00,k3s-s2,NotReady
2026-06-29T10:38:27+00:00,k3s-s3,Ready
2026-06-29T10:38:27+00:00,k3s-w1,Ready
2026-06-29T10:38:27+00:00,k3s-w2,Ready
2026-06-29T10:38:28+00:00,k3s-s1,Ready
2026-06-29T10:38:28+00:00,k3s-s2,NotReady
2026-06-29T10:38:28+00:00,k3s-s3,Ready
2026-06-29T10:38:28+00:00,k3s-w1,Ready
2026-06-29T10:38:28+00:00,k3s-w2,Ready
2026-06-29T10:38:29+00:00,k3s-s1,Ready
2026-06-29T10:38:29+00:00,k3s-s2,NotReady
2026-06-29T10:38:29+00:00,k3s-s3,Ready
2026-06-29T10:38:29+00:00,k3s-w1,Ready
2026-06-29T10:38:29+00:00,k3s-w2,Ready
2026-06-29T10:38:30+00:00,k3s-s1,Ready
2026-06-29T10:38:30+00:00,k3s-s2,NotReady
2026-06-29T10:38:30+00:00,k3s-s3,Ready
2026-06-29T10:38:30+00:00,k3s-w1,Ready
2026-06-29T10:38:30+00:00,k3s-w2,Ready
2026-06-29T10:38:31+00:00,k3s-s1,Ready
2026-06-29T10:38:31+00:00,k3s-s2,NotReady
2026-06-29T10:38:31+00:00,k3s-s3,Ready
2026-06-29T10:38:31+00:00,k3s-w1,Ready
2026-06-29T10:38:31+00:00,k3s-w2,Ready
2026-06-29T10:38:33+00:00,k3s-s1,Ready
2026-06-29T10:38:33+00:00,k3s-s2,NotReady
2026-06-29T10:38:33+00:00,k3s-s3,Ready
2026-06-29T10:38:33+00:00,k3s-w1,Ready
2026-06-29T10:38:33+00:00,k3s-w2,Ready
2026-06-29T10:38:34+00:00,k3s-s1,Ready
2026-06-29T10:38:34+00:00,k3s-s2,NotReady
2026-06-29T10:38:34+00:00,k3s-s3,Ready
2026-06-29T10:38:34+00:00,k3s-w1,Ready
2026-06-29T10:38:34+00:00,k3s-w2,Ready
2026-06-29T10:38:35+00:00,k3s-s1,Ready
2026-06-29T10:38:35+00:00,k3s-s2,NotReady
2026-06-29T10:38:35+00:00,k3s-s3,Ready
2026-06-29T10:38:35+00:00,k3s-w1,Ready
2026-06-29T10:38:35+00:00,k3s-w2,Ready
2026-06-29T10:38:36+00:00,k3s-s1,Ready
2026-06-29T10:38:36+00:00,k3s-s2,NotReady
2026-06-29T10:38:36+00:00,k3s-s3,Ready
2026-06-29T10:38:36+00:00,k3s-w1,Ready
2026-06-29T10:38:36+00:00,k3s-w2,Ready
2026-06-29T10:38:37+00:00,k3s-s1,Ready
2026-06-29T10:38:37+00:00,k3s-s2,NotReady
2026-06-29T10:38:37+00:00,k3s-s3,Ready
2026-06-29T10:38:37+00:00,k3s-w1,Ready
2026-06-29T10:38:37+00:00,k3s-w2,Ready
2026-06-29T10:38:38+00:00,k3s-s1,Ready
2026-06-29T10:38:38+00:00,k3s-s2,NotReady
2026-06-29T10:38:38+00:00,k3s-s3,Ready
2026-06-29T10:38:38+00:00,k3s-w1,Ready
2026-06-29T10:38:38+00:00,k3s-w2,Ready
2026-06-29T10:38:39+00:00,k3s-s1,Ready
2026-06-29T10:38:39+00:00,k3s-s2,NotReady
2026-06-29T10:38:39+00:00,k3s-s3,Ready
2026-06-29T10:38:39+00:00,k3s-w1,Ready
2026-06-29T10:38:39+00:00,k3s-w2,Ready
2026-06-29T10:38:40+00:00,k3s-s1,Ready
2026-06-29T10:38:40+00:00,k3s-s2,NotReady
2026-06-29T10:38:40+00:00,k3s-s3,Ready
2026-06-29T10:38:40+00:00,k3s-w1,Ready
2026-06-29T10:38:40+00:00,k3s-w2,Ready
2026-06-29T10:38:41+00:00,k3s-s1,Ready
2026-06-29T10:38:41+00:00,k3s-s2,NotReady
2026-06-29T10:38:41+00:00,k3s-s3,Ready
2026-06-29T10:38:41+00:00,k3s-w1,Ready
2026-06-29T10:38:41+00:00,k3s-w2,Ready
2026-06-29T10:38:42+00:00,k3s-s1,Ready
2026-06-29T10:38:42+00:00,k3s-s2,NotReady
2026-06-29T10:38:42+00:00,k3s-s3,Ready
2026-06-29T10:38:42+00:00,k3s-w1,Ready
2026-06-29T10:38:42+00:00,k3s-w2,Ready
2026-06-29T10:38:43+00:00,k3s-s1,Ready
2026-06-29T10:38:43+00:00,k3s-s2,NotReady
2026-06-29T10:38:43+00:00,k3s-s3,Ready
2026-06-29T10:38:43+00:00,k3s-w1,Ready
2026-06-29T10:38:43+00:00,k3s-w2,Ready
2026-06-29T10:38:44+00:00,k3s-s1,Ready
2026-06-29T10:38:44+00:00,k3s-s2,NotReady
2026-06-29T10:38:44+00:00,k3s-s3,Ready
2026-06-29T10:38:44+00:00,k3s-w1,Ready
2026-06-29T10:38:44+00:00,k3s-w2,Ready
2026-06-29T10:38:45+00:00,k3s-s1,Ready
2026-06-29T10:38:45+00:00,k3s-s2,NotReady
2026-06-29T10:38:45+00:00,k3s-s3,Ready
2026-06-29T10:38:45+00:00,k3s-w1,Ready
2026-06-29T10:38:45+00:00,k3s-w2,Ready
2026-06-29T10:38:46+00:00,k3s-s1,Ready
2026-06-29T10:38:46+00:00,k3s-s2,NotReady
2026-06-29T10:38:46+00:00,k3s-s3,Ready
2026-06-29T10:38:46+00:00,k3s-w1,Ready
2026-06-29T10:38:46+00:00,k3s-w2,Ready
2026-06-29T10:38:47+00:00,k3s-s1,Ready
2026-06-29T10:38:47+00:00,k3s-s2,NotReady
2026-06-29T10:38:47+00:00,k3s-s3,Ready
2026-06-29T10:38:47+00:00,k3s-w1,Ready
2026-06-29T10:38:47+00:00,k3s-w2,Ready
2026-06-29T10:38:48+00:00,k3s-s1,Ready
2026-06-29T10:38:48+00:00,k3s-s2,NotReady
2026-06-29T10:38:48+00:00,k3s-s3,Ready
2026-06-29T10:38:48+00:00,k3s-w1,Ready
2026-06-29T10:38:48+00:00,k3s-w2,Ready
2026-06-29T10:38:49+00:00,k3s-s1,Ready
2026-06-29T10:38:49+00:00,k3s-s2,NotReady
2026-06-29T10:38:49+00:00,k3s-s3,Ready
2026-06-29T10:38:49+00:00,k3s-w1,Ready
2026-06-29T10:38:49+00:00,k3s-w2,Ready
2026-06-29T10:38:50+00:00,k3s-s1,Ready
2026-06-29T10:38:50+00:00,k3s-s2,NotReady
2026-06-29T10:38:50+00:00,k3s-s3,Ready
2026-06-29T10:38:50+00:00,k3s-w1,Ready
2026-06-29T10:38:50+00:00,k3s-w2,Ready
2026-06-29T10:38:51+00:00,k3s-s1,Ready
2026-06-29T10:38:51+00:00,k3s-s2,NotReady
2026-06-29T10:38:51+00:00,k3s-s3,Ready
2026-06-29T10:38:51+00:00,k3s-w1,Ready
2026-06-29T10:38:51+00:00,k3s-w2,Ready
2026-06-29T10:38:53+00:00,k3s-s1,Ready
2026-06-29T10:38:53+00:00,k3s-s2,NotReady
2026-06-29T10:38:53+00:00,k3s-s3,Ready
2026-06-29T10:38:53+00:00,k3s-w1,Ready
2026-06-29T10:38:53+00:00,k3s-w2,Ready
2026-06-29T10:38:54+00:00,k3s-s1,Ready
2026-06-29T10:38:54+00:00,k3s-s2,NotReady
2026-06-29T10:38:54+00:00,k3s-s3,Ready
2026-06-29T10:38:54+00:00,k3s-w1,Ready
2026-06-29T10:38:54+00:00,k3s-w2,Ready
2026-06-29T10:38:55+00:00,k3s-s1,Ready
2026-06-29T10:38:55+00:00,k3s-s2,NotReady
2026-06-29T10:38:55+00:00,k3s-s3,Ready
2026-06-29T10:38:55+00:00,k3s-w1,Ready
2026-06-29T10:38:55+00:00,k3s-w2,Ready
2026-06-29T10:38:56+00:00,k3s-s1,Ready
2026-06-29T10:38:56+00:00,k3s-s2,NotReady
2026-06-29T10:38:56+00:00,k3s-s3,Ready
2026-06-29T10:38:56+00:00,k3s-w1,Ready
2026-06-29T10:38:56+00:00,k3s-w2,Ready
2026-06-29T10:38:57+00:00,k3s-s1,Ready
2026-06-29T10:38:57+00:00,k3s-s2,NotReady
2026-06-29T10:38:57+00:00,k3s-s3,Ready
2026-06-29T10:38:57+00:00,k3s-w1,Ready
2026-06-29T10:38:57+00:00,k3s-w2,Ready
2026-06-29T10:38:58+00:00,k3s-s1,Ready
2026-06-29T10:38:58+00:00,k3s-s2,NotReady
2026-06-29T10:38:58+00:00,k3s-s3,Ready
2026-06-29T10:38:58+00:00,k3s-w1,Ready
2026-06-29T10:38:58+00:00,k3s-w2,Ready
2026-06-29T10:38:59+00:00,k3s-s1,Ready
2026-06-29T10:38:59+00:00,k3s-s2,NotReady
2026-06-29T10:38:59+00:00,k3s-s3,Ready
2026-06-29T10:38:59+00:00,k3s-w1,Ready
2026-06-29T10:38:59+00:00,k3s-w2,Ready
2026-06-29T10:39:00+00:00,k3s-s1,Ready
2026-06-29T10:39:00+00:00,k3s-s2,NotReady
2026-06-29T10:39:00+00:00,k3s-s3,Ready
2026-06-29T10:39:00+00:00,k3s-w1,Ready
2026-06-29T10:39:00+00:00,k3s-w2,Ready
2026-06-29T10:39:01+00:00,k3s-s1,Ready
2026-06-29T10:39:01+00:00,k3s-s2,NotReady
2026-06-29T10:39:01+00:00,k3s-s3,Ready
2026-06-29T10:39:01+00:00,k3s-w1,Ready
2026-06-29T10:39:01+00:00,k3s-w2,Ready
2026-06-29T10:39:02+00:00,k3s-s1,Ready
2026-06-29T10:39:02+00:00,k3s-s2,NotReady
2026-06-29T10:39:02+00:00,k3s-s3,Ready
2026-06-29T10:39:02+00:00,k3s-w1,Ready
2026-06-29T10:39:02+00:00,k3s-w2,Ready
2026-06-29T10:39:03+00:00,k3s-s1,Ready
2026-06-29T10:39:03+00:00,k3s-s2,NotReady
2026-06-29T10:39:03+00:00,k3s-s3,Ready
2026-06-29T10:39:03+00:00,k3s-w1,Ready
2026-06-29T10:39:03+00:00,k3s-w2,Ready
2026-06-29T10:39:04+00:00,k3s-s1,Ready
2026-06-29T10:39:04+00:00,k3s-s2,NotReady
2026-06-29T10:39:04+00:00,k3s-s3,Ready
2026-06-29T10:39:04+00:00,k3s-w1,Ready
2026-06-29T10:39:04+00:00,k3s-w2,Ready
2026-06-29T10:39:05+00:00,k3s-s1,Ready
2026-06-29T10:39:05+00:00,k3s-s2,NotReady
2026-06-29T10:39:05+00:00,k3s-s3,Ready
2026-06-29T10:39:05+00:00,k3s-w1,Ready
2026-06-29T10:39:05+00:00,k3s-w2,Ready
2026-06-29T10:39:06+00:00,k3s-s1,Ready
2026-06-29T10:39:06+00:00,k3s-s2,NotReady
2026-06-29T10:39:06+00:00,k3s-s3,Ready
2026-06-29T10:39:06+00:00,k3s-w1,Ready
2026-06-29T10:39:06+00:00,k3s-w2,Ready
2026-06-29T10:39:07+00:00,k3s-s1,Ready
2026-06-29T10:39:07+00:00,k3s-s2,NotReady
2026-06-29T10:39:07+00:00,k3s-s3,Ready
2026-06-29T10:39:07+00:00,k3s-w1,Ready
2026-06-29T10:39:07+00:00,k3s-w2,Ready
2026-06-29T10:39:08+00:00,k3s-s1,Ready
2026-06-29T10:39:08+00:00,k3s-s2,NotReady
2026-06-29T10:39:08+00:00,k3s-s3,Ready
2026-06-29T10:39:08+00:00,k3s-w1,Ready
2026-06-29T10:39:08+00:00,k3s-w2,Ready
2026-06-29T10:39:09+00:00,k3s-s1,Ready
2026-06-29T10:39:09+00:00,k3s-s2,NotReady
2026-06-29T10:39:09+00:00,k3s-s3,Ready
2026-06-29T10:39:09+00:00,k3s-w1,Ready
2026-06-29T10:39:09+00:00,k3s-w2,Ready
2026-06-29T10:39:10+00:00,k3s-s1,Ready
2026-06-29T10:39:10+00:00,k3s-s2,NotReady
2026-06-29T10:39:10+00:00,k3s-s3,Ready
2026-06-29T10:39:10+00:00,k3s-w1,Ready
2026-06-29T10:39:10+00:00,k3s-w2,Ready
2026-06-29T10:39:11+00:00,k3s-s1,Ready
2026-06-29T10:39:11+00:00,k3s-s2,NotReady
2026-06-29T10:39:11+00:00,k3s-s3,Ready
2026-06-29T10:39:11+00:00,k3s-w1,Ready
2026-06-29T10:39:11+00:00,k3s-w2,Ready
2026-06-29T10:39:12+00:00,k3s-s1,Ready
2026-06-29T10:39:12+00:00,k3s-s2,NotReady
2026-06-29T10:39:12+00:00,k3s-s3,Ready
2026-06-29T10:39:12+00:00,k3s-w1,Ready
2026-06-29T10:39:12+00:00,k3s-w2,Ready
2026-06-29T10:39:14+00:00,k3s-s1,Ready
2026-06-29T10:39:14+00:00,k3s-s2,NotReady
2026-06-29T10:39:14+00:00,k3s-s3,Ready
2026-06-29T10:39:14+00:00,k3s-w1,Ready
2026-06-29T10:39:14+00:00,k3s-w2,Ready
2026-06-29T10:39:15+00:00,k3s-s1,Ready
2026-06-29T10:39:15+00:00,k3s-s2,NotReady
2026-06-29T10:39:15+00:00,k3s-s3,Ready
2026-06-29T10:39:15+00:00,k3s-w1,Ready
2026-06-29T10:39:15+00:00,k3s-w2,Ready
2026-06-29T10:39:16+00:00,k3s-s1,Ready
2026-06-29T10:39:16+00:00,k3s-s2,NotReady
2026-06-29T10:39:16+00:00,k3s-s3,Ready
2026-06-29T10:39:16+00:00,k3s-w1,Ready
2026-06-29T10:39:16+00:00,k3s-w2,Ready
2026-06-29T10:39:17+00:00,k3s-s1,Ready
2026-06-29T10:39:17+00:00,k3s-s2,NotReady
2026-06-29T10:39:17+00:00,k3s-s3,Ready
2026-06-29T10:39:17+00:00,k3s-w1,Ready
2026-06-29T10:39:17+00:00,k3s-w2,Ready
2026-06-29T10:39:18+00:00,k3s-s1,Ready
2026-06-29T10:39:18+00:00,k3s-s2,NotReady
2026-06-29T10:39:18+00:00,k3s-s3,Ready
2026-06-29T10:39:18+00:00,k3s-w1,Ready
2026-06-29T10:39:18+00:00,k3s-w2,Ready
2026-06-29T10:39:19+00:00,k3s-s1,Ready
2026-06-29T10:39:19+00:00,k3s-s2,NotReady
2026-06-29T10:39:19+00:00,k3s-s3,Ready
2026-06-29T10:39:19+00:00,k3s-w1,Ready
2026-06-29T10:39:19+00:00,k3s-w2,Ready
2026-06-29T10:39:20+00:00,k3s-s1,Ready
2026-06-29T10:39:20+00:00,k3s-s2,NotReady
2026-06-29T10:39:20+00:00,k3s-s3,Ready
2026-06-29T10:39:20+00:00,k3s-w1,Ready
2026-06-29T10:39:20+00:00,k3s-w2,Ready
2026-06-29T10:39:21+00:00,k3s-s1,Ready
2026-06-29T10:39:21+00:00,k3s-s2,NotReady
2026-06-29T10:39:21+00:00,k3s-s3,Ready
2026-06-29T10:39:21+00:00,k3s-w1,Ready
2026-06-29T10:39:21+00:00,k3s-w2,Ready
2026-06-29T10:39:22+00:00,k3s-s1,Ready
2026-06-29T10:39:22+00:00,k3s-s2,NotReady
2026-06-29T10:39:22+00:00,k3s-s3,Ready
2026-06-29T10:39:22+00:00,k3s-w1,Ready
2026-06-29T10:39:22+00:00,k3s-w2,Ready
2026-06-29T10:39:23+00:00,k3s-s1,Ready
2026-06-29T10:39:23+00:00,k3s-s2,NotReady
2026-06-29T10:39:23+00:00,k3s-s3,Ready
2026-06-29T10:39:23+00:00,k3s-w1,Ready
2026-06-29T10:39:23+00:00,k3s-w2,Ready
2026-06-29T10:39:24+00:00,k3s-s1,Ready
2026-06-29T10:39:24+00:00,k3s-s2,NotReady
2026-06-29T10:39:24+00:00,k3s-s3,Ready
2026-06-29T10:39:24+00:00,k3s-w1,Ready
2026-06-29T10:39:24+00:00,k3s-w2,Ready
2026-06-29T10:39:25+00:00,k3s-s1,Ready
2026-06-29T10:39:25+00:00,k3s-s2,NotReady
2026-06-29T10:39:25+00:00,k3s-s3,Ready
2026-06-29T10:39:25+00:00,k3s-w1,Ready
2026-06-29T10:39:25+00:00,k3s-w2,Ready
2026-06-29T10:39:26+00:00,k3s-s1,Ready
2026-06-29T10:39:26+00:00,k3s-s2,NotReady
2026-06-29T10:39:26+00:00,k3s-s3,Ready
2026-06-29T10:39:26+00:00,k3s-w1,Ready
2026-06-29T10:39:26+00:00,k3s-w2,Ready
2026-06-29T10:39:27+00:00,k3s-s1,Ready
2026-06-29T10:39:27+00:00,k3s-s2,NotReady
2026-06-29T10:39:27+00:00,k3s-s3,Ready
2026-06-29T10:39:27+00:00,k3s-w1,Ready
2026-06-29T10:39:27+00:00,k3s-w2,Ready
2026-06-29T10:39:28+00:00,k3s-s1,Ready
2026-06-29T10:39:28+00:00,k3s-s2,NotReady
2026-06-29T10:39:28+00:00,k3s-s3,Ready
2026-06-29T10:39:28+00:00,k3s-w1,Ready
2026-06-29T10:39:28+00:00,k3s-w2,Ready
2026-06-29T10:39:29+00:00,k3s-s1,Ready
2026-06-29T10:39:29+00:00,k3s-s2,NotReady
2026-06-29T10:39:29+00:00,k3s-s3,Ready
2026-06-29T10:39:29+00:00,k3s-w1,Ready
2026-06-29T10:39:29+00:00,k3s-w2,Ready
2026-06-29T10:39:30+00:00,k3s-s1,Ready
2026-06-29T10:39:30+00:00,k3s-s2,NotReady
2026-06-29T10:39:30+00:00,k3s-s3,Ready
2026-06-29T10:39:30+00:00,k3s-w1,Ready
2026-06-29T10:39:30+00:00,k3s-w2,Ready
2026-06-29T10:39:31+00:00,k3s-s1,Ready
2026-06-29T10:39:31+00:00,k3s-s2,NotReady
2026-06-29T10:39:31+00:00,k3s-s3,Ready
2026-06-29T10:39:31+00:00,k3s-w1,Ready
2026-06-29T10:39:31+00:00,k3s-w2,Ready
2026-06-29T10:39:32+00:00,k3s-s1,Ready
2026-06-29T10:39:32+00:00,k3s-s2,NotReady
2026-06-29T10:39:32+00:00,k3s-s3,Ready
2026-06-29T10:39:32+00:00,k3s-w1,Ready
2026-06-29T10:39:32+00:00,k3s-w2,Ready
2026-06-29T10:39:34+00:00,k3s-s1,Ready
2026-06-29T10:39:34+00:00,k3s-s2,NotReady
2026-06-29T10:39:34+00:00,k3s-s3,Ready
2026-06-29T10:39:34+00:00,k3s-w1,Ready
2026-06-29T10:39:34+00:00,k3s-w2,Ready
2026-06-29T10:39:35+00:00,k3s-s1,Ready
2026-06-29T10:39:35+00:00,k3s-s2,NotReady
2026-06-29T10:39:35+00:00,k3s-s3,Ready
2026-06-29T10:39:35+00:00,k3s-w1,Ready
2026-06-29T10:39:35+00:00,k3s-w2,Ready
2026-06-29T10:39:36+00:00,k3s-s1,Ready
2026-06-29T10:39:36+00:00,k3s-s2,NotReady
2026-06-29T10:39:36+00:00,k3s-s3,Ready
2026-06-29T10:39:36+00:00,k3s-w1,Ready
2026-06-29T10:39:36+00:00,k3s-w2,Ready
2026-06-29T10:39:37+00:00,k3s-s1,Ready
2026-06-29T10:39:37+00:00,k3s-s2,NotReady
2026-06-29T10:39:37+00:00,k3s-s3,Ready
2026-06-29T10:39:37+00:00,k3s-w1,Ready
2026-06-29T10:39:37+00:00,k3s-w2,Ready
2026-06-29T10:39:38+00:00,k3s-s1,Ready
2026-06-29T10:39:38+00:00,k3s-s2,NotReady
2026-06-29T10:39:38+00:00,k3s-s3,Ready
2026-06-29T10:39:38+00:00,k3s-w1,Ready
2026-06-29T10:39:38+00:00,k3s-w2,Ready
2026-06-29T10:39:39+00:00,k3s-s1,Ready
2026-06-29T10:39:39+00:00,k3s-s2,NotReady
2026-06-29T10:39:39+00:00,k3s-s3,Ready
2026-06-29T10:39:39+00:00,k3s-w1,Ready
2026-06-29T10:39:39+00:00,k3s-w2,Ready
2026-06-29T10:39:40+00:00,k3s-s1,Ready
2026-06-29T10:39:40+00:00,k3s-s2,NotReady
2026-06-29T10:39:40+00:00,k3s-s3,Ready
2026-06-29T10:39:40+00:00,k3s-w1,Ready
2026-06-29T10:39:40+00:00,k3s-w2,Ready
2026-06-29T10:39:41+00:00,k3s-s1,Ready
2026-06-29T10:39:41+00:00,k3s-s2,NotReady
2026-06-29T10:39:41+00:00,k3s-s3,Ready
2026-06-29T10:39:41+00:00,k3s-w1,Ready
2026-06-29T10:39:41+00:00,k3s-w2,Ready
2026-06-29T10:39:42+00:00,k3s-s1,Ready
2026-06-29T10:39:42+00:00,k3s-s2,NotReady
2026-06-29T10:39:42+00:00,k3s-s3,Ready
2026-06-29T10:39:42+00:00,k3s-w1,Ready
2026-06-29T10:39:42+00:00,k3s-w2,Ready
2026-06-29T10:39:43+00:00,k3s-s1,Ready
2026-06-29T10:39:43+00:00,k3s-s2,NotReady
2026-06-29T10:39:43+00:00,k3s-s3,Ready
2026-06-29T10:39:43+00:00,k3s-w1,Ready
2026-06-29T10:39:43+00:00,k3s-w2,Ready
2026-06-29T10:39:44+00:00,k3s-s1,Ready
2026-06-29T10:39:44+00:00,k3s-s2,NotReady
2026-06-29T10:39:44+00:00,k3s-s3,Ready
2026-06-29T10:39:44+00:00,k3s-w1,Ready
2026-06-29T10:39:44+00:00,k3s-w2,Ready
2026-06-29T10:39:45+00:00,k3s-s1,Ready
2026-06-29T10:39:45+00:00,k3s-s2,NotReady
2026-06-29T10:39:45+00:00,k3s-s3,Ready
2026-06-29T10:39:45+00:00,k3s-w1,Ready
2026-06-29T10:39:45+00:00,k3s-w2,Ready
2026-06-29T10:39:46+00:00,k3s-s1,Ready
2026-06-29T10:39:46+00:00,k3s-s2,NotReady
2026-06-29T10:39:46+00:00,k3s-s3,Ready
2026-06-29T10:39:46+00:00,k3s-w1,Ready
2026-06-29T10:39:46+00:00,k3s-w2,Ready
2026-06-29T10:39:47+00:00,k3s-s1,Ready
2026-06-29T10:39:47+00:00,k3s-s2,NotReady
2026-06-29T10:39:47+00:00,k3s-s3,Ready
2026-06-29T10:39:47+00:00,k3s-w1,Ready
2026-06-29T10:39:47+00:00,k3s-w2,Ready
2026-06-29T10:39:48+00:00,k3s-s1,Ready
2026-06-29T10:39:48+00:00,k3s-s2,NotReady
2026-06-29T10:39:48+00:00,k3s-s3,Ready
2026-06-29T10:39:48+00:00,k3s-w1,Ready
2026-06-29T10:39:48+00:00,k3s-w2,Ready
2026-06-29T10:39:49+00:00,k3s-s1,Ready
2026-06-29T10:39:49+00:00,k3s-s2,NotReady
2026-06-29T10:39:49+00:00,k3s-s3,Ready
2026-06-29T10:39:49+00:00,k3s-w1,Ready
2026-06-29T10:39:49+00:00,k3s-w2,Ready
2026-06-29T10:39:50+00:00,k3s-s1,Ready
2026-06-29T10:39:50+00:00,k3s-s2,NotReady
2026-06-29T10:39:50+00:00,k3s-s3,Ready
2026-06-29T10:39:50+00:00,k3s-w1,Ready
2026-06-29T10:39:50+00:00,k3s-w2,Ready
2026-06-29T10:39:51+00:00,k3s-s1,Ready
2026-06-29T10:39:51+00:00,k3s-s2,NotReady
2026-06-29T10:39:51+00:00,k3s-s3,Ready
2026-06-29T10:39:51+00:00,k3s-w1,Ready
2026-06-29T10:39:51+00:00,k3s-w2,Ready
2026-06-29T10:39:52+00:00,k3s-s1,Ready
2026-06-29T10:39:52+00:00,k3s-s2,NotReady
2026-06-29T10:39:52+00:00,k3s-s3,Ready
2026-06-29T10:39:52+00:00,k3s-w1,Ready
2026-06-29T10:39:52+00:00,k3s-w2,Ready
2026-06-29T10:39:54+00:00,k3s-s1,Ready
2026-06-29T10:39:54+00:00,k3s-s2,NotReady
2026-06-29T10:39:54+00:00,k3s-s3,Ready
2026-06-29T10:39:54+00:00,k3s-w1,Ready
2026-06-29T10:39:54+00:00,k3s-w2,Ready
2026-06-29T10:39:55+00:00,k3s-s1,Ready
2026-06-29T10:39:55+00:00,k3s-s2,NotReady
2026-06-29T10:39:55+00:00,k3s-s3,Ready
2026-06-29T10:39:55+00:00,k3s-w1,Ready
2026-06-29T10:39:55+00:00,k3s-w2,Ready
2026-06-29T10:39:56+00:00,k3s-s1,Ready
2026-06-29T10:39:56+00:00,k3s-s2,NotReady
2026-06-29T10:39:56+00:00,k3s-s3,Ready
2026-06-29T10:39:56+00:00,k3s-w1,Ready
2026-06-29T10:39:56+00:00,k3s-w2,Ready
2026-06-29T10:39:57+00:00,k3s-s1,Ready
2026-06-29T10:39:57+00:00,k3s-s2,NotReady
2026-06-29T10:39:57+00:00,k3s-s3,Ready
2026-06-29T10:39:57+00:00,k3s-w1,Ready
2026-06-29T10:39:57+00:00,k3s-w2,Ready
2026-06-29T10:39:58+00:00,k3s-s1,Ready
2026-06-29T10:39:58+00:00,k3s-s2,NotReady
2026-06-29T10:39:58+00:00,k3s-s3,Ready
2026-06-29T10:39:58+00:00,k3s-w1,Ready
2026-06-29T10:39:58+00:00,k3s-w2,Ready
2026-06-29T10:39:59+00:00,k3s-s1,Ready
2026-06-29T10:39:59+00:00,k3s-s2,NotReady
2026-06-29T10:39:59+00:00,k3s-s3,Ready
2026-06-29T10:39:59+00:00,k3s-w1,Ready
2026-06-29T10:39:59+00:00,k3s-w2,Ready
2026-06-29T10:40:00+00:00,k3s-s1,Ready
2026-06-29T10:40:00+00:00,k3s-s2,NotReady
2026-06-29T10:40:00+00:00,k3s-s3,Ready
2026-06-29T10:40:00+00:00,k3s-w1,Ready
2026-06-29T10:40:00+00:00,k3s-w2,Ready
2026-06-29T10:40:01+00:00,k3s-s1,Ready
2026-06-29T10:40:01+00:00,k3s-s2,NotReady
2026-06-29T10:40:01+00:00,k3s-s3,Ready
2026-06-29T10:40:01+00:00,k3s-w1,Ready
2026-06-29T10:40:01+00:00,k3s-w2,Ready
2026-06-29T10:40:02+00:00,k3s-s1,Ready
2026-06-29T10:40:02+00:00,k3s-s2,NotReady
2026-06-29T10:40:02+00:00,k3s-s3,Ready
2026-06-29T10:40:02+00:00,k3s-w1,Ready
2026-06-29T10:40:02+00:00,k3s-w2,Ready
2026-06-29T10:40:03+00:00,k3s-s1,Ready
2026-06-29T10:40:03+00:00,k3s-s2,NotReady
2026-06-29T10:40:03+00:00,k3s-s3,Ready
2026-06-29T10:40:03+00:00,k3s-w1,Ready
2026-06-29T10:40:03+00:00,k3s-w2,Ready
2026-06-29T10:40:04+00:00,k3s-s1,Ready
2026-06-29T10:40:04+00:00,k3s-s2,NotReady
2026-06-29T10:40:04+00:00,k3s-s3,Ready
2026-06-29T10:40:04+00:00,k3s-w1,Ready
2026-06-29T10:40:04+00:00,k3s-w2,Ready
2026-06-29T10:40:05+00:00,k3s-s1,Ready
2026-06-29T10:40:05+00:00,k3s-s2,NotReady
2026-06-29T10:40:05+00:00,k3s-s3,Ready
2026-06-29T10:40:05+00:00,k3s-w1,Ready
2026-06-29T10:40:05+00:00,k3s-w2,Ready
2026-06-29T10:40:06+00:00,k3s-s1,Ready
2026-06-29T10:40:06+00:00,k3s-s2,NotReady
2026-06-29T10:40:06+00:00,k3s-s3,Ready
2026-06-29T10:40:06+00:00,k3s-w1,Ready
2026-06-29T10:40:06+00:00,k3s-w2,Ready
2026-06-29T10:40:07+00:00,k3s-s1,Ready
2026-06-29T10:40:07+00:00,k3s-s2,NotReady
2026-06-29T10:40:07+00:00,k3s-s3,Ready
2026-06-29T10:40:07+00:00,k3s-w1,Ready
2026-06-29T10:40:07+00:00,k3s-w2,Ready
2026-06-29T10:40:08+00:00,k3s-s1,Ready
2026-06-29T10:40:08+00:00,k3s-s2,NotReady
2026-06-29T10:40:08+00:00,k3s-s3,Ready
2026-06-29T10:40:08+00:00,k3s-w1,Ready
2026-06-29T10:40:08+00:00,k3s-w2,Ready
2026-06-29T10:40:09+00:00,k3s-s1,Ready
2026-06-29T10:40:09+00:00,k3s-s2,NotReady
2026-06-29T10:40:09+00:00,k3s-s3,Ready
2026-06-29T10:40:09+00:00,k3s-w1,Ready
2026-06-29T10:40:09+00:00,k3s-w2,Ready
2026-06-29T10:40:10+00:00,k3s-s1,Ready
2026-06-29T10:40:10+00:00,k3s-s2,NotReady
2026-06-29T10:40:10+00:00,k3s-s3,Ready
2026-06-29T10:40:10+00:00,k3s-w1,Ready
2026-06-29T10:40:10+00:00,k3s-w2,Ready
2026-06-29T10:40:11+00:00,k3s-s1,Ready
2026-06-29T10:40:11+00:00,k3s-s2,NotReady
2026-06-29T10:40:11+00:00,k3s-s3,Ready
2026-06-29T10:40:11+00:00,k3s-w1,Ready
2026-06-29T10:40:11+00:00,k3s-w2,Ready
2026-06-29T10:40:12+00:00,k3s-s1,Ready
2026-06-29T10:40:12+00:00,k3s-s2,NotReady
2026-06-29T10:40:12+00:00,k3s-s3,Ready
2026-06-29T10:40:12+00:00,k3s-w1,Ready
2026-06-29T10:40:12+00:00,k3s-w2,Ready
2026-06-29T10:40:14+00:00,k3s-s1,Ready
2026-06-29T10:40:14+00:00,k3s-s2,NotReady
2026-06-29T10:40:14+00:00,k3s-s3,Ready
2026-06-29T10:40:14+00:00,k3s-w1,Ready
2026-06-29T10:40:14+00:00,k3s-w2,Ready
2026-06-29T10:40:15+00:00,k3s-s1,Ready
2026-06-29T10:40:15+00:00,k3s-s2,NotReady
2026-06-29T10:40:15+00:00,k3s-s3,Ready
2026-06-29T10:40:15+00:00,k3s-w1,Ready
2026-06-29T10:40:15+00:00,k3s-w2,Ready
2026-06-29T10:40:16+00:00,k3s-s1,Ready
2026-06-29T10:40:16+00:00,k3s-s2,NotReady
2026-06-29T10:40:16+00:00,k3s-s3,Ready
2026-06-29T10:40:16+00:00,k3s-w1,Ready
2026-06-29T10:40:16+00:00,k3s-w2,Ready
2026-06-29T10:40:17+00:00,k3s-s1,Ready
2026-06-29T10:40:17+00:00,k3s-s2,NotReady
2026-06-29T10:40:17+00:00,k3s-s3,Ready
2026-06-29T10:40:17+00:00,k3s-w1,Ready
2026-06-29T10:40:17+00:00,k3s-w2,Ready
2026-06-29T10:40:18+00:00,k3s-s1,Ready
2026-06-29T10:40:18+00:00,k3s-s2,NotReady
2026-06-29T10:40:18+00:00,k3s-s3,Ready
2026-06-29T10:40:18+00:00,k3s-w1,Ready
2026-06-29T10:40:18+00:00,k3s-w2,Ready
2026-06-29T10:40:19+00:00,k3s-s1,Ready
2026-06-29T10:40:19+00:00,k3s-s2,NotReady
2026-06-29T10:40:19+00:00,k3s-s3,Ready
2026-06-29T10:40:19+00:00,k3s-w1,Ready
2026-06-29T10:40:19+00:00,k3s-w2,Ready
2026-06-29T10:40:20+00:00,k3s-s1,Ready
2026-06-29T10:40:20+00:00,k3s-s2,NotReady
2026-06-29T10:40:20+00:00,k3s-s3,Ready
2026-06-29T10:40:20+00:00,k3s-w1,Ready
2026-06-29T10:40:20+00:00,k3s-w2,Ready
2026-06-29T10:40:21+00:00,k3s-s1,Ready
2026-06-29T10:40:21+00:00,k3s-s2,NotReady
2026-06-29T10:40:21+00:00,k3s-s3,Ready
2026-06-29T10:40:21+00:00,k3s-w1,Ready
2026-06-29T10:40:21+00:00,k3s-w2,Ready
2026-06-29T10:40:22+00:00,k3s-s1,Ready
2026-06-29T10:40:22+00:00,k3s-s2,NotReady
2026-06-29T10:40:22+00:00,k3s-s3,Ready
2026-06-29T10:40:22+00:00,k3s-w1,Ready
2026-06-29T10:40:22+00:00,k3s-w2,Ready
2026-06-29T10:40:23+00:00,k3s-s1,Ready
2026-06-29T10:40:23+00:00,k3s-s2,NotReady
2026-06-29T10:40:23+00:00,k3s-s3,Ready
2026-06-29T10:40:23+00:00,k3s-w1,Ready
2026-06-29T10:40:23+00:00,k3s-w2,Ready
2026-06-29T10:40:24+00:00,k3s-s1,Ready
2026-06-29T10:40:24+00:00,k3s-s2,NotReady
2026-06-29T10:40:24+00:00,k3s-s3,Ready
2026-06-29T10:40:24+00:00,k3s-w1,Ready
2026-06-29T10:40:24+00:00,k3s-w2,Ready
2026-06-29T10:40:25+00:00,k3s-s1,Ready
2026-06-29T10:40:25+00:00,k3s-s2,NotReady
2026-06-29T10:40:25+00:00,k3s-s3,Ready
2026-06-29T10:40:25+00:00,k3s-w1,Ready
2026-06-29T10:40:25+00:00,k3s-w2,Ready
2026-06-29T10:40:26+00:00,k3s-s1,Ready
2026-06-29T10:40:26+00:00,k3s-s2,NotReady
2026-06-29T10:40:26+00:00,k3s-s3,Ready
2026-06-29T10:40:26+00:00,k3s-w1,Ready
2026-06-29T10:40:26+00:00,k3s-w2,Ready
2026-06-29T10:40:27+00:00,k3s-s1,Ready
2026-06-29T10:40:27+00:00,k3s-s2,NotReady
2026-06-29T10:40:27+00:00,k3s-s3,Ready
2026-06-29T10:40:27+00:00,k3s-w1,Ready
2026-06-29T10:40:27+00:00,k3s-w2,Ready
2026-06-29T10:40:28+00:00,k3s-s1,Ready
2026-06-29T10:40:28+00:00,k3s-s2,NotReady
2026-06-29T10:40:28+00:00,k3s-s3,Ready
2026-06-29T10:40:28+00:00,k3s-w1,Ready
2026-06-29T10:40:28+00:00,k3s-w2,Ready
2026-06-29T10:40:29+00:00,k3s-s1,Ready
2026-06-29T10:40:29+00:00,k3s-s2,NotReady
2026-06-29T10:40:29+00:00,k3s-s3,Ready
2026-06-29T10:40:29+00:00,k3s-w1,Ready
2026-06-29T10:40:29+00:00,k3s-w2,Ready
2026-06-29T10:40:30+00:00,k3s-s1,Ready
2026-06-29T10:40:30+00:00,k3s-s2,NotReady
2026-06-29T10:40:30+00:00,k3s-s3,Ready
2026-06-29T10:40:30+00:00,k3s-w1,Ready
2026-06-29T10:40:30+00:00,k3s-w2,Ready
2026-06-29T10:40:31+00:00,k3s-s1,Ready
2026-06-29T10:40:31+00:00,k3s-s2,NotReady
2026-06-29T10:40:31+00:00,k3s-s3,Ready
2026-06-29T10:40:31+00:00,k3s-w1,Ready
2026-06-29T10:40:31+00:00,k3s-w2,Ready
2026-06-29T10:40:32+00:00,k3s-s1,Ready
2026-06-29T10:40:32+00:00,k3s-s2,NotReady
2026-06-29T10:40:32+00:00,k3s-s3,Ready
2026-06-29T10:40:32+00:00,k3s-w1,Ready
2026-06-29T10:40:32+00:00,k3s-w2,Ready
2026-06-29T10:40:34+00:00,k3s-s1,Ready
2026-06-29T10:40:34+00:00,k3s-s2,NotReady
2026-06-29T10:40:34+00:00,k3s-s3,Ready
2026-06-29T10:40:34+00:00,k3s-w1,Ready
2026-06-29T10:40:34+00:00,k3s-w2,Ready
2026-06-29T10:40:35+00:00,k3s-s1,Ready
2026-06-29T10:40:35+00:00,k3s-s2,NotReady
2026-06-29T10:40:35+00:00,k3s-s3,Ready
2026-06-29T10:40:35+00:00,k3s-w1,Ready
2026-06-29T10:40:35+00:00,k3s-w2,Ready
2026-06-29T10:40:36+00:00,k3s-s1,Ready
2026-06-29T10:40:36+00:00,k3s-s2,NotReady
2026-06-29T10:40:36+00:00,k3s-s3,Ready
2026-06-29T10:40:36+00:00,k3s-w1,Ready
2026-06-29T10:40:36+00:00,k3s-w2,Ready
2026-06-29T10:40:37+00:00,k3s-s1,Ready
2026-06-29T10:40:37+00:00,k3s-s2,NotReady
2026-06-29T10:40:37+00:00,k3s-s3,Ready
2026-06-29T10:40:37+00:00,k3s-w1,Ready
2026-06-29T10:40:37+00:00,k3s-w2,Ready
2026-06-29T10:40:38+00:00,k3s-s1,Ready
2026-06-29T10:40:38+00:00,k3s-s2,NotReady
2026-06-29T10:40:38+00:00,k3s-s3,Ready
2026-06-29T10:40:38+00:00,k3s-w1,Ready
2026-06-29T10:40:38+00:00,k3s-w2,Ready
2026-06-29T10:40:39+00:00,k3s-s1,Ready
2026-06-29T10:40:39+00:00,k3s-s2,NotReady
2026-06-29T10:40:39+00:00,k3s-s3,Ready
2026-06-29T10:40:39+00:00,k3s-w1,Ready
2026-06-29T10:40:39+00:00,k3s-w2,Ready
2026-06-29T10:40:40+00:00,k3s-s1,Ready
2026-06-29T10:40:40+00:00,k3s-s2,NotReady
2026-06-29T10:40:40+00:00,k3s-s3,Ready
2026-06-29T10:40:40+00:00,k3s-w1,Ready
2026-06-29T10:40:40+00:00,k3s-w2,Ready
2026-06-29T10:40:41+00:00,k3s-s1,Ready
2026-06-29T10:40:41+00:00,k3s-s2,NotReady
2026-06-29T10:40:41+00:00,k3s-s3,Ready
2026-06-29T10:40:41+00:00,k3s-w1,Ready
2026-06-29T10:40:41+00:00,k3s-w2,Ready
2026-06-29T10:40:42+00:00,k3s-s1,Ready
2026-06-29T10:40:42+00:00,k3s-s2,NotReady
2026-06-29T10:40:42+00:00,k3s-s3,Ready
2026-06-29T10:40:42+00:00,k3s-w1,Ready
2026-06-29T10:40:42+00:00,k3s-w2,Ready
2026-06-29T10:40:43+00:00,k3s-s1,Ready
2026-06-29T10:40:43+00:00,k3s-s2,NotReady
2026-06-29T10:40:43+00:00,k3s-s3,Ready
2026-06-29T10:40:43+00:00,k3s-w1,Ready
2026-06-29T10:40:43+00:00,k3s-w2,Ready
2026-06-29T10:40:44+00:00,k3s-s1,Ready
2026-06-29T10:40:44+00:00,k3s-s2,NotReady
2026-06-29T10:40:44+00:00,k3s-s3,Ready
2026-06-29T10:40:44+00:00,k3s-w1,Ready
2026-06-29T10:40:44+00:00,k3s-w2,Ready
2026-06-29T10:40:45+00:00,k3s-s1,Ready
2026-06-29T10:40:45+00:00,k3s-s2,NotReady
2026-06-29T10:40:45+00:00,k3s-s3,Ready
2026-06-29T10:40:45+00:00,k3s-w1,Ready
2026-06-29T10:40:45+00:00,k3s-w2,Ready
2026-06-29T10:40:46+00:00,k3s-s1,Ready
2026-06-29T10:40:46+00:00,k3s-s2,NotReady
2026-06-29T10:40:46+00:00,k3s-s3,Ready
2026-06-29T10:40:46+00:00,k3s-w1,Ready
2026-06-29T10:40:46+00:00,k3s-w2,Ready
2026-06-29T10:40:47+00:00,k3s-s1,Ready
2026-06-29T10:40:47+00:00,k3s-s2,NotReady
2026-06-29T10:40:47+00:00,k3s-s3,Ready
2026-06-29T10:40:47+00:00,k3s-w1,Ready
2026-06-29T10:40:47+00:00,k3s-w2,Ready
2026-06-29T10:40:48+00:00,k3s-s1,Ready
2026-06-29T10:40:48+00:00,k3s-s2,NotReady
2026-06-29T10:40:48+00:00,k3s-s3,Ready
2026-06-29T10:40:48+00:00,k3s-w1,Ready
2026-06-29T10:40:48+00:00,k3s-w2,Ready
2026-06-29T10:40:49+00:00,k3s-s1,Ready
2026-06-29T10:40:49+00:00,k3s-s2,NotReady
2026-06-29T10:40:49+00:00,k3s-s3,Ready
2026-06-29T10:40:49+00:00,k3s-w1,Ready
2026-06-29T10:40:49+00:00,k3s-w2,Ready
2026-06-29T10:40:50+00:00,k3s-s1,Ready
2026-06-29T10:40:50+00:00,k3s-s2,NotReady
2026-06-29T10:40:50+00:00,k3s-s3,Ready
2026-06-29T10:40:50+00:00,k3s-w1,Ready
2026-06-29T10:40:50+00:00,k3s-w2,Ready
2026-06-29T10:40:51+00:00,k3s-s1,Ready
2026-06-29T10:40:51+00:00,k3s-s2,NotReady
2026-06-29T10:40:51+00:00,k3s-s3,Ready
2026-06-29T10:40:51+00:00,k3s-w1,Ready
2026-06-29T10:40:51+00:00,k3s-w2,Ready
2026-06-29T10:40:52+00:00,k3s-s1,Ready
2026-06-29T10:40:52+00:00,k3s-s2,NotReady
2026-06-29T10:40:52+00:00,k3s-s3,Ready
2026-06-29T10:40:52+00:00,k3s-w1,Ready
2026-06-29T10:40:52+00:00,k3s-w2,Ready
2026-06-29T10:40:54+00:00,k3s-s1,Ready
2026-06-29T10:40:54+00:00,k3s-s2,NotReady
2026-06-29T10:40:54+00:00,k3s-s3,Ready
2026-06-29T10:40:54+00:00,k3s-w1,Ready
2026-06-29T10:40:54+00:00,k3s-w2,Ready
2026-06-29T10:40:55+00:00,k3s-s1,Ready
2026-06-29T10:40:55+00:00,k3s-s2,NotReady
2026-06-29T10:40:55+00:00,k3s-s3,Ready
2026-06-29T10:40:55+00:00,k3s-w1,Ready
2026-06-29T10:40:55+00:00,k3s-w2,Ready
2026-06-29T10:40:56+00:00,k3s-s1,Ready
2026-06-29T10:40:56+00:00,k3s-s2,NotReady
2026-06-29T10:40:56+00:00,k3s-s3,Ready
2026-06-29T10:40:56+00:00,k3s-w1,Ready
2026-06-29T10:40:56+00:00,k3s-w2,Ready
2026-06-29T10:40:57+00:00,k3s-s1,Ready
2026-06-29T10:40:57+00:00,k3s-s2,NotReady
2026-06-29T10:40:57+00:00,k3s-s3,Ready
2026-06-29T10:40:57+00:00,k3s-w1,Ready
2026-06-29T10:40:57+00:00,k3s-w2,Ready
2026-06-29T10:40:58+00:00,k3s-s1,Ready
2026-06-29T10:40:58+00:00,k3s-s2,NotReady
2026-06-29T10:40:58+00:00,k3s-s3,Ready
2026-06-29T10:40:58+00:00,k3s-w1,Ready
2026-06-29T10:40:58+00:00,k3s-w2,Ready
2026-06-29T10:40:59+00:00,k3s-s1,Ready
2026-06-29T10:40:59+00:00,k3s-s2,NotReady
2026-06-29T10:40:59+00:00,k3s-s3,Ready
2026-06-29T10:40:59+00:00,k3s-w1,Ready
2026-06-29T10:40:59+00:00,k3s-w2,Ready
2026-06-29T10:41:00+00:00,k3s-s1,Ready
2026-06-29T10:41:00+00:00,k3s-s2,NotReady
2026-06-29T10:41:00+00:00,k3s-s3,Ready
2026-06-29T10:41:00+00:00,k3s-w1,Ready
2026-06-29T10:41:00+00:00,k3s-w2,Ready
2026-06-29T10:41:01+00:00,k3s-s1,Ready
2026-06-29T10:41:01+00:00,k3s-s2,NotReady
2026-06-29T10:41:01+00:00,k3s-s3,Ready
2026-06-29T10:41:01+00:00,k3s-w1,Ready
2026-06-29T10:41:01+00:00,k3s-w2,Ready
2026-06-29T10:41:02+00:00,k3s-s1,Ready
2026-06-29T10:41:02+00:00,k3s-s2,NotReady
2026-06-29T10:41:02+00:00,k3s-s3,Ready
2026-06-29T10:41:02+00:00,k3s-w1,Ready
2026-06-29T10:41:02+00:00,k3s-w2,Ready
2026-06-29T10:41:03+00:00,k3s-s1,Ready
2026-06-29T10:41:03+00:00,k3s-s2,NotReady
2026-06-29T10:41:03+00:00,k3s-s3,Ready
2026-06-29T10:41:03+00:00,k3s-w1,Ready
2026-06-29T10:41:03+00:00,k3s-w2,Ready
2026-06-29T10:41:04+00:00,k3s-s1,Ready
2026-06-29T10:41:04+00:00,k3s-s2,NotReady
2026-06-29T10:41:04+00:00,k3s-s3,Ready
2026-06-29T10:41:04+00:00,k3s-w1,Ready
2026-06-29T10:41:04+00:00,k3s-w2,Ready
2026-06-29T10:41:05+00:00,k3s-s1,Ready
2026-06-29T10:41:05+00:00,k3s-s2,NotReady
2026-06-29T10:41:05+00:00,k3s-s3,Ready
2026-06-29T10:41:05+00:00,k3s-w1,Ready
2026-06-29T10:41:05+00:00,k3s-w2,Ready
2026-06-29T10:41:06+00:00,k3s-s1,Ready
2026-06-29T10:41:06+00:00,k3s-s2,NotReady
2026-06-29T10:41:06+00:00,k3s-s3,Ready
2026-06-29T10:41:06+00:00,k3s-w1,Ready
2026-06-29T10:41:06+00:00,k3s-w2,Ready
2026-06-29T10:41:07+00:00,k3s-s1,Ready
2026-06-29T10:41:07+00:00,k3s-s2,NotReady
2026-06-29T10:41:07+00:00,k3s-s3,Ready
2026-06-29T10:41:07+00:00,k3s-w1,Ready
2026-06-29T10:41:07+00:00,k3s-w2,Ready
2026-06-29T10:41:08+00:00,k3s-s1,Ready
2026-06-29T10:41:08+00:00,k3s-s2,NotReady
2026-06-29T10:41:08+00:00,k3s-s3,Ready
2026-06-29T10:41:08+00:00,k3s-w1,Ready
2026-06-29T10:41:08+00:00,k3s-w2,Ready
2026-06-29T10:41:09+00:00,k3s-s1,Ready
2026-06-29T10:41:09+00:00,k3s-s2,NotReady
2026-06-29T10:41:09+00:00,k3s-s3,Ready
2026-06-29T10:41:09+00:00,k3s-w1,Ready
2026-06-29T10:41:09+00:00,k3s-w2,Ready
2026-06-29T10:41:10+00:00,k3s-s1,Ready
2026-06-29T10:41:10+00:00,k3s-s2,NotReady
2026-06-29T10:41:10+00:00,k3s-s3,Ready
2026-06-29T10:41:10+00:00,k3s-w1,Ready
2026-06-29T10:41:10+00:00,k3s-w2,Ready
2026-06-29T10:41:11+00:00,k3s-s1,Ready
2026-06-29T10:41:11+00:00,k3s-s2,NotReady
2026-06-29T10:41:11+00:00,k3s-s3,Ready
2026-06-29T10:41:11+00:00,k3s-w1,Ready
2026-06-29T10:41:11+00:00,k3s-w2,Ready
2026-06-29T10:41:12+00:00,k3s-s1,Ready
2026-06-29T10:41:12+00:00,k3s-s2,NotReady
2026-06-29T10:41:12+00:00,k3s-s3,Ready
2026-06-29T10:41:12+00:00,k3s-w1,Ready
2026-06-29T10:41:12+00:00,k3s-w2,Ready
2026-06-29T10:41:14+00:00,k3s-s1,Ready
2026-06-29T10:41:14+00:00,k3s-s2,NotReady
2026-06-29T10:41:14+00:00,k3s-s3,Ready
2026-06-29T10:41:14+00:00,k3s-w1,Ready
2026-06-29T10:41:14+00:00,k3s-w2,Ready
2026-06-29T10:41:15+00:00,k3s-s1,Ready
2026-06-29T10:41:15+00:00,k3s-s2,NotReady
2026-06-29T10:41:15+00:00,k3s-s3,Ready
2026-06-29T10:41:15+00:00,k3s-w1,Ready
2026-06-29T10:41:15+00:00,k3s-w2,Ready
2026-06-29T10:41:16+00:00,k3s-s1,Ready
2026-06-29T10:41:16+00:00,k3s-s2,NotReady
2026-06-29T10:41:16+00:00,k3s-s3,Ready
2026-06-29T10:41:16+00:00,k3s-w1,Ready
2026-06-29T10:41:16+00:00,k3s-w2,Ready
2026-06-29T10:41:17+00:00,k3s-s1,Ready
2026-06-29T10:41:17+00:00,k3s-s2,NotReady
2026-06-29T10:41:17+00:00,k3s-s3,Ready
2026-06-29T10:41:17+00:00,k3s-w1,Ready
2026-06-29T10:41:17+00:00,k3s-w2,Ready
2026-06-29T10:41:18+00:00,k3s-s1,Ready
2026-06-29T10:41:18+00:00,k3s-s2,NotReady
2026-06-29T10:41:18+00:00,k3s-s3,Ready
2026-06-29T10:41:18+00:00,k3s-w1,Ready
2026-06-29T10:41:18+00:00,k3s-w2,Ready
2026-06-29T10:41:19+00:00,k3s-s1,Ready
2026-06-29T10:41:19+00:00,k3s-s2,NotReady
2026-06-29T10:41:19+00:00,k3s-s3,Ready
2026-06-29T10:41:19+00:00,k3s-w1,Ready
2026-06-29T10:41:19+00:00,k3s-w2,Ready
2026-06-29T10:41:20+00:00,k3s-s1,Ready
2026-06-29T10:41:20+00:00,k3s-s2,NotReady
2026-06-29T10:41:20+00:00,k3s-s3,Ready
2026-06-29T10:41:20+00:00,k3s-w1,Ready
2026-06-29T10:41:20+00:00,k3s-w2,Ready
2026-06-29T10:41:21+00:00,k3s-s1,Ready
2026-06-29T10:41:21+00:00,k3s-s2,NotReady
2026-06-29T10:41:21+00:00,k3s-s3,Ready
2026-06-29T10:41:21+00:00,k3s-w1,Ready
2026-06-29T10:41:21+00:00,k3s-w2,Ready
2026-06-29T10:41:22+00:00,k3s-s1,Ready
2026-06-29T10:41:22+00:00,k3s-s2,NotReady
2026-06-29T10:41:22+00:00,k3s-s3,Ready
2026-06-29T10:41:22+00:00,k3s-w1,Ready
2026-06-29T10:41:22+00:00,k3s-w2,Ready
2026-06-29T10:41:23+00:00,k3s-s1,Ready
2026-06-29T10:41:23+00:00,k3s-s2,NotReady
2026-06-29T10:41:23+00:00,k3s-s3,Ready
2026-06-29T10:41:23+00:00,k3s-w1,Ready
2026-06-29T10:41:23+00:00,k3s-w2,Ready
2026-06-29T10:41:24+00:00,k3s-s1,Ready
2026-06-29T10:41:24+00:00,k3s-s2,NotReady
2026-06-29T10:41:24+00:00,k3s-s3,Ready
2026-06-29T10:41:24+00:00,k3s-w1,Ready
2026-06-29T10:41:24+00:00,k3s-w2,Ready
2026-06-29T10:41:25+00:00,k3s-s1,Ready
2026-06-29T10:41:25+00:00,k3s-s2,NotReady
2026-06-29T10:41:25+00:00,k3s-s3,Ready
2026-06-29T10:41:25+00:00,k3s-w1,Ready
2026-06-29T10:41:25+00:00,k3s-w2,Ready
2026-06-29T10:41:26+00:00,k3s-s1,Ready
2026-06-29T10:41:26+00:00,k3s-s2,NotReady
2026-06-29T10:41:26+00:00,k3s-s3,Ready
2026-06-29T10:41:26+00:00,k3s-w1,Ready
2026-06-29T10:41:26+00:00,k3s-w2,Ready
2026-06-29T10:41:27+00:00,k3s-s1,Ready
2026-06-29T10:41:27+00:00,k3s-s2,NotReady
2026-06-29T10:41:27+00:00,k3s-s3,Ready
2026-06-29T10:41:27+00:00,k3s-w1,Ready
2026-06-29T10:41:27+00:00,k3s-w2,Ready
2026-06-29T10:41:28+00:00,k3s-s1,Ready
2026-06-29T10:41:28+00:00,k3s-s2,NotReady
2026-06-29T10:41:28+00:00,k3s-s3,Ready
2026-06-29T10:41:28+00:00,k3s-w1,Ready
2026-06-29T10:41:28+00:00,k3s-w2,Ready
2026-06-29T10:41:29+00:00,k3s-s1,Ready
2026-06-29T10:41:29+00:00,k3s-s2,NotReady
2026-06-29T10:41:29+00:00,k3s-s3,Ready
2026-06-29T10:41:29+00:00,k3s-w1,Ready
2026-06-29T10:41:29+00:00,k3s-w2,Ready
2026-06-29T10:41:30+00:00,k3s-s1,Ready
2026-06-29T10:41:30+00:00,k3s-s2,NotReady
2026-06-29T10:41:30+00:00,k3s-s3,Ready
2026-06-29T10:41:30+00:00,k3s-w1,Ready
2026-06-29T10:41:30+00:00,k3s-w2,Ready
2026-06-29T10:41:31+00:00,k3s-s1,Ready
2026-06-29T10:41:31+00:00,k3s-s2,NotReady
2026-06-29T10:41:31+00:00,k3s-s3,Ready
2026-06-29T10:41:31+00:00,k3s-w1,Ready
2026-06-29T10:41:31+00:00,k3s-w2,Ready
2026-06-29T10:41:32+00:00,k3s-s1,Ready
2026-06-29T10:41:32+00:00,k3s-s2,NotReady
2026-06-29T10:41:32+00:00,k3s-s3,Ready
2026-06-29T10:41:32+00:00,k3s-w1,Ready
2026-06-29T10:41:32+00:00,k3s-w2,Ready
2026-06-29T10:41:34+00:00,k3s-s1,Ready
2026-06-29T10:41:34+00:00,k3s-s2,NotReady
2026-06-29T10:41:34+00:00,k3s-s3,Ready
2026-06-29T10:41:34+00:00,k3s-w1,Ready
2026-06-29T10:41:34+00:00,k3s-w2,Ready
2026-06-29T10:41:35+00:00,k3s-s1,Ready
2026-06-29T10:41:35+00:00,k3s-s2,NotReady
2026-06-29T10:41:35+00:00,k3s-s3,Ready
2026-06-29T10:41:35+00:00,k3s-w1,Ready
2026-06-29T10:41:35+00:00,k3s-w2,Ready
2026-06-29T10:41:36+00:00,k3s-s1,Ready
2026-06-29T10:41:36+00:00,k3s-s2,NotReady
2026-06-29T10:41:36+00:00,k3s-s3,Ready
2026-06-29T10:41:36+00:00,k3s-w1,Ready
2026-06-29T10:41:36+00:00,k3s-w2,Ready
2026-06-29T10:41:37+00:00,k3s-s1,Ready
2026-06-29T10:41:37+00:00,k3s-s2,NotReady
2026-06-29T10:41:37+00:00,k3s-s3,Ready
2026-06-29T10:41:37+00:00,k3s-w1,Ready
2026-06-29T10:41:37+00:00,k3s-w2,Ready
2026-06-29T10:41:38+00:00,k3s-s1,Ready
2026-06-29T10:41:38+00:00,k3s-s2,NotReady
2026-06-29T10:41:38+00:00,k3s-s3,Ready
2026-06-29T10:41:38+00:00,k3s-w1,Ready
2026-06-29T10:41:38+00:00,k3s-w2,Ready
2026-06-29T10:41:39+00:00,k3s-s1,Ready
2026-06-29T10:41:39+00:00,k3s-s2,NotReady
2026-06-29T10:41:39+00:00,k3s-s3,Ready
2026-06-29T10:41:39+00:00,k3s-w1,Ready
2026-06-29T10:41:39+00:00,k3s-w2,Ready
2026-06-29T10:41:40+00:00,k3s-s1,Ready
2026-06-29T10:41:40+00:00,k3s-s2,NotReady
2026-06-29T10:41:40+00:00,k3s-s3,Ready
2026-06-29T10:41:40+00:00,k3s-w1,Ready
2026-06-29T10:41:40+00:00,k3s-w2,Ready
2026-06-29T10:41:41+00:00,k3s-s1,Ready
2026-06-29T10:41:41+00:00,k3s-s2,NotReady
2026-06-29T10:41:41+00:00,k3s-s3,Ready
2026-06-29T10:41:41+00:00,k3s-w1,Ready
2026-06-29T10:41:41+00:00,k3s-w2,Ready
2026-06-29T10:41:42+00:00,k3s-s1,Ready
2026-06-29T10:41:42+00:00,k3s-s2,NotReady
2026-06-29T10:41:42+00:00,k3s-s3,Ready
2026-06-29T10:41:42+00:00,k3s-w1,Ready
2026-06-29T10:41:42+00:00,k3s-w2,Ready
2026-06-29T10:41:43+00:00,k3s-s1,Ready
2026-06-29T10:41:43+00:00,k3s-s2,NotReady
2026-06-29T10:41:43+00:00,k3s-s3,Ready
2026-06-29T10:41:43+00:00,k3s-w1,Ready
2026-06-29T10:41:43+00:00,k3s-w2,Ready
2026-06-29T10:41:44+00:00,k3s-s1,Ready
2026-06-29T10:41:44+00:00,k3s-s2,NotReady
2026-06-29T10:41:44+00:00,k3s-s3,Ready
2026-06-29T10:41:44+00:00,k3s-w1,Ready
2026-06-29T10:41:44+00:00,k3s-w2,Ready
2026-06-29T10:41:45+00:00,k3s-s1,Ready
2026-06-29T10:41:45+00:00,k3s-s2,NotReady
2026-06-29T10:41:45+00:00,k3s-s3,Ready
2026-06-29T10:41:45+00:00,k3s-w1,Ready
2026-06-29T10:41:45+00:00,k3s-w2,Ready
2026-06-29T10:41:46+00:00,k3s-s1,Ready
2026-06-29T10:41:46+00:00,k3s-s2,NotReady
2026-06-29T10:41:46+00:00,k3s-s3,Ready
2026-06-29T10:41:46+00:00,k3s-w1,Ready
2026-06-29T10:41:46+00:00,k3s-w2,Ready
2026-06-29T10:41:47+00:00,k3s-s1,Ready
2026-06-29T10:41:47+00:00,k3s-s2,NotReady
2026-06-29T10:41:47+00:00,k3s-s3,Ready
2026-06-29T10:41:47+00:00,k3s-w1,Ready
2026-06-29T10:41:47+00:00,k3s-w2,Ready
2026-06-29T10:41:48+00:00,k3s-s1,Ready
2026-06-29T10:41:48+00:00,k3s-s2,NotReady
2026-06-29T10:41:48+00:00,k3s-s3,Ready
2026-06-29T10:41:48+00:00,k3s-w1,Ready
2026-06-29T10:41:48+00:00,k3s-w2,Ready
2026-06-29T10:41:49+00:00,k3s-s1,Ready
2026-06-29T10:41:49+00:00,k3s-s2,NotReady
2026-06-29T10:41:49+00:00,k3s-s3,Ready
2026-06-29T10:41:49+00:00,k3s-w1,Ready
2026-06-29T10:41:49+00:00,k3s-w2,Ready
2026-06-29T10:41:50+00:00,k3s-s1,Ready
2026-06-29T10:41:50+00:00,k3s-s2,NotReady
2026-06-29T10:41:50+00:00,k3s-s3,Ready
2026-06-29T10:41:50+00:00,k3s-w1,Ready
2026-06-29T10:41:50+00:00,k3s-w2,Ready
2026-06-29T10:41:51+00:00,k3s-s1,Ready
2026-06-29T10:41:51+00:00,k3s-s2,NotReady
2026-06-29T10:41:51+00:00,k3s-s3,Ready
2026-06-29T10:41:51+00:00,k3s-w1,Ready
2026-06-29T10:41:51+00:00,k3s-w2,Ready
2026-06-29T10:41:52+00:00,k3s-s1,Ready
2026-06-29T10:41:52+00:00,k3s-s2,NotReady
2026-06-29T10:41:52+00:00,k3s-s3,Ready
2026-06-29T10:41:52+00:00,k3s-w1,Ready
2026-06-29T10:41:52+00:00,k3s-w2,Ready
2026-06-29T10:41:54+00:00,k3s-s1,Ready
2026-06-29T10:41:54+00:00,k3s-s2,NotReady
2026-06-29T10:41:54+00:00,k3s-s3,Ready
2026-06-29T10:41:54+00:00,k3s-w1,Ready
2026-06-29T10:41:54+00:00,k3s-w2,Ready
2026-06-29T10:41:55+00:00,k3s-s1,Ready
2026-06-29T10:41:55+00:00,k3s-s2,NotReady
2026-06-29T10:41:55+00:00,k3s-s3,Ready
2026-06-29T10:41:55+00:00,k3s-w1,Ready
2026-06-29T10:41:55+00:00,k3s-w2,Ready
2026-06-29T10:41:56+00:00,k3s-s1,Ready
2026-06-29T10:41:56+00:00,k3s-s2,NotReady
2026-06-29T10:41:56+00:00,k3s-s3,Ready
2026-06-29T10:41:56+00:00,k3s-w1,Ready
2026-06-29T10:41:56+00:00,k3s-w2,Ready
2026-06-29T10:41:57+00:00,k3s-s1,Ready
2026-06-29T10:41:57+00:00,k3s-s2,NotReady
2026-06-29T10:41:57+00:00,k3s-s3,Ready
2026-06-29T10:41:57+00:00,k3s-w1,Ready
2026-06-29T10:41:57+00:00,k3s-w2,Ready
2026-06-29T10:41:58+00:00,k3s-s1,Ready
2026-06-29T10:41:58+00:00,k3s-s2,NotReady
2026-06-29T10:41:58+00:00,k3s-s3,Ready
2026-06-29T10:41:58+00:00,k3s-w1,Ready
2026-06-29T10:41:58+00:00,k3s-w2,Ready
2026-06-29T10:41:59+00:00,k3s-s1,Ready
2026-06-29T10:41:59+00:00,k3s-s2,NotReady
2026-06-29T10:41:59+00:00,k3s-s3,Ready
2026-06-29T10:41:59+00:00,k3s-w1,Ready
2026-06-29T10:41:59+00:00,k3s-w2,Ready
2026-06-29T10:42:00+00:00,k3s-s1,Ready
2026-06-29T10:42:00+00:00,k3s-s2,NotReady
2026-06-29T10:42:00+00:00,k3s-s3,Ready
2026-06-29T10:42:00+00:00,k3s-w1,Ready
2026-06-29T10:42:00+00:00,k3s-w2,Ready
2026-06-29T10:42:01+00:00,k3s-s1,Ready
2026-06-29T10:42:01+00:00,k3s-s2,NotReady
2026-06-29T10:42:01+00:00,k3s-s3,Ready
2026-06-29T10:42:01+00:00,k3s-w1,Ready
2026-06-29T10:42:01+00:00,k3s-w2,Ready
2026-06-29T10:42:02+00:00,k3s-s1,Ready
2026-06-29T10:42:02+00:00,k3s-s2,NotReady
2026-06-29T10:42:02+00:00,k3s-s3,Ready
2026-06-29T10:42:02+00:00,k3s-w1,Ready
2026-06-29T10:42:02+00:00,k3s-w2,Ready
2026-06-29T10:42:03+00:00,k3s-s1,Ready
2026-06-29T10:42:03+00:00,k3s-s2,NotReady
2026-06-29T10:42:03+00:00,k3s-s3,Ready
2026-06-29T10:42:03+00:00,k3s-w1,Ready
2026-06-29T10:42:03+00:00,k3s-w2,Ready
2026-06-29T10:42:04+00:00,k3s-s1,Ready
2026-06-29T10:42:04+00:00,k3s-s2,NotReady
2026-06-29T10:42:04+00:00,k3s-s3,Ready
2026-06-29T10:42:04+00:00,k3s-w1,Ready
2026-06-29T10:42:04+00:00,k3s-w2,Ready
2026-06-29T10:42:05+00:00,k3s-s1,Ready
2026-06-29T10:42:05+00:00,k3s-s2,NotReady
2026-06-29T10:42:05+00:00,k3s-s3,Ready
2026-06-29T10:42:05+00:00,k3s-w1,Ready
2026-06-29T10:42:05+00:00,k3s-w2,Ready
2026-06-29T10:42:06+00:00,k3s-s1,Ready
2026-06-29T10:42:06+00:00,k3s-s2,NotReady
2026-06-29T10:42:06+00:00,k3s-s3,Ready
2026-06-29T10:42:06+00:00,k3s-w1,Ready
2026-06-29T10:42:06+00:00,k3s-w2,Ready
2026-06-29T10:42:07+00:00,k3s-s1,Ready
2026-06-29T10:42:07+00:00,k3s-s2,NotReady
2026-06-29T10:42:07+00:00,k3s-s3,Ready
2026-06-29T10:42:07+00:00,k3s-w1,Ready
2026-06-29T10:42:07+00:00,k3s-w2,Ready
2026-06-29T10:42:08+00:00,k3s-s1,Ready
2026-06-29T10:42:08+00:00,k3s-s2,NotReady
2026-06-29T10:42:08+00:00,k3s-s3,Ready
2026-06-29T10:42:08+00:00,k3s-w1,Ready
2026-06-29T10:42:08+00:00,k3s-w2,Ready
2026-06-29T10:42:09+00:00,k3s-s1,Ready
2026-06-29T10:42:09+00:00,k3s-s2,NotReady
2026-06-29T10:42:09+00:00,k3s-s3,Ready
2026-06-29T10:42:09+00:00,k3s-w1,Ready
2026-06-29T10:42:09+00:00,k3s-w2,Ready
2026-06-29T10:42:10+00:00,k3s-s1,Ready
2026-06-29T10:42:10+00:00,k3s-s2,NotReady
2026-06-29T10:42:10+00:00,k3s-s3,Ready
2026-06-29T10:42:10+00:00,k3s-w1,Ready
2026-06-29T10:42:10+00:00,k3s-w2,Ready
2026-06-29T10:42:11+00:00,k3s-s1,Ready
2026-06-29T10:42:11+00:00,k3s-s2,NotReady
2026-06-29T10:42:11+00:00,k3s-s3,Ready
2026-06-29T10:42:11+00:00,k3s-w1,Ready
2026-06-29T10:42:11+00:00,k3s-w2,Ready
2026-06-29T10:42:12+00:00,k3s-s1,Ready
2026-06-29T10:42:12+00:00,k3s-s2,NotReady
2026-06-29T10:42:12+00:00,k3s-s3,Ready
2026-06-29T10:42:12+00:00,k3s-w1,Ready
2026-06-29T10:42:12+00:00,k3s-w2,Ready
2026-06-29T10:42:14+00:00,k3s-s1,Ready
2026-06-29T10:42:14+00:00,k3s-s2,NotReady
2026-06-29T10:42:14+00:00,k3s-s3,Ready
2026-06-29T10:42:14+00:00,k3s-w1,Ready
2026-06-29T10:42:14+00:00,k3s-w2,Ready
2026-06-29T10:42:15+00:00,k3s-s1,Ready
2026-06-29T10:42:15+00:00,k3s-s2,NotReady
2026-06-29T10:42:15+00:00,k3s-s3,Ready
2026-06-29T10:42:15+00:00,k3s-w1,Ready
2026-06-29T10:42:15+00:00,k3s-w2,Ready
2026-06-29T10:42:16+00:00,k3s-s1,Ready
2026-06-29T10:42:16+00:00,k3s-s2,NotReady
2026-06-29T10:42:16+00:00,k3s-s3,Ready
2026-06-29T10:42:16+00:00,k3s-w1,Ready
2026-06-29T10:42:16+00:00,k3s-w2,Ready
2026-06-29T10:42:17+00:00,k3s-s1,Ready
2026-06-29T10:42:17+00:00,k3s-s2,NotReady
2026-06-29T10:42:17+00:00,k3s-s3,Ready
2026-06-29T10:42:17+00:00,k3s-w1,Ready
2026-06-29T10:42:17+00:00,k3s-w2,Ready
2026-06-29T10:42:18+00:00,k3s-s1,Ready
2026-06-29T10:42:18+00:00,k3s-s2,NotReady
2026-06-29T10:42:18+00:00,k3s-s3,Ready
2026-06-29T10:42:18+00:00,k3s-w1,Ready
2026-06-29T10:42:18+00:00,k3s-w2,Ready
2026-06-29T10:42:19+00:00,k3s-s1,Ready
2026-06-29T10:42:19+00:00,k3s-s2,NotReady
2026-06-29T10:42:19+00:00,k3s-s3,Ready
2026-06-29T10:42:19+00:00,k3s-w1,Ready
2026-06-29T10:42:19+00:00,k3s-w2,Ready
2026-06-29T10:42:20+00:00,k3s-s1,Ready
2026-06-29T10:42:20+00:00,k3s-s2,NotReady
2026-06-29T10:42:20+00:00,k3s-s3,Ready
2026-06-29T10:42:20+00:00,k3s-w1,Ready
2026-06-29T10:42:20+00:00,k3s-w2,Ready
2026-06-29T10:42:21+00:00,k3s-s1,Ready
2026-06-29T10:42:21+00:00,k3s-s2,NotReady
2026-06-29T10:42:21+00:00,k3s-s3,Ready
2026-06-29T10:42:21+00:00,k3s-w1,Ready
2026-06-29T10:42:21+00:00,k3s-w2,Ready
2026-06-29T10:42:22+00:00,k3s-s1,Ready
2026-06-29T10:42:22+00:00,k3s-s2,NotReady
2026-06-29T10:42:22+00:00,k3s-s3,Ready
2026-06-29T10:42:22+00:00,k3s-w1,Ready
2026-06-29T10:42:22+00:00,k3s-w2,Ready
2026-06-29T10:42:23+00:00,k3s-s1,Ready
2026-06-29T10:42:23+00:00,k3s-s2,NotReady
2026-06-29T10:42:23+00:00,k3s-s3,Ready
2026-06-29T10:42:23+00:00,k3s-w1,Ready
2026-06-29T10:42:23+00:00,k3s-w2,Ready
2026-06-29T10:42:24+00:00,k3s-s1,Ready
2026-06-29T10:42:24+00:00,k3s-s2,NotReady
2026-06-29T10:42:24+00:00,k3s-s3,Ready
2026-06-29T10:42:24+00:00,k3s-w1,Ready
2026-06-29T10:42:24+00:00,k3s-w2,Ready
2026-06-29T10:42:25+00:00,k3s-s1,Ready
2026-06-29T10:42:25+00:00,k3s-s2,NotReady
2026-06-29T10:42:25+00:00,k3s-s3,Ready
2026-06-29T10:42:25+00:00,k3s-w1,Ready
2026-06-29T10:42:25+00:00,k3s-w2,Ready
2026-06-29T10:42:26+00:00,k3s-s1,Ready
2026-06-29T10:42:26+00:00,k3s-s2,NotReady
2026-06-29T10:42:26+00:00,k3s-s3,Ready
2026-06-29T10:42:26+00:00,k3s-w1,Ready
2026-06-29T10:42:26+00:00,k3s-w2,Ready
2026-06-29T10:42:27+00:00,k3s-s1,Ready
2026-06-29T10:42:27+00:00,k3s-s2,NotReady
2026-06-29T10:42:27+00:00,k3s-s3,Ready
2026-06-29T10:42:27+00:00,k3s-w1,Ready
2026-06-29T10:42:27+00:00,k3s-w2,Ready
2026-06-29T10:42:28+00:00,k3s-s1,Ready
2026-06-29T10:42:28+00:00,k3s-s2,NotReady
2026-06-29T10:42:28+00:00,k3s-s3,Ready
2026-06-29T10:42:28+00:00,k3s-w1,Ready
2026-06-29T10:42:28+00:00,k3s-w2,Ready
2026-06-29T10:42:29+00:00,k3s-s1,Ready
2026-06-29T10:42:29+00:00,k3s-s2,NotReady
2026-06-29T10:42:29+00:00,k3s-s3,Ready
2026-06-29T10:42:29+00:00,k3s-w1,Ready
2026-06-29T10:42:29+00:00,k3s-w2,Ready
2026-06-29T10:42:30+00:00,k3s-s1,Ready
2026-06-29T10:42:30+00:00,k3s-s2,NotReady
2026-06-29T10:42:30+00:00,k3s-s3,Ready
2026-06-29T10:42:30+00:00,k3s-w1,Ready
2026-06-29T10:42:30+00:00,k3s-w2,Ready
2026-06-29T10:42:31+00:00,k3s-s1,Ready
2026-06-29T10:42:31+00:00,k3s-s2,NotReady
2026-06-29T10:42:31+00:00,k3s-s3,Ready
2026-06-29T10:42:31+00:00,k3s-w1,Ready
2026-06-29T10:42:31+00:00,k3s-w2,Ready
2026-06-29T10:42:32+00:00,k3s-s1,Ready
2026-06-29T10:42:32+00:00,k3s-s2,NotReady
2026-06-29T10:42:32+00:00,k3s-s3,Ready
2026-06-29T10:42:32+00:00,k3s-w1,Ready
2026-06-29T10:42:32+00:00,k3s-w2,Ready
2026-06-29T10:42:33+00:00,k3s-s1,Ready
2026-06-29T10:42:33+00:00,k3s-s2,NotReady
2026-06-29T10:42:33+00:00,k3s-s3,Ready
2026-06-29T10:42:33+00:00,k3s-w1,Ready
2026-06-29T10:42:33+00:00,k3s-w2,Ready
2026-06-29T10:42:35+00:00,k3s-s1,Ready
2026-06-29T10:42:35+00:00,k3s-s2,NotReady
2026-06-29T10:42:35+00:00,k3s-s3,Ready
2026-06-29T10:42:35+00:00,k3s-w1,Ready
2026-06-29T10:42:35+00:00,k3s-w2,Ready
2026-06-29T10:42:36+00:00,k3s-s1,Ready
2026-06-29T10:42:36+00:00,k3s-s2,NotReady
2026-06-29T10:42:36+00:00,k3s-s3,Ready
2026-06-29T10:42:36+00:00,k3s-w1,Ready
2026-06-29T10:42:36+00:00,k3s-w2,Ready
2026-06-29T10:42:37+00:00,k3s-s1,Ready
2026-06-29T10:42:37+00:00,k3s-s2,NotReady
2026-06-29T10:42:37+00:00,k3s-s3,Ready
2026-06-29T10:42:37+00:00,k3s-w1,Ready
2026-06-29T10:42:37+00:00,k3s-w2,Ready
2026-06-29T10:42:38+00:00,k3s-s1,Ready
2026-06-29T10:42:38+00:00,k3s-s2,NotReady
2026-06-29T10:42:38+00:00,k3s-s3,Ready
2026-06-29T10:42:38+00:00,k3s-w1,Ready
2026-06-29T10:42:38+00:00,k3s-w2,Ready
2026-06-29T10:42:39+00:00,k3s-s1,Ready
2026-06-29T10:42:39+00:00,k3s-s2,NotReady
2026-06-29T10:42:39+00:00,k3s-s3,Ready
2026-06-29T10:42:39+00:00,k3s-w1,Ready
2026-06-29T10:42:39+00:00,k3s-w2,Ready
2026-06-29T10:42:40+00:00,k3s-s1,Ready
2026-06-29T10:42:40+00:00,k3s-s2,NotReady
2026-06-29T10:42:40+00:00,k3s-s3,Ready
2026-06-29T10:42:40+00:00,k3s-w1,Ready
2026-06-29T10:42:40+00:00,k3s-w2,Ready
2026-06-29T10:42:41+00:00,k3s-s1,Ready
2026-06-29T10:42:41+00:00,k3s-s2,NotReady
2026-06-29T10:42:41+00:00,k3s-s3,Ready
2026-06-29T10:42:41+00:00,k3s-w1,Ready
2026-06-29T10:42:41+00:00,k3s-w2,Ready
2026-06-29T10:42:42+00:00,k3s-s1,Ready
2026-06-29T10:42:42+00:00,k3s-s2,NotReady
2026-06-29T10:42:42+00:00,k3s-s3,Ready
2026-06-29T10:42:42+00:00,k3s-w1,Ready
2026-06-29T10:42:42+00:00,k3s-w2,Ready
2026-06-29T10:42:43+00:00,k3s-s1,Ready
2026-06-29T10:42:43+00:00,k3s-s2,NotReady
2026-06-29T10:42:43+00:00,k3s-s3,Ready
2026-06-29T10:42:43+00:00,k3s-w1,Ready
2026-06-29T10:42:43+00:00,k3s-w2,Ready
2026-06-29T10:42:44+00:00,k3s-s1,Ready
2026-06-29T10:42:44+00:00,k3s-s2,NotReady
2026-06-29T10:42:44+00:00,k3s-s3,Ready
2026-06-29T10:42:44+00:00,k3s-w1,Ready
2026-06-29T10:42:44+00:00,k3s-w2,Ready
2026-06-29T10:42:45+00:00,k3s-s1,Ready
2026-06-29T10:42:45+00:00,k3s-s2,NotReady
2026-06-29T10:42:45+00:00,k3s-s3,Ready
2026-06-29T10:42:45+00:00,k3s-w1,Ready
2026-06-29T10:42:45+00:00,k3s-w2,Ready
2026-06-29T10:42:46+00:00,k3s-s1,Ready
2026-06-29T10:42:46+00:00,k3s-s2,NotReady
2026-06-29T10:42:46+00:00,k3s-s3,Ready
2026-06-29T10:42:46+00:00,k3s-w1,Ready
2026-06-29T10:42:46+00:00,k3s-w2,Ready
2026-06-29T10:42:47+00:00,k3s-s1,Ready
2026-06-29T10:42:47+00:00,k3s-s2,NotReady
2026-06-29T10:42:47+00:00,k3s-s3,Ready
2026-06-29T10:42:47+00:00,k3s-w1,Ready
2026-06-29T10:42:47+00:00,k3s-w2,Ready
2026-06-29T10:42:48+00:00,k3s-s1,Ready
2026-06-29T10:42:48+00:00,k3s-s2,NotReady
2026-06-29T10:42:48+00:00,k3s-s3,Ready
2026-06-29T10:42:48+00:00,k3s-w1,Ready
2026-06-29T10:42:48+00:00,k3s-w2,Ready
2026-06-29T10:42:49+00:00,k3s-s1,Ready
2026-06-29T10:42:49+00:00,k3s-s2,NotReady
2026-06-29T10:42:49+00:00,k3s-s3,Ready
2026-06-29T10:42:49+00:00,k3s-w1,Ready
2026-06-29T10:42:49+00:00,k3s-w2,Ready
2026-06-29T10:42:50+00:00,k3s-s1,Ready
2026-06-29T10:42:50+00:00,k3s-s2,Ready
2026-06-29T10:42:50+00:00,k3s-s3,Ready
2026-06-29T10:42:50+00:00,k3s-w1,Ready
2026-06-29T10:42:50+00:00,k3s-w2,Ready
2026-06-29T10:42:51+00:00,k3s-s1,Ready
2026-06-29T10:42:51+00:00,k3s-s2,Ready
2026-06-29T10:42:51+00:00,k3s-s3,Ready
2026-06-29T10:42:51+00:00,k3s-w1,Ready
2026-06-29T10:42:51+00:00,k3s-w2,Ready
2026-06-29T10:42:53+00:00,k3s-s1,Ready
2026-06-29T10:42:53+00:00,k3s-s2,Ready
2026-06-29T10:42:53+00:00,k3s-s3,Ready
2026-06-29T10:42:53+00:00,k3s-w1,Ready
2026-06-29T10:42:53+00:00,k3s-w2,Ready
2026-06-29T10:42:54+00:00,k3s-s1,Ready
2026-06-29T10:42:54+00:00,k3s-s2,Ready
2026-06-29T10:42:54+00:00,k3s-s3,Ready
2026-06-29T10:42:54+00:00,k3s-w1,Ready
2026-06-29T10:42:54+00:00,k3s-w2,Ready
2026-06-29T10:42:55+00:00,k3s-s1,Ready
2026-06-29T10:42:55+00:00,k3s-s2,Ready
2026-06-29T10:42:55+00:00,k3s-s3,Ready
2026-06-29T10:42:55+00:00,k3s-w1,Ready
2026-06-29T10:42:55+00:00,k3s-w2,Ready
2026-06-29T10:42:56+00:00,k3s-s1,Ready
2026-06-29T10:42:56+00:00,k3s-s2,Ready
2026-06-29T10:42:56+00:00,k3s-s3,Ready
2026-06-29T10:42:56+00:00,k3s-w1,Ready
2026-06-29T10:42:56+00:00,k3s-w2,Ready
2026-06-29T10:42:57+00:00,k3s-s1,Ready
2026-06-29T10:42:57+00:00,k3s-s2,Ready
2026-06-29T10:42:57+00:00,k3s-s3,Ready
2026-06-29T10:42:57+00:00,k3s-w1,Ready
2026-06-29T10:42:57+00:00,k3s-w2,Ready
2026-06-29T10:42:58+00:00,k3s-s1,Ready
2026-06-29T10:42:58+00:00,k3s-s2,Ready
2026-06-29T10:42:58+00:00,k3s-s3,Ready
2026-06-29T10:42:58+00:00,k3s-w1,Ready
2026-06-29T10:42:58+00:00,k3s-w2,Ready
2026-06-29T10:42:59+00:00,k3s-s1,Ready
2026-06-29T10:42:59+00:00,k3s-s2,Ready
2026-06-29T10:42:59+00:00,k3s-s3,Ready
2026-06-29T10:42:59+00:00,k3s-w1,Ready
2026-06-29T10:42:59+00:00,k3s-w2,Ready
2026-06-29T10:43:00+00:00,k3s-s1,Ready
2026-06-29T10:43:00+00:00,k3s-s2,Ready
2026-06-29T10:43:00+00:00,k3s-s3,Ready
2026-06-29T10:43:00+00:00,k3s-w1,Ready
2026-06-29T10:43:00+00:00,k3s-w2,Ready
2026-06-29T10:43:01+00:00,k3s-s1,Ready
2026-06-29T10:43:01+00:00,k3s-s2,Ready
2026-06-29T10:43:01+00:00,k3s-s3,Ready
2026-06-29T10:43:01+00:00,k3s-w1,Ready
2026-06-29T10:43:01+00:00,k3s-w2,Ready
2026-06-29T10:43:02+00:00,k3s-s1,Ready
2026-06-29T10:43:02+00:00,k3s-s2,Ready
2026-06-29T10:43:02+00:00,k3s-s3,Ready
2026-06-29T10:43:02+00:00,k3s-w1,Ready
2026-06-29T10:43:02+00:00,k3s-w2,Ready
2026-06-29T10:43:03+00:00,k3s-s1,Ready
2026-06-29T10:43:03+00:00,k3s-s2,Ready
2026-06-29T10:43:03+00:00,k3s-s3,Ready
2026-06-29T10:43:03+00:00,k3s-w1,Ready
2026-06-29T10:43:03+00:00,k3s-w2,Ready
2026-06-29T10:43:04+00:00,k3s-s1,Ready
2026-06-29T10:43:04+00:00,k3s-s2,Ready
2026-06-29T10:43:04+00:00,k3s-s3,Ready
2026-06-29T10:43:04+00:00,k3s-w1,Ready
2026-06-29T10:43:04+00:00,k3s-w2,Ready
2026-06-29T10:43:05+00:00,k3s-s1,Ready
2026-06-29T10:43:05+00:00,k3s-s2,Ready
2026-06-29T10:43:05+00:00,k3s-s3,Ready
2026-06-29T10:43:05+00:00,k3s-w1,Ready
2026-06-29T10:43:05+00:00,k3s-w2,Ready
2026-06-29T10:43:06+00:00,k3s-s1,Ready
2026-06-29T10:43:06+00:00,k3s-s2,Ready
2026-06-29T10:43:06+00:00,k3s-s3,Ready
2026-06-29T10:43:06+00:00,k3s-w1,Ready
2026-06-29T10:43:06+00:00,k3s-w2,Ready
2026-06-29T10:43:08+00:00,k3s-s1,Ready
2026-06-29T10:43:08+00:00,k3s-s2,Ready
2026-06-29T10:43:08+00:00,k3s-s3,Ready
2026-06-29T10:43:08+00:00,k3s-w1,Ready
2026-06-29T10:43:08+00:00,k3s-w2,Ready
2026-06-29T10:43:09+00:00,k3s-s1,Ready
2026-06-29T10:43:09+00:00,k3s-s2,Ready
2026-06-29T10:43:09+00:00,k3s-s3,Ready
2026-06-29T10:43:09+00:00,k3s-w1,Ready
2026-06-29T10:43:09+00:00,k3s-w2,Ready
2026-06-29T10:43:10+00:00,k3s-s1,Ready
2026-06-29T10:43:10+00:00,k3s-s2,Ready
2026-06-29T10:43:10+00:00,k3s-s3,Ready
2026-06-29T10:43:10+00:00,k3s-w1,Ready
2026-06-29T10:43:10+00:00,k3s-w2,Ready
2026-06-29T10:43:11+00:00,k3s-s1,Ready
2026-06-29T10:43:11+00:00,k3s-s2,Ready
2026-06-29T10:43:11+00:00,k3s-s3,Ready
2026-06-29T10:43:11+00:00,k3s-w1,Ready
2026-06-29T10:43:11+00:00,k3s-w2,Ready
2026-06-29T10:43:12+00:00,k3s-s1,Ready
2026-06-29T10:43:12+00:00,k3s-s2,Ready
2026-06-29T10:43:12+00:00,k3s-s3,Ready
2026-06-29T10:43:12+00:00,k3s-w1,Ready
2026-06-29T10:43:12+00:00,k3s-w2,Ready
2026-06-29T10:43:13+00:00,k3s-s1,Ready
2026-06-29T10:43:13+00:00,k3s-s2,Ready
2026-06-29T10:43:13+00:00,k3s-s3,Ready
2026-06-29T10:43:13+00:00,k3s-w1,Ready
2026-06-29T10:43:13+00:00,k3s-w2,Ready
2026-06-29T10:43:14+00:00,k3s-s1,Ready
2026-06-29T10:43:14+00:00,k3s-s2,Ready
2026-06-29T10:43:14+00:00,k3s-s3,Ready
2026-06-29T10:43:14+00:00,k3s-w1,Ready
2026-06-29T10:43:14+00:00,k3s-w2,Ready
2026-06-29T10:43:15+00:00,k3s-s1,Ready
2026-06-29T10:43:15+00:00,k3s-s2,Ready
2026-06-29T10:43:15+00:00,k3s-s3,Ready
2026-06-29T10:43:15+00:00,k3s-w1,Ready
2026-06-29T10:43:15+00:00,k3s-w2,Ready
2026-06-29T10:43:16+00:00,k3s-s1,Ready
2026-06-29T10:43:16+00:00,k3s-s2,Ready
2026-06-29T10:43:16+00:00,k3s-s3,Ready
2026-06-29T10:43:16+00:00,k3s-w1,Ready
2026-06-29T10:43:16+00:00,k3s-w2,Ready
2026-06-29T10:43:17+00:00,k3s-s1,Ready
2026-06-29T10:43:17+00:00,k3s-s2,Ready
2026-06-29T10:43:17+00:00,k3s-s3,Ready
2026-06-29T10:43:17+00:00,k3s-w1,Ready
2026-06-29T10:43:17+00:00,k3s-w2,Ready
2026-06-29T10:43:18+00:00,k3s-s1,Ready
2026-06-29T10:43:18+00:00,k3s-s2,Ready
2026-06-29T10:43:18+00:00,k3s-s3,Ready
2026-06-29T10:43:18+00:00,k3s-w1,Ready
2026-06-29T10:43:18+00:00,k3s-w2,Ready
2026-06-29T10:43:19+00:00,k3s-s1,Ready
2026-06-29T10:43:19+00:00,k3s-s2,Ready
2026-06-29T10:43:19+00:00,k3s-s3,Ready
2026-06-29T10:43:19+00:00,k3s-w1,Ready
2026-06-29T10:43:19+00:00,k3s-w2,Ready
2026-06-29T10:43:20+00:00,k3s-s1,Ready
2026-06-29T10:43:20+00:00,k3s-s2,Ready
2026-06-29T10:43:20+00:00,k3s-s3,Ready
2026-06-29T10:43:20+00:00,k3s-w1,Ready
2026-06-29T10:43:20+00:00,k3s-w2,Ready
2026-06-29T10:43:21+00:00,k3s-s1,Ready
2026-06-29T10:43:21+00:00,k3s-s2,Ready
2026-06-29T10:43:21+00:00,k3s-s3,Ready
2026-06-29T10:43:21+00:00,k3s-w1,Ready
2026-06-29T10:43:21+00:00,k3s-w2,Ready
2026-06-29T10:43:23+00:00,k3s-s1,Ready
2026-06-29T10:43:23+00:00,k3s-s2,Ready
2026-06-29T10:43:23+00:00,k3s-s3,Ready
2026-06-29T10:43:23+00:00,k3s-w1,Ready
2026-06-29T10:43:23+00:00,k3s-w2,Ready
2026-06-29T10:43:24+00:00,k3s-s1,Ready
2026-06-29T10:43:24+00:00,k3s-s2,Ready
2026-06-29T10:43:24+00:00,k3s-s3,Ready
2026-06-29T10:43:24+00:00,k3s-w1,Ready
2026-06-29T10:43:24+00:00,k3s-w2,Ready
2026-06-29T10:43:25+00:00,k3s-s1,Ready
2026-06-29T10:43:25+00:00,k3s-s2,Ready
2026-06-29T10:43:25+00:00,k3s-s3,Ready
2026-06-29T10:43:25+00:00,k3s-w1,Ready
2026-06-29T10:43:25+00:00,k3s-w2,Ready
2026-06-29T10:43:26+00:00,k3s-s1,Ready
2026-06-29T10:43:26+00:00,k3s-s2,Ready
2026-06-29T10:43:26+00:00,k3s-s3,Ready
2026-06-29T10:43:26+00:00,k3s-w1,Ready
2026-06-29T10:43:26+00:00,k3s-w2,Ready
2026-06-29T10:43:27+00:00,k3s-s1,Ready
2026-06-29T10:43:27+00:00,k3s-s2,Ready
2026-06-29T10:43:27+00:00,k3s-s3,Ready
2026-06-29T10:43:27+00:00,k3s-w1,Ready
2026-06-29T10:43:27+00:00,k3s-w2,Ready
2026-06-29T10:43:28+00:00,k3s-s1,Ready
2026-06-29T10:43:28+00:00,k3s-s2,Ready
2026-06-29T10:43:28+00:00,k3s-s3,Ready
2026-06-29T10:43:28+00:00,k3s-w1,Ready
2026-06-29T10:43:28+00:00,k3s-w2,Ready
2026-06-29T10:43:29+00:00,k3s-s1,Ready
2026-06-29T10:43:29+00:00,k3s-s2,Ready
2026-06-29T10:43:29+00:00,k3s-s3,Ready
2026-06-29T10:43:29+00:00,k3s-w1,Ready
2026-06-29T10:43:29+00:00,k3s-w2,Ready
2026-06-29T10:43:30+00:00,k3s-s1,Ready
2026-06-29T10:43:30+00:00,k3s-s2,Ready
2026-06-29T10:43:30+00:00,k3s-s3,Ready
2026-06-29T10:43:30+00:00,k3s-w1,Ready
2026-06-29T10:43:30+00:00,k3s-w2,Ready
2026-06-29T10:43:31+00:00,k3s-s1,Ready
2026-06-29T10:43:31+00:00,k3s-s2,Ready
2026-06-29T10:43:31+00:00,k3s-s3,Ready
2026-06-29T10:43:31+00:00,k3s-w1,Ready
2026-06-29T10:43:31+00:00,k3s-w2,Ready
2026-06-29T10:43:32+00:00,k3s-s1,Ready
2026-06-29T10:43:32+00:00,k3s-s2,Ready
2026-06-29T10:43:32+00:00,k3s-s3,Ready
2026-06-29T10:43:32+00:00,k3s-w1,Ready
2026-06-29T10:43:32+00:00,k3s-w2,Ready
2026-06-29T10:43:33+00:00,k3s-s1,Ready
2026-06-29T10:43:33+00:00,k3s-s2,Ready
2026-06-29T10:43:33+00:00,k3s-s3,Ready
2026-06-29T10:43:33+00:00,k3s-w1,Ready
2026-06-29T10:43:33+00:00,k3s-w2,Ready
2026-06-29T10:43:34+00:00,k3s-s1,Ready
2026-06-29T10:43:34+00:00,k3s-s2,Ready
2026-06-29T10:43:34+00:00,k3s-s3,Ready
2026-06-29T10:43:34+00:00,k3s-w1,Ready
2026-06-29T10:43:34+00:00,k3s-w2,Ready
2026-06-29T10:43:35+00:00,k3s-s1,Ready
2026-06-29T10:43:35+00:00,k3s-s2,Ready
2026-06-29T10:43:35+00:00,k3s-s3,Ready
2026-06-29T10:43:35+00:00,k3s-w1,Ready
2026-06-29T10:43:35+00:00,k3s-w2,Ready
2026-06-29T10:43:37+00:00,k3s-s1,Ready
2026-06-29T10:43:37+00:00,k3s-s2,Ready
2026-06-29T10:43:37+00:00,k3s-s3,Ready
2026-06-29T10:43:37+00:00,k3s-w1,Ready
2026-06-29T10:43:37+00:00,k3s-w2,Ready
2026-06-29T10:43:38+00:00,k3s-s1,Ready
2026-06-29T10:43:38+00:00,k3s-s2,Ready
2026-06-29T10:43:38+00:00,k3s-s3,Ready
2026-06-29T10:43:38+00:00,k3s-w1,Ready
2026-06-29T10:43:38+00:00,k3s-w2,Ready
2026-06-29T10:43:39+00:00,k3s-s1,Ready
2026-06-29T10:43:39+00:00,k3s-s2,Ready
2026-06-29T10:43:39+00:00,k3s-s3,Ready
2026-06-29T10:43:39+00:00,k3s-w1,Ready
2026-06-29T10:43:39+00:00,k3s-w2,Ready
2026-06-29T10:43:40+00:00,k3s-s1,Ready
2026-06-29T10:43:40+00:00,k3s-s2,Ready
2026-06-29T10:43:40+00:00,k3s-s3,Ready
2026-06-29T10:43:40+00:00,k3s-w1,Ready
2026-06-29T10:43:40+00:00,k3s-w2,Ready
2026-06-29T10:43:41+00:00,k3s-s1,Ready
2026-06-29T10:43:41+00:00,k3s-s2,Ready
2026-06-29T10:43:41+00:00,k3s-s3,Ready
2026-06-29T10:43:41+00:00,k3s-w1,Ready
2026-06-29T10:43:41+00:00,k3s-w2,Ready
2026-06-29T10:43:42+00:00,k3s-s1,Ready
2026-06-29T10:43:42+00:00,k3s-s2,Ready
2026-06-29T10:43:42+00:00,k3s-s3,Ready
2026-06-29T10:43:42+00:00,k3s-w1,Ready
2026-06-29T10:43:42+00:00,k3s-w2,Ready
2026-06-29T10:43:43+00:00,k3s-s1,Ready
2026-06-29T10:43:43+00:00,k3s-s2,Ready
2026-06-29T10:43:43+00:00,k3s-s3,Ready
2026-06-29T10:43:43+00:00,k3s-w1,Ready
2026-06-29T10:43:43+00:00,k3s-w2,Ready
2026-06-29T10:43:44+00:00,k3s-s1,Ready
2026-06-29T10:43:44+00:00,k3s-s2,Ready
2026-06-29T10:43:44+00:00,k3s-s3,Ready
2026-06-29T10:43:44+00:00,k3s-w1,Ready
2026-06-29T10:43:44+00:00,k3s-w2,Ready
2026-06-29T10:43:45+00:00,k3s-s1,Ready
2026-06-29T10:43:45+00:00,k3s-s2,Ready
2026-06-29T10:43:45+00:00,k3s-s3,Ready
2026-06-29T10:43:45+00:00,k3s-w1,Ready
2026-06-29T10:43:45+00:00,k3s-w2,Ready
2026-06-29T10:43:46+00:00,k3s-s1,Ready
2026-06-29T10:43:46+00:00,k3s-s2,Ready
2026-06-29T10:43:46+00:00,k3s-s3,Ready
2026-06-29T10:43:46+00:00,k3s-w1,Ready
2026-06-29T10:43:46+00:00,k3s-w2,Ready
2026-06-29T10:43:47+00:00,k3s-s1,Ready
2026-06-29T10:43:47+00:00,k3s-s2,Ready
2026-06-29T10:43:47+00:00,k3s-s3,Ready
2026-06-29T10:43:47+00:00,k3s-w1,Ready
2026-06-29T10:43:47+00:00,k3s-w2,Ready
2026-06-29T10:43:48+00:00,k3s-s1,Ready
2026-06-29T10:43:48+00:00,k3s-s2,Ready
2026-06-29T10:43:48+00:00,k3s-s3,Ready
2026-06-29T10:43:48+00:00,k3s-w1,Ready
2026-06-29T10:43:48+00:00,k3s-w2,Ready
2026-06-29T10:43:49+00:00,k3s-s1,Ready
2026-06-29T10:43:49+00:00,k3s-s2,Ready
2026-06-29T10:43:49+00:00,k3s-s3,Ready
2026-06-29T10:43:49+00:00,k3s-w1,Ready
2026-06-29T10:43:49+00:00,k3s-w2,Ready
2026-06-29T10:43:51+00:00,k3s-s1,Ready
2026-06-29T10:43:51+00:00,k3s-s2,Ready
2026-06-29T10:43:51+00:00,k3s-s3,Ready
2026-06-29T10:43:51+00:00,k3s-w1,Ready
2026-06-29T10:43:51+00:00,k3s-w2,Ready
2026-06-29T10:43:52+00:00,k3s-s1,Ready
2026-06-29T10:43:52+00:00,k3s-s2,Ready
2026-06-29T10:43:52+00:00,k3s-s3,Ready
2026-06-29T10:43:52+00:00,k3s-w1,Ready
2026-06-29T10:43:52+00:00,k3s-w2,Ready
2026-06-29T10:43:53+00:00,k3s-s1,Ready
2026-06-29T10:43:53+00:00,k3s-s2,Ready
2026-06-29T10:43:53+00:00,k3s-s3,Ready
2026-06-29T10:43:53+00:00,k3s-w1,Ready
2026-06-29T10:43:53+00:00,k3s-w2,Ready
2026-06-29T10:43:54+00:00,k3s-s1,Ready
2026-06-29T10:43:54+00:00,k3s-s2,Ready
2026-06-29T10:43:54+00:00,k3s-s3,Ready
2026-06-29T10:43:54+00:00,k3s-w1,Ready
2026-06-29T10:43:54+00:00,k3s-w2,Ready
2026-06-29T10:43:55+00:00,k3s-s1,Ready
2026-06-29T10:43:55+00:00,k3s-s2,Ready
2026-06-29T10:43:55+00:00,k3s-s3,Ready
2026-06-29T10:43:55+00:00,k3s-w1,Ready
2026-06-29T10:43:55+00:00,k3s-w2,Ready
2026-06-29T10:43:56+00:00,k3s-s1,Ready
2026-06-29T10:43:56+00:00,k3s-s2,Ready
2026-06-29T10:43:56+00:00,k3s-s3,Ready
2026-06-29T10:43:56+00:00,k3s-w1,Ready
2026-06-29T10:43:56+00:00,k3s-w2,Ready
2026-06-29T10:43:57+00:00,k3s-s1,Ready
2026-06-29T10:43:57+00:00,k3s-s2,Ready
2026-06-29T10:43:57+00:00,k3s-s3,Ready
2026-06-29T10:43:57+00:00,k3s-w1,Ready
2026-06-29T10:43:57+00:00,k3s-w2,Ready
2026-06-29T10:43:58+00:00,k3s-s1,Ready
2026-06-29T10:43:58+00:00,k3s-s2,Ready
2026-06-29T10:43:58+00:00,k3s-s3,Ready
2026-06-29T10:43:58+00:00,k3s-w1,Ready
2026-06-29T10:43:58+00:00,k3s-w2,Ready
2026-06-29T10:43:59+00:00,k3s-s1,Ready
2026-06-29T10:43:59+00:00,k3s-s2,Ready
2026-06-29T10:43:59+00:00,k3s-s3,Ready
2026-06-29T10:43:59+00:00,k3s-w1,Ready
2026-06-29T10:43:59+00:00,k3s-w2,Ready
