timestamp,node,status
2026-06-29T11:45:02+00:00,k3s-s1,Ready
2026-06-29T11:45:02+00:00,k3s-s2,Ready
2026-06-29T11:45:02+00:00,k3s-s3,Ready
2026-06-29T11:45:02+00:00,k3s-w1,Ready
2026-06-29T11:45:02+00:00,k3s-w2,Ready
2026-06-29T11:45:03+00:00,k3s-s1,Ready
2026-06-29T11:45:03+00:00,k3s-s2,Ready
2026-06-29T11:45:03+00:00,k3s-s3,Ready
2026-06-29T11:45:03+00:00,k3s-w1,Ready
2026-06-29T11:45:03+00:00,k3s-w2,Ready
2026-06-29T11:45:04+00:00,k3s-s1,Ready
2026-06-29T11:45:04+00:00,k3s-s2,Ready
2026-06-29T11:45:04+00:00,k3s-s3,Ready
2026-06-29T11:45:04+00:00,k3s-w1,Ready
2026-06-29T11:45:04+00:00,k3s-w2,Ready
2026-06-29T11:45:06+00:00,k3s-s1,Ready
2026-06-29T11:45:06+00:00,k3s-s2,Ready
2026-06-29T11:45:06+00:00,k3s-s3,Ready
2026-06-29T11:45:06+00:00,k3s-w1,Ready
2026-06-29T11:45:06+00:00,k3s-w2,Ready
2026-06-29T11:45:07+00:00,k3s-s1,Ready
2026-06-29T11:45:07+00:00,k3s-s2,Ready
2026-06-29T11:45:07+00:00,k3s-s3,Ready
2026-06-29T11:45:07+00:00,k3s-w1,Ready
2026-06-29T11:45:07+00:00,k3s-w2,Ready
2026-06-29T11:45:08+00:00,k3s-s1,Ready
2026-06-29T11:45:08+00:00,k3s-s2,Ready
2026-06-29T11:45:08+00:00,k3s-s3,Ready
2026-06-29T11:45:08+00:00,k3s-w1,Ready
2026-06-29T11:45:08+00:00,k3s-w2,Ready
2026-06-29T11:45:09+00:00,k3s-s1,Ready
2026-06-29T11:45:09+00:00,k3s-s2,Ready
2026-06-29T11:45:09+00:00,k3s-s3,Ready
2026-06-29T11:45:09+00:00,k3s-w1,Ready
2026-06-29T11:45:09+00:00,k3s-w2,Ready
2026-06-29T11:45:10+00:00,k3s-s1,Ready
2026-06-29T11:45:10+00:00,k3s-s2,Ready
2026-06-29T11:45:10+00:00,k3s-s3,Ready
2026-06-29T11:45:10+00:00,k3s-w1,Ready
2026-06-29T11:45:10+00:00,k3s-w2,Ready
2026-06-29T11:45:11+00:00,k3s-s1,Ready
2026-06-29T11:45:11+00:00,k3s-s2,Ready
2026-06-29T11:45:11+00:00,k3s-s3,Ready
2026-06-29T11:45:11+00:00,k3s-w1,Ready
2026-06-29T11:45:11+00:00,k3s-w2,Ready
2026-06-29T11:45:12+00:00,k3s-s1,Ready
2026-06-29T11:45:12+00:00,k3s-s2,Ready
2026-06-29T11:45:12+00:00,k3s-s3,Ready
2026-06-29T11:45:12+00:00,k3s-w1,Ready
2026-06-29T11:45:12+00:00,k3s-w2,Ready
2026-06-29T11:45:13+00:00,k3s-s1,Ready
2026-06-29T11:45:13+00:00,k3s-s2,Ready
2026-06-29T11:45:13+00:00,k3s-s3,Ready
2026-06-29T11:45:13+00:00,k3s-w1,Ready
2026-06-29T11:45:13+00:00,k3s-w2,Ready
2026-06-29T11:45:14+00:00,k3s-s1,Ready
2026-06-29T11:45:14+00:00,k3s-s2,Ready
2026-06-29T11:45:14+00:00,k3s-s3,Ready
2026-06-29T11:45:14+00:00,k3s-w1,Ready
2026-06-29T11:45:14+00:00,k3s-w2,Ready
2026-06-29T11:45:15+00:00,k3s-s1,Ready
2026-06-29T11:45:15+00:00,k3s-s2,Ready
2026-06-29T11:45:15+00:00,k3s-s3,Ready
2026-06-29T11:45:15+00:00,k3s-w1,Ready
2026-06-29T11:45:15+00:00,k3s-w2,Ready
2026-06-29T11:45:16+00:00,k3s-s1,Ready
2026-06-29T11:45:16+00:00,k3s-s2,Ready
2026-06-29T11:45:16+00:00,k3s-s3,Ready
2026-06-29T11:45:16+00:00,k3s-w1,Ready
2026-06-29T11:45:16+00:00,k3s-w2,Ready
2026-06-29T11:45:17+00:00,k3s-s1,Ready
2026-06-29T11:45:17+00:00,k3s-s2,Ready
2026-06-29T11:45:17+00:00,k3s-s3,Ready
2026-06-29T11:45:17+00:00,k3s-w1,Ready
2026-06-29T11:45:17+00:00,k3s-w2,Ready
2026-06-29T11:45:18+00:00,k3s-s1,Ready
2026-06-29T11:45:18+00:00,k3s-s2,Ready
2026-06-29T11:45:18+00:00,k3s-s3,Ready
2026-06-29T11:45:18+00:00,k3s-w1,Ready
2026-06-29T11:45:18+00:00,k3s-w2,Ready
2026-06-29T11:45:19+00:00,k3s-s1,Ready
2026-06-29T11:45:19+00:00,k3s-s2,Ready
2026-06-29T11:45:19+00:00,k3s-s3,Ready
2026-06-29T11:45:19+00:00,k3s-w1,Ready
2026-06-29T11:45:19+00:00,k3s-w2,Ready
2026-06-29T11:45:21+00:00,k3s-s1,Ready
2026-06-29T11:45:21+00:00,k3s-s2,Ready
2026-06-29T11:45:21+00:00,k3s-s3,Ready
2026-06-29T11:45:21+00:00,k3s-w1,Ready
2026-06-29T11:45:21+00:00,k3s-w2,Ready
2026-06-29T11:45:22+00:00,k3s-s1,Ready
2026-06-29T11:45:22+00:00,k3s-s2,Ready
2026-06-29T11:45:22+00:00,k3s-s3,Ready
2026-06-29T11:45:22+00:00,k3s-w1,Ready
2026-06-29T11:45:22+00:00,k3s-w2,Ready
2026-06-29T11:45:23+00:00,k3s-s1,Ready
2026-06-29T11:45:23+00:00,k3s-s2,Ready
2026-06-29T11:45:23+00:00,k3s-s3,Ready
2026-06-29T11:45:23+00:00,k3s-w1,Ready
2026-06-29T11:45:23+00:00,k3s-w2,Ready
2026-06-29T11:45:24+00:00,k3s-s1,Ready
2026-06-29T11:45:24+00:00,k3s-s2,Ready
2026-06-29T11:45:24+00:00,k3s-s3,Ready
2026-06-29T11:45:24+00:00,k3s-w1,Ready
2026-06-29T11:45:24+00:00,k3s-w2,Ready
2026-06-29T11:45:25+00:00,k3s-s1,Ready
2026-06-29T11:45:25+00:00,k3s-s2,Ready
2026-06-29T11:45:25+00:00,k3s-s3,Ready
2026-06-29T11:45:25+00:00,k3s-w1,Ready
2026-06-29T11:45:25+00:00,k3s-w2,Ready
2026-06-29T11:45:26+00:00,k3s-s1,Ready
2026-06-29T11:45:26+00:00,k3s-s2,Ready
2026-06-29T11:45:26+00:00,k3s-s3,Ready
2026-06-29T11:45:26+00:00,k3s-w1,Ready
2026-06-29T11:45:26+00:00,k3s-w2,Ready
2026-06-29T11:45:27+00:00,k3s-s1,Ready
2026-06-29T11:45:27+00:00,k3s-s2,Ready
2026-06-29T11:45:27+00:00,k3s-s3,Ready
2026-06-29T11:45:27+00:00,k3s-w1,Ready
2026-06-29T11:45:27+00:00,k3s-w2,Ready
2026-06-29T11:45:28+00:00,k3s-s1,Ready
2026-06-29T11:45:28+00:00,k3s-s2,Ready
2026-06-29T11:45:28+00:00,k3s-s3,Ready
2026-06-29T11:45:28+00:00,k3s-w1,Ready
2026-06-29T11:45:28+00:00,k3s-w2,Ready
2026-06-29T11:45:29+00:00,k3s-s1,Ready
2026-06-29T11:45:29+00:00,k3s-s2,Ready
2026-06-29T11:45:29+00:00,k3s-s3,Ready
2026-06-29T11:45:29+00:00,k3s-w1,Ready
2026-06-29T11:45:29+00:00,k3s-w2,Ready
2026-06-29T11:45:30+00:00,k3s-s1,Ready
2026-06-29T11:45:30+00:00,k3s-s2,Ready
2026-06-29T11:45:30+00:00,k3s-s3,Ready
2026-06-29T11:45:30+00:00,k3s-w1,Ready
2026-06-29T11:45:30+00:00,k3s-w2,Ready
2026-06-29T11:45:31+00:00,k3s-s1,Ready
2026-06-29T11:45:31+00:00,k3s-s2,Ready
2026-06-29T11:45:31+00:00,k3s-s3,Ready
2026-06-29T11:45:31+00:00,k3s-w1,Ready
2026-06-29T11:45:31+00:00,k3s-w2,Ready
2026-06-29T11:45:32+00:00,k3s-s1,Ready
2026-06-29T11:45:32+00:00,k3s-s2,Ready
2026-06-29T11:45:32+00:00,k3s-s3,Ready
2026-06-29T11:45:32+00:00,k3s-w1,Ready
2026-06-29T11:45:32+00:00,k3s-w2,Ready
2026-06-29T11:45:33+00:00,k3s-s1,Ready
2026-06-29T11:45:33+00:00,k3s-s2,Ready
2026-06-29T11:45:33+00:00,k3s-s3,Ready
2026-06-29T11:45:33+00:00,k3s-w1,Ready
2026-06-29T11:45:33+00:00,k3s-w2,Ready
2026-06-29T11:45:35+00:00,k3s-s1,Ready
2026-06-29T11:45:35+00:00,k3s-s2,Ready
2026-06-29T11:45:35+00:00,k3s-s3,Ready
2026-06-29T11:45:35+00:00,k3s-w1,Ready
2026-06-29T11:45:35+00:00,k3s-w2,Ready
2026-06-29T11:45:36+00:00,k3s-s1,Ready
2026-06-29T11:45:36+00:00,k3s-s2,Ready
2026-06-29T11:45:36+00:00,k3s-s3,Ready
2026-06-29T11:45:36+00:00,k3s-w1,Ready
2026-06-29T11:45:36+00:00,k3s-w2,Ready
2026-06-29T11:45:37+00:00,k3s-s1,Ready
2026-06-29T11:45:37+00:00,k3s-s2,Ready
2026-06-29T11:45:37+00:00,k3s-s3,Ready
2026-06-29T11:45:37+00:00,k3s-w1,Ready
2026-06-29T11:45:37+00:00,k3s-w2,Ready
2026-06-29T11:45:38+00:00,k3s-s1,Ready
2026-06-29T11:45:38+00:00,k3s-s2,Ready
2026-06-29T11:45:38+00:00,k3s-s3,Ready
2026-06-29T11:45:38+00:00,k3s-w1,Ready
2026-06-29T11:45:38+00:00,k3s-w2,Ready
2026-06-29T11:45:39+00:00,k3s-s1,Ready
2026-06-29T11:45:39+00:00,k3s-s2,Ready
2026-06-29T11:45:39+00:00,k3s-s3,Ready
2026-06-29T11:45:39+00:00,k3s-w1,Ready
2026-06-29T11:45:39+00:00,k3s-w2,Ready
2026-06-29T11:45:40+00:00,k3s-s1,Ready
2026-06-29T11:45:40+00:00,k3s-s2,Ready
2026-06-29T11:45:40+00:00,k3s-s3,Ready
2026-06-29T11:45:40+00:00,k3s-w1,Ready
2026-06-29T11:45:40+00:00,k3s-w2,Ready
2026-06-29T11:45:41+00:00,k3s-s1,Ready
2026-06-29T11:45:41+00:00,k3s-s2,Ready
2026-06-29T11:45:41+00:00,k3s-s3,Ready
2026-06-29T11:45:41+00:00,k3s-w1,Ready
2026-06-29T11:45:41+00:00,k3s-w2,Ready
2026-06-29T11:45:42+00:00,k3s-s1,Ready
2026-06-29T11:45:42+00:00,k3s-s2,Ready
2026-06-29T11:45:42+00:00,k3s-s3,Ready
2026-06-29T11:45:42+00:00,k3s-w1,Ready
2026-06-29T11:45:42+00:00,k3s-w2,Ready
2026-06-29T11:45:43+00:00,k3s-s1,Ready
2026-06-29T11:45:43+00:00,k3s-s2,Ready
2026-06-29T11:45:43+00:00,k3s-s3,Ready
2026-06-29T11:45:43+00:00,k3s-w1,Ready
2026-06-29T11:45:43+00:00,k3s-w2,Ready
2026-06-29T11:45:44+00:00,k3s-s1,Ready
2026-06-29T11:45:44+00:00,k3s-s2,Ready
2026-06-29T11:45:44+00:00,k3s-s3,Ready
2026-06-29T11:45:44+00:00,k3s-w1,Ready
2026-06-29T11:45:44+00:00,k3s-w2,Ready
2026-06-29T11:45:45+00:00,k3s-s1,Ready
2026-06-29T11:45:45+00:00,k3s-s2,Ready
2026-06-29T11:45:45+00:00,k3s-s3,Ready
2026-06-29T11:45:45+00:00,k3s-w1,Ready
2026-06-29T11:45:45+00:00,k3s-w2,Ready
2026-06-29T11:45:46+00:00,k3s-s1,Ready
2026-06-29T11:45:46+00:00,k3s-s2,Ready
2026-06-29T11:45:46+00:00,k3s-s3,Ready
2026-06-29T11:45:46+00:00,k3s-w1,Ready
2026-06-29T11:45:46+00:00,k3s-w2,Ready
2026-06-29T11:45:47+00:00,k3s-s1,Ready
2026-06-29T11:45:47+00:00,k3s-s2,Ready
2026-06-29T11:45:47+00:00,k3s-s3,Ready
2026-06-29T11:45:47+00:00,k3s-w1,Ready
2026-06-29T11:45:47+00:00,k3s-w2,Ready
2026-06-29T11:45:49+00:00,k3s-s1,Ready
2026-06-29T11:45:49+00:00,k3s-s2,Ready
2026-06-29T11:45:49+00:00,k3s-s3,Ready
2026-06-29T11:45:49+00:00,k3s-w1,Ready
2026-06-29T11:45:49+00:00,k3s-w2,Ready
2026-06-29T11:45:50+00:00,k3s-s1,Ready
2026-06-29T11:45:50+00:00,k3s-s2,Ready
2026-06-29T11:45:50+00:00,k3s-s3,Ready
2026-06-29T11:45:50+00:00,k3s-w1,Ready
2026-06-29T11:45:50+00:00,k3s-w2,Ready
2026-06-29T11:45:51+00:00,k3s-s1,Ready
2026-06-29T11:45:51+00:00,k3s-s2,Ready
2026-06-29T11:45:51+00:00,k3s-s3,Ready
2026-06-29T11:45:51+00:00,k3s-w1,Ready
2026-06-29T11:45:51+00:00,k3s-w2,Ready
2026-06-29T11:45:52+00:00,k3s-s1,Ready
2026-06-29T11:45:52+00:00,k3s-s2,Ready
2026-06-29T11:45:52+00:00,k3s-s3,Ready
2026-06-29T11:45:52+00:00,k3s-w1,Ready
2026-06-29T11:45:52+00:00,k3s-w2,Ready
2026-06-29T11:45:53+00:00,k3s-s1,Ready
2026-06-29T11:45:53+00:00,k3s-s2,Ready
2026-06-29T11:45:53+00:00,k3s-s3,Ready
2026-06-29T11:45:53+00:00,k3s-w1,Ready
2026-06-29T11:45:53+00:00,k3s-w2,Ready
2026-06-29T11:45:54+00:00,k3s-s1,Ready
2026-06-29T11:45:54+00:00,k3s-s2,Ready
2026-06-29T11:45:54+00:00,k3s-s3,Ready
2026-06-29T11:45:54+00:00,k3s-w1,Ready
2026-06-29T11:45:54+00:00,k3s-w2,Ready
2026-06-29T11:45:55+00:00,k3s-s1,Ready
2026-06-29T11:45:55+00:00,k3s-s2,Ready
2026-06-29T11:45:55+00:00,k3s-s3,Ready
2026-06-29T11:45:55+00:00,k3s-w1,Ready
2026-06-29T11:45:55+00:00,k3s-w2,Ready
2026-06-29T11:45:56+00:00,k3s-s1,Ready
2026-06-29T11:45:56+00:00,k3s-s2,Ready
2026-06-29T11:45:56+00:00,k3s-s3,Ready
2026-06-29T11:45:56+00:00,k3s-w1,Ready
2026-06-29T11:45:56+00:00,k3s-w2,Ready
2026-06-29T11:45:57+00:00,k3s-s1,Ready
2026-06-29T11:45:57+00:00,k3s-s2,Ready
2026-06-29T11:45:57+00:00,k3s-s3,Ready
2026-06-29T11:45:57+00:00,k3s-w1,Ready
2026-06-29T11:45:57+00:00,k3s-w2,Ready
2026-06-29T11:45:58+00:00,k3s-s1,Ready
2026-06-29T11:45:58+00:00,k3s-s2,Ready
2026-06-29T11:45:58+00:00,k3s-s3,Ready
2026-06-29T11:45:58+00:00,k3s-w1,Ready
2026-06-29T11:45:58+00:00,k3s-w2,Ready
2026-06-29T11:45:59+00:00,k3s-s1,Ready
2026-06-29T11:45:59+00:00,k3s-s2,Ready
2026-06-29T11:45:59+00:00,k3s-s3,Ready
2026-06-29T11:45:59+00:00,k3s-w1,Ready
2026-06-29T11:45:59+00:00,k3s-w2,Ready
2026-06-29T11:46:00+00:00,k3s-s1,Ready
2026-06-29T11:46:00+00:00,k3s-s2,Ready
2026-06-29T11:46:00+00:00,k3s-s3,Ready
2026-06-29T11:46:00+00:00,k3s-w1,Ready
2026-06-29T11:46:00+00:00,k3s-w2,Ready
2026-06-29T11:46:01+00:00,k3s-s1,Ready
2026-06-29T11:46:01+00:00,k3s-s2,Ready
2026-06-29T11:46:01+00:00,k3s-s3,Ready
2026-06-29T11:46:01+00:00,k3s-w1,Ready
2026-06-29T11:46:01+00:00,k3s-w2,Ready
2026-06-29T11:46:02+00:00,k3s-s1,Ready
2026-06-29T11:46:02+00:00,k3s-s2,Ready
2026-06-29T11:46:02+00:00,k3s-s3,Ready
2026-06-29T11:46:02+00:00,k3s-w1,Ready
2026-06-29T11:46:02+00:00,k3s-w2,Ready
2026-06-29T11:46:04+00:00,k3s-s1,Ready
2026-06-29T11:46:04+00:00,k3s-s2,Ready
2026-06-29T11:46:04+00:00,k3s-s3,Ready
2026-06-29T11:46:04+00:00,k3s-w1,Ready
2026-06-29T11:46:04+00:00,k3s-w2,Ready
2026-06-29T11:46:05+00:00,k3s-s1,Ready
2026-06-29T11:46:05+00:00,k3s-s2,Ready
2026-06-29T11:46:05+00:00,k3s-s3,Ready
2026-06-29T11:46:05+00:00,k3s-w1,Ready
2026-06-29T11:46:05+00:00,k3s-w2,Ready
2026-06-29T11:46:06+00:00,k3s-s1,Ready
2026-06-29T11:46:06+00:00,k3s-s2,Ready
2026-06-29T11:46:06+00:00,k3s-s3,Ready
2026-06-29T11:46:06+00:00,k3s-w1,Ready
2026-06-29T11:46:06+00:00,k3s-w2,Ready
2026-06-29T11:46:07+00:00,k3s-s1,Ready
2026-06-29T11:46:07+00:00,k3s-s2,Ready
2026-06-29T11:46:07+00:00,k3s-s3,Ready
2026-06-29T11:46:07+00:00,k3s-w1,Ready
2026-06-29T11:46:07+00:00,k3s-w2,Ready
2026-06-29T11:46:08+00:00,k3s-s1,Ready
2026-06-29T11:46:08+00:00,k3s-s2,Ready
2026-06-29T11:46:08+00:00,k3s-s3,Ready
2026-06-29T11:46:08+00:00,k3s-w1,Ready
2026-06-29T11:46:08+00:00,k3s-w2,Ready
2026-06-29T11:46:09+00:00,k3s-s1,Ready
2026-06-29T11:46:09+00:00,k3s-s2,Ready
2026-06-29T11:46:09+00:00,k3s-s3,Ready
2026-06-29T11:46:09+00:00,k3s-w1,Ready
2026-06-29T11:46:09+00:00,k3s-w2,Ready
2026-06-29T11:46:10+00:00,k3s-s1,Ready
2026-06-29T11:46:10+00:00,k3s-s2,Ready
2026-06-29T11:46:10+00:00,k3s-s3,Ready
2026-06-29T11:46:10+00:00,k3s-w1,Ready
2026-06-29T11:46:10+00:00,k3s-w2,Ready
2026-06-29T11:46:11+00:00,k3s-s1,Ready
2026-06-29T11:46:11+00:00,k3s-s2,Ready
2026-06-29T11:46:11+00:00,k3s-s3,Ready
2026-06-29T11:46:11+00:00,k3s-w1,Ready
2026-06-29T11:46:11+00:00,k3s-w2,Ready
2026-06-29T11:46:12+00:00,k3s-s1,Ready
2026-06-29T11:46:12+00:00,k3s-s2,Ready
2026-06-29T11:46:12+00:00,k3s-s3,Ready
2026-06-29T11:46:12+00:00,k3s-w1,Ready
2026-06-29T11:46:12+00:00,k3s-w2,Ready
2026-06-29T11:46:13+00:00,k3s-s1,Ready
2026-06-29T11:46:13+00:00,k3s-s2,Ready
2026-06-29T11:46:13+00:00,k3s-s3,Ready
2026-06-29T11:46:13+00:00,k3s-w1,Ready
2026-06-29T11:46:13+00:00,k3s-w2,Ready
2026-06-29T11:46:14+00:00,k3s-s1,Ready
2026-06-29T11:46:14+00:00,k3s-s2,Ready
2026-06-29T11:46:14+00:00,k3s-s3,Ready
2026-06-29T11:46:14+00:00,k3s-w1,Ready
2026-06-29T11:46:14+00:00,k3s-w2,Ready
2026-06-29T11:46:15+00:00,k3s-s1,Ready
2026-06-29T11:46:15+00:00,k3s-s2,Ready
2026-06-29T11:46:15+00:00,k3s-s3,Ready
2026-06-29T11:46:15+00:00,k3s-w1,Ready
2026-06-29T11:46:15+00:00,k3s-w2,Ready
2026-06-29T11:46:16+00:00,k3s-s1,Ready
2026-06-29T11:46:16+00:00,k3s-s2,Ready
2026-06-29T11:46:16+00:00,k3s-s3,Ready
2026-06-29T11:46:16+00:00,k3s-w1,Ready
2026-06-29T11:46:16+00:00,k3s-w2,Ready
2026-06-29T11:46:18+00:00,k3s-s1,Ready
2026-06-29T11:46:18+00:00,k3s-s2,Ready
2026-06-29T11:46:18+00:00,k3s-s3,Ready
2026-06-29T11:46:18+00:00,k3s-w1,Ready
2026-06-29T11:46:18+00:00,k3s-w2,Ready
2026-06-29T11:46:19+00:00,k3s-s1,Ready
2026-06-29T11:46:19+00:00,k3s-s2,Ready
2026-06-29T11:46:19+00:00,k3s-s3,Ready
2026-06-29T11:46:19+00:00,k3s-w1,Ready
2026-06-29T11:46:19+00:00,k3s-w2,Ready
2026-06-29T11:46:20+00:00,k3s-s1,Ready
2026-06-29T11:46:20+00:00,k3s-s2,Ready
2026-06-29T11:46:20+00:00,k3s-s3,Ready
2026-06-29T11:46:20+00:00,k3s-w1,Ready
2026-06-29T11:46:20+00:00,k3s-w2,Ready
2026-06-29T11:46:21+00:00,k3s-s1,Ready
2026-06-29T11:46:21+00:00,k3s-s2,Ready
2026-06-29T11:46:21+00:00,k3s-s3,Ready
2026-06-29T11:46:21+00:00,k3s-w1,Ready
2026-06-29T11:46:21+00:00,k3s-w2,Ready
2026-06-29T11:46:22+00:00,k3s-s1,Ready
2026-06-29T11:46:22+00:00,k3s-s2,Ready
2026-06-29T11:46:22+00:00,k3s-s3,Ready
2026-06-29T11:46:22+00:00,k3s-w1,Ready
2026-06-29T11:46:22+00:00,k3s-w2,Ready
2026-06-29T11:46:23+00:00,k3s-s1,Ready
2026-06-29T11:46:23+00:00,k3s-s2,Ready
2026-06-29T11:46:23+00:00,k3s-s3,Ready
2026-06-29T11:46:23+00:00,k3s-w1,Ready
2026-06-29T11:46:23+00:00,k3s-w2,Ready
2026-06-29T11:46:24+00:00,k3s-s1,Ready
2026-06-29T11:46:24+00:00,k3s-s2,Ready
2026-06-29T11:46:24+00:00,k3s-s3,Ready
2026-06-29T11:46:24+00:00,k3s-w1,Ready
2026-06-29T11:46:24+00:00,k3s-w2,Ready
2026-06-29T11:46:25+00:00,k3s-s1,Ready
2026-06-29T11:46:25+00:00,k3s-s2,Ready
2026-06-29T11:46:25+00:00,k3s-s3,Ready
2026-06-29T11:46:25+00:00,k3s-w1,Ready
2026-06-29T11:46:25+00:00,k3s-w2,Ready
2026-06-29T11:46:26+00:00,k3s-s1,Ready
2026-06-29T11:46:26+00:00,k3s-s2,Ready
2026-06-29T11:46:26+00:00,k3s-s3,Ready
2026-06-29T11:46:26+00:00,k3s-w1,Ready
2026-06-29T11:46:26+00:00,k3s-w2,Ready
2026-06-29T11:46:27+00:00,k3s-s1,Ready
2026-06-29T11:46:27+00:00,k3s-s2,Ready
2026-06-29T11:46:27+00:00,k3s-s3,Ready
2026-06-29T11:46:27+00:00,k3s-w1,Ready
2026-06-29T11:46:27+00:00,k3s-w2,Ready
2026-06-29T11:46:28+00:00,k3s-s1,Ready
2026-06-29T11:46:28+00:00,k3s-s2,Ready
2026-06-29T11:46:28+00:00,k3s-s3,Ready
2026-06-29T11:46:28+00:00,k3s-w1,Ready
2026-06-29T11:46:28+00:00,k3s-w2,Ready
2026-06-29T11:46:29+00:00,k3s-s1,Ready
2026-06-29T11:46:29+00:00,k3s-s2,Ready
2026-06-29T11:46:29+00:00,k3s-s3,Ready
2026-06-29T11:46:29+00:00,k3s-w1,Ready
2026-06-29T11:46:29+00:00,k3s-w2,Ready
2026-06-29T11:46:30+00:00,k3s-s1,Ready
2026-06-29T11:46:30+00:00,k3s-s2,Ready
2026-06-29T11:46:30+00:00,k3s-s3,Ready
2026-06-29T11:46:30+00:00,k3s-w1,Ready
2026-06-29T11:46:30+00:00,k3s-w2,Ready
2026-06-29T11:46:31+00:00,k3s-s1,Ready
2026-06-29T11:46:31+00:00,k3s-s2,Ready
2026-06-29T11:46:31+00:00,k3s-s3,Ready
2026-06-29T11:46:31+00:00,k3s-w1,Ready
2026-06-29T11:46:31+00:00,k3s-w2,Ready
2026-06-29T11:46:33+00:00,k3s-s1,Ready
2026-06-29T11:46:33+00:00,k3s-s2,Ready
2026-06-29T11:46:33+00:00,k3s-s3,Ready
2026-06-29T11:46:33+00:00,k3s-w1,Ready
2026-06-29T11:46:33+00:00,k3s-w2,Ready
2026-06-29T11:46:34+00:00,k3s-s1,Ready
2026-06-29T11:46:34+00:00,k3s-s2,Ready
2026-06-29T11:46:34+00:00,k3s-s3,Ready
2026-06-29T11:46:34+00:00,k3s-w1,Ready
2026-06-29T11:46:34+00:00,k3s-w2,Ready
2026-06-29T11:46:35+00:00,k3s-s1,Ready
2026-06-29T11:46:35+00:00,k3s-s2,Ready
2026-06-29T11:46:35+00:00,k3s-s3,Ready
2026-06-29T11:46:35+00:00,k3s-w1,Ready
2026-06-29T11:46:35+00:00,k3s-w2,Ready
2026-06-29T11:46:36+00:00,k3s-s1,Ready
2026-06-29T11:46:36+00:00,k3s-s2,Ready
2026-06-29T11:46:36+00:00,k3s-s3,Ready
2026-06-29T11:46:36+00:00,k3s-w1,Ready
2026-06-29T11:46:36+00:00,k3s-w2,Ready
2026-06-29T11:46:37+00:00,k3s-s1,Ready
2026-06-29T11:46:37+00:00,k3s-s2,Ready
2026-06-29T11:46:37+00:00,k3s-s3,Ready
2026-06-29T11:46:37+00:00,k3s-w1,Ready
2026-06-29T11:46:37+00:00,k3s-w2,Ready
2026-06-29T11:46:38+00:00,k3s-s1,Ready
2026-06-29T11:46:38+00:00,k3s-s2,Ready
2026-06-29T11:46:38+00:00,k3s-s3,Ready
2026-06-29T11:46:38+00:00,k3s-w1,Ready
2026-06-29T11:46:38+00:00,k3s-w2,Ready
2026-06-29T11:46:39+00:00,k3s-s1,Ready
2026-06-29T11:46:39+00:00,k3s-s2,Ready
2026-06-29T11:46:39+00:00,k3s-s3,Ready
2026-06-29T11:46:39+00:00,k3s-w1,Ready
2026-06-29T11:46:39+00:00,k3s-w2,Ready
2026-06-29T11:46:40+00:00,k3s-s1,Ready
2026-06-29T11:46:40+00:00,k3s-s2,Ready
2026-06-29T11:46:40+00:00,k3s-s3,Ready
2026-06-29T11:46:40+00:00,k3s-w1,Ready
2026-06-29T11:46:40+00:00,k3s-w2,Ready
2026-06-29T11:46:41+00:00,k3s-s1,Ready
2026-06-29T11:46:41+00:00,k3s-s2,Ready
2026-06-29T11:46:41+00:00,k3s-s3,Ready
2026-06-29T11:46:41+00:00,k3s-w1,Ready
2026-06-29T11:46:41+00:00,k3s-w2,Ready
2026-06-29T11:46:42+00:00,k3s-s1,Ready
2026-06-29T11:46:42+00:00,k3s-s2,Ready
2026-06-29T11:46:42+00:00,k3s-s3,Ready
2026-06-29T11:46:42+00:00,k3s-w1,Ready
2026-06-29T11:46:42+00:00,k3s-w2,Ready
2026-06-29T11:46:43+00:00,k3s-s1,Ready
2026-06-29T11:46:43+00:00,k3s-s2,Ready
2026-06-29T11:46:43+00:00,k3s-s3,Ready
2026-06-29T11:46:43+00:00,k3s-w1,Ready
2026-06-29T11:46:43+00:00,k3s-w2,Ready
2026-06-29T11:46:44+00:00,k3s-s1,Ready
2026-06-29T11:46:44+00:00,k3s-s2,Ready
2026-06-29T11:46:44+00:00,k3s-s3,Ready
2026-06-29T11:46:44+00:00,k3s-w1,Ready
2026-06-29T11:46:44+00:00,k3s-w2,Ready
2026-06-29T11:46:45+00:00,k3s-s1,Ready
2026-06-29T11:46:45+00:00,k3s-s2,Ready
2026-06-29T11:46:45+00:00,k3s-s3,Ready
2026-06-29T11:46:45+00:00,k3s-w1,Ready
2026-06-29T11:46:45+00:00,k3s-w2,Ready
2026-06-29T11:46:47+00:00,k3s-s1,Ready
2026-06-29T11:46:47+00:00,k3s-s2,Ready
2026-06-29T11:46:47+00:00,k3s-s3,Ready
2026-06-29T11:46:47+00:00,k3s-w1,Ready
2026-06-29T11:46:47+00:00,k3s-w2,Ready
2026-06-29T11:46:48+00:00,k3s-s1,Ready
2026-06-29T11:46:48+00:00,k3s-s2,Ready
2026-06-29T11:46:48+00:00,k3s-s3,Ready
2026-06-29T11:46:48+00:00,k3s-w1,Ready
2026-06-29T11:46:48+00:00,k3s-w2,Ready
2026-06-29T11:46:49+00:00,k3s-s1,Ready
2026-06-29T11:46:49+00:00,k3s-s2,Ready
2026-06-29T11:46:49+00:00,k3s-s3,Ready
2026-06-29T11:46:49+00:00,k3s-w1,Ready
2026-06-29T11:46:49+00:00,k3s-w2,Ready
2026-06-29T11:46:50+00:00,k3s-s1,Ready
2026-06-29T11:46:50+00:00,k3s-s2,Ready
2026-06-29T11:46:50+00:00,k3s-s3,Ready
2026-06-29T11:46:50+00:00,k3s-w1,Ready
2026-06-29T11:46:50+00:00,k3s-w2,Ready
2026-06-29T11:46:51+00:00,k3s-s1,Ready
2026-06-29T11:46:51+00:00,k3s-s2,Ready
2026-06-29T11:46:51+00:00,k3s-s3,Ready
2026-06-29T11:46:51+00:00,k3s-w1,Ready
2026-06-29T11:46:51+00:00,k3s-w2,Ready
2026-06-29T11:46:52+00:00,k3s-s1,Ready
2026-06-29T11:46:52+00:00,k3s-s2,Ready
2026-06-29T11:46:52+00:00,k3s-s3,Ready
2026-06-29T11:46:52+00:00,k3s-w1,Ready
2026-06-29T11:46:52+00:00,k3s-w2,Ready
2026-06-29T11:46:53+00:00,k3s-s1,Ready
2026-06-29T11:46:53+00:00,k3s-s2,Ready
2026-06-29T11:46:53+00:00,k3s-s3,Ready
2026-06-29T11:46:53+00:00,k3s-w1,Ready
2026-06-29T11:46:53+00:00,k3s-w2,Ready
2026-06-29T11:46:54+00:00,k3s-s1,Ready
2026-06-29T11:46:54+00:00,k3s-s2,Ready
2026-06-29T11:46:54+00:00,k3s-s3,Ready
2026-06-29T11:46:54+00:00,k3s-w1,Ready
2026-06-29T11:46:54+00:00,k3s-w2,Ready
2026-06-29T11:46:55+00:00,k3s-s1,Ready
2026-06-29T11:46:55+00:00,k3s-s2,Ready
2026-06-29T11:46:55+00:00,k3s-s3,Ready
2026-06-29T11:46:55+00:00,k3s-w1,Ready
2026-06-29T11:46:55+00:00,k3s-w2,Ready
2026-06-29T11:46:56+00:00,k3s-s1,Ready
2026-06-29T11:46:56+00:00,k3s-s2,Ready
2026-06-29T11:46:56+00:00,k3s-s3,Ready
2026-06-29T11:46:56+00:00,k3s-w1,Ready
2026-06-29T11:46:56+00:00,k3s-w2,Ready
2026-06-29T11:46:57+00:00,k3s-s1,Ready
2026-06-29T11:46:57+00:00,k3s-s2,Ready
2026-06-29T11:46:57+00:00,k3s-s3,Ready
2026-06-29T11:46:57+00:00,k3s-w1,Ready
2026-06-29T11:46:57+00:00,k3s-w2,Ready
2026-06-29T11:46:58+00:00,k3s-s1,Ready
2026-06-29T11:46:58+00:00,k3s-s2,Ready
2026-06-29T11:46:58+00:00,k3s-s3,Ready
2026-06-29T11:46:58+00:00,k3s-w1,Ready
2026-06-29T11:46:58+00:00,k3s-w2,Ready
2026-06-29T11:47:00+00:00,k3s-s1,Ready
2026-06-29T11:47:00+00:00,k3s-s2,Ready
2026-06-29T11:47:00+00:00,k3s-s3,Ready
2026-06-29T11:47:00+00:00,k3s-w1,Ready
2026-06-29T11:47:00+00:00,k3s-w2,Ready
2026-06-29T11:47:01+00:00,k3s-s1,Ready
2026-06-29T11:47:01+00:00,k3s-s2,Ready
2026-06-29T11:47:01+00:00,k3s-s3,Ready
2026-06-29T11:47:01+00:00,k3s-w1,Ready
2026-06-29T11:47:01+00:00,k3s-w2,Ready
2026-06-29T11:47:02+00:00,k3s-s1,Ready
2026-06-29T11:47:02+00:00,k3s-s2,Ready
2026-06-29T11:47:02+00:00,k3s-s3,Ready
2026-06-29T11:47:02+00:00,k3s-w1,Ready
2026-06-29T11:47:02+00:00,k3s-w2,Ready
2026-06-29T11:47:03+00:00,k3s-s1,Ready
2026-06-29T11:47:03+00:00,k3s-s2,Ready
2026-06-29T11:47:03+00:00,k3s-s3,Ready
2026-06-29T11:47:03+00:00,k3s-w1,Ready
2026-06-29T11:47:03+00:00,k3s-w2,Ready
2026-06-29T11:47:04+00:00,k3s-s1,Ready
2026-06-29T11:47:04+00:00,k3s-s2,Ready
2026-06-29T11:47:04+00:00,k3s-s3,Ready
2026-06-29T11:47:04+00:00,k3s-w1,Ready
2026-06-29T11:47:04+00:00,k3s-w2,Ready
2026-06-29T11:47:05+00:00,k3s-s1,Ready
2026-06-29T11:47:05+00:00,k3s-s2,Ready
2026-06-29T11:47:05+00:00,k3s-s3,Ready
2026-06-29T11:47:05+00:00,k3s-w1,Ready
2026-06-29T11:47:05+00:00,k3s-w2,Ready
2026-06-29T11:47:06+00:00,k3s-s1,Ready
2026-06-29T11:47:06+00:00,k3s-s2,Ready
2026-06-29T11:47:06+00:00,k3s-s3,Ready
2026-06-29T11:47:06+00:00,k3s-w1,Ready
2026-06-29T11:47:06+00:00,k3s-w2,Ready
2026-06-29T11:47:07+00:00,k3s-s1,Ready
2026-06-29T11:47:07+00:00,k3s-s2,Ready
2026-06-29T11:47:07+00:00,k3s-s3,Ready
2026-06-29T11:47:07+00:00,k3s-w1,Ready
2026-06-29T11:47:07+00:00,k3s-w2,Ready
2026-06-29T11:47:08+00:00,k3s-s1,Ready
2026-06-29T11:47:08+00:00,k3s-s2,Ready
2026-06-29T11:47:08+00:00,k3s-s3,Ready
2026-06-29T11:47:08+00:00,k3s-w1,Ready
2026-06-29T11:47:08+00:00,k3s-w2,Ready
2026-06-29T11:47:09+00:00,k3s-s1,Ready
2026-06-29T11:47:09+00:00,k3s-s2,Ready
2026-06-29T11:47:09+00:00,k3s-s3,Ready
2026-06-29T11:47:09+00:00,k3s-w1,Ready
2026-06-29T11:47:09+00:00,k3s-w2,Ready
2026-06-29T11:47:10+00:00,k3s-s1,Ready
2026-06-29T11:47:10+00:00,k3s-s2,Ready
2026-06-29T11:47:10+00:00,k3s-s3,Ready
2026-06-29T11:47:10+00:00,k3s-w1,Ready
2026-06-29T11:47:10+00:00,k3s-w2,Ready
2026-06-29T11:47:11+00:00,k3s-s1,Ready
2026-06-29T11:47:11+00:00,k3s-s2,Ready
2026-06-29T11:47:11+00:00,k3s-s3,Ready
2026-06-29T11:47:11+00:00,k3s-w1,Ready
2026-06-29T11:47:11+00:00,k3s-w2,Ready
2026-06-29T11:47:12+00:00,k3s-s1,Ready
2026-06-29T11:47:12+00:00,k3s-s2,Ready
2026-06-29T11:47:12+00:00,k3s-s3,Ready
2026-06-29T11:47:12+00:00,k3s-w1,Ready
2026-06-29T11:47:12+00:00,k3s-w2,Ready
2026-06-29T11:47:13+00:00,k3s-s1,Ready
2026-06-29T11:47:13+00:00,k3s-s2,Ready
2026-06-29T11:47:13+00:00,k3s-s3,Ready
2026-06-29T11:47:13+00:00,k3s-w1,Ready
2026-06-29T11:47:13+00:00,k3s-w2,Ready
2026-06-29T11:47:15+00:00,k3s-s1,Ready
2026-06-29T11:47:15+00:00,k3s-s2,Ready
2026-06-29T11:47:15+00:00,k3s-s3,Ready
2026-06-29T11:47:15+00:00,k3s-w1,Ready
2026-06-29T11:47:15+00:00,k3s-w2,Ready
2026-06-29T11:47:16+00:00,k3s-s1,Ready
2026-06-29T11:47:16+00:00,k3s-s2,Ready
2026-06-29T11:47:16+00:00,k3s-s3,Ready
2026-06-29T11:47:16+00:00,k3s-w1,Ready
2026-06-29T11:47:16+00:00,k3s-w2,Ready
2026-06-29T11:47:17+00:00,k3s-s1,Ready
2026-06-29T11:47:17+00:00,k3s-s2,Ready
2026-06-29T11:47:17+00:00,k3s-s3,Ready
2026-06-29T11:47:17+00:00,k3s-w1,Ready
2026-06-29T11:47:17+00:00,k3s-w2,Ready
2026-06-29T11:47:18+00:00,k3s-s1,Ready
2026-06-29T11:47:18+00:00,k3s-s2,Ready
2026-06-29T11:47:18+00:00,k3s-s3,Ready
2026-06-29T11:47:18+00:00,k3s-w1,Ready
2026-06-29T11:47:18+00:00,k3s-w2,Ready
2026-06-29T11:47:19+00:00,k3s-s1,Ready
2026-06-29T11:47:19+00:00,k3s-s2,Ready
2026-06-29T11:47:19+00:00,k3s-s3,Ready
2026-06-29T11:47:19+00:00,k3s-w1,Ready
2026-06-29T11:47:19+00:00,k3s-w2,Ready
2026-06-29T11:47:20+00:00,k3s-s1,Ready
2026-06-29T11:47:20+00:00,k3s-s2,Ready
2026-06-29T11:47:20+00:00,k3s-s3,Ready
2026-06-29T11:47:20+00:00,k3s-w1,Ready
2026-06-29T11:47:20+00:00,k3s-w2,Ready
2026-06-29T11:47:21+00:00,k3s-s1,Ready
2026-06-29T11:47:21+00:00,k3s-s2,Ready
2026-06-29T11:47:21+00:00,k3s-s3,Ready
2026-06-29T11:47:21+00:00,k3s-w1,Ready
2026-06-29T11:47:21+00:00,k3s-w2,Ready
2026-06-29T11:47:22+00:00,k3s-s1,Ready
2026-06-29T11:47:22+00:00,k3s-s2,Ready
2026-06-29T11:47:22+00:00,k3s-s3,Ready
2026-06-29T11:47:22+00:00,k3s-w1,Ready
2026-06-29T11:47:22+00:00,k3s-w2,Ready
2026-06-29T11:47:23+00:00,k3s-s1,Ready
2026-06-29T11:47:23+00:00,k3s-s2,Ready
2026-06-29T11:47:23+00:00,k3s-s3,Ready
2026-06-29T11:47:23+00:00,k3s-w1,Ready
2026-06-29T11:47:23+00:00,k3s-w2,Ready
2026-06-29T11:47:24+00:00,k3s-s1,Ready
2026-06-29T11:47:24+00:00,k3s-s2,Ready
2026-06-29T11:47:24+00:00,k3s-s3,Ready
2026-06-29T11:47:24+00:00,k3s-w1,Ready
2026-06-29T11:47:24+00:00,k3s-w2,Ready
2026-06-29T11:47:25+00:00,k3s-s1,Ready
2026-06-29T11:47:25+00:00,k3s-s2,Ready
2026-06-29T11:47:25+00:00,k3s-s3,Ready
2026-06-29T11:47:25+00:00,k3s-w1,Ready
2026-06-29T11:47:25+00:00,k3s-w2,Ready
2026-06-29T11:47:26+00:00,k3s-s1,Ready
2026-06-29T11:47:26+00:00,k3s-s2,Ready
2026-06-29T11:47:26+00:00,k3s-s3,Ready
2026-06-29T11:47:26+00:00,k3s-w1,Ready
2026-06-29T11:47:26+00:00,k3s-w2,Ready
2026-06-29T11:47:27+00:00,k3s-s1,Ready
2026-06-29T11:47:27+00:00,k3s-s2,Ready
2026-06-29T11:47:27+00:00,k3s-s3,Ready
2026-06-29T11:47:27+00:00,k3s-w1,Ready
2026-06-29T11:47:27+00:00,k3s-w2,Ready
2026-06-29T11:47:29+00:00,k3s-s1,Ready
2026-06-29T11:47:29+00:00,k3s-s2,Ready
2026-06-29T11:47:29+00:00,k3s-s3,Ready
2026-06-29T11:47:29+00:00,k3s-w1,Ready
2026-06-29T11:47:29+00:00,k3s-w2,Ready
2026-06-29T11:47:30+00:00,k3s-s1,Ready
2026-06-29T11:47:30+00:00,k3s-s2,Ready
2026-06-29T11:47:30+00:00,k3s-s3,Ready
2026-06-29T11:47:30+00:00,k3s-w1,Ready
2026-06-29T11:47:30+00:00,k3s-w2,Ready
2026-06-29T11:47:31+00:00,k3s-s1,Ready
2026-06-29T11:47:31+00:00,k3s-s2,Ready
2026-06-29T11:47:31+00:00,k3s-s3,Ready
2026-06-29T11:47:31+00:00,k3s-w1,Ready
2026-06-29T11:47:31+00:00,k3s-w2,Ready
2026-06-29T11:47:32+00:00,k3s-s1,Ready
2026-06-29T11:47:32+00:00,k3s-s2,Ready
2026-06-29T11:47:32+00:00,k3s-s3,Ready
2026-06-29T11:47:32+00:00,k3s-w1,Ready
2026-06-29T11:47:32+00:00,k3s-w2,Ready
2026-06-29T11:47:33+00:00,k3s-s1,Ready
2026-06-29T11:47:33+00:00,k3s-s2,Ready
2026-06-29T11:47:33+00:00,k3s-s3,Ready
2026-06-29T11:47:33+00:00,k3s-w1,Ready
2026-06-29T11:47:33+00:00,k3s-w2,Ready
2026-06-29T11:47:34+00:00,k3s-s1,Ready
2026-06-29T11:47:34+00:00,k3s-s2,Ready
2026-06-29T11:47:34+00:00,k3s-s3,Ready
2026-06-29T11:47:34+00:00,k3s-w1,Ready
2026-06-29T11:47:34+00:00,k3s-w2,Ready
2026-06-29T11:47:35+00:00,k3s-s1,Ready
2026-06-29T11:47:35+00:00,k3s-s2,Ready
2026-06-29T11:47:35+00:00,k3s-s3,Ready
2026-06-29T11:47:35+00:00,k3s-w1,Ready
2026-06-29T11:47:35+00:00,k3s-w2,Ready
2026-06-29T11:47:36+00:00,k3s-s1,Ready
2026-06-29T11:47:36+00:00,k3s-s2,Ready
2026-06-29T11:47:36+00:00,k3s-s3,Ready
2026-06-29T11:47:36+00:00,k3s-w1,Ready
2026-06-29T11:47:36+00:00,k3s-w2,Ready
2026-06-29T11:47:37+00:00,k3s-s1,Ready
2026-06-29T11:47:37+00:00,k3s-s2,Ready
2026-06-29T11:47:37+00:00,k3s-s3,Ready
2026-06-29T11:47:37+00:00,k3s-w1,Ready
2026-06-29T11:47:37+00:00,k3s-w2,Ready
2026-06-29T11:47:38+00:00,k3s-s1,Ready
2026-06-29T11:47:38+00:00,k3s-s2,Ready
2026-06-29T11:47:38+00:00,k3s-s3,Ready
2026-06-29T11:47:38+00:00,k3s-w1,Ready
2026-06-29T11:47:38+00:00,k3s-w2,Ready
2026-06-29T11:47:39+00:00,k3s-s1,Ready
2026-06-29T11:47:39+00:00,k3s-s2,Ready
2026-06-29T11:47:39+00:00,k3s-s3,Ready
2026-06-29T11:47:39+00:00,k3s-w1,Ready
2026-06-29T11:47:39+00:00,k3s-w2,Ready
2026-06-29T11:47:40+00:00,k3s-s1,Ready
2026-06-29T11:47:40+00:00,k3s-s2,Ready
2026-06-29T11:47:40+00:00,k3s-s3,Ready
2026-06-29T11:47:40+00:00,k3s-w1,Ready
2026-06-29T11:47:40+00:00,k3s-w2,Ready
2026-06-29T11:47:41+00:00,k3s-s1,Ready
2026-06-29T11:47:41+00:00,k3s-s2,Ready
2026-06-29T11:47:41+00:00,k3s-s3,Ready
2026-06-29T11:47:41+00:00,k3s-w1,Ready
2026-06-29T11:47:41+00:00,k3s-w2,Ready
2026-06-29T11:47:42+00:00,k3s-s1,Ready
2026-06-29T11:47:42+00:00,k3s-s2,Ready
2026-06-29T11:47:42+00:00,k3s-s3,Ready
2026-06-29T11:47:42+00:00,k3s-w1,Ready
2026-06-29T11:47:42+00:00,k3s-w2,Ready
2026-06-29T11:47:44+00:00,k3s-s1,Ready
2026-06-29T11:47:44+00:00,k3s-s2,Ready
2026-06-29T11:47:44+00:00,k3s-s3,Ready
2026-06-29T11:47:44+00:00,k3s-w1,Ready
2026-06-29T11:47:44+00:00,k3s-w2,Ready
2026-06-29T11:47:45+00:00,k3s-s1,Ready
2026-06-29T11:47:45+00:00,k3s-s2,Ready
2026-06-29T11:47:45+00:00,k3s-s3,Ready
2026-06-29T11:47:45+00:00,k3s-w1,Ready
2026-06-29T11:47:45+00:00,k3s-w2,Ready
2026-06-29T11:47:46+00:00,k3s-s1,Ready
2026-06-29T11:47:46+00:00,k3s-s2,Ready
2026-06-29T11:47:46+00:00,k3s-s3,Ready
2026-06-29T11:47:46+00:00,k3s-w1,Ready
2026-06-29T11:47:46+00:00,k3s-w2,Ready
2026-06-29T11:47:47+00:00,k3s-s1,Ready
2026-06-29T11:47:47+00:00,k3s-s2,Ready
2026-06-29T11:47:47+00:00,k3s-s3,Ready
2026-06-29T11:47:47+00:00,k3s-w1,Ready
2026-06-29T11:47:47+00:00,k3s-w2,Ready
2026-06-29T11:47:48+00:00,k3s-s1,Ready
2026-06-29T11:47:48+00:00,k3s-s2,Ready
2026-06-29T11:47:48+00:00,k3s-s3,Ready
2026-06-29T11:47:48+00:00,k3s-w1,Ready
2026-06-29T11:47:48+00:00,k3s-w2,Ready
2026-06-29T11:47:49+00:00,k3s-s1,Ready
2026-06-29T11:47:49+00:00,k3s-s2,Ready
2026-06-29T11:47:49+00:00,k3s-s3,Ready
2026-06-29T11:47:49+00:00,k3s-w1,Ready
2026-06-29T11:47:49+00:00,k3s-w2,Ready
2026-06-29T11:47:50+00:00,k3s-s1,Ready
2026-06-29T11:47:50+00:00,k3s-s2,Ready
2026-06-29T11:47:50+00:00,k3s-s3,Ready
2026-06-29T11:47:50+00:00,k3s-w1,Ready
2026-06-29T11:47:50+00:00,k3s-w2,Ready
2026-06-29T11:47:51+00:00,k3s-s1,Ready
2026-06-29T11:47:51+00:00,k3s-s2,Ready
2026-06-29T11:47:51+00:00,k3s-s3,Ready
2026-06-29T11:47:51+00:00,k3s-w1,Ready
2026-06-29T11:47:51+00:00,k3s-w2,Ready
2026-06-29T11:47:52+00:00,k3s-s1,Ready
2026-06-29T11:47:52+00:00,k3s-s2,Ready
2026-06-29T11:47:52+00:00,k3s-s3,Ready
2026-06-29T11:47:52+00:00,k3s-w1,Ready
2026-06-29T11:47:52+00:00,k3s-w2,Ready
2026-06-29T11:47:53+00:00,k3s-s1,Ready
2026-06-29T11:47:53+00:00,k3s-s2,Ready
2026-06-29T11:47:53+00:00,k3s-s3,Ready
2026-06-29T11:47:53+00:00,k3s-w1,Ready
2026-06-29T11:47:53+00:00,k3s-w2,Ready
2026-06-29T11:47:54+00:00,k3s-s1,Ready
2026-06-29T11:47:54+00:00,k3s-s2,Ready
2026-06-29T11:47:54+00:00,k3s-s3,Ready
2026-06-29T11:47:54+00:00,k3s-w1,Ready
2026-06-29T11:47:54+00:00,k3s-w2,Ready
2026-06-29T11:47:55+00:00,k3s-s1,Ready
2026-06-29T11:47:55+00:00,k3s-s2,Ready
2026-06-29T11:47:55+00:00,k3s-s3,Ready
2026-06-29T11:47:55+00:00,k3s-w1,Ready
2026-06-29T11:47:55+00:00,k3s-w2,Ready
2026-06-29T11:47:56+00:00,k3s-s1,Ready
2026-06-29T11:47:56+00:00,k3s-s2,Ready
2026-06-29T11:47:56+00:00,k3s-s3,Ready
2026-06-29T11:47:56+00:00,k3s-w1,Ready
2026-06-29T11:47:56+00:00,k3s-w2,Ready
2026-06-29T11:47:58+00:00,k3s-s1,Ready
2026-06-29T11:47:58+00:00,k3s-s2,Ready
2026-06-29T11:47:58+00:00,k3s-s3,Ready
2026-06-29T11:47:58+00:00,k3s-w1,Ready
2026-06-29T11:47:58+00:00,k3s-w2,Ready
2026-06-29T11:47:59+00:00,k3s-s1,Ready
2026-06-29T11:47:59+00:00,k3s-s2,Ready
2026-06-29T11:47:59+00:00,k3s-s3,Ready
2026-06-29T11:47:59+00:00,k3s-w1,Ready
2026-06-29T11:47:59+00:00,k3s-w2,Ready
2026-06-29T11:48:00+00:00,k3s-s1,Ready
2026-06-29T11:48:00+00:00,k3s-s2,Ready
2026-06-29T11:48:00+00:00,k3s-s3,Ready
2026-06-29T11:48:00+00:00,k3s-w1,Ready
2026-06-29T11:48:00+00:00,k3s-w2,Ready
2026-06-29T11:48:01+00:00,k3s-s1,Ready
2026-06-29T11:48:01+00:00,k3s-s2,Ready
2026-06-29T11:48:01+00:00,k3s-s3,Ready
2026-06-29T11:48:01+00:00,k3s-w1,Ready
2026-06-29T11:48:01+00:00,k3s-w2,Ready
2026-06-29T11:48:02+00:00,k3s-s1,Ready
2026-06-29T11:48:02+00:00,k3s-s2,Ready
2026-06-29T11:48:02+00:00,k3s-s3,Ready
2026-06-29T11:48:02+00:00,k3s-w1,Ready
2026-06-29T11:48:02+00:00,k3s-w2,Ready
2026-06-29T11:48:03+00:00,k3s-s1,Ready
2026-06-29T11:48:03+00:00,k3s-s2,Ready
2026-06-29T11:48:03+00:00,k3s-s3,Ready
2026-06-29T11:48:03+00:00,k3s-w1,Ready
2026-06-29T11:48:03+00:00,k3s-w2,Ready
2026-06-29T11:48:04+00:00,k3s-s1,Ready
2026-06-29T11:48:04+00:00,k3s-s2,Ready
2026-06-29T11:48:04+00:00,k3s-s3,Ready
2026-06-29T11:48:04+00:00,k3s-w1,Ready
2026-06-29T11:48:04+00:00,k3s-w2,Ready
2026-06-29T11:48:05+00:00,k3s-s1,Ready
2026-06-29T11:48:05+00:00,k3s-s2,Ready
2026-06-29T11:48:05+00:00,k3s-s3,Ready
2026-06-29T11:48:05+00:00,k3s-w1,Ready
2026-06-29T11:48:05+00:00,k3s-w2,Ready
2026-06-29T11:48:06+00:00,k3s-s1,Ready
2026-06-29T11:48:06+00:00,k3s-s2,Ready
2026-06-29T11:48:06+00:00,k3s-s3,Ready
2026-06-29T11:48:06+00:00,k3s-w1,Ready
2026-06-29T11:48:06+00:00,k3s-w2,Ready
2026-06-29T11:48:07+00:00,k3s-s1,Ready
2026-06-29T11:48:07+00:00,k3s-s2,Ready
2026-06-29T11:48:07+00:00,k3s-s3,Ready
2026-06-29T11:48:07+00:00,k3s-w1,Ready
2026-06-29T11:48:07+00:00,k3s-w2,Ready
2026-06-29T11:48:08+00:00,k3s-s1,Ready
2026-06-29T11:48:08+00:00,k3s-s2,Ready
2026-06-29T11:48:08+00:00,k3s-s3,Ready
2026-06-29T11:48:08+00:00,k3s-w1,Ready
2026-06-29T11:48:08+00:00,k3s-w2,Ready
2026-06-29T11:48:09+00:00,k3s-s1,Ready
2026-06-29T11:48:09+00:00,k3s-s2,Ready
2026-06-29T11:48:09+00:00,k3s-s3,Ready
2026-06-29T11:48:09+00:00,k3s-w1,Ready
2026-06-29T11:48:09+00:00,k3s-w2,Ready
2026-06-29T11:48:10+00:00,k3s-s1,Ready
2026-06-29T11:48:10+00:00,k3s-s2,Ready
2026-06-29T11:48:10+00:00,k3s-s3,Ready
2026-06-29T11:48:10+00:00,k3s-w1,Ready
2026-06-29T11:48:10+00:00,k3s-w2,Ready
2026-06-29T11:48:11+00:00,k3s-s1,Ready
2026-06-29T11:48:11+00:00,k3s-s2,Ready
2026-06-29T11:48:11+00:00,k3s-s3,Ready
2026-06-29T11:48:11+00:00,k3s-w1,Ready
2026-06-29T11:48:11+00:00,k3s-w2,Ready
2026-06-29T11:48:13+00:00,k3s-s1,Ready
2026-06-29T11:48:13+00:00,k3s-s2,Ready
2026-06-29T11:48:13+00:00,k3s-s3,Ready
2026-06-29T11:48:13+00:00,k3s-w1,Ready
2026-06-29T11:48:13+00:00,k3s-w2,Ready
2026-06-29T11:48:14+00:00,k3s-s1,Ready
2026-06-29T11:48:14+00:00,k3s-s2,Ready
2026-06-29T11:48:14+00:00,k3s-s3,Ready
2026-06-29T11:48:14+00:00,k3s-w1,Ready
2026-06-29T11:48:14+00:00,k3s-w2,Ready
2026-06-29T11:48:15+00:00,k3s-s1,Ready
2026-06-29T11:48:15+00:00,k3s-s2,Ready
2026-06-29T11:48:15+00:00,k3s-s3,Ready
2026-06-29T11:48:15+00:00,k3s-w1,Ready
2026-06-29T11:48:15+00:00,k3s-w2,Ready
2026-06-29T11:48:16+00:00,k3s-s1,Ready
2026-06-29T11:48:16+00:00,k3s-s2,Ready
2026-06-29T11:48:16+00:00,k3s-s3,Ready
2026-06-29T11:48:16+00:00,k3s-w1,Ready
2026-06-29T11:48:16+00:00,k3s-w2,Ready
2026-06-29T11:48:17+00:00,k3s-s1,Ready
2026-06-29T11:48:17+00:00,k3s-s2,Ready
2026-06-29T11:48:17+00:00,k3s-s3,Ready
2026-06-29T11:48:17+00:00,k3s-w1,Ready
2026-06-29T11:48:17+00:00,k3s-w2,Ready
2026-06-29T11:48:18+00:00,k3s-s1,Ready
2026-06-29T11:48:18+00:00,k3s-s2,Ready
2026-06-29T11:48:18+00:00,k3s-s3,Ready
2026-06-29T11:48:18+00:00,k3s-w1,Ready
2026-06-29T11:48:18+00:00,k3s-w2,Ready
2026-06-29T11:48:19+00:00,k3s-s1,Ready
2026-06-29T11:48:19+00:00,k3s-s2,Ready
2026-06-29T11:48:19+00:00,k3s-s3,Ready
2026-06-29T11:48:19+00:00,k3s-w1,Ready
2026-06-29T11:48:19+00:00,k3s-w2,Ready
2026-06-29T11:48:20+00:00,k3s-s1,Ready
2026-06-29T11:48:20+00:00,k3s-s2,Ready
2026-06-29T11:48:20+00:00,k3s-s3,Ready
2026-06-29T11:48:20+00:00,k3s-w1,Ready
2026-06-29T11:48:20+00:00,k3s-w2,Ready
2026-06-29T11:48:21+00:00,k3s-s1,Ready
2026-06-29T11:48:21+00:00,k3s-s2,Ready
2026-06-29T11:48:21+00:00,k3s-s3,Ready
2026-06-29T11:48:21+00:00,k3s-w1,Ready
2026-06-29T11:48:21+00:00,k3s-w2,Ready
2026-06-29T11:48:22+00:00,k3s-s1,Ready
2026-06-29T11:48:22+00:00,k3s-s2,Ready
2026-06-29T11:48:22+00:00,k3s-s3,Ready
2026-06-29T11:48:22+00:00,k3s-w1,Ready
2026-06-29T11:48:22+00:00,k3s-w2,Ready
2026-06-29T11:48:23+00:00,k3s-s1,Ready
2026-06-29T11:48:23+00:00,k3s-s2,Ready
2026-06-29T11:48:23+00:00,k3s-s3,Ready
2026-06-29T11:48:23+00:00,k3s-w1,Ready
2026-06-29T11:48:23+00:00,k3s-w2,Ready
2026-06-29T11:48:24+00:00,k3s-s1,Ready
2026-06-29T11:48:24+00:00,k3s-s2,Ready
2026-06-29T11:48:24+00:00,k3s-s3,Ready
2026-06-29T11:48:24+00:00,k3s-w1,Ready
2026-06-29T11:48:24+00:00,k3s-w2,Ready
2026-06-29T11:48:25+00:00,k3s-s1,Ready
2026-06-29T11:48:25+00:00,k3s-s2,Ready
2026-06-29T11:48:25+00:00,k3s-s3,Ready
2026-06-29T11:48:25+00:00,k3s-w1,Ready
2026-06-29T11:48:25+00:00,k3s-w2,Ready
2026-06-29T11:48:27+00:00,k3s-s1,Ready
2026-06-29T11:48:27+00:00,k3s-s2,Ready
2026-06-29T11:48:27+00:00,k3s-s3,Ready
2026-06-29T11:48:27+00:00,k3s-w1,Ready
2026-06-29T11:48:27+00:00,k3s-w2,Ready
2026-06-29T11:48:28+00:00,k3s-s1,Ready
2026-06-29T11:48:28+00:00,k3s-s2,Ready
2026-06-29T11:48:28+00:00,k3s-s3,Ready
2026-06-29T11:48:28+00:00,k3s-w1,Ready
2026-06-29T11:48:28+00:00,k3s-w2,Ready
2026-06-29T11:48:29+00:00,k3s-s1,Ready
2026-06-29T11:48:29+00:00,k3s-s2,Ready
2026-06-29T11:48:29+00:00,k3s-s3,Ready
2026-06-29T11:48:29+00:00,k3s-w1,Ready
2026-06-29T11:48:29+00:00,k3s-w2,Ready
2026-06-29T11:48:30+00:00,k3s-s1,Ready
2026-06-29T11:48:30+00:00,k3s-s2,Ready
2026-06-29T11:48:30+00:00,k3s-s3,Ready
2026-06-29T11:48:30+00:00,k3s-w1,Ready
2026-06-29T11:48:30+00:00,k3s-w2,Ready
2026-06-29T11:48:31+00:00,k3s-s1,Ready
2026-06-29T11:48:31+00:00,k3s-s2,Ready
2026-06-29T11:48:31+00:00,k3s-s3,Ready
2026-06-29T11:48:31+00:00,k3s-w1,Ready
2026-06-29T11:48:31+00:00,k3s-w2,Ready
2026-06-29T11:48:32+00:00,k3s-s1,Ready
2026-06-29T11:48:32+00:00,k3s-s2,Ready
2026-06-29T11:48:32+00:00,k3s-s3,Ready
2026-06-29T11:48:32+00:00,k3s-w1,Ready
2026-06-29T11:48:32+00:00,k3s-w2,Ready
2026-06-29T11:48:33+00:00,k3s-s1,Ready
2026-06-29T11:48:33+00:00,k3s-s2,Ready
2026-06-29T11:48:33+00:00,k3s-s3,Ready
2026-06-29T11:48:33+00:00,k3s-w1,Ready
2026-06-29T11:48:33+00:00,k3s-w2,Ready
2026-06-29T11:48:34+00:00,k3s-s1,Ready
2026-06-29T11:48:34+00:00,k3s-s2,Ready
2026-06-29T11:48:34+00:00,k3s-s3,Ready
2026-06-29T11:48:34+00:00,k3s-w1,Ready
2026-06-29T11:48:34+00:00,k3s-w2,Ready
2026-06-29T11:48:35+00:00,k3s-s1,Ready
2026-06-29T11:48:35+00:00,k3s-s2,Ready
2026-06-29T11:48:35+00:00,k3s-s3,Ready
2026-06-29T11:48:35+00:00,k3s-w1,Ready
2026-06-29T11:48:35+00:00,k3s-w2,Ready
2026-06-29T11:48:36+00:00,k3s-s1,Ready
2026-06-29T11:48:36+00:00,k3s-s2,Ready
2026-06-29T11:48:36+00:00,k3s-s3,Ready
2026-06-29T11:48:36+00:00,k3s-w1,Ready
2026-06-29T11:48:36+00:00,k3s-w2,Ready
2026-06-29T11:48:37+00:00,k3s-s1,Ready
2026-06-29T11:48:37+00:00,k3s-s2,Ready
2026-06-29T11:48:37+00:00,k3s-s3,Ready
2026-06-29T11:48:37+00:00,k3s-w1,Ready
2026-06-29T11:48:37+00:00,k3s-w2,Ready
2026-06-29T11:48:38+00:00,k3s-s1,Ready
2026-06-29T11:48:38+00:00,k3s-s2,Ready
2026-06-29T11:48:38+00:00,k3s-s3,Ready
2026-06-29T11:48:38+00:00,k3s-w1,Ready
2026-06-29T11:48:38+00:00,k3s-w2,Ready
2026-06-29T11:48:39+00:00,k3s-s1,Ready
2026-06-29T11:48:39+00:00,k3s-s2,Ready
2026-06-29T11:48:39+00:00,k3s-s3,Ready
2026-06-29T11:48:39+00:00,k3s-w1,Ready
2026-06-29T11:48:39+00:00,k3s-w2,Ready
2026-06-29T11:48:40+00:00,k3s-s1,Ready
2026-06-29T11:48:40+00:00,k3s-s2,Ready
2026-06-29T11:48:40+00:00,k3s-s3,Ready
2026-06-29T11:48:40+00:00,k3s-w1,Ready
2026-06-29T11:48:40+00:00,k3s-w2,Ready
2026-06-29T11:48:42+00:00,k3s-s1,Ready
2026-06-29T11:48:42+00:00,k3s-s2,Ready
2026-06-29T11:48:42+00:00,k3s-s3,Ready
2026-06-29T11:48:42+00:00,k3s-w1,Ready
2026-06-29T11:48:42+00:00,k3s-w2,Ready
2026-06-29T11:48:43+00:00,k3s-s1,Ready
2026-06-29T11:48:43+00:00,k3s-s2,Ready
2026-06-29T11:48:43+00:00,k3s-s3,Ready
2026-06-29T11:48:43+00:00,k3s-w1,Ready
2026-06-29T11:48:43+00:00,k3s-w2,Ready
2026-06-29T11:48:44+00:00,k3s-s1,Ready
2026-06-29T11:48:44+00:00,k3s-s2,Ready
2026-06-29T11:48:44+00:00,k3s-s3,Ready
2026-06-29T11:48:44+00:00,k3s-w1,Ready
2026-06-29T11:48:44+00:00,k3s-w2,Ready
2026-06-29T11:48:45+00:00,k3s-s1,Ready
2026-06-29T11:48:45+00:00,k3s-s2,Ready
2026-06-29T11:48:45+00:00,k3s-s3,Ready
2026-06-29T11:48:45+00:00,k3s-w1,Ready
2026-06-29T11:48:45+00:00,k3s-w2,Ready
2026-06-29T11:48:46+00:00,k3s-s1,Ready
2026-06-29T11:48:46+00:00,k3s-s2,Ready
2026-06-29T11:48:46+00:00,k3s-s3,Ready
2026-06-29T11:48:46+00:00,k3s-w1,Ready
2026-06-29T11:48:46+00:00,k3s-w2,Ready
2026-06-29T11:48:47+00:00,k3s-s1,Ready
2026-06-29T11:48:47+00:00,k3s-s2,Ready
2026-06-29T11:48:47+00:00,k3s-s3,Ready
2026-06-29T11:48:47+00:00,k3s-w1,Ready
2026-06-29T11:48:47+00:00,k3s-w2,Ready
2026-06-29T11:48:48+00:00,k3s-s1,Ready
2026-06-29T11:48:48+00:00,k3s-s2,Ready
2026-06-29T11:48:48+00:00,k3s-s3,Ready
2026-06-29T11:48:48+00:00,k3s-w1,Ready
2026-06-29T11:48:48+00:00,k3s-w2,Ready
2026-06-29T11:48:49+00:00,k3s-s1,Ready
2026-06-29T11:48:49+00:00,k3s-s2,Ready
2026-06-29T11:48:49+00:00,k3s-s3,Ready
2026-06-29T11:48:49+00:00,k3s-w1,Ready
2026-06-29T11:48:49+00:00,k3s-w2,Ready
2026-06-29T11:48:50+00:00,k3s-s1,Ready
2026-06-29T11:48:50+00:00,k3s-s2,Ready
2026-06-29T11:48:50+00:00,k3s-s3,Ready
2026-06-29T11:48:50+00:00,k3s-w1,Ready
2026-06-29T11:48:50+00:00,k3s-w2,Ready
2026-06-29T11:48:51+00:00,k3s-s1,Ready
2026-06-29T11:48:51+00:00,k3s-s2,Ready
2026-06-29T11:48:51+00:00,k3s-s3,Ready
2026-06-29T11:48:51+00:00,k3s-w1,Ready
2026-06-29T11:48:51+00:00,k3s-w2,Ready
2026-06-29T11:48:52+00:00,k3s-s1,Ready
2026-06-29T11:48:52+00:00,k3s-s2,Ready
2026-06-29T11:48:52+00:00,k3s-s3,Ready
2026-06-29T11:48:52+00:00,k3s-w1,Ready
2026-06-29T11:48:52+00:00,k3s-w2,Ready
2026-06-29T11:48:53+00:00,k3s-s1,Ready
2026-06-29T11:48:53+00:00,k3s-s2,Ready
2026-06-29T11:48:53+00:00,k3s-s3,Ready
2026-06-29T11:48:53+00:00,k3s-w1,Ready
2026-06-29T11:48:53+00:00,k3s-w2,Ready
2026-06-29T11:48:54+00:00,k3s-s1,Ready
2026-06-29T11:48:54+00:00,k3s-s2,Ready
2026-06-29T11:48:54+00:00,k3s-s3,Ready
2026-06-29T11:48:54+00:00,k3s-w1,Ready
2026-06-29T11:48:54+00:00,k3s-w2,Ready
2026-06-29T11:48:55+00:00,k3s-s1,Ready
2026-06-29T11:48:55+00:00,k3s-s2,Ready
2026-06-29T11:48:55+00:00,k3s-s3,Ready
2026-06-29T11:48:55+00:00,k3s-w1,Ready
2026-06-29T11:48:55+00:00,k3s-w2,Ready
2026-06-29T11:48:57+00:00,k3s-s1,Ready
2026-06-29T11:48:57+00:00,k3s-s2,Ready
2026-06-29T11:48:57+00:00,k3s-s3,Ready
2026-06-29T11:48:57+00:00,k3s-w1,Ready
2026-06-29T11:48:57+00:00,k3s-w2,Ready
2026-06-29T11:48:58+00:00,k3s-s1,Ready
2026-06-29T11:48:58+00:00,k3s-s2,Ready
2026-06-29T11:48:58+00:00,k3s-s3,Ready
2026-06-29T11:48:58+00:00,k3s-w1,Ready
2026-06-29T11:48:58+00:00,k3s-w2,Ready
2026-06-29T11:48:59+00:00,k3s-s1,Ready
2026-06-29T11:48:59+00:00,k3s-s2,Ready
2026-06-29T11:48:59+00:00,k3s-s3,Ready
2026-06-29T11:48:59+00:00,k3s-w1,Ready
2026-06-29T11:48:59+00:00,k3s-w2,Ready
2026-06-29T11:49:00+00:00,k3s-s1,Ready
2026-06-29T11:49:00+00:00,k3s-s2,Ready
2026-06-29T11:49:00+00:00,k3s-s3,Ready
2026-06-29T11:49:00+00:00,k3s-w1,Ready
2026-06-29T11:49:00+00:00,k3s-w2,Ready
2026-06-29T11:49:01+00:00,k3s-s1,Ready
2026-06-29T11:49:01+00:00,k3s-s2,Ready
2026-06-29T11:49:01+00:00,k3s-s3,Ready
2026-06-29T11:49:01+00:00,k3s-w1,Ready
2026-06-29T11:49:01+00:00,k3s-w2,Ready
2026-06-29T11:49:02+00:00,k3s-s1,Ready
2026-06-29T11:49:02+00:00,k3s-s2,Ready
2026-06-29T11:49:02+00:00,k3s-s3,Ready
2026-06-29T11:49:02+00:00,k3s-w1,Ready
2026-06-29T11:49:02+00:00,k3s-w2,Ready
2026-06-29T11:49:03+00:00,k3s-s1,Ready
2026-06-29T11:49:03+00:00,k3s-s2,Ready
2026-06-29T11:49:03+00:00,k3s-s3,Ready
2026-06-29T11:49:03+00:00,k3s-w1,Ready
2026-06-29T11:49:03+00:00,k3s-w2,Ready
2026-06-29T11:49:04+00:00,k3s-s1,Ready
2026-06-29T11:49:04+00:00,k3s-s2,Ready
2026-06-29T11:49:04+00:00,k3s-s3,Ready
2026-06-29T11:49:04+00:00,k3s-w1,Ready
2026-06-29T11:49:04+00:00,k3s-w2,Ready
2026-06-29T11:49:05+00:00,k3s-s1,Ready
2026-06-29T11:49:05+00:00,k3s-s2,Ready
2026-06-29T11:49:05+00:00,k3s-s3,Ready
2026-06-29T11:49:05+00:00,k3s-w1,Ready
2026-06-29T11:49:05+00:00,k3s-w2,Ready
2026-06-29T11:49:06+00:00,k3s-s1,Ready
2026-06-29T11:49:06+00:00,k3s-s2,Ready
2026-06-29T11:49:06+00:00,k3s-s3,Ready
2026-06-29T11:49:06+00:00,k3s-w1,Ready
2026-06-29T11:49:06+00:00,k3s-w2,Ready
2026-06-29T11:49:07+00:00,k3s-s1,Ready
2026-06-29T11:49:07+00:00,k3s-s2,Ready
2026-06-29T11:49:07+00:00,k3s-s3,Ready
2026-06-29T11:49:07+00:00,k3s-w1,Ready
2026-06-29T11:49:07+00:00,k3s-w2,Ready
2026-06-29T11:49:08+00:00,k3s-s1,Ready
2026-06-29T11:49:08+00:00,k3s-s2,Ready
2026-06-29T11:49:08+00:00,k3s-s3,Ready
2026-06-29T11:49:08+00:00,k3s-w1,Ready
2026-06-29T11:49:08+00:00,k3s-w2,Ready
2026-06-29T11:49:09+00:00,k3s-s1,Ready
2026-06-29T11:49:09+00:00,k3s-s2,Ready
2026-06-29T11:49:09+00:00,k3s-s3,Ready
2026-06-29T11:49:09+00:00,k3s-w1,Ready
2026-06-29T11:49:09+00:00,k3s-w2,Ready
2026-06-29T11:49:11+00:00,k3s-s1,Ready
2026-06-29T11:49:11+00:00,k3s-s2,Ready
2026-06-29T11:49:11+00:00,k3s-s3,Ready
2026-06-29T11:49:11+00:00,k3s-w1,Ready
2026-06-29T11:49:11+00:00,k3s-w2,Ready
2026-06-29T11:49:12+00:00,k3s-s1,Ready
2026-06-29T11:49:12+00:00,k3s-s2,Ready
2026-06-29T11:49:12+00:00,k3s-s3,Ready
2026-06-29T11:49:12+00:00,k3s-w1,Ready
2026-06-29T11:49:12+00:00,k3s-w2,Ready
2026-06-29T11:49:13+00:00,k3s-s1,Ready
2026-06-29T11:49:13+00:00,k3s-s2,Ready
2026-06-29T11:49:13+00:00,k3s-s3,Ready
2026-06-29T11:49:13+00:00,k3s-w1,Ready
2026-06-29T11:49:13+00:00,k3s-w2,Ready
2026-06-29T11:49:14+00:00,k3s-s1,Ready
2026-06-29T11:49:14+00:00,k3s-s2,Ready
2026-06-29T11:49:14+00:00,k3s-s3,Ready
2026-06-29T11:49:14+00:00,k3s-w1,Ready
2026-06-29T11:49:14+00:00,k3s-w2,Ready
2026-06-29T11:49:15+00:00,k3s-s1,Ready
2026-06-29T11:49:15+00:00,k3s-s2,Ready
2026-06-29T11:49:15+00:00,k3s-s3,Ready
2026-06-29T11:49:15+00:00,k3s-w1,Ready
2026-06-29T11:49:15+00:00,k3s-w2,Ready
2026-06-29T11:49:16+00:00,k3s-s1,Ready
2026-06-29T11:49:16+00:00,k3s-s2,Ready
2026-06-29T11:49:16+00:00,k3s-s3,Ready
2026-06-29T11:49:16+00:00,k3s-w1,Ready
2026-06-29T11:49:16+00:00,k3s-w2,Ready
2026-06-29T11:49:17+00:00,k3s-s1,Ready
2026-06-29T11:49:17+00:00,k3s-s2,Ready
2026-06-29T11:49:17+00:00,k3s-s3,Ready
2026-06-29T11:49:17+00:00,k3s-w1,Ready
2026-06-29T11:49:17+00:00,k3s-w2,Ready
2026-06-29T11:49:18+00:00,k3s-s1,Ready
2026-06-29T11:49:18+00:00,k3s-s2,Ready
2026-06-29T11:49:18+00:00,k3s-s3,Ready
2026-06-29T11:49:18+00:00,k3s-w1,Ready
2026-06-29T11:49:18+00:00,k3s-w2,Ready
2026-06-29T11:49:19+00:00,k3s-s1,Ready
2026-06-29T11:49:19+00:00,k3s-s2,Ready
2026-06-29T11:49:19+00:00,k3s-s3,Ready
2026-06-29T11:49:19+00:00,k3s-w1,Ready
2026-06-29T11:49:19+00:00,k3s-w2,Ready
2026-06-29T11:49:20+00:00,k3s-s1,Ready
2026-06-29T11:49:20+00:00,k3s-s2,Ready
2026-06-29T11:49:20+00:00,k3s-s3,Ready
2026-06-29T11:49:20+00:00,k3s-w1,Ready
2026-06-29T11:49:20+00:00,k3s-w2,Ready
2026-06-29T11:49:21+00:00,k3s-s1,Ready
2026-06-29T11:49:21+00:00,k3s-s2,Ready
2026-06-29T11:49:21+00:00,k3s-s3,Ready
2026-06-29T11:49:21+00:00,k3s-w1,Ready
2026-06-29T11:49:21+00:00,k3s-w2,Ready
2026-06-29T11:49:22+00:00,k3s-s1,Ready
2026-06-29T11:49:22+00:00,k3s-s2,Ready
2026-06-29T11:49:22+00:00,k3s-s3,Ready
2026-06-29T11:49:22+00:00,k3s-w1,Ready
2026-06-29T11:49:22+00:00,k3s-w2,Ready
2026-06-29T11:49:23+00:00,k3s-s1,Ready
2026-06-29T11:49:23+00:00,k3s-s2,Ready
2026-06-29T11:49:23+00:00,k3s-s3,Ready
2026-06-29T11:49:23+00:00,k3s-w1,Ready
2026-06-29T11:49:23+00:00,k3s-w2,Ready
2026-06-29T11:49:24+00:00,k3s-s1,Ready
2026-06-29T11:49:24+00:00,k3s-s2,Ready
2026-06-29T11:49:24+00:00,k3s-s3,Ready
2026-06-29T11:49:24+00:00,k3s-w1,Ready
2026-06-29T11:49:24+00:00,k3s-w2,Ready
2026-06-29T11:49:26+00:00,k3s-s1,Ready
2026-06-29T11:49:26+00:00,k3s-s2,Ready
2026-06-29T11:49:26+00:00,k3s-s3,Ready
2026-06-29T11:49:26+00:00,k3s-w1,Ready
2026-06-29T11:49:26+00:00,k3s-w2,Ready
2026-06-29T11:49:27+00:00,k3s-s1,Ready
2026-06-29T11:49:27+00:00,k3s-s2,Ready
2026-06-29T11:49:27+00:00,k3s-s3,Ready
2026-06-29T11:49:27+00:00,k3s-w1,Ready
2026-06-29T11:49:27+00:00,k3s-w2,Ready
2026-06-29T11:49:28+00:00,k3s-s1,Ready
2026-06-29T11:49:28+00:00,k3s-s2,Ready
2026-06-29T11:49:28+00:00,k3s-s3,Ready
2026-06-29T11:49:28+00:00,k3s-w1,Ready
2026-06-29T11:49:28+00:00,k3s-w2,Ready
2026-06-29T11:49:29+00:00,k3s-s1,Ready
2026-06-29T11:49:29+00:00,k3s-s2,Ready
2026-06-29T11:49:29+00:00,k3s-s3,Ready
2026-06-29T11:49:29+00:00,k3s-w1,Ready
2026-06-29T11:49:29+00:00,k3s-w2,Ready
2026-06-29T11:49:30+00:00,k3s-s1,Ready
2026-06-29T11:49:30+00:00,k3s-s2,Ready
2026-06-29T11:49:30+00:00,k3s-s3,Ready
2026-06-29T11:49:30+00:00,k3s-w1,Ready
2026-06-29T11:49:30+00:00,k3s-w2,Ready
2026-06-29T11:49:31+00:00,k3s-s1,Ready
2026-06-29T11:49:31+00:00,k3s-s2,Ready
2026-06-29T11:49:31+00:00,k3s-s3,Ready
2026-06-29T11:49:31+00:00,k3s-w1,Ready
2026-06-29T11:49:31+00:00,k3s-w2,Ready
2026-06-29T11:49:32+00:00,k3s-s1,Ready
2026-06-29T11:49:32+00:00,k3s-s2,Ready
2026-06-29T11:49:32+00:00,k3s-s3,Ready
2026-06-29T11:49:32+00:00,k3s-w1,Ready
2026-06-29T11:49:32+00:00,k3s-w2,Ready
2026-06-29T11:49:33+00:00,k3s-s1,Ready
2026-06-29T11:49:33+00:00,k3s-s2,Ready
2026-06-29T11:49:33+00:00,k3s-s3,Ready
2026-06-29T11:49:33+00:00,k3s-w1,Ready
2026-06-29T11:49:33+00:00,k3s-w2,Ready
2026-06-29T11:49:34+00:00,k3s-s1,Ready
2026-06-29T11:49:34+00:00,k3s-s2,Ready
2026-06-29T11:49:34+00:00,k3s-s3,Ready
2026-06-29T11:49:34+00:00,k3s-w1,Ready
2026-06-29T11:49:34+00:00,k3s-w2,Ready
2026-06-29T11:49:35+00:00,k3s-s1,Ready
2026-06-29T11:49:35+00:00,k3s-s2,Ready
2026-06-29T11:49:35+00:00,k3s-s3,Ready
2026-06-29T11:49:35+00:00,k3s-w1,Ready
2026-06-29T11:49:35+00:00,k3s-w2,Ready
2026-06-29T11:49:36+00:00,k3s-s1,Ready
2026-06-29T11:49:36+00:00,k3s-s2,Ready
2026-06-29T11:49:36+00:00,k3s-s3,Ready
2026-06-29T11:49:36+00:00,k3s-w1,Ready
2026-06-29T11:49:36+00:00,k3s-w2,Ready
2026-06-29T11:49:37+00:00,k3s-s1,Ready
2026-06-29T11:49:37+00:00,k3s-s2,Ready
2026-06-29T11:49:37+00:00,k3s-s3,Ready
2026-06-29T11:49:37+00:00,k3s-w1,Ready
2026-06-29T11:49:37+00:00,k3s-w2,Ready
2026-06-29T11:49:38+00:00,k3s-s1,Ready
2026-06-29T11:49:38+00:00,k3s-s2,Ready
2026-06-29T11:49:38+00:00,k3s-s3,Ready
2026-06-29T11:49:38+00:00,k3s-w1,Ready
2026-06-29T11:49:38+00:00,k3s-w2,Ready
2026-06-29T11:49:40+00:00,k3s-s1,Ready
2026-06-29T11:49:40+00:00,k3s-s2,Ready
2026-06-29T11:49:40+00:00,k3s-s3,Ready
2026-06-29T11:49:40+00:00,k3s-w1,Ready
2026-06-29T11:49:40+00:00,k3s-w2,Ready
2026-06-29T11:49:41+00:00,k3s-s1,Ready
2026-06-29T11:49:41+00:00,k3s-s2,Ready
2026-06-29T11:49:41+00:00,k3s-s3,Ready
2026-06-29T11:49:41+00:00,k3s-w1,Ready
2026-06-29T11:49:41+00:00,k3s-w2,Ready
2026-06-29T11:49:42+00:00,k3s-s1,Ready
2026-06-29T11:49:42+00:00,k3s-s2,Ready
2026-06-29T11:49:42+00:00,k3s-s3,Ready
2026-06-29T11:49:42+00:00,k3s-w1,Ready
2026-06-29T11:49:42+00:00,k3s-w2,Ready
2026-06-29T11:49:43+00:00,k3s-s1,Ready
2026-06-29T11:49:43+00:00,k3s-s2,Ready
2026-06-29T11:49:43+00:00,k3s-s3,Ready
2026-06-29T11:49:43+00:00,k3s-w1,Ready
2026-06-29T11:49:43+00:00,k3s-w2,Ready
2026-06-29T11:49:44+00:00,k3s-s1,Ready
2026-06-29T11:49:44+00:00,k3s-s2,Ready
2026-06-29T11:49:44+00:00,k3s-s3,Ready
2026-06-29T11:49:44+00:00,k3s-w1,Ready
2026-06-29T11:49:44+00:00,k3s-w2,Ready
2026-06-29T11:49:45+00:00,k3s-s1,Ready
2026-06-29T11:49:45+00:00,k3s-s2,Ready
2026-06-29T11:49:45+00:00,k3s-s3,Ready
2026-06-29T11:49:45+00:00,k3s-w1,Ready
2026-06-29T11:49:45+00:00,k3s-w2,Ready
2026-06-29T11:49:46+00:00,k3s-s1,Ready
2026-06-29T11:49:46+00:00,k3s-s2,Ready
2026-06-29T11:49:46+00:00,k3s-s3,Ready
2026-06-29T11:49:46+00:00,k3s-w1,Ready
2026-06-29T11:49:46+00:00,k3s-w2,Ready
2026-06-29T11:49:47+00:00,k3s-s1,Ready
2026-06-29T11:49:47+00:00,k3s-s2,Ready
2026-06-29T11:49:47+00:00,k3s-s3,Ready
2026-06-29T11:49:47+00:00,k3s-w1,Ready
2026-06-29T11:49:47+00:00,k3s-w2,Ready
2026-06-29T11:49:48+00:00,k3s-s1,Ready
2026-06-29T11:49:48+00:00,k3s-s2,Ready
2026-06-29T11:49:48+00:00,k3s-s3,Ready
2026-06-29T11:49:48+00:00,k3s-w1,Ready
2026-06-29T11:49:48+00:00,k3s-w2,Ready
2026-06-29T11:49:49+00:00,k3s-s1,Ready
2026-06-29T11:49:49+00:00,k3s-s2,Ready
2026-06-29T11:49:49+00:00,k3s-s3,Ready
2026-06-29T11:49:49+00:00,k3s-w1,Ready
2026-06-29T11:49:49+00:00,k3s-w2,Ready
2026-06-29T11:49:50+00:00,k3s-s1,Ready
2026-06-29T11:49:50+00:00,k3s-s2,Ready
2026-06-29T11:49:50+00:00,k3s-s3,Ready
2026-06-29T11:49:50+00:00,k3s-w1,Ready
2026-06-29T11:49:50+00:00,k3s-w2,Ready
2026-06-29T11:49:51+00:00,k3s-s1,Ready
2026-06-29T11:49:51+00:00,k3s-s2,Ready
2026-06-29T11:49:51+00:00,k3s-s3,Ready
2026-06-29T11:49:51+00:00,k3s-w1,Ready
2026-06-29T11:49:51+00:00,k3s-w2,Ready
2026-06-29T11:49:52+00:00,k3s-s1,Ready
2026-06-29T11:49:52+00:00,k3s-s2,Ready
2026-06-29T11:49:52+00:00,k3s-s3,Ready
2026-06-29T11:49:52+00:00,k3s-w1,Ready
2026-06-29T11:49:52+00:00,k3s-w2,Ready
2026-06-29T11:49:54+00:00,k3s-s1,Ready
2026-06-29T11:49:54+00:00,k3s-s2,Ready
2026-06-29T11:49:54+00:00,k3s-s3,Ready
2026-06-29T11:49:54+00:00,k3s-w1,Ready
2026-06-29T11:49:54+00:00,k3s-w2,Ready
2026-06-29T11:49:55+00:00,k3s-s1,Ready
2026-06-29T11:49:55+00:00,k3s-s2,Ready
2026-06-29T11:49:55+00:00,k3s-s3,Ready
2026-06-29T11:49:55+00:00,k3s-w1,Ready
2026-06-29T11:49:55+00:00,k3s-w2,Ready
2026-06-29T11:49:56+00:00,k3s-s1,Ready
2026-06-29T11:49:56+00:00,k3s-s2,Ready
2026-06-29T11:49:56+00:00,k3s-s3,Ready
2026-06-29T11:49:56+00:00,k3s-w1,Ready
2026-06-29T11:49:56+00:00,k3s-w2,Ready
2026-06-29T11:49:57+00:00,k3s-s1,Ready
2026-06-29T11:49:57+00:00,k3s-s2,Ready
2026-06-29T11:49:57+00:00,k3s-s3,Ready
2026-06-29T11:49:57+00:00,k3s-w1,Ready
2026-06-29T11:49:57+00:00,k3s-w2,Ready
2026-06-29T11:49:58+00:00,k3s-s1,Ready
2026-06-29T11:49:58+00:00,k3s-s2,Ready
2026-06-29T11:49:58+00:00,k3s-s3,Ready
2026-06-29T11:49:58+00:00,k3s-w1,Ready
2026-06-29T11:49:58+00:00,k3s-w2,Ready
2026-06-29T11:49:59+00:00,k3s-s1,Ready
2026-06-29T11:49:59+00:00,k3s-s2,Ready
2026-06-29T11:49:59+00:00,k3s-s3,Ready
2026-06-29T11:49:59+00:00,k3s-w1,Ready
2026-06-29T11:49:59+00:00,k3s-w2,Ready
2026-06-29T11:50:00+00:00,k3s-s1,Ready
2026-06-29T11:50:00+00:00,k3s-s2,Ready
2026-06-29T11:50:00+00:00,k3s-s3,Ready
2026-06-29T11:50:00+00:00,k3s-w1,Ready
2026-06-29T11:50:00+00:00,k3s-w2,Ready
2026-06-29T11:50:01+00:00,k3s-s1,Ready
2026-06-29T11:50:01+00:00,k3s-s2,Ready
2026-06-29T11:50:01+00:00,k3s-s3,Ready
2026-06-29T11:50:01+00:00,k3s-w1,Ready
2026-06-29T11:50:01+00:00,k3s-w2,Ready
2026-06-29T11:50:02+00:00,k3s-s1,Ready
2026-06-29T11:50:02+00:00,k3s-s2,Ready
2026-06-29T11:50:02+00:00,k3s-s3,Ready
2026-06-29T11:50:02+00:00,k3s-w1,Ready
2026-06-29T11:50:02+00:00,k3s-w2,Ready
2026-06-29T11:50:03+00:00,k3s-s1,Ready
2026-06-29T11:50:03+00:00,k3s-s2,Ready
2026-06-29T11:50:03+00:00,k3s-s3,Ready
2026-06-29T11:50:03+00:00,k3s-w1,Ready
2026-06-29T11:50:03+00:00,k3s-w2,Ready
2026-06-29T11:50:04+00:00,k3s-s1,Ready
2026-06-29T11:50:04+00:00,k3s-s2,Ready
2026-06-29T11:50:04+00:00,k3s-s3,Ready
2026-06-29T11:50:04+00:00,k3s-w1,Ready
2026-06-29T11:50:04+00:00,k3s-w2,Ready
2026-06-29T11:50:05+00:00,k3s-s1,Ready
2026-06-29T11:50:05+00:00,k3s-s2,Ready
2026-06-29T11:50:05+00:00,k3s-s3,Ready
2026-06-29T11:50:05+00:00,k3s-w1,Ready
2026-06-29T11:50:05+00:00,k3s-w2,Ready
2026-06-29T11:50:06+00:00,k3s-s1,Ready
2026-06-29T11:50:06+00:00,k3s-s2,Ready
2026-06-29T11:50:06+00:00,k3s-s3,Ready
2026-06-29T11:50:06+00:00,k3s-w1,Ready
2026-06-29T11:50:06+00:00,k3s-w2,Ready
2026-06-29T11:50:07+00:00,k3s-s1,Ready
2026-06-29T11:50:07+00:00,k3s-s2,Ready
2026-06-29T11:50:07+00:00,k3s-s3,Ready
2026-06-29T11:50:07+00:00,k3s-w1,Ready
2026-06-29T11:50:07+00:00,k3s-w2,Ready
2026-06-29T11:50:09+00:00,k3s-s1,Ready
2026-06-29T11:50:09+00:00,k3s-s2,Ready
2026-06-29T11:50:09+00:00,k3s-s3,Ready
2026-06-29T11:50:09+00:00,k3s-w1,Ready
2026-06-29T11:50:09+00:00,k3s-w2,Ready
2026-06-29T11:50:10+00:00,k3s-s1,Ready
2026-06-29T11:50:10+00:00,k3s-s2,Ready
2026-06-29T11:50:10+00:00,k3s-s3,Ready
2026-06-29T11:50:10+00:00,k3s-w1,Ready
2026-06-29T11:50:10+00:00,k3s-w2,Ready
2026-06-29T11:50:11+00:00,k3s-s1,Ready
2026-06-29T11:50:11+00:00,k3s-s2,Ready
2026-06-29T11:50:11+00:00,k3s-s3,Ready
2026-06-29T11:50:11+00:00,k3s-w1,Ready
2026-06-29T11:50:11+00:00,k3s-w2,Ready
2026-06-29T11:50:12+00:00,k3s-s1,Ready
2026-06-29T11:50:12+00:00,k3s-s2,Ready
2026-06-29T11:50:12+00:00,k3s-s3,Ready
2026-06-29T11:50:12+00:00,k3s-w1,Ready
2026-06-29T11:50:12+00:00,k3s-w2,Ready
2026-06-29T11:50:13+00:00,k3s-s1,Ready
2026-06-29T11:50:13+00:00,k3s-s2,Ready
2026-06-29T11:50:13+00:00,k3s-s3,Ready
2026-06-29T11:50:13+00:00,k3s-w1,Ready
2026-06-29T11:50:13+00:00,k3s-w2,Ready
2026-06-29T11:50:14+00:00,k3s-s1,Ready
2026-06-29T11:50:14+00:00,k3s-s2,Ready
2026-06-29T11:50:14+00:00,k3s-s3,Ready
2026-06-29T11:50:14+00:00,k3s-w1,Ready
2026-06-29T11:50:14+00:00,k3s-w2,Ready
2026-06-29T11:50:15+00:00,k3s-s1,Ready
2026-06-29T11:50:15+00:00,k3s-s2,Ready
2026-06-29T11:50:15+00:00,k3s-s3,Ready
2026-06-29T11:50:15+00:00,k3s-w1,Ready
2026-06-29T11:50:15+00:00,k3s-w2,Ready
2026-06-29T11:50:16+00:00,k3s-s1,Ready
2026-06-29T11:50:16+00:00,k3s-s2,Ready
2026-06-29T11:50:16+00:00,k3s-s3,Ready
2026-06-29T11:50:16+00:00,k3s-w1,Ready
2026-06-29T11:50:16+00:00,k3s-w2,Ready
2026-06-29T11:50:17+00:00,k3s-s1,Ready
2026-06-29T11:50:17+00:00,k3s-s2,Ready
2026-06-29T11:50:17+00:00,k3s-s3,Ready
2026-06-29T11:50:17+00:00,k3s-w1,Ready
2026-06-29T11:50:17+00:00,k3s-w2,Ready
2026-06-29T11:50:18+00:00,k3s-s1,Ready
2026-06-29T11:50:18+00:00,k3s-s2,Ready
2026-06-29T11:50:18+00:00,k3s-s3,Ready
2026-06-29T11:50:18+00:00,k3s-w1,Ready
2026-06-29T11:50:18+00:00,k3s-w2,Ready
2026-06-29T11:50:19+00:00,k3s-s1,Ready
2026-06-29T11:50:19+00:00,k3s-s2,Ready
2026-06-29T11:50:19+00:00,k3s-s3,Ready
2026-06-29T11:50:19+00:00,k3s-w1,Ready
2026-06-29T11:50:19+00:00,k3s-w2,Ready
2026-06-29T11:50:20+00:00,k3s-s1,Ready
2026-06-29T11:50:20+00:00,k3s-s2,Ready
2026-06-29T11:50:20+00:00,k3s-s3,Ready
2026-06-29T11:50:20+00:00,k3s-w1,Ready
2026-06-29T11:50:20+00:00,k3s-w2,Ready
2026-06-29T11:50:21+00:00,k3s-s1,Ready
2026-06-29T11:50:21+00:00,k3s-s2,Ready
2026-06-29T11:50:21+00:00,k3s-s3,Ready
2026-06-29T11:50:21+00:00,k3s-w1,Ready
2026-06-29T11:50:21+00:00,k3s-w2,Ready
2026-06-29T11:50:23+00:00,k3s-s1,Ready
2026-06-29T11:50:23+00:00,k3s-s2,Ready
2026-06-29T11:50:23+00:00,k3s-s3,Ready
2026-06-29T11:50:23+00:00,k3s-w1,Ready
2026-06-29T11:50:23+00:00,k3s-w2,Ready
2026-06-29T11:50:24+00:00,k3s-s1,Ready
2026-06-29T11:50:24+00:00,k3s-s2,Ready
2026-06-29T11:50:24+00:00,k3s-s3,Ready
2026-06-29T11:50:24+00:00,k3s-w1,Ready
2026-06-29T11:50:24+00:00,k3s-w2,Ready
2026-06-29T11:50:25+00:00,k3s-s1,Ready
2026-06-29T11:50:25+00:00,k3s-s2,Ready
2026-06-29T11:50:25+00:00,k3s-s3,Ready
2026-06-29T11:50:25+00:00,k3s-w1,Ready
2026-06-29T11:50:25+00:00,k3s-w2,Ready
2026-06-29T11:50:26+00:00,k3s-s1,Ready
2026-06-29T11:50:26+00:00,k3s-s2,Ready
2026-06-29T11:50:26+00:00,k3s-s3,Ready
2026-06-29T11:50:26+00:00,k3s-w1,Ready
2026-06-29T11:50:26+00:00,k3s-w2,Ready
2026-06-29T11:50:27+00:00,k3s-s1,Ready
2026-06-29T11:50:27+00:00,k3s-s2,Ready
2026-06-29T11:50:27+00:00,k3s-s3,Ready
2026-06-29T11:50:27+00:00,k3s-w1,Ready
2026-06-29T11:50:27+00:00,k3s-w2,Ready
2026-06-29T11:50:28+00:00,k3s-s1,Ready
2026-06-29T11:50:28+00:00,k3s-s2,Ready
2026-06-29T11:50:28+00:00,k3s-s3,Ready
2026-06-29T11:50:28+00:00,k3s-w1,Ready
2026-06-29T11:50:28+00:00,k3s-w2,Ready
2026-06-29T11:50:29+00:00,k3s-s1,Ready
2026-06-29T11:50:29+00:00,k3s-s2,Ready
2026-06-29T11:50:29+00:00,k3s-s3,Ready
2026-06-29T11:50:29+00:00,k3s-w1,Ready
2026-06-29T11:50:29+00:00,k3s-w2,Ready
2026-06-29T11:50:30+00:00,k3s-s1,Ready
2026-06-29T11:50:30+00:00,k3s-s2,Ready
2026-06-29T11:50:30+00:00,k3s-s3,Ready
2026-06-29T11:50:30+00:00,k3s-w1,Ready
2026-06-29T11:50:30+00:00,k3s-w2,Ready
2026-06-29T11:50:31+00:00,k3s-s1,Ready
2026-06-29T11:50:31+00:00,k3s-s2,Ready
2026-06-29T11:50:31+00:00,k3s-s3,Ready
2026-06-29T11:50:31+00:00,k3s-w1,Ready
2026-06-29T11:50:31+00:00,k3s-w2,Ready
2026-06-29T11:50:32+00:00,k3s-s1,Ready
2026-06-29T11:50:32+00:00,k3s-s2,Ready
2026-06-29T11:50:32+00:00,k3s-s3,Ready
2026-06-29T11:50:32+00:00,k3s-w1,Ready
2026-06-29T11:50:32+00:00,k3s-w2,Ready
2026-06-29T11:50:33+00:00,k3s-s1,Ready
2026-06-29T11:50:33+00:00,k3s-s2,Ready
2026-06-29T11:50:33+00:00,k3s-s3,Ready
2026-06-29T11:50:33+00:00,k3s-w1,Ready
2026-06-29T11:50:33+00:00,k3s-w2,Ready
2026-06-29T11:50:34+00:00,k3s-s1,Ready
2026-06-29T11:50:34+00:00,k3s-s2,Ready
2026-06-29T11:50:34+00:00,k3s-s3,Ready
2026-06-29T11:50:34+00:00,k3s-w1,Ready
2026-06-29T11:50:34+00:00,k3s-w2,Ready
2026-06-29T11:50:35+00:00,k3s-s1,Ready
2026-06-29T11:50:35+00:00,k3s-s2,Ready
2026-06-29T11:50:35+00:00,k3s-s3,Ready
2026-06-29T11:50:35+00:00,k3s-w1,Ready
2026-06-29T11:50:35+00:00,k3s-w2,Ready
2026-06-29T11:50:37+00:00,k3s-s1,Ready
2026-06-29T11:50:37+00:00,k3s-s2,Ready
2026-06-29T11:50:37+00:00,k3s-s3,Ready
2026-06-29T11:50:37+00:00,k3s-w1,Ready
2026-06-29T11:50:37+00:00,k3s-w2,Ready
2026-06-29T11:50:38+00:00,k3s-s1,Ready
2026-06-29T11:50:38+00:00,k3s-s2,Ready
2026-06-29T11:50:38+00:00,k3s-s3,Ready
2026-06-29T11:50:38+00:00,k3s-w1,Ready
2026-06-29T11:50:38+00:00,k3s-w2,Ready
2026-06-29T11:50:39+00:00,k3s-s1,Ready
2026-06-29T11:50:39+00:00,k3s-s2,Ready
2026-06-29T11:50:39+00:00,k3s-s3,Ready
2026-06-29T11:50:39+00:00,k3s-w1,Ready
2026-06-29T11:50:39+00:00,k3s-w2,Ready
2026-06-29T11:50:40+00:00,k3s-s1,Ready
2026-06-29T11:50:40+00:00,k3s-s2,Ready
2026-06-29T11:50:40+00:00,k3s-s3,Ready
2026-06-29T11:50:40+00:00,k3s-w1,Ready
2026-06-29T11:50:40+00:00,k3s-w2,Ready
2026-06-29T11:50:41+00:00,k3s-s1,Ready
2026-06-29T11:50:41+00:00,k3s-s2,Ready
2026-06-29T11:50:41+00:00,k3s-s3,Ready
2026-06-29T11:50:41+00:00,k3s-w1,Ready
2026-06-29T11:50:41+00:00,k3s-w2,Ready
2026-06-29T11:50:42+00:00,k3s-s1,Ready
2026-06-29T11:50:42+00:00,k3s-s2,Ready
2026-06-29T11:50:42+00:00,k3s-s3,Ready
2026-06-29T11:50:42+00:00,k3s-w1,Ready
2026-06-29T11:50:42+00:00,k3s-w2,Ready
2026-06-29T11:50:43+00:00,k3s-s1,Ready
2026-06-29T11:50:43+00:00,k3s-s2,Ready
2026-06-29T11:50:43+00:00,k3s-s3,Ready
2026-06-29T11:50:43+00:00,k3s-w1,Ready
2026-06-29T11:50:43+00:00,k3s-w2,Ready
2026-06-29T11:50:44+00:00,k3s-s1,Ready
2026-06-29T11:50:44+00:00,k3s-s2,Ready
2026-06-29T11:50:44+00:00,k3s-s3,Ready
2026-06-29T11:50:44+00:00,k3s-w1,Ready
2026-06-29T11:50:44+00:00,k3s-w2,Ready
2026-06-29T11:50:45+00:00,k3s-s1,Ready
2026-06-29T11:50:45+00:00,k3s-s2,Ready
2026-06-29T11:50:45+00:00,k3s-s3,Ready
2026-06-29T11:50:45+00:00,k3s-w1,Ready
2026-06-29T11:50:45+00:00,k3s-w2,Ready
2026-06-29T11:50:46+00:00,k3s-s1,Ready
2026-06-29T11:50:46+00:00,k3s-s2,Ready
2026-06-29T11:50:46+00:00,k3s-s3,Ready
2026-06-29T11:50:46+00:00,k3s-w1,Ready
2026-06-29T11:50:46+00:00,k3s-w2,Ready
2026-06-29T11:50:47+00:00,k3s-s1,Ready
2026-06-29T11:50:47+00:00,k3s-s2,Ready
2026-06-29T11:50:47+00:00,k3s-s3,Ready
2026-06-29T11:50:47+00:00,k3s-w1,Ready
2026-06-29T11:50:47+00:00,k3s-w2,Ready
2026-06-29T11:50:48+00:00,k3s-s1,Ready
2026-06-29T11:50:48+00:00,k3s-s2,Ready
2026-06-29T11:50:48+00:00,k3s-s3,Ready
2026-06-29T11:50:48+00:00,k3s-w1,Ready
2026-06-29T11:50:48+00:00,k3s-w2,Ready
2026-06-29T11:50:49+00:00,k3s-s1,Ready
2026-06-29T11:50:49+00:00,k3s-s2,Ready
2026-06-29T11:50:49+00:00,k3s-s3,Ready
2026-06-29T11:50:49+00:00,k3s-w1,Ready
2026-06-29T11:50:49+00:00,k3s-w2,Ready
2026-06-29T11:50:50+00:00,k3s-s1,Ready
2026-06-29T11:50:50+00:00,k3s-s2,Ready
2026-06-29T11:50:50+00:00,k3s-s3,Ready
2026-06-29T11:50:50+00:00,k3s-w1,Ready
2026-06-29T11:50:50+00:00,k3s-w2,Ready
2026-06-29T11:50:52+00:00,k3s-s1,Ready
2026-06-29T11:50:52+00:00,k3s-s2,Ready
2026-06-29T11:50:52+00:00,k3s-s3,Ready
2026-06-29T11:50:52+00:00,k3s-w1,Ready
2026-06-29T11:50:52+00:00,k3s-w2,Ready
2026-06-29T11:50:53+00:00,k3s-s1,Ready
2026-06-29T11:50:53+00:00,k3s-s2,Ready
2026-06-29T11:50:53+00:00,k3s-s3,Ready
2026-06-29T11:50:53+00:00,k3s-w1,Ready
2026-06-29T11:50:53+00:00,k3s-w2,Ready
2026-06-29T11:50:54+00:00,k3s-s1,Ready
2026-06-29T11:50:54+00:00,k3s-s2,Ready
2026-06-29T11:50:54+00:00,k3s-s3,Ready
2026-06-29T11:50:54+00:00,k3s-w1,Ready
2026-06-29T11:50:54+00:00,k3s-w2,Ready
2026-06-29T11:50:55+00:00,k3s-s1,Ready
2026-06-29T11:50:55+00:00,k3s-s2,Ready
2026-06-29T11:50:55+00:00,k3s-s3,Ready
2026-06-29T11:50:55+00:00,k3s-w1,Ready
2026-06-29T11:50:55+00:00,k3s-w2,Ready
2026-06-29T11:50:56+00:00,k3s-s1,Ready
2026-06-29T11:50:56+00:00,k3s-s2,Ready
2026-06-29T11:50:56+00:00,k3s-s3,Ready
2026-06-29T11:50:56+00:00,k3s-w1,Ready
2026-06-29T11:50:56+00:00,k3s-w2,Ready
2026-06-29T11:50:57+00:00,k3s-s1,Ready
2026-06-29T11:50:57+00:00,k3s-s2,Ready
2026-06-29T11:50:57+00:00,k3s-s3,Ready
2026-06-29T11:50:57+00:00,k3s-w1,Ready
2026-06-29T11:50:57+00:00,k3s-w2,Ready
2026-06-29T11:50:58+00:00,k3s-s1,Ready
2026-06-29T11:50:58+00:00,k3s-s2,Ready
2026-06-29T11:50:58+00:00,k3s-s3,Ready
2026-06-29T11:50:58+00:00,k3s-w1,Ready
2026-06-29T11:50:58+00:00,k3s-w2,Ready
2026-06-29T11:50:59+00:00,k3s-s1,Ready
2026-06-29T11:50:59+00:00,k3s-s2,Ready
2026-06-29T11:50:59+00:00,k3s-s3,Ready
2026-06-29T11:50:59+00:00,k3s-w1,Ready
2026-06-29T11:50:59+00:00,k3s-w2,Ready
2026-06-29T11:51:00+00:00,k3s-s1,Ready
2026-06-29T11:51:00+00:00,k3s-s2,Ready
2026-06-29T11:51:00+00:00,k3s-s3,Ready
2026-06-29T11:51:00+00:00,k3s-w1,Ready
2026-06-29T11:51:00+00:00,k3s-w2,Ready
2026-06-29T11:51:01+00:00,k3s-s1,Ready
2026-06-29T11:51:01+00:00,k3s-s2,Ready
2026-06-29T11:51:01+00:00,k3s-s3,Ready
2026-06-29T11:51:01+00:00,k3s-w1,Ready
2026-06-29T11:51:01+00:00,k3s-w2,Ready
2026-06-29T11:51:02+00:00,k3s-s1,Ready
2026-06-29T11:51:02+00:00,k3s-s2,Ready
2026-06-29T11:51:02+00:00,k3s-s3,Ready
2026-06-29T11:51:02+00:00,k3s-w1,Ready
2026-06-29T11:51:02+00:00,k3s-w2,Ready
2026-06-29T11:51:03+00:00,k3s-s1,Ready
2026-06-29T11:51:03+00:00,k3s-s2,Ready
2026-06-29T11:51:03+00:00,k3s-s3,Ready
2026-06-29T11:51:03+00:00,k3s-w1,Ready
2026-06-29T11:51:03+00:00,k3s-w2,Ready
2026-06-29T11:51:04+00:00,k3s-s1,Ready
2026-06-29T11:51:04+00:00,k3s-s2,Ready
2026-06-29T11:51:04+00:00,k3s-s3,Ready
2026-06-29T11:51:04+00:00,k3s-w1,Ready
2026-06-29T11:51:04+00:00,k3s-w2,Ready
2026-06-29T11:51:05+00:00,k3s-s1,Ready
2026-06-29T11:51:05+00:00,k3s-s2,Ready
2026-06-29T11:51:05+00:00,k3s-s3,Ready
2026-06-29T11:51:05+00:00,k3s-w1,Ready
2026-06-29T11:51:05+00:00,k3s-w2,Ready
2026-06-29T11:51:06+00:00,k3s-s1,Ready
2026-06-29T11:51:06+00:00,k3s-s2,Ready
2026-06-29T11:51:06+00:00,k3s-s3,Ready
2026-06-29T11:51:06+00:00,k3s-w1,Ready
2026-06-29T11:51:06+00:00,k3s-w2,Ready
2026-06-29T11:51:08+00:00,k3s-s1,Ready
2026-06-29T11:51:08+00:00,k3s-s2,Ready
2026-06-29T11:51:08+00:00,k3s-s3,Ready
2026-06-29T11:51:08+00:00,k3s-w1,Ready
2026-06-29T11:51:08+00:00,k3s-w2,Ready
2026-06-29T11:51:09+00:00,k3s-s1,Ready
2026-06-29T11:51:09+00:00,k3s-s2,Ready
2026-06-29T11:51:09+00:00,k3s-s3,Ready
2026-06-29T11:51:09+00:00,k3s-w1,Ready
2026-06-29T11:51:09+00:00,k3s-w2,Ready
2026-06-29T11:51:10+00:00,k3s-s1,Ready
2026-06-29T11:51:10+00:00,k3s-s2,Ready
2026-06-29T11:51:10+00:00,k3s-s3,Ready
2026-06-29T11:51:10+00:00,k3s-w1,Ready
2026-06-29T11:51:10+00:00,k3s-w2,Ready
2026-06-29T11:51:11+00:00,k3s-s1,Ready
2026-06-29T11:51:11+00:00,k3s-s2,Ready
2026-06-29T11:51:11+00:00,k3s-s3,Ready
2026-06-29T11:51:11+00:00,k3s-w1,Ready
2026-06-29T11:51:11+00:00,k3s-w2,Ready
2026-06-29T11:51:12+00:00,k3s-s1,Ready
2026-06-29T11:51:12+00:00,k3s-s2,Ready
2026-06-29T11:51:12+00:00,k3s-s3,Ready
2026-06-29T11:51:12+00:00,k3s-w1,Ready
2026-06-29T11:51:12+00:00,k3s-w2,Ready
2026-06-29T11:51:13+00:00,k3s-s1,Ready
2026-06-29T11:51:13+00:00,k3s-s2,Ready
2026-06-29T11:51:13+00:00,k3s-s3,Ready
2026-06-29T11:51:13+00:00,k3s-w1,Ready
2026-06-29T11:51:13+00:00,k3s-w2,Ready
2026-06-29T11:51:14+00:00,k3s-s1,Ready
2026-06-29T11:51:14+00:00,k3s-s2,Ready
2026-06-29T11:51:14+00:00,k3s-s3,Ready
2026-06-29T11:51:14+00:00,k3s-w1,Ready
2026-06-29T11:51:14+00:00,k3s-w2,Ready
2026-06-29T11:51:15+00:00,k3s-s1,Ready
2026-06-29T11:51:15+00:00,k3s-s2,Ready
2026-06-29T11:51:15+00:00,k3s-s3,Ready
2026-06-29T11:51:15+00:00,k3s-w1,Ready
2026-06-29T11:51:15+00:00,k3s-w2,Ready
2026-06-29T11:51:16+00:00,k3s-s1,Ready
2026-06-29T11:51:16+00:00,k3s-s2,Ready
2026-06-29T11:51:16+00:00,k3s-s3,Ready
2026-06-29T11:51:16+00:00,k3s-w1,Ready
2026-06-29T11:51:16+00:00,k3s-w2,Ready
2026-06-29T11:51:17+00:00,k3s-s1,Ready
2026-06-29T11:51:17+00:00,k3s-s2,Ready
2026-06-29T11:51:17+00:00,k3s-s3,Ready
2026-06-29T11:51:17+00:00,k3s-w1,Ready
2026-06-29T11:51:17+00:00,k3s-w2,Ready
2026-06-29T11:51:18+00:00,k3s-s1,Ready
2026-06-29T11:51:18+00:00,k3s-s2,Ready
2026-06-29T11:51:18+00:00,k3s-s3,Ready
2026-06-29T11:51:18+00:00,k3s-w1,Ready
2026-06-29T11:51:18+00:00,k3s-w2,Ready
2026-06-29T11:51:19+00:00,k3s-s1,Ready
2026-06-29T11:51:19+00:00,k3s-s2,Ready
2026-06-29T11:51:19+00:00,k3s-s3,Ready
2026-06-29T11:51:19+00:00,k3s-w1,Ready
2026-06-29T11:51:19+00:00,k3s-w2,Ready
2026-06-29T11:51:21+00:00,k3s-s1,Ready
2026-06-29T11:51:21+00:00,k3s-s2,Ready
2026-06-29T11:51:21+00:00,k3s-s3,Ready
2026-06-29T11:51:21+00:00,k3s-w1,Ready
2026-06-29T11:51:21+00:00,k3s-w2,Ready
2026-06-29T11:51:22+00:00,k3s-s1,Ready
2026-06-29T11:51:22+00:00,k3s-s2,Ready
2026-06-29T11:51:22+00:00,k3s-s3,Ready
2026-06-29T11:51:22+00:00,k3s-w1,Ready
2026-06-29T11:51:22+00:00,k3s-w2,Ready
2026-06-29T11:51:23+00:00,k3s-s1,Ready
2026-06-29T11:51:23+00:00,k3s-s2,Ready
2026-06-29T11:51:23+00:00,k3s-s3,Ready
2026-06-29T11:51:23+00:00,k3s-w1,Ready
2026-06-29T11:51:23+00:00,k3s-w2,Ready
2026-06-29T11:51:24+00:00,k3s-s1,Ready
2026-06-29T11:51:24+00:00,k3s-s2,Ready
2026-06-29T11:51:24+00:00,k3s-s3,Ready
2026-06-29T11:51:24+00:00,k3s-w1,Ready
2026-06-29T11:51:24+00:00,k3s-w2,Ready
2026-06-29T11:51:25+00:00,k3s-s1,Ready
2026-06-29T11:51:25+00:00,k3s-s2,Ready
2026-06-29T11:51:25+00:00,k3s-s3,Ready
2026-06-29T11:51:25+00:00,k3s-w1,Ready
2026-06-29T11:51:25+00:00,k3s-w2,Ready
2026-06-29T11:51:26+00:00,k3s-s1,Ready
2026-06-29T11:51:26+00:00,k3s-s2,Ready
2026-06-29T11:51:26+00:00,k3s-s3,Ready
2026-06-29T11:51:26+00:00,k3s-w1,Ready
2026-06-29T11:51:26+00:00,k3s-w2,Ready
2026-06-29T11:51:27+00:00,k3s-s1,Ready
2026-06-29T11:51:27+00:00,k3s-s2,Ready
2026-06-29T11:51:27+00:00,k3s-s3,Ready
2026-06-29T11:51:27+00:00,k3s-w1,Ready
2026-06-29T11:51:27+00:00,k3s-w2,Ready
2026-06-29T11:51:28+00:00,k3s-s1,Ready
2026-06-29T11:51:28+00:00,k3s-s2,NotReady
2026-06-29T11:51:28+00:00,k3s-s3,Ready
2026-06-29T11:51:28+00:00,k3s-w1,Ready
2026-06-29T11:51:28+00:00,k3s-w2,Ready
2026-06-29T11:51:29+00:00,k3s-s1,Ready
2026-06-29T11:51:29+00:00,k3s-s2,NotReady
2026-06-29T11:51:29+00:00,k3s-s3,Ready
2026-06-29T11:51:29+00:00,k3s-w1,Ready
2026-06-29T11:51:29+00:00,k3s-w2,Ready
2026-06-29T11:51:30+00:00,k3s-s1,Ready
2026-06-29T11:51:30+00:00,k3s-s2,NotReady
2026-06-29T11:51:30+00:00,k3s-s3,Ready
2026-06-29T11:51:30+00:00,k3s-w1,Ready
2026-06-29T11:51:30+00:00,k3s-w2,Ready
2026-06-29T11:51:31+00:00,k3s-s1,Ready
2026-06-29T11:51:31+00:00,k3s-s2,NotReady
2026-06-29T11:51:31+00:00,k3s-s3,Ready
2026-06-29T11:51:31+00:00,k3s-w1,Ready
2026-06-29T11:51:31+00:00,k3s-w2,Ready
2026-06-29T11:51:32+00:00,k3s-s1,Ready
2026-06-29T11:51:32+00:00,k3s-s2,NotReady
2026-06-29T11:51:32+00:00,k3s-s3,Ready
2026-06-29T11:51:32+00:00,k3s-w1,Ready
2026-06-29T11:51:32+00:00,k3s-w2,Ready
2026-06-29T11:51:33+00:00,k3s-s1,Ready
2026-06-29T11:51:33+00:00,k3s-s2,NotReady
2026-06-29T11:51:33+00:00,k3s-s3,Ready
2026-06-29T11:51:33+00:00,k3s-w1,Ready
2026-06-29T11:51:33+00:00,k3s-w2,Ready
2026-06-29T11:51:34+00:00,k3s-s1,Ready
2026-06-29T11:51:34+00:00,k3s-s2,NotReady
2026-06-29T11:51:34+00:00,k3s-s3,Ready
2026-06-29T11:51:34+00:00,k3s-w1,Ready
2026-06-29T11:51:34+00:00,k3s-w2,Ready
2026-06-29T11:51:36+00:00,k3s-s1,Ready
2026-06-29T11:51:36+00:00,k3s-s2,NotReady
2026-06-29T11:51:36+00:00,k3s-s3,Ready
2026-06-29T11:51:36+00:00,k3s-w1,Ready
2026-06-29T11:51:36+00:00,k3s-w2,Ready
2026-06-29T11:51:37+00:00,k3s-s1,Ready
2026-06-29T11:51:37+00:00,k3s-s2,NotReady
2026-06-29T11:51:37+00:00,k3s-s3,Ready
2026-06-29T11:51:37+00:00,k3s-w1,Ready
2026-06-29T11:51:37+00:00,k3s-w2,Ready
2026-06-29T11:51:38+00:00,k3s-s1,Ready
2026-06-29T11:51:38+00:00,k3s-s2,NotReady
2026-06-29T11:51:38+00:00,k3s-s3,Ready
2026-06-29T11:51:38+00:00,k3s-w1,Ready
2026-06-29T11:51:38+00:00,k3s-w2,Ready
2026-06-29T11:51:39+00:00,k3s-s1,Ready
2026-06-29T11:51:39+00:00,k3s-s2,NotReady
2026-06-29T11:51:39+00:00,k3s-s3,Ready
2026-06-29T11:51:39+00:00,k3s-w1,Ready
2026-06-29T11:51:39+00:00,k3s-w2,Ready
2026-06-29T11:51:40+00:00,k3s-s1,Ready
2026-06-29T11:51:40+00:00,k3s-s2,NotReady
2026-06-29T11:51:40+00:00,k3s-s3,Ready
2026-06-29T11:51:40+00:00,k3s-w1,Ready
2026-06-29T11:51:40+00:00,k3s-w2,Ready
2026-06-29T11:51:41+00:00,k3s-s1,Ready
2026-06-29T11:51:41+00:00,k3s-s2,NotReady
2026-06-29T11:51:41+00:00,k3s-s3,Ready
2026-06-29T11:51:41+00:00,k3s-w1,Ready
2026-06-29T11:51:41+00:00,k3s-w2,Ready
2026-06-29T11:51:42+00:00,k3s-s1,Ready
2026-06-29T11:51:42+00:00,k3s-s2,NotReady
2026-06-29T11:51:42+00:00,k3s-s3,Ready
2026-06-29T11:51:42+00:00,k3s-w1,Ready
2026-06-29T11:51:42+00:00,k3s-w2,Ready
2026-06-29T11:51:43+00:00,k3s-s1,Ready
2026-06-29T11:51:43+00:00,k3s-s2,NotReady
2026-06-29T11:51:43+00:00,k3s-s3,Ready
2026-06-29T11:51:43+00:00,k3s-w1,Ready
2026-06-29T11:51:43+00:00,k3s-w2,Ready
2026-06-29T11:51:44+00:00,k3s-s1,Ready
2026-06-29T11:51:44+00:00,k3s-s2,NotReady
2026-06-29T11:51:44+00:00,k3s-s3,Ready
2026-06-29T11:51:44+00:00,k3s-w1,Ready
2026-06-29T11:51:44+00:00,k3s-w2,Ready
2026-06-29T11:51:45+00:00,k3s-s1,Ready
2026-06-29T11:51:45+00:00,k3s-s2,NotReady
2026-06-29T11:51:45+00:00,k3s-s3,Ready
2026-06-29T11:51:45+00:00,k3s-w1,Ready
2026-06-29T11:51:45+00:00,k3s-w2,Ready
2026-06-29T11:51:46+00:00,k3s-s1,Ready
2026-06-29T11:51:46+00:00,k3s-s2,NotReady
2026-06-29T11:51:46+00:00,k3s-s3,Ready
2026-06-29T11:51:46+00:00,k3s-w1,Ready
2026-06-29T11:51:46+00:00,k3s-w2,Ready
2026-06-29T11:51:47+00:00,k3s-s1,Ready
2026-06-29T11:51:47+00:00,k3s-s2,NotReady
2026-06-29T11:51:47+00:00,k3s-s3,Ready
2026-06-29T11:51:47+00:00,k3s-w1,Ready
2026-06-29T11:51:47+00:00,k3s-w2,Ready
2026-06-29T11:51:48+00:00,k3s-s1,Ready
2026-06-29T11:51:48+00:00,k3s-s2,NotReady
2026-06-29T11:51:48+00:00,k3s-s3,Ready
2026-06-29T11:51:48+00:00,k3s-w1,Ready
2026-06-29T11:51:48+00:00,k3s-w2,Ready
2026-06-29T11:51:50+00:00,k3s-s1,Ready
2026-06-29T11:51:50+00:00,k3s-s2,NotReady
2026-06-29T11:51:50+00:00,k3s-s3,Ready
2026-06-29T11:51:50+00:00,k3s-w1,Ready
2026-06-29T11:51:50+00:00,k3s-w2,Ready
2026-06-29T11:51:51+00:00,k3s-s1,Ready
2026-06-29T11:51:51+00:00,k3s-s2,NotReady
2026-06-29T11:51:51+00:00,k3s-s3,Ready
2026-06-29T11:51:51+00:00,k3s-w1,Ready
2026-06-29T11:51:51+00:00,k3s-w2,Ready
2026-06-29T11:51:52+00:00,k3s-s1,Ready
2026-06-29T11:51:52+00:00,k3s-s2,NotReady
2026-06-29T11:51:52+00:00,k3s-s3,Ready
2026-06-29T11:51:52+00:00,k3s-w1,Ready
2026-06-29T11:51:52+00:00,k3s-w2,Ready
2026-06-29T11:51:53+00:00,k3s-s1,Ready
2026-06-29T11:51:53+00:00,k3s-s2,NotReady
2026-06-29T11:51:53+00:00,k3s-s3,Ready
2026-06-29T11:51:53+00:00,k3s-w1,Ready
2026-06-29T11:51:53+00:00,k3s-w2,Ready
2026-06-29T11:51:54+00:00,k3s-s1,Ready
2026-06-29T11:51:54+00:00,k3s-s2,NotReady
2026-06-29T11:51:54+00:00,k3s-s3,Ready
2026-06-29T11:51:54+00:00,k3s-w1,Ready
2026-06-29T11:51:54+00:00,k3s-w2,Ready
2026-06-29T11:51:55+00:00,k3s-s1,Ready
2026-06-29T11:51:55+00:00,k3s-s2,NotReady
2026-06-29T11:51:55+00:00,k3s-s3,Ready
2026-06-29T11:51:55+00:00,k3s-w1,Ready
2026-06-29T11:51:55+00:00,k3s-w2,Ready
2026-06-29T11:51:56+00:00,k3s-s1,Ready
2026-06-29T11:51:56+00:00,k3s-s2,NotReady
2026-06-29T11:51:56+00:00,k3s-s3,Ready
2026-06-29T11:51:56+00:00,k3s-w1,Ready
2026-06-29T11:51:56+00:00,k3s-w2,Ready
2026-06-29T11:51:57+00:00,k3s-s1,Ready
2026-06-29T11:51:57+00:00,k3s-s2,NotReady
2026-06-29T11:51:57+00:00,k3s-s3,Ready
2026-06-29T11:51:57+00:00,k3s-w1,Ready
2026-06-29T11:51:57+00:00,k3s-w2,Ready
2026-06-29T11:51:58+00:00,k3s-s1,Ready
2026-06-29T11:51:58+00:00,k3s-s2,NotReady
2026-06-29T11:51:58+00:00,k3s-s3,Ready
2026-06-29T11:51:58+00:00,k3s-w1,Ready
2026-06-29T11:51:58+00:00,k3s-w2,Ready
2026-06-29T11:51:59+00:00,k3s-s1,Ready
2026-06-29T11:51:59+00:00,k3s-s2,NotReady
2026-06-29T11:51:59+00:00,k3s-s3,Ready
2026-06-29T11:51:59+00:00,k3s-w1,Ready
2026-06-29T11:51:59+00:00,k3s-w2,Ready
2026-06-29T11:52:00+00:00,k3s-s1,Ready
2026-06-29T11:52:00+00:00,k3s-s2,NotReady
2026-06-29T11:52:00+00:00,k3s-s3,Ready
2026-06-29T11:52:00+00:00,k3s-w1,Ready
2026-06-29T11:52:00+00:00,k3s-w2,Ready
2026-06-29T11:52:01+00:00,k3s-s1,Ready
2026-06-29T11:52:01+00:00,k3s-s2,NotReady
2026-06-29T11:52:01+00:00,k3s-s3,Ready
2026-06-29T11:52:01+00:00,k3s-w1,Ready
2026-06-29T11:52:01+00:00,k3s-w2,Ready
2026-06-29T11:52:03+00:00,k3s-s1,Ready
2026-06-29T11:52:03+00:00,k3s-s2,NotReady
2026-06-29T11:52:03+00:00,k3s-s3,Ready
2026-06-29T11:52:03+00:00,k3s-w1,Ready
2026-06-29T11:52:03+00:00,k3s-w2,Ready
2026-06-29T11:52:04+00:00,k3s-s1,Ready
2026-06-29T11:52:04+00:00,k3s-s2,NotReady
2026-06-29T11:52:04+00:00,k3s-s3,Ready
2026-06-29T11:52:04+00:00,k3s-w1,Ready
2026-06-29T11:52:04+00:00,k3s-w2,Ready
2026-06-29T11:52:05+00:00,k3s-s1,Ready
2026-06-29T11:52:05+00:00,k3s-s2,NotReady
2026-06-29T11:52:05+00:00,k3s-s3,Ready
2026-06-29T11:52:05+00:00,k3s-w1,Ready
2026-06-29T11:52:05+00:00,k3s-w2,Ready
2026-06-29T11:52:06+00:00,k3s-s1,Ready
2026-06-29T11:52:06+00:00,k3s-s2,NotReady
2026-06-29T11:52:06+00:00,k3s-s3,Ready
2026-06-29T11:52:06+00:00,k3s-w1,Ready
2026-06-29T11:52:06+00:00,k3s-w2,Ready
2026-06-29T11:52:07+00:00,k3s-s1,Ready
2026-06-29T11:52:07+00:00,k3s-s2,NotReady
2026-06-29T11:52:07+00:00,k3s-s3,Ready
2026-06-29T11:52:07+00:00,k3s-w1,Ready
2026-06-29T11:52:07+00:00,k3s-w2,Ready
2026-06-29T11:52:08+00:00,k3s-s1,Ready
2026-06-29T11:52:08+00:00,k3s-s2,NotReady
2026-06-29T11:52:08+00:00,k3s-s3,Ready
2026-06-29T11:52:08+00:00,k3s-w1,Ready
2026-06-29T11:52:08+00:00,k3s-w2,Ready
2026-06-29T11:52:09+00:00,k3s-s1,Ready
2026-06-29T11:52:09+00:00,k3s-s2,NotReady
2026-06-29T11:52:09+00:00,k3s-s3,Ready
2026-06-29T11:52:09+00:00,k3s-w1,Ready
2026-06-29T11:52:09+00:00,k3s-w2,Ready
2026-06-29T11:52:10+00:00,k3s-s1,Ready
2026-06-29T11:52:10+00:00,k3s-s2,NotReady
2026-06-29T11:52:10+00:00,k3s-s3,Ready
2026-06-29T11:52:10+00:00,k3s-w1,Ready
2026-06-29T11:52:10+00:00,k3s-w2,Ready
2026-06-29T11:52:11+00:00,k3s-s1,Ready
2026-06-29T11:52:11+00:00,k3s-s2,NotReady
2026-06-29T11:52:11+00:00,k3s-s3,Ready
2026-06-29T11:52:11+00:00,k3s-w1,Ready
2026-06-29T11:52:11+00:00,k3s-w2,Ready
2026-06-29T11:52:12+00:00,k3s-s1,Ready
2026-06-29T11:52:12+00:00,k3s-s2,NotReady
2026-06-29T11:52:12+00:00,k3s-s3,Ready
2026-06-29T11:52:12+00:00,k3s-w1,Ready
2026-06-29T11:52:12+00:00,k3s-w2,Ready
2026-06-29T11:52:13+00:00,k3s-s1,Ready
2026-06-29T11:52:13+00:00,k3s-s2,NotReady
2026-06-29T11:52:13+00:00,k3s-s3,Ready
2026-06-29T11:52:13+00:00,k3s-w1,Ready
2026-06-29T11:52:13+00:00,k3s-w2,Ready
2026-06-29T11:52:14+00:00,k3s-s1,Ready
2026-06-29T11:52:14+00:00,k3s-s2,NotReady
2026-06-29T11:52:14+00:00,k3s-s3,Ready
2026-06-29T11:52:14+00:00,k3s-w1,Ready
2026-06-29T11:52:14+00:00,k3s-w2,Ready
2026-06-29T11:52:15+00:00,k3s-s1,Ready
2026-06-29T11:52:15+00:00,k3s-s2,NotReady
2026-06-29T11:52:15+00:00,k3s-s3,Ready
2026-06-29T11:52:15+00:00,k3s-w1,Ready
2026-06-29T11:52:15+00:00,k3s-w2,Ready
2026-06-29T11:52:17+00:00,k3s-s1,Ready
2026-06-29T11:52:17+00:00,k3s-s2,NotReady
2026-06-29T11:52:17+00:00,k3s-s3,Ready
2026-06-29T11:52:17+00:00,k3s-w1,Ready
2026-06-29T11:52:17+00:00,k3s-w2,Ready
2026-06-29T11:52:18+00:00,k3s-s1,Ready
2026-06-29T11:52:18+00:00,k3s-s2,NotReady
2026-06-29T11:52:18+00:00,k3s-s3,Ready
2026-06-29T11:52:18+00:00,k3s-w1,Ready
2026-06-29T11:52:18+00:00,k3s-w2,Ready
2026-06-29T11:52:19+00:00,k3s-s1,Ready
2026-06-29T11:52:19+00:00,k3s-s2,NotReady
2026-06-29T11:52:19+00:00,k3s-s3,Ready
2026-06-29T11:52:19+00:00,k3s-w1,Ready
2026-06-29T11:52:19+00:00,k3s-w2,Ready
2026-06-29T11:52:20+00:00,k3s-s1,Ready
2026-06-29T11:52:20+00:00,k3s-s2,NotReady
2026-06-29T11:52:20+00:00,k3s-s3,Ready
2026-06-29T11:52:20+00:00,k3s-w1,Ready
2026-06-29T11:52:20+00:00,k3s-w2,Ready
2026-06-29T11:52:21+00:00,k3s-s1,Ready
2026-06-29T11:52:21+00:00,k3s-s2,NotReady
2026-06-29T11:52:21+00:00,k3s-s3,Ready
2026-06-29T11:52:21+00:00,k3s-w1,Ready
2026-06-29T11:52:21+00:00,k3s-w2,Ready
2026-06-29T11:52:22+00:00,k3s-s1,Ready
2026-06-29T11:52:22+00:00,k3s-s2,NotReady
2026-06-29T11:52:22+00:00,k3s-s3,Ready
2026-06-29T11:52:22+00:00,k3s-w1,Ready
2026-06-29T11:52:22+00:00,k3s-w2,Ready
2026-06-29T11:52:23+00:00,k3s-s1,Ready
2026-06-29T11:52:23+00:00,k3s-s2,NotReady
2026-06-29T11:52:23+00:00,k3s-s3,Ready
2026-06-29T11:52:23+00:00,k3s-w1,Ready
2026-06-29T11:52:23+00:00,k3s-w2,Ready
2026-06-29T11:52:24+00:00,k3s-s1,Ready
2026-06-29T11:52:24+00:00,k3s-s2,NotReady
2026-06-29T11:52:24+00:00,k3s-s3,Ready
2026-06-29T11:52:24+00:00,k3s-w1,Ready
2026-06-29T11:52:24+00:00,k3s-w2,Ready
2026-06-29T11:52:25+00:00,k3s-s1,Ready
2026-06-29T11:52:25+00:00,k3s-s2,NotReady
2026-06-29T11:52:25+00:00,k3s-s3,Ready
2026-06-29T11:52:25+00:00,k3s-w1,Ready
2026-06-29T11:52:25+00:00,k3s-w2,Ready
2026-06-29T11:52:26+00:00,k3s-s1,Ready
2026-06-29T11:52:26+00:00,k3s-s2,NotReady
2026-06-29T11:52:26+00:00,k3s-s3,Ready
2026-06-29T11:52:26+00:00,k3s-w1,Ready
2026-06-29T11:52:26+00:00,k3s-w2,Ready
2026-06-29T11:52:27+00:00,k3s-s1,Ready
2026-06-29T11:52:27+00:00,k3s-s2,NotReady
2026-06-29T11:52:27+00:00,k3s-s3,Ready
2026-06-29T11:52:27+00:00,k3s-w1,Ready
2026-06-29T11:52:27+00:00,k3s-w2,Ready
2026-06-29T11:52:28+00:00,k3s-s1,Ready
2026-06-29T11:52:28+00:00,k3s-s2,NotReady
2026-06-29T11:52:28+00:00,k3s-s3,Ready
2026-06-29T11:52:28+00:00,k3s-w1,Ready
2026-06-29T11:52:28+00:00,k3s-w2,Ready
2026-06-29T11:52:29+00:00,k3s-s1,Ready
2026-06-29T11:52:29+00:00,k3s-s2,NotReady
2026-06-29T11:52:29+00:00,k3s-s3,Ready
2026-06-29T11:52:29+00:00,k3s-w1,Ready
2026-06-29T11:52:29+00:00,k3s-w2,Ready
2026-06-29T11:52:31+00:00,k3s-s1,Ready
2026-06-29T11:52:31+00:00,k3s-s2,NotReady
2026-06-29T11:52:31+00:00,k3s-s3,Ready
2026-06-29T11:52:31+00:00,k3s-w1,Ready
2026-06-29T11:52:31+00:00,k3s-w2,Ready
2026-06-29T11:52:32+00:00,k3s-s1,Ready
2026-06-29T11:52:32+00:00,k3s-s2,NotReady
2026-06-29T11:52:32+00:00,k3s-s3,Ready
2026-06-29T11:52:32+00:00,k3s-w1,Ready
2026-06-29T11:52:32+00:00,k3s-w2,Ready
2026-06-29T11:52:33+00:00,k3s-s1,Ready
2026-06-29T11:52:33+00:00,k3s-s2,NotReady
2026-06-29T11:52:33+00:00,k3s-s3,Ready
2026-06-29T11:52:33+00:00,k3s-w1,Ready
2026-06-29T11:52:33+00:00,k3s-w2,Ready
2026-06-29T11:52:34+00:00,k3s-s1,Ready
2026-06-29T11:52:34+00:00,k3s-s2,NotReady
2026-06-29T11:52:34+00:00,k3s-s3,Ready
2026-06-29T11:52:34+00:00,k3s-w1,Ready
2026-06-29T11:52:34+00:00,k3s-w2,Ready
2026-06-29T11:52:35+00:00,k3s-s1,Ready
2026-06-29T11:52:35+00:00,k3s-s2,NotReady
2026-06-29T11:52:35+00:00,k3s-s3,Ready
2026-06-29T11:52:35+00:00,k3s-w1,Ready
2026-06-29T11:52:35+00:00,k3s-w2,Ready
2026-06-29T11:52:36+00:00,k3s-s1,Ready
2026-06-29T11:52:36+00:00,k3s-s2,NotReady
2026-06-29T11:52:36+00:00,k3s-s3,Ready
2026-06-29T11:52:36+00:00,k3s-w1,Ready
2026-06-29T11:52:36+00:00,k3s-w2,Ready
2026-06-29T11:52:37+00:00,k3s-s1,Ready
2026-06-29T11:52:37+00:00,k3s-s2,NotReady
2026-06-29T11:52:37+00:00,k3s-s3,Ready
2026-06-29T11:52:37+00:00,k3s-w1,Ready
2026-06-29T11:52:37+00:00,k3s-w2,Ready
2026-06-29T11:52:38+00:00,k3s-s1,Ready
2026-06-29T11:52:38+00:00,k3s-s2,NotReady
2026-06-29T11:52:38+00:00,k3s-s3,Ready
2026-06-29T11:52:38+00:00,k3s-w1,Ready
2026-06-29T11:52:38+00:00,k3s-w2,Ready
2026-06-29T11:52:39+00:00,k3s-s1,Ready
2026-06-29T11:52:39+00:00,k3s-s2,NotReady
2026-06-29T11:52:39+00:00,k3s-s3,Ready
2026-06-29T11:52:39+00:00,k3s-w1,Ready
2026-06-29T11:52:39+00:00,k3s-w2,Ready
2026-06-29T11:52:40+00:00,k3s-s1,Ready
2026-06-29T11:52:40+00:00,k3s-s2,NotReady
2026-06-29T11:52:40+00:00,k3s-s3,Ready
2026-06-29T11:52:40+00:00,k3s-w1,Ready
2026-06-29T11:52:40+00:00,k3s-w2,Ready
2026-06-29T11:52:41+00:00,k3s-s1,Ready
2026-06-29T11:52:41+00:00,k3s-s2,NotReady
2026-06-29T11:52:41+00:00,k3s-s3,Ready
2026-06-29T11:52:41+00:00,k3s-w1,Ready
2026-06-29T11:52:41+00:00,k3s-w2,Ready
2026-06-29T11:52:42+00:00,k3s-s1,Ready
2026-06-29T11:52:42+00:00,k3s-s2,NotReady
2026-06-29T11:52:42+00:00,k3s-s3,Ready
2026-06-29T11:52:42+00:00,k3s-w1,Ready
2026-06-29T11:52:42+00:00,k3s-w2,Ready
2026-06-29T11:52:43+00:00,k3s-s1,Ready
2026-06-29T11:52:43+00:00,k3s-s2,NotReady
2026-06-29T11:52:43+00:00,k3s-s3,Ready
2026-06-29T11:52:43+00:00,k3s-w1,Ready
2026-06-29T11:52:43+00:00,k3s-w2,Ready
2026-06-29T11:52:45+00:00,k3s-s1,Ready
2026-06-29T11:52:45+00:00,k3s-s2,NotReady
2026-06-29T11:52:45+00:00,k3s-s3,Ready
2026-06-29T11:52:45+00:00,k3s-w1,Ready
2026-06-29T11:52:45+00:00,k3s-w2,Ready
2026-06-29T11:52:46+00:00,k3s-s1,Ready
2026-06-29T11:52:46+00:00,k3s-s2,NotReady
2026-06-29T11:52:46+00:00,k3s-s3,Ready
2026-06-29T11:52:46+00:00,k3s-w1,Ready
2026-06-29T11:52:46+00:00,k3s-w2,Ready
2026-06-29T11:52:47+00:00,k3s-s1,Ready
2026-06-29T11:52:47+00:00,k3s-s2,NotReady
2026-06-29T11:52:47+00:00,k3s-s3,Ready
2026-06-29T11:52:47+00:00,k3s-w1,Ready
2026-06-29T11:52:47+00:00,k3s-w2,Ready
2026-06-29T11:52:48+00:00,k3s-s1,Ready
2026-06-29T11:52:48+00:00,k3s-s2,NotReady
2026-06-29T11:52:48+00:00,k3s-s3,Ready
2026-06-29T11:52:48+00:00,k3s-w1,Ready
2026-06-29T11:52:48+00:00,k3s-w2,Ready
2026-06-29T11:52:49+00:00,k3s-s1,Ready
2026-06-29T11:52:49+00:00,k3s-s2,NotReady
2026-06-29T11:52:49+00:00,k3s-s3,Ready
2026-06-29T11:52:49+00:00,k3s-w1,Ready
2026-06-29T11:52:49+00:00,k3s-w2,Ready
2026-06-29T11:52:50+00:00,k3s-s1,Ready
2026-06-29T11:52:50+00:00,k3s-s2,NotReady
2026-06-29T11:52:50+00:00,k3s-s3,Ready
2026-06-29T11:52:50+00:00,k3s-w1,Ready
2026-06-29T11:52:50+00:00,k3s-w2,Ready
2026-06-29T11:52:51+00:00,k3s-s1,Ready
2026-06-29T11:52:51+00:00,k3s-s2,NotReady
2026-06-29T11:52:51+00:00,k3s-s3,Ready
2026-06-29T11:52:51+00:00,k3s-w1,Ready
2026-06-29T11:52:51+00:00,k3s-w2,Ready
2026-06-29T11:52:52+00:00,k3s-s1,Ready
2026-06-29T11:52:52+00:00,k3s-s2,NotReady
2026-06-29T11:52:52+00:00,k3s-s3,Ready
2026-06-29T11:52:52+00:00,k3s-w1,Ready
2026-06-29T11:52:52+00:00,k3s-w2,Ready
2026-06-29T11:52:53+00:00,k3s-s1,Ready
2026-06-29T11:52:53+00:00,k3s-s2,NotReady
2026-06-29T11:52:53+00:00,k3s-s3,Ready
2026-06-29T11:52:53+00:00,k3s-w1,Ready
2026-06-29T11:52:53+00:00,k3s-w2,Ready
2026-06-29T11:52:54+00:00,k3s-s1,Ready
2026-06-29T11:52:54+00:00,k3s-s2,NotReady
2026-06-29T11:52:54+00:00,k3s-s3,Ready
2026-06-29T11:52:54+00:00,k3s-w1,Ready
2026-06-29T11:52:54+00:00,k3s-w2,Ready
2026-06-29T11:52:55+00:00,k3s-s1,Ready
2026-06-29T11:52:55+00:00,k3s-s2,NotReady
2026-06-29T11:52:55+00:00,k3s-s3,Ready
2026-06-29T11:52:55+00:00,k3s-w1,Ready
2026-06-29T11:52:55+00:00,k3s-w2,Ready
2026-06-29T11:52:56+00:00,k3s-s1,Ready
2026-06-29T11:52:56+00:00,k3s-s2,NotReady
2026-06-29T11:52:56+00:00,k3s-s3,Ready
2026-06-29T11:52:56+00:00,k3s-w1,Ready
2026-06-29T11:52:56+00:00,k3s-w2,Ready
2026-06-29T11:52:57+00:00,k3s-s1,Ready
2026-06-29T11:52:57+00:00,k3s-s2,NotReady
2026-06-29T11:52:57+00:00,k3s-s3,Ready
2026-06-29T11:52:57+00:00,k3s-w1,Ready
2026-06-29T11:52:57+00:00,k3s-w2,Ready
2026-06-29T11:52:59+00:00,k3s-s1,Ready
2026-06-29T11:52:59+00:00,k3s-s2,NotReady
2026-06-29T11:52:59+00:00,k3s-s3,Ready
2026-06-29T11:52:59+00:00,k3s-w1,Ready
2026-06-29T11:52:59+00:00,k3s-w2,Ready
2026-06-29T11:53:00+00:00,k3s-s1,Ready
2026-06-29T11:53:00+00:00,k3s-s2,NotReady
2026-06-29T11:53:00+00:00,k3s-s3,Ready
2026-06-29T11:53:00+00:00,k3s-w1,Ready
2026-06-29T11:53:00+00:00,k3s-w2,Ready
2026-06-29T11:53:01+00:00,k3s-s1,Ready
2026-06-29T11:53:01+00:00,k3s-s2,NotReady
2026-06-29T11:53:01+00:00,k3s-s3,Ready
2026-06-29T11:53:01+00:00,k3s-w1,Ready
2026-06-29T11:53:01+00:00,k3s-w2,Ready
2026-06-29T11:53:02+00:00,k3s-s1,Ready
2026-06-29T11:53:02+00:00,k3s-s2,NotReady
2026-06-29T11:53:02+00:00,k3s-s3,Ready
2026-06-29T11:53:02+00:00,k3s-w1,Ready
2026-06-29T11:53:02+00:00,k3s-w2,Ready
2026-06-29T11:53:03+00:00,k3s-s1,Ready
2026-06-29T11:53:03+00:00,k3s-s2,NotReady
2026-06-29T11:53:03+00:00,k3s-s3,Ready
2026-06-29T11:53:03+00:00,k3s-w1,Ready
2026-06-29T11:53:03+00:00,k3s-w2,Ready
2026-06-29T11:53:04+00:00,k3s-s1,Ready
2026-06-29T11:53:04+00:00,k3s-s2,NotReady
2026-06-29T11:53:04+00:00,k3s-s3,Ready
2026-06-29T11:53:04+00:00,k3s-w1,Ready
2026-06-29T11:53:04+00:00,k3s-w2,Ready
2026-06-29T11:53:05+00:00,k3s-s1,Ready
2026-06-29T11:53:05+00:00,k3s-s2,NotReady
2026-06-29T11:53:05+00:00,k3s-s3,Ready
2026-06-29T11:53:05+00:00,k3s-w1,Ready
2026-06-29T11:53:05+00:00,k3s-w2,Ready
2026-06-29T11:53:06+00:00,k3s-s1,Ready
2026-06-29T11:53:06+00:00,k3s-s2,NotReady
2026-06-29T11:53:06+00:00,k3s-s3,Ready
2026-06-29T11:53:06+00:00,k3s-w1,Ready
2026-06-29T11:53:06+00:00,k3s-w2,Ready
2026-06-29T11:53:07+00:00,k3s-s1,Ready
2026-06-29T11:53:07+00:00,k3s-s2,NotReady
2026-06-29T11:53:07+00:00,k3s-s3,Ready
2026-06-29T11:53:07+00:00,k3s-w1,Ready
2026-06-29T11:53:07+00:00,k3s-w2,Ready
2026-06-29T11:53:08+00:00,k3s-s1,Ready
2026-06-29T11:53:08+00:00,k3s-s2,NotReady
2026-06-29T11:53:08+00:00,k3s-s3,Ready
2026-06-29T11:53:08+00:00,k3s-w1,Ready
2026-06-29T11:53:08+00:00,k3s-w2,Ready
2026-06-29T11:53:09+00:00,k3s-s1,Ready
2026-06-29T11:53:09+00:00,k3s-s2,NotReady
2026-06-29T11:53:09+00:00,k3s-s3,Ready
2026-06-29T11:53:09+00:00,k3s-w1,Ready
2026-06-29T11:53:09+00:00,k3s-w2,Ready
2026-06-29T11:53:10+00:00,k3s-s1,Ready
2026-06-29T11:53:10+00:00,k3s-s2,NotReady
2026-06-29T11:53:10+00:00,k3s-s3,Ready
2026-06-29T11:53:10+00:00,k3s-w1,Ready
2026-06-29T11:53:10+00:00,k3s-w2,Ready
2026-06-29T11:53:11+00:00,k3s-s1,Ready
2026-06-29T11:53:11+00:00,k3s-s2,NotReady
2026-06-29T11:53:11+00:00,k3s-s3,Ready
2026-06-29T11:53:11+00:00,k3s-w1,Ready
2026-06-29T11:53:11+00:00,k3s-w2,Ready
2026-06-29T11:53:13+00:00,k3s-s1,Ready
2026-06-29T11:53:13+00:00,k3s-s2,NotReady
2026-06-29T11:53:13+00:00,k3s-s3,Ready
2026-06-29T11:53:13+00:00,k3s-w1,Ready
2026-06-29T11:53:13+00:00,k3s-w2,Ready
2026-06-29T11:53:14+00:00,k3s-s1,Ready
2026-06-29T11:53:14+00:00,k3s-s2,NotReady
2026-06-29T11:53:14+00:00,k3s-s3,Ready
2026-06-29T11:53:14+00:00,k3s-w1,Ready
2026-06-29T11:53:14+00:00,k3s-w2,Ready
2026-06-29T11:53:15+00:00,k3s-s1,Ready
2026-06-29T11:53:15+00:00,k3s-s2,NotReady
2026-06-29T11:53:15+00:00,k3s-s3,Ready
2026-06-29T11:53:15+00:00,k3s-w1,Ready
2026-06-29T11:53:15+00:00,k3s-w2,Ready
2026-06-29T11:53:16+00:00,k3s-s1,Ready
2026-06-29T11:53:16+00:00,k3s-s2,NotReady
2026-06-29T11:53:16+00:00,k3s-s3,Ready
2026-06-29T11:53:16+00:00,k3s-w1,Ready
2026-06-29T11:53:16+00:00,k3s-w2,Ready
2026-06-29T11:53:17+00:00,k3s-s1,Ready
2026-06-29T11:53:17+00:00,k3s-s2,NotReady
2026-06-29T11:53:17+00:00,k3s-s3,Ready
2026-06-29T11:53:17+00:00,k3s-w1,Ready
2026-06-29T11:53:17+00:00,k3s-w2,Ready
2026-06-29T11:53:18+00:00,k3s-s1,Ready
2026-06-29T11:53:18+00:00,k3s-s2,NotReady
2026-06-29T11:53:18+00:00,k3s-s3,Ready
2026-06-29T11:53:18+00:00,k3s-w1,Ready
2026-06-29T11:53:18+00:00,k3s-w2,Ready
2026-06-29T11:53:19+00:00,k3s-s1,Ready
2026-06-29T11:53:19+00:00,k3s-s2,NotReady
2026-06-29T11:53:19+00:00,k3s-s3,Ready
2026-06-29T11:53:19+00:00,k3s-w1,Ready
2026-06-29T11:53:19+00:00,k3s-w2,Ready
2026-06-29T11:53:20+00:00,k3s-s1,Ready
2026-06-29T11:53:20+00:00,k3s-s2,NotReady
2026-06-29T11:53:20+00:00,k3s-s3,Ready
2026-06-29T11:53:20+00:00,k3s-w1,Ready
2026-06-29T11:53:20+00:00,k3s-w2,Ready
2026-06-29T11:53:21+00:00,k3s-s1,Ready
2026-06-29T11:53:21+00:00,k3s-s2,NotReady
2026-06-29T11:53:21+00:00,k3s-s3,Ready
2026-06-29T11:53:21+00:00,k3s-w1,Ready
2026-06-29T11:53:21+00:00,k3s-w2,Ready
2026-06-29T11:53:22+00:00,k3s-s1,Ready
2026-06-29T11:53:22+00:00,k3s-s2,NotReady
2026-06-29T11:53:22+00:00,k3s-s3,Ready
2026-06-29T11:53:22+00:00,k3s-w1,Ready
2026-06-29T11:53:22+00:00,k3s-w2,Ready
2026-06-29T11:53:23+00:00,k3s-s1,Ready
2026-06-29T11:53:23+00:00,k3s-s2,NotReady
2026-06-29T11:53:23+00:00,k3s-s3,Ready
2026-06-29T11:53:23+00:00,k3s-w1,Ready
2026-06-29T11:53:23+00:00,k3s-w2,Ready
2026-06-29T11:53:24+00:00,k3s-s1,Ready
2026-06-29T11:53:24+00:00,k3s-s2,NotReady
2026-06-29T11:53:24+00:00,k3s-s3,Ready
2026-06-29T11:53:24+00:00,k3s-w1,Ready
2026-06-29T11:53:24+00:00,k3s-w2,Ready
2026-06-29T11:53:25+00:00,k3s-s1,Ready
2026-06-29T11:53:25+00:00,k3s-s2,NotReady
2026-06-29T11:53:25+00:00,k3s-s3,Ready
2026-06-29T11:53:25+00:00,k3s-w1,Ready
2026-06-29T11:53:25+00:00,k3s-w2,Ready
2026-06-29T11:53:27+00:00,k3s-s1,Ready
2026-06-29T11:53:27+00:00,k3s-s2,NotReady
2026-06-29T11:53:27+00:00,k3s-s3,Ready
2026-06-29T11:53:27+00:00,k3s-w1,Ready
2026-06-29T11:53:27+00:00,k3s-w2,Ready
2026-06-29T11:53:28+00:00,k3s-s1,Ready
2026-06-29T11:53:28+00:00,k3s-s2,NotReady
2026-06-29T11:53:28+00:00,k3s-s3,Ready
2026-06-29T11:53:28+00:00,k3s-w1,Ready
2026-06-29T11:53:28+00:00,k3s-w2,Ready
2026-06-29T11:53:29+00:00,k3s-s1,Ready
2026-06-29T11:53:29+00:00,k3s-s2,NotReady
2026-06-29T11:53:29+00:00,k3s-s3,Ready
2026-06-29T11:53:29+00:00,k3s-w1,Ready
2026-06-29T11:53:29+00:00,k3s-w2,Ready
2026-06-29T11:53:30+00:00,k3s-s1,Ready
2026-06-29T11:53:30+00:00,k3s-s2,NotReady
2026-06-29T11:53:30+00:00,k3s-s3,Ready
2026-06-29T11:53:30+00:00,k3s-w1,Ready
2026-06-29T11:53:30+00:00,k3s-w2,Ready
2026-06-29T11:53:31+00:00,k3s-s1,Ready
2026-06-29T11:53:31+00:00,k3s-s2,NotReady
2026-06-29T11:53:31+00:00,k3s-s3,Ready
2026-06-29T11:53:31+00:00,k3s-w1,Ready
2026-06-29T11:53:31+00:00,k3s-w2,Ready
2026-06-29T11:53:32+00:00,k3s-s1,Ready
2026-06-29T11:53:32+00:00,k3s-s2,NotReady
2026-06-29T11:53:32+00:00,k3s-s3,Ready
2026-06-29T11:53:32+00:00,k3s-w1,Ready
2026-06-29T11:53:32+00:00,k3s-w2,Ready
2026-06-29T11:53:33+00:00,k3s-s1,Ready
2026-06-29T11:53:33+00:00,k3s-s2,NotReady
2026-06-29T11:53:33+00:00,k3s-s3,Ready
2026-06-29T11:53:33+00:00,k3s-w1,Ready
2026-06-29T11:53:33+00:00,k3s-w2,Ready
2026-06-29T11:53:34+00:00,k3s-s1,Ready
2026-06-29T11:53:34+00:00,k3s-s2,NotReady
2026-06-29T11:53:34+00:00,k3s-s3,Ready
2026-06-29T11:53:34+00:00,k3s-w1,Ready
2026-06-29T11:53:34+00:00,k3s-w2,Ready
2026-06-29T11:53:35+00:00,k3s-s1,Ready
2026-06-29T11:53:35+00:00,k3s-s2,NotReady
2026-06-29T11:53:35+00:00,k3s-s3,Ready
2026-06-29T11:53:35+00:00,k3s-w1,Ready
2026-06-29T11:53:35+00:00,k3s-w2,Ready
2026-06-29T11:53:36+00:00,k3s-s1,Ready
2026-06-29T11:53:36+00:00,k3s-s2,NotReady
2026-06-29T11:53:36+00:00,k3s-s3,Ready
2026-06-29T11:53:36+00:00,k3s-w1,Ready
2026-06-29T11:53:36+00:00,k3s-w2,Ready
2026-06-29T11:53:37+00:00,k3s-s1,Ready
2026-06-29T11:53:37+00:00,k3s-s2,NotReady
2026-06-29T11:53:37+00:00,k3s-s3,Ready
2026-06-29T11:53:37+00:00,k3s-w1,Ready
2026-06-29T11:53:37+00:00,k3s-w2,Ready
2026-06-29T11:53:38+00:00,k3s-s1,Ready
2026-06-29T11:53:38+00:00,k3s-s2,NotReady
2026-06-29T11:53:38+00:00,k3s-s3,Ready
2026-06-29T11:53:38+00:00,k3s-w1,Ready
2026-06-29T11:53:38+00:00,k3s-w2,Ready
2026-06-29T11:53:39+00:00,k3s-s1,Ready
2026-06-29T11:53:39+00:00,k3s-s2,NotReady
2026-06-29T11:53:39+00:00,k3s-s3,Ready
2026-06-29T11:53:39+00:00,k3s-w1,Ready
2026-06-29T11:53:39+00:00,k3s-w2,Ready
2026-06-29T11:53:40+00:00,k3s-s1,Ready
2026-06-29T11:53:40+00:00,k3s-s2,NotReady
2026-06-29T11:53:40+00:00,k3s-s3,Ready
2026-06-29T11:53:40+00:00,k3s-w1,Ready
2026-06-29T11:53:40+00:00,k3s-w2,Ready
2026-06-29T11:53:42+00:00,k3s-s1,Ready
2026-06-29T11:53:42+00:00,k3s-s2,NotReady
2026-06-29T11:53:42+00:00,k3s-s3,Ready
2026-06-29T11:53:42+00:00,k3s-w1,Ready
2026-06-29T11:53:42+00:00,k3s-w2,Ready
2026-06-29T11:53:43+00:00,k3s-s1,Ready
2026-06-29T11:53:43+00:00,k3s-s2,NotReady
2026-06-29T11:53:43+00:00,k3s-s3,Ready
2026-06-29T11:53:43+00:00,k3s-w1,Ready
2026-06-29T11:53:43+00:00,k3s-w2,Ready
2026-06-29T11:53:44+00:00,k3s-s1,Ready
2026-06-29T11:53:44+00:00,k3s-s2,NotReady
2026-06-29T11:53:44+00:00,k3s-s3,Ready
2026-06-29T11:53:44+00:00,k3s-w1,Ready
2026-06-29T11:53:44+00:00,k3s-w2,Ready
2026-06-29T11:53:45+00:00,k3s-s1,Ready
2026-06-29T11:53:45+00:00,k3s-s2,NotReady
2026-06-29T11:53:45+00:00,k3s-s3,Ready
2026-06-29T11:53:45+00:00,k3s-w1,Ready
2026-06-29T11:53:45+00:00,k3s-w2,Ready
2026-06-29T11:53:46+00:00,k3s-s1,Ready
2026-06-29T11:53:46+00:00,k3s-s2,NotReady
2026-06-29T11:53:46+00:00,k3s-s3,Ready
2026-06-29T11:53:46+00:00,k3s-w1,Ready
2026-06-29T11:53:46+00:00,k3s-w2,Ready
2026-06-29T11:53:47+00:00,k3s-s1,Ready
2026-06-29T11:53:47+00:00,k3s-s2,NotReady
2026-06-29T11:53:47+00:00,k3s-s3,Ready
2026-06-29T11:53:47+00:00,k3s-w1,Ready
2026-06-29T11:53:47+00:00,k3s-w2,Ready
2026-06-29T11:53:48+00:00,k3s-s1,Ready
2026-06-29T11:53:48+00:00,k3s-s2,NotReady
2026-06-29T11:53:48+00:00,k3s-s3,Ready
2026-06-29T11:53:48+00:00,k3s-w1,Ready
2026-06-29T11:53:48+00:00,k3s-w2,Ready
2026-06-29T11:53:49+00:00,k3s-s1,Ready
2026-06-29T11:53:49+00:00,k3s-s2,NotReady
2026-06-29T11:53:49+00:00,k3s-s3,Ready
2026-06-29T11:53:49+00:00,k3s-w1,Ready
2026-06-29T11:53:49+00:00,k3s-w2,Ready
2026-06-29T11:53:50+00:00,k3s-s1,Ready
2026-06-29T11:53:50+00:00,k3s-s2,NotReady
2026-06-29T11:53:50+00:00,k3s-s3,Ready
2026-06-29T11:53:50+00:00,k3s-w1,Ready
2026-06-29T11:53:50+00:00,k3s-w2,Ready
2026-06-29T11:53:51+00:00,k3s-s1,Ready
2026-06-29T11:53:51+00:00,k3s-s2,NotReady
2026-06-29T11:53:51+00:00,k3s-s3,Ready
2026-06-29T11:53:51+00:00,k3s-w1,Ready
2026-06-29T11:53:51+00:00,k3s-w2,Ready
2026-06-29T11:53:52+00:00,k3s-s1,Ready
2026-06-29T11:53:52+00:00,k3s-s2,NotReady
2026-06-29T11:53:52+00:00,k3s-s3,Ready
2026-06-29T11:53:52+00:00,k3s-w1,Ready
2026-06-29T11:53:52+00:00,k3s-w2,Ready
2026-06-29T11:53:53+00:00,k3s-s1,Ready
2026-06-29T11:53:53+00:00,k3s-s2,NotReady
2026-06-29T11:53:53+00:00,k3s-s3,Ready
2026-06-29T11:53:53+00:00,k3s-w1,Ready
2026-06-29T11:53:53+00:00,k3s-w2,Ready
2026-06-29T11:53:54+00:00,k3s-s1,Ready
2026-06-29T11:53:54+00:00,k3s-s2,NotReady
2026-06-29T11:53:54+00:00,k3s-s3,Ready
2026-06-29T11:53:54+00:00,k3s-w1,Ready
2026-06-29T11:53:54+00:00,k3s-w2,Ready
2026-06-29T11:53:56+00:00,k3s-s1,Ready
2026-06-29T11:53:56+00:00,k3s-s2,NotReady
2026-06-29T11:53:56+00:00,k3s-s3,Ready
2026-06-29T11:53:56+00:00,k3s-w1,Ready
2026-06-29T11:53:56+00:00,k3s-w2,Ready
2026-06-29T11:53:57+00:00,k3s-s1,Ready
2026-06-29T11:53:57+00:00,k3s-s2,NotReady
2026-06-29T11:53:57+00:00,k3s-s3,Ready
2026-06-29T11:53:57+00:00,k3s-w1,Ready
2026-06-29T11:53:57+00:00,k3s-w2,Ready
2026-06-29T11:53:58+00:00,k3s-s1,Ready
2026-06-29T11:53:58+00:00,k3s-s2,NotReady
2026-06-29T11:53:58+00:00,k3s-s3,Ready
2026-06-29T11:53:58+00:00,k3s-w1,Ready
2026-06-29T11:53:58+00:00,k3s-w2,Ready
2026-06-29T11:53:59+00:00,k3s-s1,Ready
2026-06-29T11:53:59+00:00,k3s-s2,NotReady
2026-06-29T11:53:59+00:00,k3s-s3,Ready
2026-06-29T11:53:59+00:00,k3s-w1,Ready
2026-06-29T11:53:59+00:00,k3s-w2,Ready
2026-06-29T11:54:00+00:00,k3s-s1,Ready
2026-06-29T11:54:00+00:00,k3s-s2,NotReady
2026-06-29T11:54:00+00:00,k3s-s3,Ready
2026-06-29T11:54:00+00:00,k3s-w1,Ready
2026-06-29T11:54:00+00:00,k3s-w2,Ready
2026-06-29T11:54:01+00:00,k3s-s1,Ready
2026-06-29T11:54:01+00:00,k3s-s2,NotReady
2026-06-29T11:54:01+00:00,k3s-s3,Ready
2026-06-29T11:54:01+00:00,k3s-w1,Ready
2026-06-29T11:54:01+00:00,k3s-w2,Ready
2026-06-29T11:54:02+00:00,k3s-s1,Ready
2026-06-29T11:54:02+00:00,k3s-s2,NotReady
2026-06-29T11:54:02+00:00,k3s-s3,Ready
2026-06-29T11:54:02+00:00,k3s-w1,Ready
2026-06-29T11:54:02+00:00,k3s-w2,Ready
2026-06-29T11:54:03+00:00,k3s-s1,Ready
2026-06-29T11:54:03+00:00,k3s-s2,NotReady
2026-06-29T11:54:03+00:00,k3s-s3,Ready
2026-06-29T11:54:03+00:00,k3s-w1,Ready
2026-06-29T11:54:03+00:00,k3s-w2,Ready
2026-06-29T11:54:04+00:00,k3s-s1,Ready
2026-06-29T11:54:04+00:00,k3s-s2,NotReady
2026-06-29T11:54:04+00:00,k3s-s3,Ready
2026-06-29T11:54:04+00:00,k3s-w1,Ready
2026-06-29T11:54:04+00:00,k3s-w2,Ready
2026-06-29T11:54:05+00:00,k3s-s1,Ready
2026-06-29T11:54:05+00:00,k3s-s2,NotReady
2026-06-29T11:54:05+00:00,k3s-s3,Ready
2026-06-29T11:54:05+00:00,k3s-w1,Ready
2026-06-29T11:54:05+00:00,k3s-w2,Ready
2026-06-29T11:54:06+00:00,k3s-s1,Ready
2026-06-29T11:54:06+00:00,k3s-s2,NotReady
2026-06-29T11:54:06+00:00,k3s-s3,Ready
2026-06-29T11:54:06+00:00,k3s-w1,Ready
2026-06-29T11:54:06+00:00,k3s-w2,Ready
2026-06-29T11:54:07+00:00,k3s-s1,Ready
2026-06-29T11:54:07+00:00,k3s-s2,NotReady
2026-06-29T11:54:07+00:00,k3s-s3,Ready
2026-06-29T11:54:07+00:00,k3s-w1,Ready
2026-06-29T11:54:07+00:00,k3s-w2,Ready
2026-06-29T11:54:08+00:00,k3s-s1,Ready
2026-06-29T11:54:08+00:00,k3s-s2,NotReady
2026-06-29T11:54:08+00:00,k3s-s3,Ready
2026-06-29T11:54:08+00:00,k3s-w1,Ready
2026-06-29T11:54:08+00:00,k3s-w2,Ready
2026-06-29T11:54:10+00:00,k3s-s1,Ready
2026-06-29T11:54:10+00:00,k3s-s2,NotReady
2026-06-29T11:54:10+00:00,k3s-s3,Ready
2026-06-29T11:54:10+00:00,k3s-w1,Ready
2026-06-29T11:54:10+00:00,k3s-w2,Ready
2026-06-29T11:54:11+00:00,k3s-s1,Ready
2026-06-29T11:54:11+00:00,k3s-s2,NotReady
2026-06-29T11:54:11+00:00,k3s-s3,Ready
2026-06-29T11:54:11+00:00,k3s-w1,Ready
2026-06-29T11:54:11+00:00,k3s-w2,Ready
2026-06-29T11:54:12+00:00,k3s-s1,Ready
2026-06-29T11:54:12+00:00,k3s-s2,NotReady
2026-06-29T11:54:12+00:00,k3s-s3,Ready
2026-06-29T11:54:12+00:00,k3s-w1,Ready
2026-06-29T11:54:12+00:00,k3s-w2,Ready
2026-06-29T11:54:13+00:00,k3s-s1,Ready
2026-06-29T11:54:13+00:00,k3s-s2,NotReady
2026-06-29T11:54:13+00:00,k3s-s3,Ready
2026-06-29T11:54:13+00:00,k3s-w1,Ready
2026-06-29T11:54:13+00:00,k3s-w2,Ready
2026-06-29T11:54:14+00:00,k3s-s1,Ready
2026-06-29T11:54:14+00:00,k3s-s2,NotReady
2026-06-29T11:54:14+00:00,k3s-s3,Ready
2026-06-29T11:54:14+00:00,k3s-w1,Ready
2026-06-29T11:54:14+00:00,k3s-w2,Ready
2026-06-29T11:54:15+00:00,k3s-s1,Ready
2026-06-29T11:54:15+00:00,k3s-s2,NotReady
2026-06-29T11:54:15+00:00,k3s-s3,Ready
2026-06-29T11:54:15+00:00,k3s-w1,Ready
2026-06-29T11:54:15+00:00,k3s-w2,Ready
2026-06-29T11:54:16+00:00,k3s-s1,Ready
2026-06-29T11:54:16+00:00,k3s-s2,NotReady
2026-06-29T11:54:16+00:00,k3s-s3,Ready
2026-06-29T11:54:16+00:00,k3s-w1,Ready
2026-06-29T11:54:16+00:00,k3s-w2,Ready
2026-06-29T11:54:17+00:00,k3s-s1,Ready
2026-06-29T11:54:17+00:00,k3s-s2,NotReady
2026-06-29T11:54:17+00:00,k3s-s3,Ready
2026-06-29T11:54:17+00:00,k3s-w1,Ready
2026-06-29T11:54:17+00:00,k3s-w2,Ready
2026-06-29T11:54:18+00:00,k3s-s1,Ready
2026-06-29T11:54:18+00:00,k3s-s2,NotReady
2026-06-29T11:54:18+00:00,k3s-s3,Ready
2026-06-29T11:54:18+00:00,k3s-w1,Ready
2026-06-29T11:54:18+00:00,k3s-w2,Ready
2026-06-29T11:54:19+00:00,k3s-s1,Ready
2026-06-29T11:54:19+00:00,k3s-s2,NotReady
2026-06-29T11:54:19+00:00,k3s-s3,Ready
2026-06-29T11:54:19+00:00,k3s-w1,Ready
2026-06-29T11:54:19+00:00,k3s-w2,Ready
2026-06-29T11:54:20+00:00,k3s-s1,Ready
2026-06-29T11:54:20+00:00,k3s-s2,NotReady
2026-06-29T11:54:20+00:00,k3s-s3,Ready
2026-06-29T11:54:20+00:00,k3s-w1,Ready
2026-06-29T11:54:20+00:00,k3s-w2,Ready
2026-06-29T11:54:21+00:00,k3s-s1,Ready
2026-06-29T11:54:21+00:00,k3s-s2,NotReady
2026-06-29T11:54:21+00:00,k3s-s3,Ready
2026-06-29T11:54:21+00:00,k3s-w1,Ready
2026-06-29T11:54:21+00:00,k3s-w2,Ready
2026-06-29T11:54:22+00:00,k3s-s1,Ready
2026-06-29T11:54:22+00:00,k3s-s2,NotReady
2026-06-29T11:54:22+00:00,k3s-s3,Ready
2026-06-29T11:54:22+00:00,k3s-w1,Ready
2026-06-29T11:54:22+00:00,k3s-w2,Ready
2026-06-29T11:54:24+00:00,k3s-s1,Ready
2026-06-29T11:54:24+00:00,k3s-s2,NotReady
2026-06-29T11:54:24+00:00,k3s-s3,Ready
2026-06-29T11:54:24+00:00,k3s-w1,Ready
2026-06-29T11:54:24+00:00,k3s-w2,Ready
2026-06-29T11:54:25+00:00,k3s-s1,Ready
2026-06-29T11:54:25+00:00,k3s-s2,NotReady
2026-06-29T11:54:25+00:00,k3s-s3,Ready
2026-06-29T11:54:25+00:00,k3s-w1,Ready
2026-06-29T11:54:25+00:00,k3s-w2,Ready
2026-06-29T11:54:26+00:00,k3s-s1,Ready
2026-06-29T11:54:26+00:00,k3s-s2,NotReady
2026-06-29T11:54:26+00:00,k3s-s3,Ready
2026-06-29T11:54:26+00:00,k3s-w1,Ready
2026-06-29T11:54:26+00:00,k3s-w2,Ready
2026-06-29T11:54:27+00:00,k3s-s1,Ready
2026-06-29T11:54:27+00:00,k3s-s2,NotReady
2026-06-29T11:54:27+00:00,k3s-s3,Ready
2026-06-29T11:54:27+00:00,k3s-w1,Ready
2026-06-29T11:54:27+00:00,k3s-w2,Ready
2026-06-29T11:54:28+00:00,k3s-s1,Ready
2026-06-29T11:54:28+00:00,k3s-s2,NotReady
2026-06-29T11:54:28+00:00,k3s-s3,Ready
2026-06-29T11:54:28+00:00,k3s-w1,Ready
2026-06-29T11:54:28+00:00,k3s-w2,Ready
2026-06-29T11:54:29+00:00,k3s-s1,Ready
2026-06-29T11:54:29+00:00,k3s-s2,NotReady
2026-06-29T11:54:29+00:00,k3s-s3,Ready
2026-06-29T11:54:29+00:00,k3s-w1,Ready
2026-06-29T11:54:29+00:00,k3s-w2,Ready
2026-06-29T11:54:30+00:00,k3s-s1,Ready
2026-06-29T11:54:30+00:00,k3s-s2,NotReady
2026-06-29T11:54:30+00:00,k3s-s3,Ready
2026-06-29T11:54:30+00:00,k3s-w1,Ready
2026-06-29T11:54:30+00:00,k3s-w2,Ready
2026-06-29T11:54:31+00:00,k3s-s1,Ready
2026-06-29T11:54:31+00:00,k3s-s2,NotReady
2026-06-29T11:54:31+00:00,k3s-s3,Ready
2026-06-29T11:54:31+00:00,k3s-w1,Ready
2026-06-29T11:54:31+00:00,k3s-w2,Ready
2026-06-29T11:54:32+00:00,k3s-s1,Ready
2026-06-29T11:54:32+00:00,k3s-s2,NotReady
2026-06-29T11:54:32+00:00,k3s-s3,Ready
2026-06-29T11:54:32+00:00,k3s-w1,Ready
2026-06-29T11:54:32+00:00,k3s-w2,Ready
2026-06-29T11:54:33+00:00,k3s-s1,Ready
2026-06-29T11:54:33+00:00,k3s-s2,NotReady
2026-06-29T11:54:33+00:00,k3s-s3,Ready
2026-06-29T11:54:33+00:00,k3s-w1,Ready
2026-06-29T11:54:33+00:00,k3s-w2,Ready
2026-06-29T11:54:34+00:00,k3s-s1,Ready
2026-06-29T11:54:34+00:00,k3s-s2,NotReady
2026-06-29T11:54:34+00:00,k3s-s3,Ready
2026-06-29T11:54:34+00:00,k3s-w1,Ready
2026-06-29T11:54:34+00:00,k3s-w2,Ready
2026-06-29T11:54:35+00:00,k3s-s1,Ready
2026-06-29T11:54:35+00:00,k3s-s2,NotReady
2026-06-29T11:54:35+00:00,k3s-s3,Ready
2026-06-29T11:54:35+00:00,k3s-w1,Ready
2026-06-29T11:54:35+00:00,k3s-w2,Ready
2026-06-29T11:54:36+00:00,k3s-s1,Ready
2026-06-29T11:54:36+00:00,k3s-s2,NotReady
2026-06-29T11:54:36+00:00,k3s-s3,Ready
2026-06-29T11:54:36+00:00,k3s-w1,Ready
2026-06-29T11:54:36+00:00,k3s-w2,Ready
2026-06-29T11:54:38+00:00,k3s-s1,Ready
2026-06-29T11:54:38+00:00,k3s-s2,NotReady
2026-06-29T11:54:38+00:00,k3s-s3,Ready
2026-06-29T11:54:38+00:00,k3s-w1,Ready
2026-06-29T11:54:38+00:00,k3s-w2,Ready
2026-06-29T11:54:39+00:00,k3s-s1,Ready
2026-06-29T11:54:39+00:00,k3s-s2,NotReady
2026-06-29T11:54:39+00:00,k3s-s3,Ready
2026-06-29T11:54:39+00:00,k3s-w1,Ready
2026-06-29T11:54:39+00:00,k3s-w2,Ready
2026-06-29T11:54:40+00:00,k3s-s1,Ready
2026-06-29T11:54:40+00:00,k3s-s2,NotReady
2026-06-29T11:54:40+00:00,k3s-s3,Ready
2026-06-29T11:54:40+00:00,k3s-w1,Ready
2026-06-29T11:54:40+00:00,k3s-w2,Ready
2026-06-29T11:54:41+00:00,k3s-s1,Ready
2026-06-29T11:54:41+00:00,k3s-s2,NotReady
2026-06-29T11:54:41+00:00,k3s-s3,Ready
2026-06-29T11:54:41+00:00,k3s-w1,Ready
2026-06-29T11:54:41+00:00,k3s-w2,Ready
2026-06-29T11:54:42+00:00,k3s-s1,Ready
2026-06-29T11:54:42+00:00,k3s-s2,NotReady
2026-06-29T11:54:42+00:00,k3s-s3,Ready
2026-06-29T11:54:42+00:00,k3s-w1,Ready
2026-06-29T11:54:42+00:00,k3s-w2,Ready
2026-06-29T11:54:43+00:00,k3s-s1,Ready
2026-06-29T11:54:43+00:00,k3s-s2,NotReady
2026-06-29T11:54:43+00:00,k3s-s3,Ready
2026-06-29T11:54:43+00:00,k3s-w1,Ready
2026-06-29T11:54:43+00:00,k3s-w2,Ready
2026-06-29T11:54:44+00:00,k3s-s1,Ready
2026-06-29T11:54:44+00:00,k3s-s2,NotReady
2026-06-29T11:54:44+00:00,k3s-s3,Ready
2026-06-29T11:54:44+00:00,k3s-w1,Ready
2026-06-29T11:54:44+00:00,k3s-w2,Ready
2026-06-29T11:54:45+00:00,k3s-s1,Ready
2026-06-29T11:54:45+00:00,k3s-s2,NotReady
2026-06-29T11:54:45+00:00,k3s-s3,Ready
2026-06-29T11:54:45+00:00,k3s-w1,Ready
2026-06-29T11:54:45+00:00,k3s-w2,Ready
2026-06-29T11:54:46+00:00,k3s-s1,Ready
2026-06-29T11:54:46+00:00,k3s-s2,NotReady
2026-06-29T11:54:46+00:00,k3s-s3,Ready
2026-06-29T11:54:46+00:00,k3s-w1,Ready
2026-06-29T11:54:46+00:00,k3s-w2,Ready
2026-06-29T11:54:47+00:00,k3s-s1,Ready
2026-06-29T11:54:47+00:00,k3s-s2,NotReady
2026-06-29T11:54:47+00:00,k3s-s3,Ready
2026-06-29T11:54:47+00:00,k3s-w1,Ready
2026-06-29T11:54:47+00:00,k3s-w2,Ready
2026-06-29T11:54:48+00:00,k3s-s1,Ready
2026-06-29T11:54:48+00:00,k3s-s2,NotReady
2026-06-29T11:54:48+00:00,k3s-s3,Ready
2026-06-29T11:54:48+00:00,k3s-w1,Ready
2026-06-29T11:54:48+00:00,k3s-w2,Ready
2026-06-29T11:54:49+00:00,k3s-s1,Ready
2026-06-29T11:54:49+00:00,k3s-s2,NotReady
2026-06-29T11:54:49+00:00,k3s-s3,Ready
2026-06-29T11:54:49+00:00,k3s-w1,Ready
2026-06-29T11:54:49+00:00,k3s-w2,Ready
2026-06-29T11:54:50+00:00,k3s-s1,Ready
2026-06-29T11:54:50+00:00,k3s-s2,NotReady
2026-06-29T11:54:50+00:00,k3s-s3,Ready
2026-06-29T11:54:50+00:00,k3s-w1,Ready
2026-06-29T11:54:50+00:00,k3s-w2,Ready
2026-06-29T11:54:52+00:00,k3s-s1,Ready
2026-06-29T11:54:52+00:00,k3s-s2,NotReady
2026-06-29T11:54:52+00:00,k3s-s3,Ready
2026-06-29T11:54:52+00:00,k3s-w1,Ready
2026-06-29T11:54:52+00:00,k3s-w2,Ready
2026-06-29T11:54:53+00:00,k3s-s1,Ready
2026-06-29T11:54:53+00:00,k3s-s2,NotReady
2026-06-29T11:54:53+00:00,k3s-s3,Ready
2026-06-29T11:54:53+00:00,k3s-w1,Ready
2026-06-29T11:54:53+00:00,k3s-w2,Ready
2026-06-29T11:54:54+00:00,k3s-s1,Ready
2026-06-29T11:54:54+00:00,k3s-s2,NotReady
2026-06-29T11:54:54+00:00,k3s-s3,Ready
2026-06-29T11:54:54+00:00,k3s-w1,Ready
2026-06-29T11:54:54+00:00,k3s-w2,Ready
2026-06-29T11:54:55+00:00,k3s-s1,Ready
2026-06-29T11:54:55+00:00,k3s-s2,NotReady
2026-06-29T11:54:55+00:00,k3s-s3,Ready
2026-06-29T11:54:55+00:00,k3s-w1,Ready
2026-06-29T11:54:55+00:00,k3s-w2,Ready
2026-06-29T11:54:56+00:00,k3s-s1,Ready
2026-06-29T11:54:56+00:00,k3s-s2,NotReady
2026-06-29T11:54:56+00:00,k3s-s3,Ready
2026-06-29T11:54:56+00:00,k3s-w1,Ready
2026-06-29T11:54:56+00:00,k3s-w2,Ready
2026-06-29T11:54:57+00:00,k3s-s1,Ready
2026-06-29T11:54:57+00:00,k3s-s2,NotReady
2026-06-29T11:54:57+00:00,k3s-s3,Ready
2026-06-29T11:54:57+00:00,k3s-w1,Ready
2026-06-29T11:54:57+00:00,k3s-w2,Ready
2026-06-29T11:54:58+00:00,k3s-s1,Ready
2026-06-29T11:54:58+00:00,k3s-s2,NotReady
2026-06-29T11:54:58+00:00,k3s-s3,Ready
2026-06-29T11:54:58+00:00,k3s-w1,Ready
2026-06-29T11:54:58+00:00,k3s-w2,Ready
2026-06-29T11:54:59+00:00,k3s-s1,Ready
2026-06-29T11:54:59+00:00,k3s-s2,NotReady
2026-06-29T11:54:59+00:00,k3s-s3,Ready
2026-06-29T11:54:59+00:00,k3s-w1,Ready
2026-06-29T11:54:59+00:00,k3s-w2,Ready
2026-06-29T11:55:00+00:00,k3s-s1,Ready
2026-06-29T11:55:00+00:00,k3s-s2,NotReady
2026-06-29T11:55:00+00:00,k3s-s3,Ready
2026-06-29T11:55:00+00:00,k3s-w1,Ready
2026-06-29T11:55:00+00:00,k3s-w2,Ready
2026-06-29T11:55:01+00:00,k3s-s1,Ready
2026-06-29T11:55:01+00:00,k3s-s2,NotReady
2026-06-29T11:55:01+00:00,k3s-s3,Ready
2026-06-29T11:55:01+00:00,k3s-w1,Ready
2026-06-29T11:55:01+00:00,k3s-w2,Ready
2026-06-29T11:55:02+00:00,k3s-s1,Ready
2026-06-29T11:55:02+00:00,k3s-s2,NotReady
2026-06-29T11:55:02+00:00,k3s-s3,Ready
2026-06-29T11:55:02+00:00,k3s-w1,Ready
2026-06-29T11:55:02+00:00,k3s-w2,Ready
2026-06-29T11:55:03+00:00,k3s-s1,Ready
2026-06-29T11:55:03+00:00,k3s-s2,NotReady
2026-06-29T11:55:03+00:00,k3s-s3,Ready
2026-06-29T11:55:03+00:00,k3s-w1,Ready
2026-06-29T11:55:03+00:00,k3s-w2,Ready
2026-06-29T11:55:05+00:00,k3s-s1,Ready
2026-06-29T11:55:05+00:00,k3s-s2,NotReady
2026-06-29T11:55:05+00:00,k3s-s3,Ready
2026-06-29T11:55:05+00:00,k3s-w1,Ready
2026-06-29T11:55:05+00:00,k3s-w2,Ready
2026-06-29T11:55:06+00:00,k3s-s1,Ready
2026-06-29T11:55:06+00:00,k3s-s2,NotReady
2026-06-29T11:55:06+00:00,k3s-s3,Ready
2026-06-29T11:55:06+00:00,k3s-w1,Ready
2026-06-29T11:55:06+00:00,k3s-w2,Ready
2026-06-29T11:55:07+00:00,k3s-s1,Ready
2026-06-29T11:55:07+00:00,k3s-s2,NotReady
2026-06-29T11:55:07+00:00,k3s-s3,Ready
2026-06-29T11:55:07+00:00,k3s-w1,Ready
2026-06-29T11:55:07+00:00,k3s-w2,Ready
2026-06-29T11:55:08+00:00,k3s-s1,Ready
2026-06-29T11:55:08+00:00,k3s-s2,NotReady
2026-06-29T11:55:08+00:00,k3s-s3,Ready
2026-06-29T11:55:08+00:00,k3s-w1,Ready
2026-06-29T11:55:08+00:00,k3s-w2,Ready
2026-06-29T11:55:09+00:00,k3s-s1,Ready
2026-06-29T11:55:09+00:00,k3s-s2,NotReady
2026-06-29T11:55:09+00:00,k3s-s3,Ready
2026-06-29T11:55:09+00:00,k3s-w1,Ready
2026-06-29T11:55:09+00:00,k3s-w2,Ready
2026-06-29T11:55:10+00:00,k3s-s1,Ready
2026-06-29T11:55:10+00:00,k3s-s2,NotReady
2026-06-29T11:55:10+00:00,k3s-s3,Ready
2026-06-29T11:55:10+00:00,k3s-w1,Ready
2026-06-29T11:55:10+00:00,k3s-w2,Ready
2026-06-29T11:55:11+00:00,k3s-s1,Ready
2026-06-29T11:55:11+00:00,k3s-s2,NotReady
2026-06-29T11:55:11+00:00,k3s-s3,Ready
2026-06-29T11:55:11+00:00,k3s-w1,Ready
2026-06-29T11:55:11+00:00,k3s-w2,Ready
2026-06-29T11:55:12+00:00,k3s-s1,Ready
2026-06-29T11:55:12+00:00,k3s-s2,NotReady
2026-06-29T11:55:12+00:00,k3s-s3,Ready
2026-06-29T11:55:12+00:00,k3s-w1,Ready
2026-06-29T11:55:12+00:00,k3s-w2,Ready
2026-06-29T11:55:13+00:00,k3s-s1,Ready
2026-06-29T11:55:13+00:00,k3s-s2,NotReady
2026-06-29T11:55:13+00:00,k3s-s3,Ready
2026-06-29T11:55:13+00:00,k3s-w1,Ready
2026-06-29T11:55:13+00:00,k3s-w2,Ready
2026-06-29T11:55:14+00:00,k3s-s1,Ready
2026-06-29T11:55:14+00:00,k3s-s2,NotReady
2026-06-29T11:55:14+00:00,k3s-s3,Ready
2026-06-29T11:55:14+00:00,k3s-w1,Ready
2026-06-29T11:55:14+00:00,k3s-w2,Ready
2026-06-29T11:55:15+00:00,k3s-s1,Ready
2026-06-29T11:55:15+00:00,k3s-s2,NotReady
2026-06-29T11:55:15+00:00,k3s-s3,Ready
2026-06-29T11:55:15+00:00,k3s-w1,Ready
2026-06-29T11:55:15+00:00,k3s-w2,Ready
2026-06-29T11:55:16+00:00,k3s-s1,Ready
2026-06-29T11:55:16+00:00,k3s-s2,NotReady
2026-06-29T11:55:16+00:00,k3s-s3,Ready
2026-06-29T11:55:16+00:00,k3s-w1,Ready
2026-06-29T11:55:16+00:00,k3s-w2,Ready
2026-06-29T11:55:17+00:00,k3s-s1,Ready
2026-06-29T11:55:17+00:00,k3s-s2,NotReady
2026-06-29T11:55:17+00:00,k3s-s3,Ready
2026-06-29T11:55:17+00:00,k3s-w1,Ready
2026-06-29T11:55:17+00:00,k3s-w2,Ready
2026-06-29T11:55:19+00:00,k3s-s1,Ready
2026-06-29T11:55:19+00:00,k3s-s2,NotReady
2026-06-29T11:55:19+00:00,k3s-s3,Ready
2026-06-29T11:55:19+00:00,k3s-w1,Ready
2026-06-29T11:55:19+00:00,k3s-w2,Ready
2026-06-29T11:55:20+00:00,k3s-s1,Ready
2026-06-29T11:55:20+00:00,k3s-s2,NotReady
2026-06-29T11:55:20+00:00,k3s-s3,Ready
2026-06-29T11:55:20+00:00,k3s-w1,Ready
2026-06-29T11:55:20+00:00,k3s-w2,Ready
2026-06-29T11:55:21+00:00,k3s-s1,Ready
2026-06-29T11:55:21+00:00,k3s-s2,NotReady
2026-06-29T11:55:21+00:00,k3s-s3,Ready
2026-06-29T11:55:21+00:00,k3s-w1,Ready
2026-06-29T11:55:21+00:00,k3s-w2,Ready
2026-06-29T11:55:22+00:00,k3s-s1,Ready
2026-06-29T11:55:22+00:00,k3s-s2,NotReady
2026-06-29T11:55:22+00:00,k3s-s3,Ready
2026-06-29T11:55:22+00:00,k3s-w1,Ready
2026-06-29T11:55:22+00:00,k3s-w2,Ready
2026-06-29T11:55:23+00:00,k3s-s1,Ready
2026-06-29T11:55:23+00:00,k3s-s2,NotReady
2026-06-29T11:55:23+00:00,k3s-s3,Ready
2026-06-29T11:55:23+00:00,k3s-w1,Ready
2026-06-29T11:55:23+00:00,k3s-w2,Ready
2026-06-29T11:55:24+00:00,k3s-s1,Ready
2026-06-29T11:55:24+00:00,k3s-s2,NotReady
2026-06-29T11:55:24+00:00,k3s-s3,Ready
2026-06-29T11:55:24+00:00,k3s-w1,Ready
2026-06-29T11:55:24+00:00,k3s-w2,Ready
2026-06-29T11:55:25+00:00,k3s-s1,Ready
2026-06-29T11:55:25+00:00,k3s-s2,NotReady
2026-06-29T11:55:25+00:00,k3s-s3,Ready
2026-06-29T11:55:25+00:00,k3s-w1,Ready
2026-06-29T11:55:25+00:00,k3s-w2,Ready
2026-06-29T11:55:26+00:00,k3s-s1,Ready
2026-06-29T11:55:26+00:00,k3s-s2,NotReady
2026-06-29T11:55:26+00:00,k3s-s3,Ready
2026-06-29T11:55:26+00:00,k3s-w1,Ready
2026-06-29T11:55:26+00:00,k3s-w2,Ready
2026-06-29T11:55:27+00:00,k3s-s1,Ready
2026-06-29T11:55:27+00:00,k3s-s2,NotReady
2026-06-29T11:55:27+00:00,k3s-s3,Ready
2026-06-29T11:55:27+00:00,k3s-w1,Ready
2026-06-29T11:55:27+00:00,k3s-w2,Ready
2026-06-29T11:55:28+00:00,k3s-s1,Ready
2026-06-29T11:55:28+00:00,k3s-s2,NotReady
2026-06-29T11:55:28+00:00,k3s-s3,Ready
2026-06-29T11:55:28+00:00,k3s-w1,Ready
2026-06-29T11:55:28+00:00,k3s-w2,Ready
2026-06-29T11:55:29+00:00,k3s-s1,Ready
2026-06-29T11:55:29+00:00,k3s-s2,NotReady
2026-06-29T11:55:29+00:00,k3s-s3,Ready
2026-06-29T11:55:29+00:00,k3s-w1,Ready
2026-06-29T11:55:29+00:00,k3s-w2,Ready
2026-06-29T11:55:30+00:00,k3s-s1,Ready
2026-06-29T11:55:30+00:00,k3s-s2,NotReady
2026-06-29T11:55:30+00:00,k3s-s3,Ready
2026-06-29T11:55:30+00:00,k3s-w1,Ready
2026-06-29T11:55:30+00:00,k3s-w2,Ready
2026-06-29T11:55:31+00:00,k3s-s1,Ready
2026-06-29T11:55:31+00:00,k3s-s2,NotReady
2026-06-29T11:55:31+00:00,k3s-s3,Ready
2026-06-29T11:55:31+00:00,k3s-w1,Ready
2026-06-29T11:55:31+00:00,k3s-w2,Ready
2026-06-29T11:55:33+00:00,k3s-s1,Ready
2026-06-29T11:55:33+00:00,k3s-s2,NotReady
2026-06-29T11:55:33+00:00,k3s-s3,Ready
2026-06-29T11:55:33+00:00,k3s-w1,Ready
2026-06-29T11:55:33+00:00,k3s-w2,Ready
2026-06-29T11:55:34+00:00,k3s-s1,Ready
2026-06-29T11:55:34+00:00,k3s-s2,NotReady
2026-06-29T11:55:34+00:00,k3s-s3,Ready
2026-06-29T11:55:34+00:00,k3s-w1,Ready
2026-06-29T11:55:34+00:00,k3s-w2,Ready
2026-06-29T11:55:35+00:00,k3s-s1,Ready
2026-06-29T11:55:35+00:00,k3s-s2,NotReady
2026-06-29T11:55:35+00:00,k3s-s3,Ready
2026-06-29T11:55:35+00:00,k3s-w1,Ready
2026-06-29T11:55:35+00:00,k3s-w2,Ready
2026-06-29T11:55:36+00:00,k3s-s1,Ready
2026-06-29T11:55:36+00:00,k3s-s2,NotReady
2026-06-29T11:55:36+00:00,k3s-s3,Ready
2026-06-29T11:55:36+00:00,k3s-w1,Ready
2026-06-29T11:55:36+00:00,k3s-w2,Ready
2026-06-29T11:55:37+00:00,k3s-s1,Ready
2026-06-29T11:55:37+00:00,k3s-s2,NotReady
2026-06-29T11:55:37+00:00,k3s-s3,Ready
2026-06-29T11:55:37+00:00,k3s-w1,Ready
2026-06-29T11:55:37+00:00,k3s-w2,Ready
2026-06-29T11:55:38+00:00,k3s-s1,Ready
2026-06-29T11:55:38+00:00,k3s-s2,NotReady
2026-06-29T11:55:38+00:00,k3s-s3,Ready
2026-06-29T11:55:38+00:00,k3s-w1,Ready
2026-06-29T11:55:38+00:00,k3s-w2,Ready
2026-06-29T11:55:39+00:00,k3s-s1,Ready
2026-06-29T11:55:39+00:00,k3s-s2,NotReady
2026-06-29T11:55:39+00:00,k3s-s3,Ready
2026-06-29T11:55:39+00:00,k3s-w1,Ready
2026-06-29T11:55:39+00:00,k3s-w2,Ready
2026-06-29T11:55:40+00:00,k3s-s1,Ready
2026-06-29T11:55:40+00:00,k3s-s2,NotReady
2026-06-29T11:55:40+00:00,k3s-s3,Ready
2026-06-29T11:55:40+00:00,k3s-w1,Ready
2026-06-29T11:55:40+00:00,k3s-w2,Ready
2026-06-29T11:55:41+00:00,k3s-s1,Ready
2026-06-29T11:55:41+00:00,k3s-s2,NotReady
2026-06-29T11:55:41+00:00,k3s-s3,Ready
2026-06-29T11:55:41+00:00,k3s-w1,Ready
2026-06-29T11:55:41+00:00,k3s-w2,Ready
2026-06-29T11:55:42+00:00,k3s-s1,Ready
2026-06-29T11:55:42+00:00,k3s-s2,NotReady
2026-06-29T11:55:42+00:00,k3s-s3,Ready
2026-06-29T11:55:42+00:00,k3s-w1,Ready
2026-06-29T11:55:42+00:00,k3s-w2,Ready
2026-06-29T11:55:43+00:00,k3s-s1,Ready
2026-06-29T11:55:43+00:00,k3s-s2,NotReady
2026-06-29T11:55:43+00:00,k3s-s3,Ready
2026-06-29T11:55:43+00:00,k3s-w1,Ready
2026-06-29T11:55:43+00:00,k3s-w2,Ready
2026-06-29T11:55:44+00:00,k3s-s1,Ready
2026-06-29T11:55:44+00:00,k3s-s2,NotReady
2026-06-29T11:55:44+00:00,k3s-s3,Ready
2026-06-29T11:55:44+00:00,k3s-w1,Ready
2026-06-29T11:55:44+00:00,k3s-w2,Ready
2026-06-29T11:55:46+00:00,k3s-s1,Ready
2026-06-29T11:55:46+00:00,k3s-s2,NotReady
2026-06-29T11:55:46+00:00,k3s-s3,Ready
2026-06-29T11:55:46+00:00,k3s-w1,Ready
2026-06-29T11:55:46+00:00,k3s-w2,Ready
2026-06-29T11:55:47+00:00,k3s-s1,Ready
2026-06-29T11:55:47+00:00,k3s-s2,NotReady
2026-06-29T11:55:47+00:00,k3s-s3,Ready
2026-06-29T11:55:47+00:00,k3s-w1,Ready
2026-06-29T11:55:47+00:00,k3s-w2,Ready
2026-06-29T11:55:48+00:00,k3s-s1,Ready
2026-06-29T11:55:48+00:00,k3s-s2,NotReady
2026-06-29T11:55:48+00:00,k3s-s3,Ready
2026-06-29T11:55:48+00:00,k3s-w1,Ready
2026-06-29T11:55:48+00:00,k3s-w2,Ready
2026-06-29T11:55:49+00:00,k3s-s1,Ready
2026-06-29T11:55:49+00:00,k3s-s2,NotReady
2026-06-29T11:55:49+00:00,k3s-s3,Ready
2026-06-29T11:55:49+00:00,k3s-w1,Ready
2026-06-29T11:55:49+00:00,k3s-w2,Ready
2026-06-29T11:55:50+00:00,k3s-s1,Ready
2026-06-29T11:55:50+00:00,k3s-s2,NotReady
2026-06-29T11:55:50+00:00,k3s-s3,Ready
2026-06-29T11:55:50+00:00,k3s-w1,Ready
2026-06-29T11:55:50+00:00,k3s-w2,Ready
2026-06-29T11:55:51+00:00,k3s-s1,Ready
2026-06-29T11:55:51+00:00,k3s-s2,NotReady
2026-06-29T11:55:51+00:00,k3s-s3,Ready
2026-06-29T11:55:51+00:00,k3s-w1,Ready
2026-06-29T11:55:51+00:00,k3s-w2,Ready
2026-06-29T11:55:52+00:00,k3s-s1,Ready
2026-06-29T11:55:52+00:00,k3s-s2,NotReady
2026-06-29T11:55:52+00:00,k3s-s3,Ready
2026-06-29T11:55:52+00:00,k3s-w1,Ready
2026-06-29T11:55:52+00:00,k3s-w2,Ready
2026-06-29T11:55:53+00:00,k3s-s1,Ready
2026-06-29T11:55:53+00:00,k3s-s2,NotReady
2026-06-29T11:55:53+00:00,k3s-s3,Ready
2026-06-29T11:55:53+00:00,k3s-w1,Ready
2026-06-29T11:55:53+00:00,k3s-w2,Ready
2026-06-29T11:55:54+00:00,k3s-s1,Ready
2026-06-29T11:55:54+00:00,k3s-s2,NotReady
2026-06-29T11:55:54+00:00,k3s-s3,Ready
2026-06-29T11:55:54+00:00,k3s-w1,Ready
2026-06-29T11:55:54+00:00,k3s-w2,Ready
2026-06-29T11:55:55+00:00,k3s-s1,Ready
2026-06-29T11:55:55+00:00,k3s-s2,NotReady
2026-06-29T11:55:55+00:00,k3s-s3,Ready
2026-06-29T11:55:55+00:00,k3s-w1,Ready
2026-06-29T11:55:55+00:00,k3s-w2,Ready
2026-06-29T11:55:56+00:00,k3s-s1,Ready
2026-06-29T11:55:56+00:00,k3s-s2,NotReady
2026-06-29T11:55:56+00:00,k3s-s3,Ready
2026-06-29T11:55:56+00:00,k3s-w1,Ready
2026-06-29T11:55:56+00:00,k3s-w2,Ready
2026-06-29T11:55:57+00:00,k3s-s1,Ready
2026-06-29T11:55:57+00:00,k3s-s2,NotReady
2026-06-29T11:55:57+00:00,k3s-s3,Ready
2026-06-29T11:55:57+00:00,k3s-w1,Ready
2026-06-29T11:55:57+00:00,k3s-w2,Ready
2026-06-29T11:55:58+00:00,k3s-s1,Ready
2026-06-29T11:55:58+00:00,k3s-s2,NotReady
2026-06-29T11:55:58+00:00,k3s-s3,Ready
2026-06-29T11:55:58+00:00,k3s-w1,Ready
2026-06-29T11:55:58+00:00,k3s-w2,Ready
2026-06-29T11:56:00+00:00,k3s-s1,Ready
2026-06-29T11:56:00+00:00,k3s-s2,NotReady
2026-06-29T11:56:00+00:00,k3s-s3,Ready
2026-06-29T11:56:00+00:00,k3s-w1,Ready
2026-06-29T11:56:00+00:00,k3s-w2,Ready
2026-06-29T11:56:01+00:00,k3s-s1,Ready
2026-06-29T11:56:01+00:00,k3s-s2,NotReady
2026-06-29T11:56:01+00:00,k3s-s3,Ready
2026-06-29T11:56:01+00:00,k3s-w1,Ready
2026-06-29T11:56:01+00:00,k3s-w2,Ready
2026-06-29T11:56:02+00:00,k3s-s1,Ready
2026-06-29T11:56:02+00:00,k3s-s2,NotReady
2026-06-29T11:56:02+00:00,k3s-s3,Ready
2026-06-29T11:56:02+00:00,k3s-w1,Ready
2026-06-29T11:56:02+00:00,k3s-w2,Ready
2026-06-29T11:56:03+00:00,k3s-s1,Ready
2026-06-29T11:56:03+00:00,k3s-s2,NotReady
2026-06-29T11:56:03+00:00,k3s-s3,Ready
2026-06-29T11:56:03+00:00,k3s-w1,Ready
2026-06-29T11:56:03+00:00,k3s-w2,Ready
2026-06-29T11:56:04+00:00,k3s-s1,Ready
2026-06-29T11:56:04+00:00,k3s-s2,NotReady
2026-06-29T11:56:04+00:00,k3s-s3,Ready
2026-06-29T11:56:04+00:00,k3s-w1,Ready
2026-06-29T11:56:04+00:00,k3s-w2,Ready
2026-06-29T11:56:05+00:00,k3s-s1,Ready
2026-06-29T11:56:05+00:00,k3s-s2,NotReady
2026-06-29T11:56:05+00:00,k3s-s3,Ready
2026-06-29T11:56:05+00:00,k3s-w1,Ready
2026-06-29T11:56:05+00:00,k3s-w2,Ready
2026-06-29T11:56:06+00:00,k3s-s1,Ready
2026-06-29T11:56:06+00:00,k3s-s2,NotReady
2026-06-29T11:56:06+00:00,k3s-s3,Ready
2026-06-29T11:56:06+00:00,k3s-w1,Ready
2026-06-29T11:56:06+00:00,k3s-w2,Ready
2026-06-29T11:56:07+00:00,k3s-s1,Ready
2026-06-29T11:56:07+00:00,k3s-s2,NotReady
2026-06-29T11:56:07+00:00,k3s-s3,Ready
2026-06-29T11:56:07+00:00,k3s-w1,Ready
2026-06-29T11:56:07+00:00,k3s-w2,Ready
2026-06-29T11:56:08+00:00,k3s-s1,Ready
2026-06-29T11:56:08+00:00,k3s-s2,NotReady
2026-06-29T11:56:08+00:00,k3s-s3,Ready
2026-06-29T11:56:08+00:00,k3s-w1,Ready
2026-06-29T11:56:08+00:00,k3s-w2,Ready
2026-06-29T11:56:09+00:00,k3s-s1,Ready
2026-06-29T11:56:09+00:00,k3s-s2,NotReady
2026-06-29T11:56:09+00:00,k3s-s3,Ready
2026-06-29T11:56:09+00:00,k3s-w1,Ready
2026-06-29T11:56:09+00:00,k3s-w2,Ready
2026-06-29T11:56:10+00:00,k3s-s1,Ready
2026-06-29T11:56:10+00:00,k3s-s2,NotReady
2026-06-29T11:56:10+00:00,k3s-s3,Ready
2026-06-29T11:56:10+00:00,k3s-w1,Ready
2026-06-29T11:56:10+00:00,k3s-w2,Ready
2026-06-29T11:56:11+00:00,k3s-s1,Ready
2026-06-29T11:56:11+00:00,k3s-s2,NotReady
2026-06-29T11:56:11+00:00,k3s-s3,Ready
2026-06-29T11:56:11+00:00,k3s-w1,Ready
2026-06-29T11:56:11+00:00,k3s-w2,Ready
2026-06-29T11:56:12+00:00,k3s-s1,Ready
2026-06-29T11:56:12+00:00,k3s-s2,NotReady
2026-06-29T11:56:12+00:00,k3s-s3,Ready
2026-06-29T11:56:12+00:00,k3s-w1,Ready
2026-06-29T11:56:12+00:00,k3s-w2,Ready
2026-06-29T11:56:13+00:00,k3s-s1,Ready
2026-06-29T11:56:13+00:00,k3s-s2,NotReady
2026-06-29T11:56:13+00:00,k3s-s3,Ready
2026-06-29T11:56:13+00:00,k3s-w1,Ready
2026-06-29T11:56:13+00:00,k3s-w2,Ready
2026-06-29T11:56:15+00:00,k3s-s1,Ready
2026-06-29T11:56:15+00:00,k3s-s2,NotReady
2026-06-29T11:56:15+00:00,k3s-s3,Ready
2026-06-29T11:56:15+00:00,k3s-w1,Ready
2026-06-29T11:56:15+00:00,k3s-w2,Ready
2026-06-29T11:56:16+00:00,k3s-s1,Ready
2026-06-29T11:56:16+00:00,k3s-s2,NotReady
2026-06-29T11:56:16+00:00,k3s-s3,Ready
2026-06-29T11:56:16+00:00,k3s-w1,Ready
2026-06-29T11:56:16+00:00,k3s-w2,Ready
2026-06-29T11:56:17+00:00,k3s-s1,Ready
2026-06-29T11:56:17+00:00,k3s-s2,NotReady
2026-06-29T11:56:17+00:00,k3s-s3,Ready
2026-06-29T11:56:17+00:00,k3s-w1,Ready
2026-06-29T11:56:17+00:00,k3s-w2,Ready
2026-06-29T11:56:18+00:00,k3s-s1,Ready
2026-06-29T11:56:18+00:00,k3s-s2,NotReady
2026-06-29T11:56:18+00:00,k3s-s3,Ready
2026-06-29T11:56:18+00:00,k3s-w1,Ready
2026-06-29T11:56:18+00:00,k3s-w2,Ready
2026-06-29T11:56:19+00:00,k3s-s1,Ready
2026-06-29T11:56:19+00:00,k3s-s2,NotReady
2026-06-29T11:56:19+00:00,k3s-s3,Ready
2026-06-29T11:56:19+00:00,k3s-w1,Ready
2026-06-29T11:56:19+00:00,k3s-w2,Ready
2026-06-29T11:56:20+00:00,k3s-s1,Ready
2026-06-29T11:56:20+00:00,k3s-s2,NotReady
2026-06-29T11:56:20+00:00,k3s-s3,Ready
2026-06-29T11:56:20+00:00,k3s-w1,Ready
2026-06-29T11:56:20+00:00,k3s-w2,Ready
2026-06-29T11:56:21+00:00,k3s-s1,Ready
2026-06-29T11:56:21+00:00,k3s-s2,NotReady
2026-06-29T11:56:21+00:00,k3s-s3,Ready
2026-06-29T11:56:21+00:00,k3s-w1,Ready
2026-06-29T11:56:21+00:00,k3s-w2,Ready
2026-06-29T11:56:22+00:00,k3s-s1,Ready
2026-06-29T11:56:22+00:00,k3s-s2,NotReady
2026-06-29T11:56:22+00:00,k3s-s3,Ready
2026-06-29T11:56:22+00:00,k3s-w1,Ready
2026-06-29T11:56:22+00:00,k3s-w2,Ready
2026-06-29T11:56:23+00:00,k3s-s1,Ready
2026-06-29T11:56:23+00:00,k3s-s2,NotReady
2026-06-29T11:56:23+00:00,k3s-s3,Ready
2026-06-29T11:56:23+00:00,k3s-w1,Ready
2026-06-29T11:56:23+00:00,k3s-w2,Ready
2026-06-29T11:56:24+00:00,k3s-s1,Ready
2026-06-29T11:56:24+00:00,k3s-s2,NotReady
2026-06-29T11:56:24+00:00,k3s-s3,Ready
2026-06-29T11:56:24+00:00,k3s-w1,Ready
2026-06-29T11:56:24+00:00,k3s-w2,Ready
2026-06-29T11:56:25+00:00,k3s-s1,Ready
2026-06-29T11:56:25+00:00,k3s-s2,NotReady
2026-06-29T11:56:25+00:00,k3s-s3,Ready
2026-06-29T11:56:25+00:00,k3s-w1,Ready
2026-06-29T11:56:25+00:00,k3s-w2,Ready
2026-06-29T11:56:26+00:00,k3s-s1,Ready
2026-06-29T11:56:26+00:00,k3s-s2,NotReady
2026-06-29T11:56:26+00:00,k3s-s3,Ready
2026-06-29T11:56:26+00:00,k3s-w1,Ready
2026-06-29T11:56:26+00:00,k3s-w2,Ready
2026-06-29T11:56:27+00:00,k3s-s1,Ready
2026-06-29T11:56:27+00:00,k3s-s2,NotReady
2026-06-29T11:56:27+00:00,k3s-s3,Ready
2026-06-29T11:56:27+00:00,k3s-w1,Ready
2026-06-29T11:56:27+00:00,k3s-w2,Ready
2026-06-29T11:56:28+00:00,k3s-s1,Ready
2026-06-29T11:56:28+00:00,k3s-s2,NotReady
2026-06-29T11:56:28+00:00,k3s-s3,Ready
2026-06-29T11:56:28+00:00,k3s-w1,Ready
2026-06-29T11:56:28+00:00,k3s-w2,Ready
2026-06-29T11:56:29+00:00,k3s-s1,Ready
2026-06-29T11:56:29+00:00,k3s-s2,NotReady
2026-06-29T11:56:29+00:00,k3s-s3,Ready
2026-06-29T11:56:29+00:00,k3s-w1,Ready
2026-06-29T11:56:29+00:00,k3s-w2,Ready
2026-06-29T11:56:30+00:00,k3s-s1,Ready
2026-06-29T11:56:30+00:00,k3s-s2,NotReady
2026-06-29T11:56:30+00:00,k3s-s3,Ready
2026-06-29T11:56:30+00:00,k3s-w1,Ready
2026-06-29T11:56:30+00:00,k3s-w2,Ready
2026-06-29T11:56:32+00:00,k3s-s1,Ready
2026-06-29T11:56:32+00:00,k3s-s2,NotReady
2026-06-29T11:56:32+00:00,k3s-s3,Ready
2026-06-29T11:56:32+00:00,k3s-w1,Ready
2026-06-29T11:56:32+00:00,k3s-w2,Ready
2026-06-29T11:56:33+00:00,k3s-s1,Ready
2026-06-29T11:56:33+00:00,k3s-s2,NotReady
2026-06-29T11:56:33+00:00,k3s-s3,Ready
2026-06-29T11:56:33+00:00,k3s-w1,Ready
2026-06-29T11:56:33+00:00,k3s-w2,Ready
2026-06-29T11:56:34+00:00,k3s-s1,Ready
2026-06-29T11:56:34+00:00,k3s-s2,NotReady
2026-06-29T11:56:34+00:00,k3s-s3,Ready
2026-06-29T11:56:34+00:00,k3s-w1,Ready
2026-06-29T11:56:34+00:00,k3s-w2,Ready
2026-06-29T11:56:35+00:00,k3s-s1,Ready
2026-06-29T11:56:35+00:00,k3s-s2,NotReady
2026-06-29T11:56:35+00:00,k3s-s3,Ready
2026-06-29T11:56:35+00:00,k3s-w1,Ready
2026-06-29T11:56:35+00:00,k3s-w2,Ready
2026-06-29T11:56:36+00:00,k3s-s1,Ready
2026-06-29T11:56:36+00:00,k3s-s2,NotReady
2026-06-29T11:56:36+00:00,k3s-s3,Ready
2026-06-29T11:56:36+00:00,k3s-w1,Ready
2026-06-29T11:56:36+00:00,k3s-w2,Ready
2026-06-29T11:56:37+00:00,k3s-s1,Ready
2026-06-29T11:56:37+00:00,k3s-s2,NotReady
2026-06-29T11:56:37+00:00,k3s-s3,Ready
2026-06-29T11:56:37+00:00,k3s-w1,Ready
2026-06-29T11:56:37+00:00,k3s-w2,Ready
2026-06-29T11:56:38+00:00,k3s-s1,Ready
2026-06-29T11:56:38+00:00,k3s-s2,NotReady
2026-06-29T11:56:38+00:00,k3s-s3,Ready
2026-06-29T11:56:38+00:00,k3s-w1,Ready
2026-06-29T11:56:38+00:00,k3s-w2,Ready
2026-06-29T11:56:39+00:00,k3s-s1,Ready
2026-06-29T11:56:39+00:00,k3s-s2,NotReady
2026-06-29T11:56:39+00:00,k3s-s3,Ready
2026-06-29T11:56:39+00:00,k3s-w1,Ready
2026-06-29T11:56:39+00:00,k3s-w2,Ready
2026-06-29T11:56:40+00:00,k3s-s1,Ready
2026-06-29T11:56:40+00:00,k3s-s2,NotReady
2026-06-29T11:56:40+00:00,k3s-s3,Ready
2026-06-29T11:56:40+00:00,k3s-w1,Ready
2026-06-29T11:56:40+00:00,k3s-w2,Ready
2026-06-29T11:56:41+00:00,k3s-s1,Ready
2026-06-29T11:56:41+00:00,k3s-s2,NotReady
2026-06-29T11:56:41+00:00,k3s-s3,Ready
2026-06-29T11:56:41+00:00,k3s-w1,Ready
2026-06-29T11:56:41+00:00,k3s-w2,Ready
2026-06-29T11:56:42+00:00,k3s-s1,Ready
2026-06-29T11:56:42+00:00,k3s-s2,NotReady
2026-06-29T11:56:42+00:00,k3s-s3,Ready
2026-06-29T11:56:42+00:00,k3s-w1,Ready
2026-06-29T11:56:42+00:00,k3s-w2,Ready
2026-06-29T11:56:43+00:00,k3s-s1,Ready
2026-06-29T11:56:43+00:00,k3s-s2,NotReady
2026-06-29T11:56:43+00:00,k3s-s3,Ready
2026-06-29T11:56:43+00:00,k3s-w1,Ready
2026-06-29T11:56:43+00:00,k3s-w2,Ready
2026-06-29T11:56:44+00:00,k3s-s1,Ready
2026-06-29T11:56:44+00:00,k3s-s2,NotReady
2026-06-29T11:56:44+00:00,k3s-s3,Ready
2026-06-29T11:56:44+00:00,k3s-w1,Ready
2026-06-29T11:56:44+00:00,k3s-w2,Ready
2026-06-29T11:56:45+00:00,k3s-s1,Ready
2026-06-29T11:56:45+00:00,k3s-s2,NotReady
2026-06-29T11:56:45+00:00,k3s-s3,Ready
2026-06-29T11:56:45+00:00,k3s-w1,Ready
2026-06-29T11:56:45+00:00,k3s-w2,Ready
2026-06-29T11:56:46+00:00,k3s-s1,Ready
2026-06-29T11:56:46+00:00,k3s-s2,NotReady
2026-06-29T11:56:46+00:00,k3s-s3,Ready
2026-06-29T11:56:46+00:00,k3s-w1,Ready
2026-06-29T11:56:46+00:00,k3s-w2,Ready
2026-06-29T11:56:47+00:00,k3s-s1,Ready
2026-06-29T11:56:47+00:00,k3s-s2,NotReady
2026-06-29T11:56:47+00:00,k3s-s3,Ready
2026-06-29T11:56:47+00:00,k3s-w1,Ready
2026-06-29T11:56:47+00:00,k3s-w2,Ready
2026-06-29T11:56:48+00:00,k3s-s1,Ready
2026-06-29T11:56:48+00:00,k3s-s2,NotReady
2026-06-29T11:56:48+00:00,k3s-s3,Ready
2026-06-29T11:56:48+00:00,k3s-w1,Ready
2026-06-29T11:56:48+00:00,k3s-w2,Ready
2026-06-29T11:56:49+00:00,k3s-s1,Ready
2026-06-29T11:56:49+00:00,k3s-s2,NotReady
2026-06-29T11:56:49+00:00,k3s-s3,Ready
2026-06-29T11:56:49+00:00,k3s-w1,Ready
2026-06-29T11:56:49+00:00,k3s-w2,Ready
2026-06-29T11:56:50+00:00,k3s-s1,Ready
2026-06-29T11:56:50+00:00,k3s-s2,NotReady
2026-06-29T11:56:50+00:00,k3s-s3,Ready
2026-06-29T11:56:50+00:00,k3s-w1,Ready
2026-06-29T11:56:50+00:00,k3s-w2,Ready
2026-06-29T11:56:52+00:00,k3s-s1,Ready
2026-06-29T11:56:52+00:00,k3s-s2,NotReady
2026-06-29T11:56:52+00:00,k3s-s3,Ready
2026-06-29T11:56:52+00:00,k3s-w1,Ready
2026-06-29T11:56:52+00:00,k3s-w2,Ready
2026-06-29T11:56:53+00:00,k3s-s1,Ready
2026-06-29T11:56:53+00:00,k3s-s2,NotReady
2026-06-29T11:56:53+00:00,k3s-s3,Ready
2026-06-29T11:56:53+00:00,k3s-w1,Ready
2026-06-29T11:56:53+00:00,k3s-w2,Ready
2026-06-29T11:56:54+00:00,k3s-s1,Ready
2026-06-29T11:56:54+00:00,k3s-s2,NotReady
2026-06-29T11:56:54+00:00,k3s-s3,Ready
2026-06-29T11:56:54+00:00,k3s-w1,Ready
2026-06-29T11:56:54+00:00,k3s-w2,Ready
2026-06-29T11:56:55+00:00,k3s-s1,Ready
2026-06-29T11:56:55+00:00,k3s-s2,NotReady
2026-06-29T11:56:55+00:00,k3s-s3,Ready
2026-06-29T11:56:55+00:00,k3s-w1,Ready
2026-06-29T11:56:55+00:00,k3s-w2,Ready
2026-06-29T11:56:56+00:00,k3s-s1,Ready
2026-06-29T11:56:56+00:00,k3s-s2,NotReady
2026-06-29T11:56:56+00:00,k3s-s3,Ready
2026-06-29T11:56:56+00:00,k3s-w1,Ready
2026-06-29T11:56:56+00:00,k3s-w2,Ready
2026-06-29T11:56:57+00:00,k3s-s1,Ready
2026-06-29T11:56:57+00:00,k3s-s2,NotReady
2026-06-29T11:56:57+00:00,k3s-s3,Ready
2026-06-29T11:56:57+00:00,k3s-w1,Ready
2026-06-29T11:56:57+00:00,k3s-w2,Ready
2026-06-29T11:56:58+00:00,k3s-s1,Ready
2026-06-29T11:56:58+00:00,k3s-s2,NotReady
2026-06-29T11:56:58+00:00,k3s-s3,Ready
2026-06-29T11:56:58+00:00,k3s-w1,Ready
2026-06-29T11:56:58+00:00,k3s-w2,Ready
2026-06-29T11:56:59+00:00,k3s-s1,Ready
2026-06-29T11:56:59+00:00,k3s-s2,NotReady
2026-06-29T11:56:59+00:00,k3s-s3,Ready
2026-06-29T11:56:59+00:00,k3s-w1,Ready
2026-06-29T11:56:59+00:00,k3s-w2,Ready
2026-06-29T11:57:00+00:00,k3s-s1,Ready
2026-06-29T11:57:00+00:00,k3s-s2,NotReady
2026-06-29T11:57:00+00:00,k3s-s3,Ready
2026-06-29T11:57:00+00:00,k3s-w1,Ready
2026-06-29T11:57:00+00:00,k3s-w2,Ready
2026-06-29T11:57:01+00:00,k3s-s1,Ready
2026-06-29T11:57:01+00:00,k3s-s2,NotReady
2026-06-29T11:57:01+00:00,k3s-s3,Ready
2026-06-29T11:57:01+00:00,k3s-w1,Ready
2026-06-29T11:57:01+00:00,k3s-w2,Ready
2026-06-29T11:57:02+00:00,k3s-s1,Ready
2026-06-29T11:57:02+00:00,k3s-s2,NotReady
2026-06-29T11:57:02+00:00,k3s-s3,Ready
2026-06-29T11:57:02+00:00,k3s-w1,Ready
2026-06-29T11:57:02+00:00,k3s-w2,Ready
2026-06-29T11:57:03+00:00,k3s-s1,Ready
2026-06-29T11:57:03+00:00,k3s-s2,NotReady
2026-06-29T11:57:03+00:00,k3s-s3,Ready
2026-06-29T11:57:03+00:00,k3s-w1,Ready
2026-06-29T11:57:03+00:00,k3s-w2,Ready
2026-06-29T11:57:04+00:00,k3s-s1,Ready
2026-06-29T11:57:04+00:00,k3s-s2,NotReady
2026-06-29T11:57:04+00:00,k3s-s3,Ready
2026-06-29T11:57:04+00:00,k3s-w1,Ready
2026-06-29T11:57:04+00:00,k3s-w2,Ready
2026-06-29T11:57:05+00:00,k3s-s1,Ready
2026-06-29T11:57:05+00:00,k3s-s2,NotReady
2026-06-29T11:57:05+00:00,k3s-s3,Ready
2026-06-29T11:57:05+00:00,k3s-w1,Ready
2026-06-29T11:57:05+00:00,k3s-w2,Ready
2026-06-29T11:57:06+00:00,k3s-s1,Ready
2026-06-29T11:57:06+00:00,k3s-s2,NotReady
2026-06-29T11:57:06+00:00,k3s-s3,Ready
2026-06-29T11:57:06+00:00,k3s-w1,Ready
2026-06-29T11:57:06+00:00,k3s-w2,Ready
2026-06-29T11:57:07+00:00,k3s-s1,Ready
2026-06-29T11:57:07+00:00,k3s-s2,NotReady
2026-06-29T11:57:07+00:00,k3s-s3,Ready
2026-06-29T11:57:07+00:00,k3s-w1,Ready
2026-06-29T11:57:07+00:00,k3s-w2,Ready
2026-06-29T11:57:08+00:00,k3s-s1,Ready
2026-06-29T11:57:08+00:00,k3s-s2,NotReady
2026-06-29T11:57:08+00:00,k3s-s3,Ready
2026-06-29T11:57:08+00:00,k3s-w1,Ready
2026-06-29T11:57:08+00:00,k3s-w2,Ready
2026-06-29T11:57:09+00:00,k3s-s1,Ready
2026-06-29T11:57:09+00:00,k3s-s2,NotReady
2026-06-29T11:57:09+00:00,k3s-s3,Ready
2026-06-29T11:57:09+00:00,k3s-w1,Ready
2026-06-29T11:57:09+00:00,k3s-w2,Ready
2026-06-29T11:57:10+00:00,k3s-s1,Ready
2026-06-29T11:57:10+00:00,k3s-s2,NotReady
2026-06-29T11:57:10+00:00,k3s-s3,Ready
2026-06-29T11:57:10+00:00,k3s-w1,Ready
2026-06-29T11:57:10+00:00,k3s-w2,Ready
2026-06-29T11:57:12+00:00,k3s-s1,Ready
2026-06-29T11:57:12+00:00,k3s-s2,NotReady
2026-06-29T11:57:12+00:00,k3s-s3,Ready
2026-06-29T11:57:12+00:00,k3s-w1,Ready
2026-06-29T11:57:12+00:00,k3s-w2,Ready
2026-06-29T11:57:13+00:00,k3s-s1,Ready
2026-06-29T11:57:13+00:00,k3s-s2,NotReady
2026-06-29T11:57:13+00:00,k3s-s3,Ready
2026-06-29T11:57:13+00:00,k3s-w1,Ready
2026-06-29T11:57:13+00:00,k3s-w2,Ready
2026-06-29T11:57:14+00:00,k3s-s1,Ready
2026-06-29T11:57:14+00:00,k3s-s2,NotReady
2026-06-29T11:57:14+00:00,k3s-s3,Ready
2026-06-29T11:57:14+00:00,k3s-w1,Ready
2026-06-29T11:57:14+00:00,k3s-w2,Ready
2026-06-29T11:57:15+00:00,k3s-s1,Ready
2026-06-29T11:57:15+00:00,k3s-s2,NotReady
2026-06-29T11:57:15+00:00,k3s-s3,Ready
2026-06-29T11:57:15+00:00,k3s-w1,Ready
2026-06-29T11:57:15+00:00,k3s-w2,Ready
2026-06-29T11:57:16+00:00,k3s-s1,Ready
2026-06-29T11:57:16+00:00,k3s-s2,NotReady
2026-06-29T11:57:16+00:00,k3s-s3,Ready
2026-06-29T11:57:16+00:00,k3s-w1,Ready
2026-06-29T11:57:16+00:00,k3s-w2,Ready
2026-06-29T11:57:17+00:00,k3s-s1,Ready
2026-06-29T11:57:17+00:00,k3s-s2,NotReady
2026-06-29T11:57:17+00:00,k3s-s3,Ready
2026-06-29T11:57:17+00:00,k3s-w1,Ready
2026-06-29T11:57:17+00:00,k3s-w2,Ready
2026-06-29T11:57:18+00:00,k3s-s1,Ready
2026-06-29T11:57:18+00:00,k3s-s2,NotReady
2026-06-29T11:57:18+00:00,k3s-s3,Ready
2026-06-29T11:57:18+00:00,k3s-w1,Ready
2026-06-29T11:57:18+00:00,k3s-w2,Ready
2026-06-29T11:57:19+00:00,k3s-s1,Ready
2026-06-29T11:57:19+00:00,k3s-s2,NotReady
2026-06-29T11:57:19+00:00,k3s-s3,Ready
2026-06-29T11:57:19+00:00,k3s-w1,Ready
2026-06-29T11:57:19+00:00,k3s-w2,Ready
2026-06-29T11:57:20+00:00,k3s-s1,Ready
2026-06-29T11:57:20+00:00,k3s-s2,NotReady
2026-06-29T11:57:20+00:00,k3s-s3,Ready
2026-06-29T11:57:20+00:00,k3s-w1,Ready
2026-06-29T11:57:20+00:00,k3s-w2,Ready
2026-06-29T11:57:21+00:00,k3s-s1,Ready
2026-06-29T11:57:21+00:00,k3s-s2,NotReady
2026-06-29T11:57:21+00:00,k3s-s3,Ready
2026-06-29T11:57:21+00:00,k3s-w1,Ready
2026-06-29T11:57:21+00:00,k3s-w2,Ready
2026-06-29T11:57:22+00:00,k3s-s1,Ready
2026-06-29T11:57:22+00:00,k3s-s2,NotReady
2026-06-29T11:57:22+00:00,k3s-s3,Ready
2026-06-29T11:57:22+00:00,k3s-w1,Ready
2026-06-29T11:57:22+00:00,k3s-w2,Ready
2026-06-29T11:57:23+00:00,k3s-s1,Ready
2026-06-29T11:57:23+00:00,k3s-s2,NotReady
2026-06-29T11:57:23+00:00,k3s-s3,Ready
2026-06-29T11:57:23+00:00,k3s-w1,Ready
2026-06-29T11:57:23+00:00,k3s-w2,Ready
2026-06-29T11:57:24+00:00,k3s-s1,Ready
2026-06-29T11:57:24+00:00,k3s-s2,NotReady
2026-06-29T11:57:24+00:00,k3s-s3,Ready
2026-06-29T11:57:24+00:00,k3s-w1,Ready
2026-06-29T11:57:24+00:00,k3s-w2,Ready
2026-06-29T11:57:25+00:00,k3s-s1,Ready
2026-06-29T11:57:25+00:00,k3s-s2,NotReady
2026-06-29T11:57:25+00:00,k3s-s3,Ready
2026-06-29T11:57:25+00:00,k3s-w1,Ready
2026-06-29T11:57:25+00:00,k3s-w2,Ready
2026-06-29T11:57:26+00:00,k3s-s1,Ready
2026-06-29T11:57:26+00:00,k3s-s2,NotReady
2026-06-29T11:57:26+00:00,k3s-s3,Ready
2026-06-29T11:57:26+00:00,k3s-w1,Ready
2026-06-29T11:57:26+00:00,k3s-w2,Ready
2026-06-29T11:57:27+00:00,k3s-s1,Ready
2026-06-29T11:57:27+00:00,k3s-s2,NotReady
2026-06-29T11:57:27+00:00,k3s-s3,Ready
2026-06-29T11:57:27+00:00,k3s-w1,Ready
2026-06-29T11:57:27+00:00,k3s-w2,Ready
2026-06-29T11:57:28+00:00,k3s-s1,Ready
2026-06-29T11:57:28+00:00,k3s-s2,NotReady
2026-06-29T11:57:28+00:00,k3s-s3,Ready
2026-06-29T11:57:28+00:00,k3s-w1,Ready
2026-06-29T11:57:28+00:00,k3s-w2,Ready
2026-06-29T11:57:29+00:00,k3s-s1,Ready
2026-06-29T11:57:29+00:00,k3s-s2,NotReady
2026-06-29T11:57:29+00:00,k3s-s3,Ready
2026-06-29T11:57:29+00:00,k3s-w1,Ready
2026-06-29T11:57:29+00:00,k3s-w2,Ready
2026-06-29T11:57:30+00:00,k3s-s1,Ready
2026-06-29T11:57:30+00:00,k3s-s2,NotReady
2026-06-29T11:57:30+00:00,k3s-s3,Ready
2026-06-29T11:57:30+00:00,k3s-w1,Ready
2026-06-29T11:57:30+00:00,k3s-w2,Ready
2026-06-29T11:57:32+00:00,k3s-s1,Ready
2026-06-29T11:57:32+00:00,k3s-s2,NotReady
2026-06-29T11:57:32+00:00,k3s-s3,Ready
2026-06-29T11:57:32+00:00,k3s-w1,Ready
2026-06-29T11:57:32+00:00,k3s-w2,Ready
2026-06-29T11:57:33+00:00,k3s-s1,Ready
2026-06-29T11:57:33+00:00,k3s-s2,NotReady
2026-06-29T11:57:33+00:00,k3s-s3,Ready
2026-06-29T11:57:33+00:00,k3s-w1,Ready
2026-06-29T11:57:33+00:00,k3s-w2,Ready
2026-06-29T11:57:34+00:00,k3s-s1,Ready
2026-06-29T11:57:34+00:00,k3s-s2,NotReady
2026-06-29T11:57:34+00:00,k3s-s3,Ready
2026-06-29T11:57:34+00:00,k3s-w1,Ready
2026-06-29T11:57:34+00:00,k3s-w2,Ready
2026-06-29T11:57:35+00:00,k3s-s1,Ready
2026-06-29T11:57:35+00:00,k3s-s2,NotReady
2026-06-29T11:57:35+00:00,k3s-s3,Ready
2026-06-29T11:57:35+00:00,k3s-w1,Ready
2026-06-29T11:57:35+00:00,k3s-w2,Ready
2026-06-29T11:57:36+00:00,k3s-s1,Ready
2026-06-29T11:57:36+00:00,k3s-s2,NotReady
2026-06-29T11:57:36+00:00,k3s-s3,Ready
2026-06-29T11:57:36+00:00,k3s-w1,Ready
2026-06-29T11:57:36+00:00,k3s-w2,Ready
2026-06-29T11:57:37+00:00,k3s-s1,Ready
2026-06-29T11:57:37+00:00,k3s-s2,NotReady
2026-06-29T11:57:37+00:00,k3s-s3,Ready
2026-06-29T11:57:37+00:00,k3s-w1,Ready
2026-06-29T11:57:37+00:00,k3s-w2,Ready
2026-06-29T11:57:38+00:00,k3s-s1,Ready
2026-06-29T11:57:38+00:00,k3s-s2,NotReady
2026-06-29T11:57:38+00:00,k3s-s3,Ready
2026-06-29T11:57:38+00:00,k3s-w1,Ready
2026-06-29T11:57:38+00:00,k3s-w2,Ready
2026-06-29T11:57:39+00:00,k3s-s1,Ready
2026-06-29T11:57:39+00:00,k3s-s2,NotReady
2026-06-29T11:57:39+00:00,k3s-s3,Ready
2026-06-29T11:57:39+00:00,k3s-w1,Ready
2026-06-29T11:57:39+00:00,k3s-w2,Ready
2026-06-29T11:57:40+00:00,k3s-s1,Ready
2026-06-29T11:57:40+00:00,k3s-s2,NotReady
2026-06-29T11:57:40+00:00,k3s-s3,Ready
2026-06-29T11:57:40+00:00,k3s-w1,Ready
2026-06-29T11:57:40+00:00,k3s-w2,Ready
2026-06-29T11:57:41+00:00,k3s-s1,Ready
2026-06-29T11:57:41+00:00,k3s-s2,NotReady
2026-06-29T11:57:41+00:00,k3s-s3,Ready
2026-06-29T11:57:41+00:00,k3s-w1,Ready
2026-06-29T11:57:41+00:00,k3s-w2,Ready
2026-06-29T11:57:42+00:00,k3s-s1,Ready
2026-06-29T11:57:42+00:00,k3s-s2,NotReady
2026-06-29T11:57:42+00:00,k3s-s3,Ready
2026-06-29T11:57:42+00:00,k3s-w1,Ready
2026-06-29T11:57:42+00:00,k3s-w2,Ready
2026-06-29T11:57:43+00:00,k3s-s1,Ready
2026-06-29T11:57:43+00:00,k3s-s2,NotReady
2026-06-29T11:57:43+00:00,k3s-s3,Ready
2026-06-29T11:57:43+00:00,k3s-w1,Ready
2026-06-29T11:57:43+00:00,k3s-w2,Ready
2026-06-29T11:57:44+00:00,k3s-s1,Ready
2026-06-29T11:57:44+00:00,k3s-s2,NotReady
2026-06-29T11:57:44+00:00,k3s-s3,Ready
2026-06-29T11:57:44+00:00,k3s-w1,Ready
2026-06-29T11:57:44+00:00,k3s-w2,Ready
2026-06-29T11:57:45+00:00,k3s-s1,Ready
2026-06-29T11:57:45+00:00,k3s-s2,NotReady
2026-06-29T11:57:45+00:00,k3s-s3,Ready
2026-06-29T11:57:45+00:00,k3s-w1,Ready
2026-06-29T11:57:45+00:00,k3s-w2,Ready
2026-06-29T11:57:46+00:00,k3s-s1,Ready
2026-06-29T11:57:46+00:00,k3s-s2,NotReady
2026-06-29T11:57:46+00:00,k3s-s3,Ready
2026-06-29T11:57:46+00:00,k3s-w1,Ready
2026-06-29T11:57:46+00:00,k3s-w2,Ready
2026-06-29T11:57:47+00:00,k3s-s1,Ready
2026-06-29T11:57:47+00:00,k3s-s2,NotReady
2026-06-29T11:57:47+00:00,k3s-s3,Ready
2026-06-29T11:57:47+00:00,k3s-w1,Ready
2026-06-29T11:57:47+00:00,k3s-w2,Ready
2026-06-29T11:57:48+00:00,k3s-s1,Ready
2026-06-29T11:57:48+00:00,k3s-s2,NotReady
2026-06-29T11:57:48+00:00,k3s-s3,Ready
2026-06-29T11:57:48+00:00,k3s-w1,Ready
2026-06-29T11:57:48+00:00,k3s-w2,Ready
2026-06-29T11:57:49+00:00,k3s-s1,Ready
2026-06-29T11:57:49+00:00,k3s-s2,NotReady
2026-06-29T11:57:49+00:00,k3s-s3,Ready
2026-06-29T11:57:49+00:00,k3s-w1,Ready
2026-06-29T11:57:49+00:00,k3s-w2,Ready
2026-06-29T11:57:50+00:00,k3s-s1,Ready
2026-06-29T11:57:50+00:00,k3s-s2,NotReady
2026-06-29T11:57:50+00:00,k3s-s3,Ready
2026-06-29T11:57:50+00:00,k3s-w1,Ready
2026-06-29T11:57:50+00:00,k3s-w2,Ready
2026-06-29T11:57:52+00:00,k3s-s1,Ready
2026-06-29T11:57:52+00:00,k3s-s2,NotReady
2026-06-29T11:57:52+00:00,k3s-s3,Ready
2026-06-29T11:57:52+00:00,k3s-w1,Ready
2026-06-29T11:57:52+00:00,k3s-w2,Ready
2026-06-29T11:57:53+00:00,k3s-s1,Ready
2026-06-29T11:57:53+00:00,k3s-s2,NotReady
2026-06-29T11:57:53+00:00,k3s-s3,Ready
2026-06-29T11:57:53+00:00,k3s-w1,Ready
2026-06-29T11:57:53+00:00,k3s-w2,Ready
2026-06-29T11:57:54+00:00,k3s-s1,Ready
2026-06-29T11:57:54+00:00,k3s-s2,NotReady
2026-06-29T11:57:54+00:00,k3s-s3,Ready
2026-06-29T11:57:54+00:00,k3s-w1,Ready
2026-06-29T11:57:54+00:00,k3s-w2,Ready
2026-06-29T11:57:55+00:00,k3s-s1,Ready
2026-06-29T11:57:55+00:00,k3s-s2,NotReady
2026-06-29T11:57:55+00:00,k3s-s3,Ready
2026-06-29T11:57:55+00:00,k3s-w1,Ready
2026-06-29T11:57:55+00:00,k3s-w2,Ready
2026-06-29T11:57:56+00:00,k3s-s1,Ready
2026-06-29T11:57:56+00:00,k3s-s2,NotReady
2026-06-29T11:57:56+00:00,k3s-s3,Ready
2026-06-29T11:57:56+00:00,k3s-w1,Ready
2026-06-29T11:57:56+00:00,k3s-w2,Ready
2026-06-29T11:57:57+00:00,k3s-s1,Ready
2026-06-29T11:57:57+00:00,k3s-s2,NotReady
2026-06-29T11:57:57+00:00,k3s-s3,Ready
2026-06-29T11:57:57+00:00,k3s-w1,Ready
2026-06-29T11:57:57+00:00,k3s-w2,Ready
2026-06-29T11:57:58+00:00,k3s-s1,Ready
2026-06-29T11:57:58+00:00,k3s-s2,NotReady
2026-06-29T11:57:58+00:00,k3s-s3,Ready
2026-06-29T11:57:58+00:00,k3s-w1,Ready
2026-06-29T11:57:58+00:00,k3s-w2,Ready
2026-06-29T11:57:59+00:00,k3s-s1,Ready
2026-06-29T11:57:59+00:00,k3s-s2,NotReady
2026-06-29T11:57:59+00:00,k3s-s3,Ready
2026-06-29T11:57:59+00:00,k3s-w1,Ready
2026-06-29T11:57:59+00:00,k3s-w2,Ready
2026-06-29T11:58:00+00:00,k3s-s1,Ready
2026-06-29T11:58:00+00:00,k3s-s2,NotReady
2026-06-29T11:58:00+00:00,k3s-s3,Ready
2026-06-29T11:58:00+00:00,k3s-w1,Ready
2026-06-29T11:58:00+00:00,k3s-w2,Ready
2026-06-29T11:58:01+00:00,k3s-s1,Ready
2026-06-29T11:58:01+00:00,k3s-s2,NotReady
2026-06-29T11:58:01+00:00,k3s-s3,Ready
2026-06-29T11:58:01+00:00,k3s-w1,Ready
2026-06-29T11:58:01+00:00,k3s-w2,Ready
2026-06-29T11:58:02+00:00,k3s-s1,Ready
2026-06-29T11:58:02+00:00,k3s-s2,NotReady
2026-06-29T11:58:02+00:00,k3s-s3,Ready
2026-06-29T11:58:02+00:00,k3s-w1,Ready
2026-06-29T11:58:02+00:00,k3s-w2,Ready
2026-06-29T11:58:03+00:00,k3s-s1,Ready
2026-06-29T11:58:03+00:00,k3s-s2,NotReady
2026-06-29T11:58:03+00:00,k3s-s3,Ready
2026-06-29T11:58:03+00:00,k3s-w1,Ready
2026-06-29T11:58:03+00:00,k3s-w2,Ready
2026-06-29T11:58:04+00:00,k3s-s1,Ready
2026-06-29T11:58:04+00:00,k3s-s2,NotReady
2026-06-29T11:58:04+00:00,k3s-s3,Ready
2026-06-29T11:58:04+00:00,k3s-w1,Ready
2026-06-29T11:58:04+00:00,k3s-w2,Ready
2026-06-29T11:58:05+00:00,k3s-s1,Ready
2026-06-29T11:58:05+00:00,k3s-s2,NotReady
2026-06-29T11:58:05+00:00,k3s-s3,Ready
2026-06-29T11:58:05+00:00,k3s-w1,Ready
2026-06-29T11:58:05+00:00,k3s-w2,Ready
2026-06-29T11:58:06+00:00,k3s-s1,Ready
2026-06-29T11:58:06+00:00,k3s-s2,NotReady
2026-06-29T11:58:06+00:00,k3s-s3,Ready
2026-06-29T11:58:06+00:00,k3s-w1,Ready
2026-06-29T11:58:06+00:00,k3s-w2,Ready
2026-06-29T11:58:07+00:00,k3s-s1,Ready
2026-06-29T11:58:07+00:00,k3s-s2,NotReady
2026-06-29T11:58:07+00:00,k3s-s3,Ready
2026-06-29T11:58:07+00:00,k3s-w1,Ready
2026-06-29T11:58:07+00:00,k3s-w2,Ready
2026-06-29T11:58:08+00:00,k3s-s1,Ready
2026-06-29T11:58:08+00:00,k3s-s2,NotReady
2026-06-29T11:58:08+00:00,k3s-s3,Ready
2026-06-29T11:58:08+00:00,k3s-w1,Ready
2026-06-29T11:58:08+00:00,k3s-w2,Ready
2026-06-29T11:58:09+00:00,k3s-s1,Ready
2026-06-29T11:58:09+00:00,k3s-s2,NotReady
2026-06-29T11:58:09+00:00,k3s-s3,Ready
2026-06-29T11:58:09+00:00,k3s-w1,Ready
2026-06-29T11:58:09+00:00,k3s-w2,Ready
2026-06-29T11:58:11+00:00,k3s-s1,Ready
2026-06-29T11:58:11+00:00,k3s-s2,NotReady
2026-06-29T11:58:11+00:00,k3s-s3,Ready
2026-06-29T11:58:11+00:00,k3s-w1,Ready
2026-06-29T11:58:11+00:00,k3s-w2,Ready
2026-06-29T11:58:12+00:00,k3s-s1,Ready
2026-06-29T11:58:12+00:00,k3s-s2,NotReady
2026-06-29T11:58:12+00:00,k3s-s3,Ready
2026-06-29T11:58:12+00:00,k3s-w1,Ready
2026-06-29T11:58:12+00:00,k3s-w2,Ready
2026-06-29T11:58:13+00:00,k3s-s1,Ready
2026-06-29T11:58:13+00:00,k3s-s2,NotReady
2026-06-29T11:58:13+00:00,k3s-s3,Ready
2026-06-29T11:58:13+00:00,k3s-w1,Ready
2026-06-29T11:58:13+00:00,k3s-w2,Ready
2026-06-29T11:58:14+00:00,k3s-s1,Ready
2026-06-29T11:58:14+00:00,k3s-s2,NotReady
2026-06-29T11:58:14+00:00,k3s-s3,Ready
2026-06-29T11:58:14+00:00,k3s-w1,Ready
2026-06-29T11:58:14+00:00,k3s-w2,Ready
2026-06-29T11:58:15+00:00,k3s-s1,Ready
2026-06-29T11:58:15+00:00,k3s-s2,NotReady
2026-06-29T11:58:15+00:00,k3s-s3,Ready
2026-06-29T11:58:15+00:00,k3s-w1,Ready
2026-06-29T11:58:15+00:00,k3s-w2,Ready
2026-06-29T11:58:16+00:00,k3s-s1,Ready
2026-06-29T11:58:16+00:00,k3s-s2,NotReady
2026-06-29T11:58:16+00:00,k3s-s3,Ready
2026-06-29T11:58:16+00:00,k3s-w1,Ready
2026-06-29T11:58:16+00:00,k3s-w2,Ready
2026-06-29T11:58:17+00:00,k3s-s1,Ready
2026-06-29T11:58:17+00:00,k3s-s2,NotReady
2026-06-29T11:58:17+00:00,k3s-s3,Ready
2026-06-29T11:58:17+00:00,k3s-w1,Ready
2026-06-29T11:58:17+00:00,k3s-w2,Ready
2026-06-29T11:58:18+00:00,k3s-s1,Ready
2026-06-29T11:58:18+00:00,k3s-s2,NotReady
2026-06-29T11:58:18+00:00,k3s-s3,Ready
2026-06-29T11:58:18+00:00,k3s-w1,Ready
2026-06-29T11:58:18+00:00,k3s-w2,Ready
2026-06-29T11:58:19+00:00,k3s-s1,Ready
2026-06-29T11:58:19+00:00,k3s-s2,NotReady
2026-06-29T11:58:19+00:00,k3s-s3,Ready
2026-06-29T11:58:19+00:00,k3s-w1,Ready
2026-06-29T11:58:19+00:00,k3s-w2,Ready
2026-06-29T11:58:20+00:00,k3s-s1,Ready
2026-06-29T11:58:20+00:00,k3s-s2,NotReady
2026-06-29T11:58:20+00:00,k3s-s3,Ready
2026-06-29T11:58:20+00:00,k3s-w1,Ready
2026-06-29T11:58:20+00:00,k3s-w2,Ready
2026-06-29T11:58:21+00:00,k3s-s1,Ready
2026-06-29T11:58:21+00:00,k3s-s2,NotReady
2026-06-29T11:58:21+00:00,k3s-s3,Ready
2026-06-29T11:58:21+00:00,k3s-w1,Ready
2026-06-29T11:58:21+00:00,k3s-w2,Ready
2026-06-29T11:58:22+00:00,k3s-s1,Ready
2026-06-29T11:58:22+00:00,k3s-s2,NotReady
2026-06-29T11:58:22+00:00,k3s-s3,Ready
2026-06-29T11:58:22+00:00,k3s-w1,Ready
2026-06-29T11:58:22+00:00,k3s-w2,Ready
2026-06-29T11:58:23+00:00,k3s-s1,Ready
2026-06-29T11:58:23+00:00,k3s-s2,NotReady
2026-06-29T11:58:23+00:00,k3s-s3,Ready
2026-06-29T11:58:23+00:00,k3s-w1,Ready
2026-06-29T11:58:23+00:00,k3s-w2,Ready
2026-06-29T11:58:24+00:00,k3s-s1,Ready
2026-06-29T11:58:24+00:00,k3s-s2,NotReady
2026-06-29T11:58:24+00:00,k3s-s3,Ready
2026-06-29T11:58:24+00:00,k3s-w1,Ready
2026-06-29T11:58:24+00:00,k3s-w2,Ready
2026-06-29T11:58:25+00:00,k3s-s1,Ready
2026-06-29T11:58:25+00:00,k3s-s2,NotReady
2026-06-29T11:58:25+00:00,k3s-s3,Ready
2026-06-29T11:58:25+00:00,k3s-w1,Ready
2026-06-29T11:58:25+00:00,k3s-w2,Ready
2026-06-29T11:58:26+00:00,k3s-s1,Ready
2026-06-29T11:58:26+00:00,k3s-s2,NotReady
2026-06-29T11:58:26+00:00,k3s-s3,Ready
2026-06-29T11:58:26+00:00,k3s-w1,Ready
2026-06-29T11:58:26+00:00,k3s-w2,Ready
2026-06-29T11:58:27+00:00,k3s-s1,Ready
2026-06-29T11:58:27+00:00,k3s-s2,NotReady
2026-06-29T11:58:27+00:00,k3s-s3,Ready
2026-06-29T11:58:27+00:00,k3s-w1,Ready
2026-06-29T11:58:27+00:00,k3s-w2,Ready
2026-06-29T11:58:28+00:00,k3s-s1,Ready
2026-06-29T11:58:28+00:00,k3s-s2,NotReady
2026-06-29T11:58:28+00:00,k3s-s3,Ready
2026-06-29T11:58:28+00:00,k3s-w1,Ready
2026-06-29T11:58:28+00:00,k3s-w2,Ready
2026-06-29T11:58:29+00:00,k3s-s1,Ready
2026-06-29T11:58:29+00:00,k3s-s2,NotReady
2026-06-29T11:58:29+00:00,k3s-s3,Ready
2026-06-29T11:58:29+00:00,k3s-w1,Ready
2026-06-29T11:58:29+00:00,k3s-w2,Ready
2026-06-29T11:58:31+00:00,k3s-s1,Ready
2026-06-29T11:58:31+00:00,k3s-s2,NotReady
2026-06-29T11:58:31+00:00,k3s-s3,Ready
2026-06-29T11:58:31+00:00,k3s-w1,Ready
2026-06-29T11:58:31+00:00,k3s-w2,Ready
2026-06-29T11:58:32+00:00,k3s-s1,Ready
2026-06-29T11:58:32+00:00,k3s-s2,NotReady
2026-06-29T11:58:32+00:00,k3s-s3,Ready
2026-06-29T11:58:32+00:00,k3s-w1,Ready
2026-06-29T11:58:32+00:00,k3s-w2,Ready
2026-06-29T11:58:33+00:00,k3s-s1,Ready
2026-06-29T11:58:33+00:00,k3s-s2,NotReady
2026-06-29T11:58:33+00:00,k3s-s3,Ready
2026-06-29T11:58:33+00:00,k3s-w1,Ready
2026-06-29T11:58:33+00:00,k3s-w2,Ready
2026-06-29T11:58:34+00:00,k3s-s1,Ready
2026-06-29T11:58:34+00:00,k3s-s2,NotReady
2026-06-29T11:58:34+00:00,k3s-s3,Ready
2026-06-29T11:58:34+00:00,k3s-w1,Ready
2026-06-29T11:58:34+00:00,k3s-w2,Ready
2026-06-29T11:58:35+00:00,k3s-s1,Ready
2026-06-29T11:58:35+00:00,k3s-s2,NotReady
2026-06-29T11:58:35+00:00,k3s-s3,Ready
2026-06-29T11:58:35+00:00,k3s-w1,Ready
2026-06-29T11:58:35+00:00,k3s-w2,Ready
2026-06-29T11:58:36+00:00,k3s-s1,Ready
2026-06-29T11:58:36+00:00,k3s-s2,NotReady
2026-06-29T11:58:36+00:00,k3s-s3,Ready
2026-06-29T11:58:36+00:00,k3s-w1,Ready
2026-06-29T11:58:36+00:00,k3s-w2,Ready
2026-06-29T11:58:37+00:00,k3s-s1,Ready
2026-06-29T11:58:37+00:00,k3s-s2,NotReady
2026-06-29T11:58:37+00:00,k3s-s3,Ready
2026-06-29T11:58:37+00:00,k3s-w1,Ready
2026-06-29T11:58:37+00:00,k3s-w2,Ready
2026-06-29T11:58:38+00:00,k3s-s1,Ready
2026-06-29T11:58:38+00:00,k3s-s2,NotReady
2026-06-29T11:58:38+00:00,k3s-s3,Ready
2026-06-29T11:58:38+00:00,k3s-w1,Ready
2026-06-29T11:58:38+00:00,k3s-w2,Ready
2026-06-29T11:58:39+00:00,k3s-s1,Ready
2026-06-29T11:58:39+00:00,k3s-s2,NotReady
2026-06-29T11:58:39+00:00,k3s-s3,Ready
2026-06-29T11:58:39+00:00,k3s-w1,Ready
2026-06-29T11:58:39+00:00,k3s-w2,Ready
2026-06-29T11:58:40+00:00,k3s-s1,Ready
2026-06-29T11:58:40+00:00,k3s-s2,NotReady
2026-06-29T11:58:40+00:00,k3s-s3,Ready
2026-06-29T11:58:40+00:00,k3s-w1,Ready
2026-06-29T11:58:40+00:00,k3s-w2,Ready
2026-06-29T11:58:41+00:00,k3s-s1,Ready
2026-06-29T11:58:41+00:00,k3s-s2,NotReady
2026-06-29T11:58:41+00:00,k3s-s3,Ready
2026-06-29T11:58:41+00:00,k3s-w1,Ready
2026-06-29T11:58:41+00:00,k3s-w2,Ready
2026-06-29T11:58:42+00:00,k3s-s1,Ready
2026-06-29T11:58:42+00:00,k3s-s2,NotReady
2026-06-29T11:58:42+00:00,k3s-s3,Ready
2026-06-29T11:58:42+00:00,k3s-w1,Ready
2026-06-29T11:58:42+00:00,k3s-w2,Ready
2026-06-29T11:58:43+00:00,k3s-s1,Ready
2026-06-29T11:58:43+00:00,k3s-s2,NotReady
2026-06-29T11:58:43+00:00,k3s-s3,Ready
2026-06-29T11:58:43+00:00,k3s-w1,Ready
2026-06-29T11:58:43+00:00,k3s-w2,Ready
2026-06-29T11:58:44+00:00,k3s-s1,Ready
2026-06-29T11:58:44+00:00,k3s-s2,NotReady
2026-06-29T11:58:44+00:00,k3s-s3,Ready
2026-06-29T11:58:44+00:00,k3s-w1,Ready
2026-06-29T11:58:44+00:00,k3s-w2,Ready
2026-06-29T11:58:45+00:00,k3s-s1,Ready
2026-06-29T11:58:45+00:00,k3s-s2,NotReady
2026-06-29T11:58:45+00:00,k3s-s3,Ready
2026-06-29T11:58:45+00:00,k3s-w1,Ready
2026-06-29T11:58:45+00:00,k3s-w2,Ready
2026-06-29T11:58:46+00:00,k3s-s1,Ready
2026-06-29T11:58:46+00:00,k3s-s2,NotReady
2026-06-29T11:58:46+00:00,k3s-s3,Ready
2026-06-29T11:58:46+00:00,k3s-w1,Ready
2026-06-29T11:58:46+00:00,k3s-w2,Ready
2026-06-29T11:58:47+00:00,k3s-s1,Ready
2026-06-29T11:58:47+00:00,k3s-s2,NotReady
2026-06-29T11:58:47+00:00,k3s-s3,Ready
2026-06-29T11:58:47+00:00,k3s-w1,Ready
2026-06-29T11:58:47+00:00,k3s-w2,Ready
2026-06-29T11:58:48+00:00,k3s-s1,Ready
2026-06-29T11:58:48+00:00,k3s-s2,NotReady
2026-06-29T11:58:48+00:00,k3s-s3,Ready
2026-06-29T11:58:48+00:00,k3s-w1,Ready
2026-06-29T11:58:48+00:00,k3s-w2,Ready
2026-06-29T11:58:49+00:00,k3s-s1,Ready
2026-06-29T11:58:49+00:00,k3s-s2,NotReady
2026-06-29T11:58:49+00:00,k3s-s3,Ready
2026-06-29T11:58:49+00:00,k3s-w1,Ready
2026-06-29T11:58:49+00:00,k3s-w2,Ready
2026-06-29T11:58:51+00:00,k3s-s1,Ready
2026-06-29T11:58:51+00:00,k3s-s2,NotReady
2026-06-29T11:58:51+00:00,k3s-s3,Ready
2026-06-29T11:58:51+00:00,k3s-w1,Ready
2026-06-29T11:58:51+00:00,k3s-w2,Ready
2026-06-29T11:58:52+00:00,k3s-s1,Ready
2026-06-29T11:58:52+00:00,k3s-s2,NotReady
2026-06-29T11:58:52+00:00,k3s-s3,Ready
2026-06-29T11:58:52+00:00,k3s-w1,Ready
2026-06-29T11:58:52+00:00,k3s-w2,Ready
2026-06-29T11:58:53+00:00,k3s-s1,Ready
2026-06-29T11:58:53+00:00,k3s-s2,NotReady
2026-06-29T11:58:53+00:00,k3s-s3,Ready
2026-06-29T11:58:53+00:00,k3s-w1,Ready
2026-06-29T11:58:53+00:00,k3s-w2,Ready
2026-06-29T11:58:54+00:00,k3s-s1,Ready
2026-06-29T11:58:54+00:00,k3s-s2,NotReady
2026-06-29T11:58:54+00:00,k3s-s3,Ready
2026-06-29T11:58:54+00:00,k3s-w1,Ready
2026-06-29T11:58:54+00:00,k3s-w2,Ready
2026-06-29T11:58:55+00:00,k3s-s1,Ready
2026-06-29T11:58:55+00:00,k3s-s2,NotReady
2026-06-29T11:58:55+00:00,k3s-s3,Ready
2026-06-29T11:58:55+00:00,k3s-w1,Ready
2026-06-29T11:58:55+00:00,k3s-w2,Ready
2026-06-29T11:58:56+00:00,k3s-s1,Ready
2026-06-29T11:58:56+00:00,k3s-s2,NotReady
2026-06-29T11:58:56+00:00,k3s-s3,Ready
2026-06-29T11:58:56+00:00,k3s-w1,Ready
2026-06-29T11:58:56+00:00,k3s-w2,Ready
2026-06-29T11:58:57+00:00,k3s-s1,Ready
2026-06-29T11:58:57+00:00,k3s-s2,NotReady
2026-06-29T11:58:57+00:00,k3s-s3,Ready
2026-06-29T11:58:57+00:00,k3s-w1,Ready
2026-06-29T11:58:57+00:00,k3s-w2,Ready
2026-06-29T11:58:58+00:00,k3s-s1,Ready
2026-06-29T11:58:58+00:00,k3s-s2,NotReady
2026-06-29T11:58:58+00:00,k3s-s3,Ready
2026-06-29T11:58:58+00:00,k3s-w1,Ready
2026-06-29T11:58:58+00:00,k3s-w2,Ready
2026-06-29T11:58:59+00:00,k3s-s1,Ready
2026-06-29T11:58:59+00:00,k3s-s2,NotReady
2026-06-29T11:58:59+00:00,k3s-s3,Ready
2026-06-29T11:58:59+00:00,k3s-w1,Ready
2026-06-29T11:58:59+00:00,k3s-w2,Ready
2026-06-29T11:59:00+00:00,k3s-s1,Ready
2026-06-29T11:59:00+00:00,k3s-s2,NotReady
2026-06-29T11:59:00+00:00,k3s-s3,Ready
2026-06-29T11:59:00+00:00,k3s-w1,Ready
2026-06-29T11:59:00+00:00,k3s-w2,Ready
2026-06-29T11:59:01+00:00,k3s-s1,Ready
2026-06-29T11:59:01+00:00,k3s-s2,NotReady
2026-06-29T11:59:01+00:00,k3s-s3,Ready
2026-06-29T11:59:01+00:00,k3s-w1,Ready
2026-06-29T11:59:01+00:00,k3s-w2,Ready
2026-06-29T11:59:02+00:00,k3s-s1,Ready
2026-06-29T11:59:02+00:00,k3s-s2,NotReady
2026-06-29T11:59:02+00:00,k3s-s3,Ready
2026-06-29T11:59:02+00:00,k3s-w1,Ready
2026-06-29T11:59:02+00:00,k3s-w2,Ready
2026-06-29T11:59:03+00:00,k3s-s1,Ready
2026-06-29T11:59:03+00:00,k3s-s2,NotReady
2026-06-29T11:59:03+00:00,k3s-s3,Ready
2026-06-29T11:59:03+00:00,k3s-w1,Ready
2026-06-29T11:59:03+00:00,k3s-w2,Ready
2026-06-29T11:59:04+00:00,k3s-s1,Ready
2026-06-29T11:59:04+00:00,k3s-s2,NotReady
2026-06-29T11:59:04+00:00,k3s-s3,Ready
2026-06-29T11:59:04+00:00,k3s-w1,Ready
2026-06-29T11:59:04+00:00,k3s-w2,Ready
2026-06-29T11:59:05+00:00,k3s-s1,Ready
2026-06-29T11:59:05+00:00,k3s-s2,NotReady
2026-06-29T11:59:05+00:00,k3s-s3,Ready
2026-06-29T11:59:05+00:00,k3s-w1,Ready
2026-06-29T11:59:05+00:00,k3s-w2,Ready
2026-06-29T11:59:06+00:00,k3s-s1,Ready
2026-06-29T11:59:06+00:00,k3s-s2,NotReady
2026-06-29T11:59:06+00:00,k3s-s3,Ready
2026-06-29T11:59:06+00:00,k3s-w1,Ready
2026-06-29T11:59:06+00:00,k3s-w2,Ready
2026-06-29T11:59:07+00:00,k3s-s1,Ready
2026-06-29T11:59:07+00:00,k3s-s2,NotReady
2026-06-29T11:59:07+00:00,k3s-s3,Ready
2026-06-29T11:59:07+00:00,k3s-w1,Ready
2026-06-29T11:59:07+00:00,k3s-w2,Ready
2026-06-29T11:59:08+00:00,k3s-s1,Ready
2026-06-29T11:59:08+00:00,k3s-s2,NotReady
2026-06-29T11:59:08+00:00,k3s-s3,Ready
2026-06-29T11:59:08+00:00,k3s-w1,Ready
2026-06-29T11:59:08+00:00,k3s-w2,Ready
2026-06-29T11:59:09+00:00,k3s-s1,Ready
2026-06-29T11:59:09+00:00,k3s-s2,NotReady
2026-06-29T11:59:09+00:00,k3s-s3,Ready
2026-06-29T11:59:09+00:00,k3s-w1,Ready
2026-06-29T11:59:09+00:00,k3s-w2,Ready
2026-06-29T11:59:11+00:00,k3s-s1,Ready
2026-06-29T11:59:11+00:00,k3s-s2,NotReady
2026-06-29T11:59:11+00:00,k3s-s3,Ready
2026-06-29T11:59:11+00:00,k3s-w1,Ready
2026-06-29T11:59:11+00:00,k3s-w2,Ready
2026-06-29T11:59:12+00:00,k3s-s1,Ready
2026-06-29T11:59:12+00:00,k3s-s2,NotReady
2026-06-29T11:59:12+00:00,k3s-s3,Ready
2026-06-29T11:59:12+00:00,k3s-w1,Ready
2026-06-29T11:59:12+00:00,k3s-w2,Ready
2026-06-29T11:59:13+00:00,k3s-s1,Ready
2026-06-29T11:59:13+00:00,k3s-s2,NotReady
2026-06-29T11:59:13+00:00,k3s-s3,Ready
2026-06-29T11:59:13+00:00,k3s-w1,Ready
2026-06-29T11:59:13+00:00,k3s-w2,Ready
2026-06-29T11:59:14+00:00,k3s-s1,Ready
2026-06-29T11:59:14+00:00,k3s-s2,NotReady
2026-06-29T11:59:14+00:00,k3s-s3,Ready
2026-06-29T11:59:14+00:00,k3s-w1,Ready
2026-06-29T11:59:14+00:00,k3s-w2,Ready
2026-06-29T11:59:15+00:00,k3s-s1,Ready
2026-06-29T11:59:15+00:00,k3s-s2,NotReady
2026-06-29T11:59:15+00:00,k3s-s3,Ready
2026-06-29T11:59:15+00:00,k3s-w1,Ready
2026-06-29T11:59:15+00:00,k3s-w2,Ready
2026-06-29T11:59:16+00:00,k3s-s1,Ready
2026-06-29T11:59:16+00:00,k3s-s2,NotReady
2026-06-29T11:59:16+00:00,k3s-s3,Ready
2026-06-29T11:59:16+00:00,k3s-w1,Ready
2026-06-29T11:59:16+00:00,k3s-w2,Ready
2026-06-29T11:59:17+00:00,k3s-s1,Ready
2026-06-29T11:59:17+00:00,k3s-s2,NotReady
2026-06-29T11:59:17+00:00,k3s-s3,Ready
2026-06-29T11:59:17+00:00,k3s-w1,Ready
2026-06-29T11:59:17+00:00,k3s-w2,Ready
2026-06-29T11:59:18+00:00,k3s-s1,Ready
2026-06-29T11:59:18+00:00,k3s-s2,NotReady
2026-06-29T11:59:18+00:00,k3s-s3,Ready
2026-06-29T11:59:18+00:00,k3s-w1,Ready
2026-06-29T11:59:18+00:00,k3s-w2,Ready
2026-06-29T11:59:19+00:00,k3s-s1,Ready
2026-06-29T11:59:19+00:00,k3s-s2,NotReady
2026-06-29T11:59:19+00:00,k3s-s3,Ready
2026-06-29T11:59:19+00:00,k3s-w1,Ready
2026-06-29T11:59:19+00:00,k3s-w2,Ready
2026-06-29T11:59:20+00:00,k3s-s1,Ready
2026-06-29T11:59:20+00:00,k3s-s2,NotReady
2026-06-29T11:59:20+00:00,k3s-s3,Ready
2026-06-29T11:59:20+00:00,k3s-w1,Ready
2026-06-29T11:59:20+00:00,k3s-w2,Ready
2026-06-29T11:59:21+00:00,k3s-s1,Ready
2026-06-29T11:59:21+00:00,k3s-s2,NotReady
2026-06-29T11:59:21+00:00,k3s-s3,Ready
2026-06-29T11:59:21+00:00,k3s-w1,Ready
2026-06-29T11:59:21+00:00,k3s-w2,Ready
2026-06-29T11:59:22+00:00,k3s-s1,Ready
2026-06-29T11:59:22+00:00,k3s-s2,NotReady
2026-06-29T11:59:22+00:00,k3s-s3,Ready
2026-06-29T11:59:22+00:00,k3s-w1,Ready
2026-06-29T11:59:22+00:00,k3s-w2,Ready
2026-06-29T11:59:23+00:00,k3s-s1,Ready
2026-06-29T11:59:23+00:00,k3s-s2,NotReady
2026-06-29T11:59:23+00:00,k3s-s3,Ready
2026-06-29T11:59:23+00:00,k3s-w1,Ready
2026-06-29T11:59:23+00:00,k3s-w2,Ready
2026-06-29T11:59:24+00:00,k3s-s1,Ready
2026-06-29T11:59:24+00:00,k3s-s2,NotReady
2026-06-29T11:59:24+00:00,k3s-s3,Ready
2026-06-29T11:59:24+00:00,k3s-w1,Ready
2026-06-29T11:59:24+00:00,k3s-w2,Ready
2026-06-29T11:59:25+00:00,k3s-s1,Ready
2026-06-29T11:59:25+00:00,k3s-s2,NotReady
2026-06-29T11:59:25+00:00,k3s-s3,Ready
2026-06-29T11:59:25+00:00,k3s-w1,Ready
2026-06-29T11:59:25+00:00,k3s-w2,Ready
2026-06-29T11:59:26+00:00,k3s-s1,Ready
2026-06-29T11:59:26+00:00,k3s-s2,NotReady
2026-06-29T11:59:26+00:00,k3s-s3,Ready
2026-06-29T11:59:26+00:00,k3s-w1,Ready
2026-06-29T11:59:26+00:00,k3s-w2,Ready
2026-06-29T11:59:27+00:00,k3s-s1,Ready
2026-06-29T11:59:27+00:00,k3s-s2,NotReady
2026-06-29T11:59:27+00:00,k3s-s3,Ready
2026-06-29T11:59:27+00:00,k3s-w1,Ready
2026-06-29T11:59:27+00:00,k3s-w2,Ready
2026-06-29T11:59:28+00:00,k3s-s1,Ready
2026-06-29T11:59:28+00:00,k3s-s2,NotReady
2026-06-29T11:59:28+00:00,k3s-s3,Ready
2026-06-29T11:59:28+00:00,k3s-w1,Ready
2026-06-29T11:59:28+00:00,k3s-w2,Ready
2026-06-29T11:59:29+00:00,k3s-s1,Ready
2026-06-29T11:59:29+00:00,k3s-s2,NotReady
2026-06-29T11:59:29+00:00,k3s-s3,Ready
2026-06-29T11:59:29+00:00,k3s-w1,Ready
2026-06-29T11:59:29+00:00,k3s-w2,Ready
2026-06-29T11:59:31+00:00,k3s-s1,Ready
2026-06-29T11:59:31+00:00,k3s-s2,NotReady
2026-06-29T11:59:31+00:00,k3s-s3,Ready
2026-06-29T11:59:31+00:00,k3s-w1,Ready
2026-06-29T11:59:31+00:00,k3s-w2,Ready
2026-06-29T11:59:32+00:00,k3s-s1,Ready
2026-06-29T11:59:32+00:00,k3s-s2,NotReady
2026-06-29T11:59:32+00:00,k3s-s3,Ready
2026-06-29T11:59:32+00:00,k3s-w1,Ready
2026-06-29T11:59:32+00:00,k3s-w2,Ready
2026-06-29T11:59:33+00:00,k3s-s1,Ready
2026-06-29T11:59:33+00:00,k3s-s2,NotReady
2026-06-29T11:59:33+00:00,k3s-s3,Ready
2026-06-29T11:59:33+00:00,k3s-w1,Ready
2026-06-29T11:59:33+00:00,k3s-w2,Ready
2026-06-29T11:59:34+00:00,k3s-s1,Ready
2026-06-29T11:59:34+00:00,k3s-s2,NotReady
2026-06-29T11:59:34+00:00,k3s-s3,Ready
2026-06-29T11:59:34+00:00,k3s-w1,Ready
2026-06-29T11:59:34+00:00,k3s-w2,Ready
2026-06-29T11:59:35+00:00,k3s-s1,Ready
2026-06-29T11:59:35+00:00,k3s-s2,NotReady
2026-06-29T11:59:35+00:00,k3s-s3,Ready
2026-06-29T11:59:35+00:00,k3s-w1,Ready
2026-06-29T11:59:35+00:00,k3s-w2,Ready
2026-06-29T11:59:36+00:00,k3s-s1,Ready
2026-06-29T11:59:36+00:00,k3s-s2,NotReady
2026-06-29T11:59:36+00:00,k3s-s3,Ready
2026-06-29T11:59:36+00:00,k3s-w1,Ready
2026-06-29T11:59:36+00:00,k3s-w2,Ready
2026-06-29T11:59:37+00:00,k3s-s1,Ready
2026-06-29T11:59:37+00:00,k3s-s2,NotReady
2026-06-29T11:59:37+00:00,k3s-s3,Ready
2026-06-29T11:59:37+00:00,k3s-w1,Ready
2026-06-29T11:59:37+00:00,k3s-w2,Ready
2026-06-29T11:59:38+00:00,k3s-s1,Ready
2026-06-29T11:59:38+00:00,k3s-s2,NotReady
2026-06-29T11:59:38+00:00,k3s-s3,Ready
2026-06-29T11:59:38+00:00,k3s-w1,Ready
2026-06-29T11:59:38+00:00,k3s-w2,Ready
2026-06-29T11:59:39+00:00,k3s-s1,Ready
2026-06-29T11:59:39+00:00,k3s-s2,NotReady
2026-06-29T11:59:39+00:00,k3s-s3,Ready
2026-06-29T11:59:39+00:00,k3s-w1,Ready
2026-06-29T11:59:39+00:00,k3s-w2,Ready
2026-06-29T11:59:40+00:00,k3s-s1,Ready
2026-06-29T11:59:40+00:00,k3s-s2,NotReady
2026-06-29T11:59:40+00:00,k3s-s3,Ready
2026-06-29T11:59:40+00:00,k3s-w1,Ready
2026-06-29T11:59:40+00:00,k3s-w2,Ready
2026-06-29T11:59:41+00:00,k3s-s1,Ready
2026-06-29T11:59:41+00:00,k3s-s2,NotReady
2026-06-29T11:59:41+00:00,k3s-s3,Ready
2026-06-29T11:59:41+00:00,k3s-w1,Ready
2026-06-29T11:59:41+00:00,k3s-w2,Ready
2026-06-29T11:59:42+00:00,k3s-s1,Ready
2026-06-29T11:59:42+00:00,k3s-s2,NotReady
2026-06-29T11:59:42+00:00,k3s-s3,Ready
2026-06-29T11:59:42+00:00,k3s-w1,Ready
2026-06-29T11:59:42+00:00,k3s-w2,Ready
2026-06-29T11:59:43+00:00,k3s-s1,Ready
2026-06-29T11:59:43+00:00,k3s-s2,NotReady
2026-06-29T11:59:43+00:00,k3s-s3,Ready
2026-06-29T11:59:43+00:00,k3s-w1,Ready
2026-06-29T11:59:43+00:00,k3s-w2,Ready
2026-06-29T11:59:44+00:00,k3s-s1,Ready
2026-06-29T11:59:44+00:00,k3s-s2,NotReady
2026-06-29T11:59:44+00:00,k3s-s3,Ready
2026-06-29T11:59:44+00:00,k3s-w1,Ready
2026-06-29T11:59:44+00:00,k3s-w2,Ready
2026-06-29T11:59:45+00:00,k3s-s1,Ready
2026-06-29T11:59:45+00:00,k3s-s2,NotReady
2026-06-29T11:59:45+00:00,k3s-s3,Ready
2026-06-29T11:59:45+00:00,k3s-w1,Ready
2026-06-29T11:59:45+00:00,k3s-w2,Ready
2026-06-29T11:59:46+00:00,k3s-s1,Ready
2026-06-29T11:59:46+00:00,k3s-s2,NotReady
2026-06-29T11:59:46+00:00,k3s-s3,Ready
2026-06-29T11:59:46+00:00,k3s-w1,Ready
2026-06-29T11:59:46+00:00,k3s-w2,Ready
2026-06-29T11:59:47+00:00,k3s-s1,Ready
2026-06-29T11:59:47+00:00,k3s-s2,NotReady
2026-06-29T11:59:47+00:00,k3s-s3,Ready
2026-06-29T11:59:47+00:00,k3s-w1,Ready
2026-06-29T11:59:47+00:00,k3s-w2,Ready
2026-06-29T11:59:48+00:00,k3s-s1,Ready
2026-06-29T11:59:48+00:00,k3s-s2,NotReady
2026-06-29T11:59:48+00:00,k3s-s3,Ready
2026-06-29T11:59:48+00:00,k3s-w1,Ready
2026-06-29T11:59:48+00:00,k3s-w2,Ready
2026-06-29T11:59:49+00:00,k3s-s1,Ready
2026-06-29T11:59:49+00:00,k3s-s2,NotReady
2026-06-29T11:59:49+00:00,k3s-s3,Ready
2026-06-29T11:59:49+00:00,k3s-w1,Ready
2026-06-29T11:59:49+00:00,k3s-w2,Ready
2026-06-29T11:59:51+00:00,k3s-s1,Ready
2026-06-29T11:59:51+00:00,k3s-s2,NotReady
2026-06-29T11:59:51+00:00,k3s-s3,Ready
2026-06-29T11:59:51+00:00,k3s-w1,Ready
2026-06-29T11:59:51+00:00,k3s-w2,Ready
2026-06-29T11:59:52+00:00,k3s-s1,Ready
2026-06-29T11:59:52+00:00,k3s-s2,NotReady
2026-06-29T11:59:52+00:00,k3s-s3,Ready
2026-06-29T11:59:52+00:00,k3s-w1,Ready
2026-06-29T11:59:52+00:00,k3s-w2,Ready
2026-06-29T11:59:53+00:00,k3s-s1,Ready
2026-06-29T11:59:53+00:00,k3s-s2,NotReady
2026-06-29T11:59:53+00:00,k3s-s3,Ready
2026-06-29T11:59:53+00:00,k3s-w1,Ready
2026-06-29T11:59:53+00:00,k3s-w2,Ready
2026-06-29T11:59:54+00:00,k3s-s1,Ready
2026-06-29T11:59:54+00:00,k3s-s2,NotReady
2026-06-29T11:59:54+00:00,k3s-s3,Ready
2026-06-29T11:59:54+00:00,k3s-w1,Ready
2026-06-29T11:59:54+00:00,k3s-w2,Ready
2026-06-29T11:59:55+00:00,k3s-s1,Ready
2026-06-29T11:59:55+00:00,k3s-s2,NotReady
2026-06-29T11:59:55+00:00,k3s-s3,Ready
2026-06-29T11:59:55+00:00,k3s-w1,Ready
2026-06-29T11:59:55+00:00,k3s-w2,Ready
2026-06-29T11:59:56+00:00,k3s-s1,Ready
2026-06-29T11:59:56+00:00,k3s-s2,NotReady
2026-06-29T11:59:56+00:00,k3s-s3,Ready
2026-06-29T11:59:56+00:00,k3s-w1,Ready
2026-06-29T11:59:56+00:00,k3s-w2,Ready
2026-06-29T11:59:57+00:00,k3s-s1,Ready
2026-06-29T11:59:57+00:00,k3s-s2,NotReady
2026-06-29T11:59:57+00:00,k3s-s3,Ready
2026-06-29T11:59:57+00:00,k3s-w1,Ready
2026-06-29T11:59:57+00:00,k3s-w2,Ready
2026-06-29T11:59:58+00:00,k3s-s1,Ready
2026-06-29T11:59:58+00:00,k3s-s2,NotReady
2026-06-29T11:59:58+00:00,k3s-s3,Ready
2026-06-29T11:59:58+00:00,k3s-w1,Ready
2026-06-29T11:59:58+00:00,k3s-w2,Ready
2026-06-29T11:59:59+00:00,k3s-s1,Ready
2026-06-29T11:59:59+00:00,k3s-s2,NotReady
2026-06-29T11:59:59+00:00,k3s-s3,Ready
2026-06-29T11:59:59+00:00,k3s-w1,Ready
2026-06-29T11:59:59+00:00,k3s-w2,Ready
2026-06-29T12:00:00+00:00,k3s-s1,Ready
2026-06-29T12:00:00+00:00,k3s-s2,NotReady
2026-06-29T12:00:00+00:00,k3s-s3,Ready
2026-06-29T12:00:00+00:00,k3s-w1,Ready
2026-06-29T12:00:00+00:00,k3s-w2,Ready
2026-06-29T12:00:01+00:00,k3s-s1,Ready
2026-06-29T12:00:01+00:00,k3s-s2,NotReady
2026-06-29T12:00:01+00:00,k3s-s3,Ready
2026-06-29T12:00:01+00:00,k3s-w1,Ready
2026-06-29T12:00:01+00:00,k3s-w2,Ready
2026-06-29T12:00:02+00:00,k3s-s1,Ready
2026-06-29T12:00:02+00:00,k3s-s2,NotReady
2026-06-29T12:00:02+00:00,k3s-s3,Ready
2026-06-29T12:00:02+00:00,k3s-w1,Ready
2026-06-29T12:00:02+00:00,k3s-w2,Ready
2026-06-29T12:00:03+00:00,k3s-s1,Ready
2026-06-29T12:00:03+00:00,k3s-s2,NotReady
2026-06-29T12:00:03+00:00,k3s-s3,Ready
2026-06-29T12:00:03+00:00,k3s-w1,Ready
2026-06-29T12:00:03+00:00,k3s-w2,Ready
2026-06-29T12:00:04+00:00,k3s-s1,Ready
2026-06-29T12:00:04+00:00,k3s-s2,NotReady
2026-06-29T12:00:04+00:00,k3s-s3,Ready
2026-06-29T12:00:04+00:00,k3s-w1,Ready
2026-06-29T12:00:04+00:00,k3s-w2,Ready
2026-06-29T12:00:05+00:00,k3s-s1,Ready
2026-06-29T12:00:05+00:00,k3s-s2,NotReady
2026-06-29T12:00:05+00:00,k3s-s3,Ready
2026-06-29T12:00:05+00:00,k3s-w1,Ready
2026-06-29T12:00:05+00:00,k3s-w2,Ready
2026-06-29T12:00:06+00:00,k3s-s1,Ready
2026-06-29T12:00:06+00:00,k3s-s2,NotReady
2026-06-29T12:00:06+00:00,k3s-s3,Ready
2026-06-29T12:00:06+00:00,k3s-w1,Ready
2026-06-29T12:00:06+00:00,k3s-w2,Ready
2026-06-29T12:00:07+00:00,k3s-s1,Ready
2026-06-29T12:00:07+00:00,k3s-s2,NotReady
2026-06-29T12:00:07+00:00,k3s-s3,Ready
2026-06-29T12:00:07+00:00,k3s-w1,Ready
2026-06-29T12:00:07+00:00,k3s-w2,Ready
2026-06-29T12:00:08+00:00,k3s-s1,Ready
2026-06-29T12:00:08+00:00,k3s-s2,NotReady
2026-06-29T12:00:08+00:00,k3s-s3,Ready
2026-06-29T12:00:08+00:00,k3s-w1,Ready
2026-06-29T12:00:08+00:00,k3s-w2,Ready
2026-06-29T12:00:09+00:00,k3s-s1,Ready
2026-06-29T12:00:09+00:00,k3s-s2,NotReady
2026-06-29T12:00:09+00:00,k3s-s3,Ready
2026-06-29T12:00:09+00:00,k3s-w1,Ready
2026-06-29T12:00:09+00:00,k3s-w2,Ready
2026-06-29T12:00:10+00:00,k3s-s1,Ready
2026-06-29T12:00:10+00:00,k3s-s2,NotReady
2026-06-29T12:00:10+00:00,k3s-s3,Ready
2026-06-29T12:00:10+00:00,k3s-w1,Ready
2026-06-29T12:00:10+00:00,k3s-w2,Ready
2026-06-29T12:00:12+00:00,k3s-s1,Ready
2026-06-29T12:00:12+00:00,k3s-s2,NotReady
2026-06-29T12:00:12+00:00,k3s-s3,Ready
2026-06-29T12:00:12+00:00,k3s-w1,Ready
2026-06-29T12:00:12+00:00,k3s-w2,Ready
2026-06-29T12:00:13+00:00,k3s-s1,Ready
2026-06-29T12:00:13+00:00,k3s-s2,NotReady
2026-06-29T12:00:13+00:00,k3s-s3,Ready
2026-06-29T12:00:13+00:00,k3s-w1,Ready
2026-06-29T12:00:13+00:00,k3s-w2,Ready
2026-06-29T12:00:14+00:00,k3s-s1,Ready
2026-06-29T12:00:14+00:00,k3s-s2,NotReady
2026-06-29T12:00:14+00:00,k3s-s3,Ready
2026-06-29T12:00:14+00:00,k3s-w1,Ready
2026-06-29T12:00:14+00:00,k3s-w2,Ready
2026-06-29T12:00:15+00:00,k3s-s1,Ready
2026-06-29T12:00:15+00:00,k3s-s2,NotReady
2026-06-29T12:00:15+00:00,k3s-s3,Ready
2026-06-29T12:00:15+00:00,k3s-w1,Ready
2026-06-29T12:00:15+00:00,k3s-w2,Ready
2026-06-29T12:00:16+00:00,k3s-s1,Ready
2026-06-29T12:00:16+00:00,k3s-s2,NotReady
2026-06-29T12:00:16+00:00,k3s-s3,Ready
2026-06-29T12:00:16+00:00,k3s-w1,Ready
2026-06-29T12:00:16+00:00,k3s-w2,Ready
2026-06-29T12:00:17+00:00,k3s-s1,Ready
2026-06-29T12:00:17+00:00,k3s-s2,NotReady
2026-06-29T12:00:17+00:00,k3s-s3,Ready
2026-06-29T12:00:17+00:00,k3s-w1,Ready
2026-06-29T12:00:17+00:00,k3s-w2,Ready
2026-06-29T12:00:18+00:00,k3s-s1,Ready
2026-06-29T12:00:18+00:00,k3s-s2,NotReady
2026-06-29T12:00:18+00:00,k3s-s3,Ready
2026-06-29T12:00:18+00:00,k3s-w1,Ready
2026-06-29T12:00:18+00:00,k3s-w2,Ready
2026-06-29T12:00:19+00:00,k3s-s1,Ready
2026-06-29T12:00:19+00:00,k3s-s2,NotReady
2026-06-29T12:00:19+00:00,k3s-s3,Ready
2026-06-29T12:00:19+00:00,k3s-w1,Ready
2026-06-29T12:00:19+00:00,k3s-w2,Ready
2026-06-29T12:00:20+00:00,k3s-s1,Ready
2026-06-29T12:00:20+00:00,k3s-s2,NotReady
2026-06-29T12:00:20+00:00,k3s-s3,Ready
2026-06-29T12:00:20+00:00,k3s-w1,Ready
2026-06-29T12:00:20+00:00,k3s-w2,Ready
2026-06-29T12:00:21+00:00,k3s-s1,Ready
2026-06-29T12:00:21+00:00,k3s-s2,NotReady
2026-06-29T12:00:21+00:00,k3s-s3,Ready
2026-06-29T12:00:21+00:00,k3s-w1,Ready
2026-06-29T12:00:21+00:00,k3s-w2,Ready
2026-06-29T12:00:22+00:00,k3s-s1,Ready
2026-06-29T12:00:22+00:00,k3s-s2,NotReady
2026-06-29T12:00:22+00:00,k3s-s3,Ready
2026-06-29T12:00:22+00:00,k3s-w1,Ready
2026-06-29T12:00:22+00:00,k3s-w2,Ready
2026-06-29T12:00:23+00:00,k3s-s1,Ready
2026-06-29T12:00:23+00:00,k3s-s2,NotReady
2026-06-29T12:00:23+00:00,k3s-s3,Ready
2026-06-29T12:00:23+00:00,k3s-w1,Ready
2026-06-29T12:00:23+00:00,k3s-w2,Ready
2026-06-29T12:00:24+00:00,k3s-s1,Ready
2026-06-29T12:00:24+00:00,k3s-s2,NotReady
2026-06-29T12:00:24+00:00,k3s-s3,Ready
2026-06-29T12:00:24+00:00,k3s-w1,Ready
2026-06-29T12:00:24+00:00,k3s-w2,Ready
2026-06-29T12:00:25+00:00,k3s-s1,Ready
2026-06-29T12:00:25+00:00,k3s-s2,NotReady
2026-06-29T12:00:25+00:00,k3s-s3,Ready
2026-06-29T12:00:25+00:00,k3s-w1,Ready
2026-06-29T12:00:25+00:00,k3s-w2,Ready
2026-06-29T12:00:26+00:00,k3s-s1,Ready
2026-06-29T12:00:26+00:00,k3s-s2,NotReady
2026-06-29T12:00:26+00:00,k3s-s3,Ready
2026-06-29T12:00:26+00:00,k3s-w1,Ready
2026-06-29T12:00:26+00:00,k3s-w2,Ready
2026-06-29T12:00:27+00:00,k3s-s1,Ready
2026-06-29T12:00:27+00:00,k3s-s2,NotReady
2026-06-29T12:00:27+00:00,k3s-s3,Ready
2026-06-29T12:00:27+00:00,k3s-w1,Ready
2026-06-29T12:00:27+00:00,k3s-w2,Ready
2026-06-29T12:00:28+00:00,k3s-s1,Ready
2026-06-29T12:00:28+00:00,k3s-s2,NotReady
2026-06-29T12:00:28+00:00,k3s-s3,Ready
2026-06-29T12:00:28+00:00,k3s-w1,Ready
2026-06-29T12:00:28+00:00,k3s-w2,Ready
2026-06-29T12:00:29+00:00,k3s-s1,Ready
2026-06-29T12:00:29+00:00,k3s-s2,NotReady
2026-06-29T12:00:29+00:00,k3s-s3,Ready
2026-06-29T12:00:29+00:00,k3s-w1,Ready
2026-06-29T12:00:29+00:00,k3s-w2,Ready
2026-06-29T12:00:30+00:00,k3s-s1,Ready
2026-06-29T12:00:30+00:00,k3s-s2,NotReady
2026-06-29T12:00:30+00:00,k3s-s3,Ready
2026-06-29T12:00:30+00:00,k3s-w1,Ready
2026-06-29T12:00:30+00:00,k3s-w2,Ready
2026-06-29T12:00:32+00:00,k3s-s1,Ready
2026-06-29T12:00:32+00:00,k3s-s2,NotReady
2026-06-29T12:00:32+00:00,k3s-s3,Ready
2026-06-29T12:00:32+00:00,k3s-w1,Ready
2026-06-29T12:00:32+00:00,k3s-w2,Ready
2026-06-29T12:00:33+00:00,k3s-s1,Ready
2026-06-29T12:00:33+00:00,k3s-s2,NotReady
2026-06-29T12:00:33+00:00,k3s-s3,Ready
2026-06-29T12:00:33+00:00,k3s-w1,Ready
2026-06-29T12:00:33+00:00,k3s-w2,Ready
2026-06-29T12:00:34+00:00,k3s-s1,Ready
2026-06-29T12:00:34+00:00,k3s-s2,NotReady
2026-06-29T12:00:34+00:00,k3s-s3,Ready
2026-06-29T12:00:34+00:00,k3s-w1,Ready
2026-06-29T12:00:34+00:00,k3s-w2,Ready
2026-06-29T12:00:35+00:00,k3s-s1,Ready
2026-06-29T12:00:35+00:00,k3s-s2,NotReady
2026-06-29T12:00:35+00:00,k3s-s3,Ready
2026-06-29T12:00:35+00:00,k3s-w1,Ready
2026-06-29T12:00:35+00:00,k3s-w2,Ready
2026-06-29T12:00:36+00:00,k3s-s1,Ready
2026-06-29T12:00:36+00:00,k3s-s2,NotReady
2026-06-29T12:00:36+00:00,k3s-s3,Ready
2026-06-29T12:00:36+00:00,k3s-w1,Ready
2026-06-29T12:00:36+00:00,k3s-w2,Ready
2026-06-29T12:00:37+00:00,k3s-s1,Ready
2026-06-29T12:00:37+00:00,k3s-s2,NotReady
2026-06-29T12:00:37+00:00,k3s-s3,Ready
2026-06-29T12:00:37+00:00,k3s-w1,Ready
2026-06-29T12:00:37+00:00,k3s-w2,Ready
2026-06-29T12:00:38+00:00,k3s-s1,Ready
2026-06-29T12:00:38+00:00,k3s-s2,NotReady
2026-06-29T12:00:38+00:00,k3s-s3,Ready
2026-06-29T12:00:38+00:00,k3s-w1,Ready
2026-06-29T12:00:38+00:00,k3s-w2,Ready
2026-06-29T12:00:39+00:00,k3s-s1,Ready
2026-06-29T12:00:39+00:00,k3s-s2,NotReady
2026-06-29T12:00:39+00:00,k3s-s3,Ready
2026-06-29T12:00:39+00:00,k3s-w1,Ready
2026-06-29T12:00:39+00:00,k3s-w2,Ready
2026-06-29T12:00:40+00:00,k3s-s1,Ready
2026-06-29T12:00:40+00:00,k3s-s2,NotReady
2026-06-29T12:00:40+00:00,k3s-s3,Ready
2026-06-29T12:00:40+00:00,k3s-w1,Ready
2026-06-29T12:00:40+00:00,k3s-w2,Ready
2026-06-29T12:00:41+00:00,k3s-s1,Ready
2026-06-29T12:00:41+00:00,k3s-s2,NotReady
2026-06-29T12:00:41+00:00,k3s-s3,Ready
2026-06-29T12:00:41+00:00,k3s-w1,Ready
2026-06-29T12:00:41+00:00,k3s-w2,Ready
2026-06-29T12:00:42+00:00,k3s-s1,Ready
2026-06-29T12:00:42+00:00,k3s-s2,NotReady
2026-06-29T12:00:42+00:00,k3s-s3,Ready
2026-06-29T12:00:42+00:00,k3s-w1,Ready
2026-06-29T12:00:42+00:00,k3s-w2,Ready
2026-06-29T12:00:43+00:00,k3s-s1,Ready
2026-06-29T12:00:43+00:00,k3s-s2,NotReady
2026-06-29T12:00:43+00:00,k3s-s3,Ready
2026-06-29T12:00:43+00:00,k3s-w1,Ready
2026-06-29T12:00:43+00:00,k3s-w2,Ready
2026-06-29T12:00:44+00:00,k3s-s1,Ready
2026-06-29T12:00:44+00:00,k3s-s2,NotReady
2026-06-29T12:00:44+00:00,k3s-s3,Ready
2026-06-29T12:00:44+00:00,k3s-w1,Ready
2026-06-29T12:00:44+00:00,k3s-w2,Ready
2026-06-29T12:00:45+00:00,k3s-s1,Ready
2026-06-29T12:00:45+00:00,k3s-s2,NotReady
2026-06-29T12:00:45+00:00,k3s-s3,Ready
2026-06-29T12:00:45+00:00,k3s-w1,Ready
2026-06-29T12:00:45+00:00,k3s-w2,Ready
2026-06-29T12:00:46+00:00,k3s-s1,Ready
2026-06-29T12:00:46+00:00,k3s-s2,NotReady
2026-06-29T12:00:46+00:00,k3s-s3,Ready
2026-06-29T12:00:46+00:00,k3s-w1,Ready
2026-06-29T12:00:46+00:00,k3s-w2,Ready
2026-06-29T12:00:47+00:00,k3s-s1,Ready
2026-06-29T12:00:47+00:00,k3s-s2,NotReady
2026-06-29T12:00:47+00:00,k3s-s3,Ready
2026-06-29T12:00:47+00:00,k3s-w1,Ready
2026-06-29T12:00:47+00:00,k3s-w2,Ready
2026-06-29T12:00:48+00:00,k3s-s1,Ready
2026-06-29T12:00:48+00:00,k3s-s2,NotReady
2026-06-29T12:00:48+00:00,k3s-s3,Ready
2026-06-29T12:00:48+00:00,k3s-w1,Ready
2026-06-29T12:00:48+00:00,k3s-w2,Ready
2026-06-29T12:00:49+00:00,k3s-s1,Ready
2026-06-29T12:00:49+00:00,k3s-s2,NotReady
2026-06-29T12:00:49+00:00,k3s-s3,Ready
2026-06-29T12:00:49+00:00,k3s-w1,Ready
2026-06-29T12:00:49+00:00,k3s-w2,Ready
2026-06-29T12:00:50+00:00,k3s-s1,Ready
2026-06-29T12:00:50+00:00,k3s-s2,NotReady
2026-06-29T12:00:50+00:00,k3s-s3,Ready
2026-06-29T12:00:50+00:00,k3s-w1,Ready
2026-06-29T12:00:50+00:00,k3s-w2,Ready
2026-06-29T12:00:52+00:00,k3s-s1,Ready
2026-06-29T12:00:52+00:00,k3s-s2,NotReady
2026-06-29T12:00:52+00:00,k3s-s3,Ready
2026-06-29T12:00:52+00:00,k3s-w1,Ready
2026-06-29T12:00:52+00:00,k3s-w2,Ready
2026-06-29T12:00:53+00:00,k3s-s1,Ready
2026-06-29T12:00:53+00:00,k3s-s2,NotReady
2026-06-29T12:00:53+00:00,k3s-s3,Ready
2026-06-29T12:00:53+00:00,k3s-w1,Ready
2026-06-29T12:00:53+00:00,k3s-w2,Ready
2026-06-29T12:00:54+00:00,k3s-s1,Ready
2026-06-29T12:00:54+00:00,k3s-s2,NotReady
2026-06-29T12:00:54+00:00,k3s-s3,Ready
2026-06-29T12:00:54+00:00,k3s-w1,Ready
2026-06-29T12:00:54+00:00,k3s-w2,Ready
2026-06-29T12:00:55+00:00,k3s-s1,Ready
2026-06-29T12:00:55+00:00,k3s-s2,NotReady
2026-06-29T12:00:55+00:00,k3s-s3,Ready
2026-06-29T12:00:55+00:00,k3s-w1,Ready
2026-06-29T12:00:55+00:00,k3s-w2,Ready
2026-06-29T12:00:56+00:00,k3s-s1,Ready
2026-06-29T12:00:56+00:00,k3s-s2,NotReady
2026-06-29T12:00:56+00:00,k3s-s3,Ready
2026-06-29T12:00:56+00:00,k3s-w1,Ready
2026-06-29T12:00:56+00:00,k3s-w2,Ready
2026-06-29T12:00:57+00:00,k3s-s1,Ready
2026-06-29T12:00:57+00:00,k3s-s2,NotReady
2026-06-29T12:00:57+00:00,k3s-s3,Ready
2026-06-29T12:00:57+00:00,k3s-w1,Ready
2026-06-29T12:00:57+00:00,k3s-w2,Ready
2026-06-29T12:00:58+00:00,k3s-s1,Ready
2026-06-29T12:00:58+00:00,k3s-s2,NotReady
2026-06-29T12:00:58+00:00,k3s-s3,Ready
2026-06-29T12:00:58+00:00,k3s-w1,Ready
2026-06-29T12:00:58+00:00,k3s-w2,Ready
2026-06-29T12:00:59+00:00,k3s-s1,Ready
2026-06-29T12:00:59+00:00,k3s-s2,NotReady
2026-06-29T12:00:59+00:00,k3s-s3,Ready
2026-06-29T12:00:59+00:00,k3s-w1,Ready
2026-06-29T12:00:59+00:00,k3s-w2,Ready
2026-06-29T12:01:00+00:00,k3s-s1,Ready
2026-06-29T12:01:00+00:00,k3s-s2,NotReady
2026-06-29T12:01:00+00:00,k3s-s3,Ready
2026-06-29T12:01:00+00:00,k3s-w1,Ready
2026-06-29T12:01:00+00:00,k3s-w2,Ready
2026-06-29T12:01:01+00:00,k3s-s1,Ready
2026-06-29T12:01:01+00:00,k3s-s2,NotReady
2026-06-29T12:01:01+00:00,k3s-s3,Ready
2026-06-29T12:01:01+00:00,k3s-w1,Ready
2026-06-29T12:01:01+00:00,k3s-w2,Ready
2026-06-29T12:01:02+00:00,k3s-s1,Ready
2026-06-29T12:01:02+00:00,k3s-s2,NotReady
2026-06-29T12:01:02+00:00,k3s-s3,Ready
2026-06-29T12:01:02+00:00,k3s-w1,Ready
2026-06-29T12:01:02+00:00,k3s-w2,Ready
2026-06-29T12:01:03+00:00,k3s-s1,Ready
2026-06-29T12:01:03+00:00,k3s-s2,NotReady
2026-06-29T12:01:03+00:00,k3s-s3,Ready
2026-06-29T12:01:03+00:00,k3s-w1,Ready
2026-06-29T12:01:03+00:00,k3s-w2,Ready
2026-06-29T12:01:04+00:00,k3s-s1,Ready
2026-06-29T12:01:04+00:00,k3s-s2,NotReady
2026-06-29T12:01:04+00:00,k3s-s3,Ready
2026-06-29T12:01:04+00:00,k3s-w1,Ready
2026-06-29T12:01:04+00:00,k3s-w2,Ready
2026-06-29T12:01:05+00:00,k3s-s1,Ready
2026-06-29T12:01:05+00:00,k3s-s2,NotReady
2026-06-29T12:01:05+00:00,k3s-s3,Ready
2026-06-29T12:01:05+00:00,k3s-w1,Ready
2026-06-29T12:01:05+00:00,k3s-w2,Ready
2026-06-29T12:01:06+00:00,k3s-s1,Ready
2026-06-29T12:01:06+00:00,k3s-s2,NotReady
2026-06-29T12:01:06+00:00,k3s-s3,Ready
2026-06-29T12:01:06+00:00,k3s-w1,Ready
2026-06-29T12:01:06+00:00,k3s-w2,Ready
2026-06-29T12:01:07+00:00,k3s-s1,Ready
2026-06-29T12:01:07+00:00,k3s-s2,NotReady
2026-06-29T12:01:07+00:00,k3s-s3,Ready
2026-06-29T12:01:07+00:00,k3s-w1,Ready
2026-06-29T12:01:07+00:00,k3s-w2,Ready
2026-06-29T12:01:08+00:00,k3s-s1,Ready
2026-06-29T12:01:08+00:00,k3s-s2,NotReady
2026-06-29T12:01:08+00:00,k3s-s3,Ready
2026-06-29T12:01:08+00:00,k3s-w1,Ready
2026-06-29T12:01:08+00:00,k3s-w2,Ready
2026-06-29T12:01:09+00:00,k3s-s1,Ready
2026-06-29T12:01:09+00:00,k3s-s2,NotReady
2026-06-29T12:01:09+00:00,k3s-s3,Ready
2026-06-29T12:01:09+00:00,k3s-w1,Ready
2026-06-29T12:01:09+00:00,k3s-w2,Ready
2026-06-29T12:01:10+00:00,k3s-s1,Ready
2026-06-29T12:01:10+00:00,k3s-s2,NotReady
2026-06-29T12:01:10+00:00,k3s-s3,Ready
2026-06-29T12:01:10+00:00,k3s-w1,Ready
2026-06-29T12:01:10+00:00,k3s-w2,Ready
2026-06-29T12:01:12+00:00,k3s-s1,Ready
2026-06-29T12:01:12+00:00,k3s-s2,NotReady
2026-06-29T12:01:12+00:00,k3s-s3,Ready
2026-06-29T12:01:12+00:00,k3s-w1,Ready
2026-06-29T12:01:12+00:00,k3s-w2,Ready
2026-06-29T12:01:13+00:00,k3s-s1,Ready
2026-06-29T12:01:13+00:00,k3s-s2,NotReady
2026-06-29T12:01:13+00:00,k3s-s3,Ready
2026-06-29T12:01:13+00:00,k3s-w1,Ready
2026-06-29T12:01:13+00:00,k3s-w2,Ready
2026-06-29T12:01:14+00:00,k3s-s1,Ready
2026-06-29T12:01:14+00:00,k3s-s2,NotReady
2026-06-29T12:01:14+00:00,k3s-s3,Ready
2026-06-29T12:01:14+00:00,k3s-w1,Ready
2026-06-29T12:01:14+00:00,k3s-w2,Ready
2026-06-29T12:01:15+00:00,k3s-s1,Ready
2026-06-29T12:01:15+00:00,k3s-s2,NotReady
2026-06-29T12:01:15+00:00,k3s-s3,Ready
2026-06-29T12:01:15+00:00,k3s-w1,Ready
2026-06-29T12:01:15+00:00,k3s-w2,Ready
2026-06-29T12:01:16+00:00,k3s-s1,Ready
2026-06-29T12:01:16+00:00,k3s-s2,NotReady
2026-06-29T12:01:16+00:00,k3s-s3,Ready
2026-06-29T12:01:16+00:00,k3s-w1,Ready
2026-06-29T12:01:16+00:00,k3s-w2,Ready
2026-06-29T12:01:17+00:00,k3s-s1,Ready
2026-06-29T12:01:17+00:00,k3s-s2,NotReady
2026-06-29T12:01:17+00:00,k3s-s3,Ready
2026-06-29T12:01:17+00:00,k3s-w1,Ready
2026-06-29T12:01:17+00:00,k3s-w2,Ready
2026-06-29T12:01:18+00:00,k3s-s1,Ready
2026-06-29T12:01:18+00:00,k3s-s2,NotReady
2026-06-29T12:01:18+00:00,k3s-s3,Ready
2026-06-29T12:01:18+00:00,k3s-w1,Ready
2026-06-29T12:01:18+00:00,k3s-w2,Ready
2026-06-29T12:01:19+00:00,k3s-s1,Ready
2026-06-29T12:01:19+00:00,k3s-s2,NotReady
2026-06-29T12:01:19+00:00,k3s-s3,Ready
2026-06-29T12:01:19+00:00,k3s-w1,Ready
2026-06-29T12:01:19+00:00,k3s-w2,Ready
2026-06-29T12:01:20+00:00,k3s-s1,Ready
2026-06-29T12:01:20+00:00,k3s-s2,NotReady
2026-06-29T12:01:20+00:00,k3s-s3,Ready
2026-06-29T12:01:20+00:00,k3s-w1,Ready
2026-06-29T12:01:20+00:00,k3s-w2,Ready
2026-06-29T12:01:21+00:00,k3s-s1,Ready
2026-06-29T12:01:21+00:00,k3s-s2,NotReady
2026-06-29T12:01:21+00:00,k3s-s3,Ready
2026-06-29T12:01:21+00:00,k3s-w1,Ready
2026-06-29T12:01:21+00:00,k3s-w2,Ready
2026-06-29T12:01:22+00:00,k3s-s1,Ready
2026-06-29T12:01:22+00:00,k3s-s2,NotReady
2026-06-29T12:01:22+00:00,k3s-s3,Ready
2026-06-29T12:01:22+00:00,k3s-w1,Ready
2026-06-29T12:01:22+00:00,k3s-w2,Ready
2026-06-29T12:01:23+00:00,k3s-s1,Ready
2026-06-29T12:01:23+00:00,k3s-s2,NotReady
2026-06-29T12:01:23+00:00,k3s-s3,Ready
2026-06-29T12:01:23+00:00,k3s-w1,Ready
2026-06-29T12:01:23+00:00,k3s-w2,Ready
2026-06-29T12:01:24+00:00,k3s-s1,Ready
2026-06-29T12:01:24+00:00,k3s-s2,NotReady
2026-06-29T12:01:24+00:00,k3s-s3,Ready
2026-06-29T12:01:24+00:00,k3s-w1,Ready
2026-06-29T12:01:24+00:00,k3s-w2,Ready
2026-06-29T12:01:25+00:00,k3s-s1,Ready
2026-06-29T12:01:25+00:00,k3s-s2,NotReady
2026-06-29T12:01:25+00:00,k3s-s3,Ready
2026-06-29T12:01:25+00:00,k3s-w1,Ready
2026-06-29T12:01:25+00:00,k3s-w2,Ready
2026-06-29T12:01:26+00:00,k3s-s1,Ready
2026-06-29T12:01:26+00:00,k3s-s2,NotReady
2026-06-29T12:01:26+00:00,k3s-s3,Ready
2026-06-29T12:01:26+00:00,k3s-w1,Ready
2026-06-29T12:01:26+00:00,k3s-w2,Ready
2026-06-29T12:01:27+00:00,k3s-s1,Ready
2026-06-29T12:01:27+00:00,k3s-s2,NotReady
2026-06-29T12:01:27+00:00,k3s-s3,Ready
2026-06-29T12:01:27+00:00,k3s-w1,Ready
2026-06-29T12:01:27+00:00,k3s-w2,Ready
2026-06-29T12:01:28+00:00,k3s-s1,Ready
2026-06-29T12:01:28+00:00,k3s-s2,NotReady
2026-06-29T12:01:28+00:00,k3s-s3,Ready
2026-06-29T12:01:28+00:00,k3s-w1,Ready
2026-06-29T12:01:28+00:00,k3s-w2,Ready
2026-06-29T12:01:29+00:00,k3s-s1,Ready
2026-06-29T12:01:29+00:00,k3s-s2,NotReady
2026-06-29T12:01:29+00:00,k3s-s3,Ready
2026-06-29T12:01:29+00:00,k3s-w1,Ready
2026-06-29T12:01:29+00:00,k3s-w2,Ready
2026-06-29T12:01:31+00:00,k3s-s1,Ready
2026-06-29T12:01:31+00:00,k3s-s2,NotReady
2026-06-29T12:01:31+00:00,k3s-s3,Ready
2026-06-29T12:01:31+00:00,k3s-w1,Ready
2026-06-29T12:01:31+00:00,k3s-w2,Ready
2026-06-29T12:01:32+00:00,k3s-s1,Ready
2026-06-29T12:01:32+00:00,k3s-s2,NotReady
2026-06-29T12:01:32+00:00,k3s-s3,Ready
2026-06-29T12:01:32+00:00,k3s-w1,Ready
2026-06-29T12:01:32+00:00,k3s-w2,Ready
2026-06-29T12:01:33+00:00,k3s-s1,Ready
2026-06-29T12:01:33+00:00,k3s-s2,NotReady
2026-06-29T12:01:33+00:00,k3s-s3,Ready
2026-06-29T12:01:33+00:00,k3s-w1,Ready
2026-06-29T12:01:33+00:00,k3s-w2,Ready
2026-06-29T12:01:34+00:00,k3s-s1,Ready
2026-06-29T12:01:34+00:00,k3s-s2,NotReady
2026-06-29T12:01:34+00:00,k3s-s3,Ready
2026-06-29T12:01:34+00:00,k3s-w1,Ready
2026-06-29T12:01:34+00:00,k3s-w2,Ready
2026-06-29T12:01:35+00:00,k3s-s1,Ready
2026-06-29T12:01:35+00:00,k3s-s2,NotReady
2026-06-29T12:01:35+00:00,k3s-s3,Ready
2026-06-29T12:01:35+00:00,k3s-w1,Ready
2026-06-29T12:01:35+00:00,k3s-w2,Ready
2026-06-29T12:01:36+00:00,k3s-s1,Ready
2026-06-29T12:01:36+00:00,k3s-s2,NotReady
2026-06-29T12:01:36+00:00,k3s-s3,Ready
2026-06-29T12:01:36+00:00,k3s-w1,Ready
2026-06-29T12:01:36+00:00,k3s-w2,Ready
2026-06-29T12:01:37+00:00,k3s-s1,Ready
2026-06-29T12:01:37+00:00,k3s-s2,NotReady
2026-06-29T12:01:37+00:00,k3s-s3,Ready
2026-06-29T12:01:37+00:00,k3s-w1,Ready
2026-06-29T12:01:37+00:00,k3s-w2,Ready
2026-06-29T12:01:38+00:00,k3s-s1,Ready
2026-06-29T12:01:38+00:00,k3s-s2,NotReady
2026-06-29T12:01:38+00:00,k3s-s3,Ready
2026-06-29T12:01:38+00:00,k3s-w1,Ready
2026-06-29T12:01:38+00:00,k3s-w2,Ready
2026-06-29T12:01:39+00:00,k3s-s1,Ready
2026-06-29T12:01:39+00:00,k3s-s2,NotReady
2026-06-29T12:01:39+00:00,k3s-s3,Ready
2026-06-29T12:01:39+00:00,k3s-w1,Ready
2026-06-29T12:01:39+00:00,k3s-w2,Ready
2026-06-29T12:01:40+00:00,k3s-s1,Ready
2026-06-29T12:01:40+00:00,k3s-s2,NotReady
2026-06-29T12:01:40+00:00,k3s-s3,Ready
2026-06-29T12:01:40+00:00,k3s-w1,Ready
2026-06-29T12:01:40+00:00,k3s-w2,Ready
2026-06-29T12:01:41+00:00,k3s-s1,Ready
2026-06-29T12:01:41+00:00,k3s-s2,NotReady
2026-06-29T12:01:41+00:00,k3s-s3,Ready
2026-06-29T12:01:41+00:00,k3s-w1,Ready
2026-06-29T12:01:41+00:00,k3s-w2,Ready
2026-06-29T12:01:42+00:00,k3s-s1,Ready
2026-06-29T12:01:42+00:00,k3s-s2,NotReady
2026-06-29T12:01:42+00:00,k3s-s3,Ready
2026-06-29T12:01:42+00:00,k3s-w1,Ready
2026-06-29T12:01:42+00:00,k3s-w2,Ready
2026-06-29T12:01:43+00:00,k3s-s1,Ready
2026-06-29T12:01:43+00:00,k3s-s2,NotReady
2026-06-29T12:01:43+00:00,k3s-s3,Ready
2026-06-29T12:01:43+00:00,k3s-w1,Ready
2026-06-29T12:01:43+00:00,k3s-w2,Ready
2026-06-29T12:01:44+00:00,k3s-s1,Ready
2026-06-29T12:01:44+00:00,k3s-s2,NotReady
2026-06-29T12:01:44+00:00,k3s-s3,Ready
2026-06-29T12:01:44+00:00,k3s-w1,Ready
2026-06-29T12:01:44+00:00,k3s-w2,Ready
2026-06-29T12:01:45+00:00,k3s-s1,Ready
2026-06-29T12:01:45+00:00,k3s-s2,NotReady
2026-06-29T12:01:45+00:00,k3s-s3,Ready
2026-06-29T12:01:45+00:00,k3s-w1,Ready
2026-06-29T12:01:45+00:00,k3s-w2,Ready
2026-06-29T12:01:46+00:00,k3s-s1,Ready
2026-06-29T12:01:46+00:00,k3s-s2,NotReady
2026-06-29T12:01:46+00:00,k3s-s3,Ready
2026-06-29T12:01:46+00:00,k3s-w1,Ready
2026-06-29T12:01:46+00:00,k3s-w2,Ready
2026-06-29T12:01:47+00:00,k3s-s1,Ready
2026-06-29T12:01:47+00:00,k3s-s2,NotReady
2026-06-29T12:01:47+00:00,k3s-s3,Ready
2026-06-29T12:01:47+00:00,k3s-w1,Ready
2026-06-29T12:01:47+00:00,k3s-w2,Ready
2026-06-29T12:01:48+00:00,k3s-s1,Ready
2026-06-29T12:01:48+00:00,k3s-s2,NotReady
2026-06-29T12:01:48+00:00,k3s-s3,Ready
2026-06-29T12:01:48+00:00,k3s-w1,Ready
2026-06-29T12:01:48+00:00,k3s-w2,Ready
2026-06-29T12:01:49+00:00,k3s-s1,Ready
2026-06-29T12:01:49+00:00,k3s-s2,NotReady
2026-06-29T12:01:49+00:00,k3s-s3,Ready
2026-06-29T12:01:49+00:00,k3s-w1,Ready
2026-06-29T12:01:49+00:00,k3s-w2,Ready
2026-06-29T12:01:51+00:00,k3s-s1,Ready
2026-06-29T12:01:51+00:00,k3s-s2,NotReady
2026-06-29T12:01:51+00:00,k3s-s3,Ready
2026-06-29T12:01:51+00:00,k3s-w1,Ready
2026-06-29T12:01:51+00:00,k3s-w2,Ready
2026-06-29T12:01:52+00:00,k3s-s1,Ready
2026-06-29T12:01:52+00:00,k3s-s2,NotReady
2026-06-29T12:01:52+00:00,k3s-s3,Ready
2026-06-29T12:01:52+00:00,k3s-w1,Ready
2026-06-29T12:01:52+00:00,k3s-w2,Ready
2026-06-29T12:01:53+00:00,k3s-s1,Ready
2026-06-29T12:01:53+00:00,k3s-s2,NotReady
2026-06-29T12:01:53+00:00,k3s-s3,Ready
2026-06-29T12:01:53+00:00,k3s-w1,Ready
2026-06-29T12:01:53+00:00,k3s-w2,Ready
2026-06-29T12:01:54+00:00,k3s-s1,Ready
2026-06-29T12:01:54+00:00,k3s-s2,NotReady
2026-06-29T12:01:54+00:00,k3s-s3,Ready
2026-06-29T12:01:54+00:00,k3s-w1,Ready
2026-06-29T12:01:54+00:00,k3s-w2,Ready
2026-06-29T12:01:55+00:00,k3s-s1,Ready
2026-06-29T12:01:55+00:00,k3s-s2,NotReady
2026-06-29T12:01:55+00:00,k3s-s3,Ready
2026-06-29T12:01:55+00:00,k3s-w1,Ready
2026-06-29T12:01:55+00:00,k3s-w2,Ready
2026-06-29T12:01:56+00:00,k3s-s1,Ready
2026-06-29T12:01:56+00:00,k3s-s2,NotReady
2026-06-29T12:01:56+00:00,k3s-s3,Ready
2026-06-29T12:01:56+00:00,k3s-w1,Ready
2026-06-29T12:01:56+00:00,k3s-w2,Ready
2026-06-29T12:01:57+00:00,k3s-s1,Ready
2026-06-29T12:01:57+00:00,k3s-s2,NotReady
2026-06-29T12:01:57+00:00,k3s-s3,Ready
2026-06-29T12:01:57+00:00,k3s-w1,Ready
2026-06-29T12:01:57+00:00,k3s-w2,Ready
2026-06-29T12:01:58+00:00,k3s-s1,Ready
2026-06-29T12:01:58+00:00,k3s-s2,NotReady
2026-06-29T12:01:58+00:00,k3s-s3,Ready
2026-06-29T12:01:58+00:00,k3s-w1,Ready
2026-06-29T12:01:58+00:00,k3s-w2,Ready
2026-06-29T12:01:59+00:00,k3s-s1,Ready
2026-06-29T12:01:59+00:00,k3s-s2,NotReady
2026-06-29T12:01:59+00:00,k3s-s3,Ready
2026-06-29T12:01:59+00:00,k3s-w1,Ready
2026-06-29T12:01:59+00:00,k3s-w2,Ready
2026-06-29T12:02:00+00:00,k3s-s1,Ready
2026-06-29T12:02:00+00:00,k3s-s2,NotReady
2026-06-29T12:02:00+00:00,k3s-s3,Ready
2026-06-29T12:02:00+00:00,k3s-w1,Ready
2026-06-29T12:02:00+00:00,k3s-w2,Ready
2026-06-29T12:02:01+00:00,k3s-s1,Ready
2026-06-29T12:02:01+00:00,k3s-s2,NotReady
2026-06-29T12:02:01+00:00,k3s-s3,Ready
2026-06-29T12:02:01+00:00,k3s-w1,Ready
2026-06-29T12:02:01+00:00,k3s-w2,Ready
2026-06-29T12:02:02+00:00,k3s-s1,Ready
2026-06-29T12:02:02+00:00,k3s-s2,NotReady
2026-06-29T12:02:02+00:00,k3s-s3,Ready
2026-06-29T12:02:02+00:00,k3s-w1,Ready
2026-06-29T12:02:02+00:00,k3s-w2,Ready
2026-06-29T12:02:03+00:00,k3s-s1,Ready
2026-06-29T12:02:03+00:00,k3s-s2,NotReady
2026-06-29T12:02:03+00:00,k3s-s3,Ready
2026-06-29T12:02:03+00:00,k3s-w1,Ready
2026-06-29T12:02:03+00:00,k3s-w2,Ready
2026-06-29T12:02:04+00:00,k3s-s1,Ready
2026-06-29T12:02:04+00:00,k3s-s2,NotReady
2026-06-29T12:02:04+00:00,k3s-s3,Ready
2026-06-29T12:02:04+00:00,k3s-w1,Ready
2026-06-29T12:02:04+00:00,k3s-w2,Ready
2026-06-29T12:02:05+00:00,k3s-s1,Ready
2026-06-29T12:02:05+00:00,k3s-s2,NotReady
2026-06-29T12:02:05+00:00,k3s-s3,Ready
2026-06-29T12:02:05+00:00,k3s-w1,Ready
2026-06-29T12:02:05+00:00,k3s-w2,Ready
2026-06-29T12:02:06+00:00,k3s-s1,Ready
2026-06-29T12:02:06+00:00,k3s-s2,NotReady
2026-06-29T12:02:06+00:00,k3s-s3,Ready
2026-06-29T12:02:06+00:00,k3s-w1,Ready
2026-06-29T12:02:06+00:00,k3s-w2,Ready
2026-06-29T12:02:07+00:00,k3s-s1,Ready
2026-06-29T12:02:07+00:00,k3s-s2,NotReady
2026-06-29T12:02:07+00:00,k3s-s3,Ready
2026-06-29T12:02:07+00:00,k3s-w1,Ready
2026-06-29T12:02:07+00:00,k3s-w2,Ready
2026-06-29T12:02:08+00:00,k3s-s1,Ready
2026-06-29T12:02:08+00:00,k3s-s2,NotReady
2026-06-29T12:02:08+00:00,k3s-s3,Ready
2026-06-29T12:02:08+00:00,k3s-w1,Ready
2026-06-29T12:02:08+00:00,k3s-w2,Ready
2026-06-29T12:02:10+00:00,k3s-s1,Ready
2026-06-29T12:02:10+00:00,k3s-s2,NotReady
2026-06-29T12:02:10+00:00,k3s-s3,Ready
2026-06-29T12:02:10+00:00,k3s-w1,Ready
2026-06-29T12:02:10+00:00,k3s-w2,Ready
2026-06-29T12:02:11+00:00,k3s-s1,Ready
2026-06-29T12:02:11+00:00,k3s-s2,NotReady
2026-06-29T12:02:11+00:00,k3s-s3,Ready
2026-06-29T12:02:11+00:00,k3s-w1,Ready
2026-06-29T12:02:11+00:00,k3s-w2,Ready
2026-06-29T12:02:12+00:00,k3s-s1,Ready
2026-06-29T12:02:12+00:00,k3s-s2,NotReady
2026-06-29T12:02:12+00:00,k3s-s3,Ready
2026-06-29T12:02:12+00:00,k3s-w1,Ready
2026-06-29T12:02:12+00:00,k3s-w2,Ready
2026-06-29T12:02:13+00:00,k3s-s1,Ready
2026-06-29T12:02:13+00:00,k3s-s2,NotReady
2026-06-29T12:02:13+00:00,k3s-s3,Ready
2026-06-29T12:02:13+00:00,k3s-w1,Ready
2026-06-29T12:02:13+00:00,k3s-w2,Ready
2026-06-29T12:02:14+00:00,k3s-s1,Ready
2026-06-29T12:02:14+00:00,k3s-s2,NotReady
2026-06-29T12:02:14+00:00,k3s-s3,Ready
2026-06-29T12:02:14+00:00,k3s-w1,Ready
2026-06-29T12:02:14+00:00,k3s-w2,Ready
2026-06-29T12:02:15+00:00,k3s-s1,Ready
2026-06-29T12:02:15+00:00,k3s-s2,NotReady
2026-06-29T12:02:15+00:00,k3s-s3,Ready
2026-06-29T12:02:15+00:00,k3s-w1,Ready
2026-06-29T12:02:15+00:00,k3s-w2,Ready
2026-06-29T12:02:16+00:00,k3s-s1,Ready
2026-06-29T12:02:16+00:00,k3s-s2,NotReady
2026-06-29T12:02:16+00:00,k3s-s3,Ready
2026-06-29T12:02:16+00:00,k3s-w1,Ready
2026-06-29T12:02:16+00:00,k3s-w2,Ready
2026-06-29T12:02:17+00:00,k3s-s1,Ready
2026-06-29T12:02:17+00:00,k3s-s2,NotReady
2026-06-29T12:02:17+00:00,k3s-s3,Ready
2026-06-29T12:02:17+00:00,k3s-w1,Ready
2026-06-29T12:02:17+00:00,k3s-w2,Ready
2026-06-29T12:02:18+00:00,k3s-s1,Ready
2026-06-29T12:02:18+00:00,k3s-s2,NotReady
2026-06-29T12:02:18+00:00,k3s-s3,Ready
2026-06-29T12:02:18+00:00,k3s-w1,Ready
2026-06-29T12:02:18+00:00,k3s-w2,Ready
2026-06-29T12:02:19+00:00,k3s-s1,Ready
2026-06-29T12:02:19+00:00,k3s-s2,NotReady
2026-06-29T12:02:19+00:00,k3s-s3,Ready
2026-06-29T12:02:19+00:00,k3s-w1,Ready
2026-06-29T12:02:19+00:00,k3s-w2,Ready
2026-06-29T12:02:20+00:00,k3s-s1,Ready
2026-06-29T12:02:20+00:00,k3s-s2,NotReady
2026-06-29T12:02:20+00:00,k3s-s3,Ready
2026-06-29T12:02:20+00:00,k3s-w1,Ready
2026-06-29T12:02:20+00:00,k3s-w2,Ready
2026-06-29T12:02:21+00:00,k3s-s1,Ready
2026-06-29T12:02:21+00:00,k3s-s2,NotReady
2026-06-29T12:02:21+00:00,k3s-s3,Ready
2026-06-29T12:02:21+00:00,k3s-w1,Ready
2026-06-29T12:02:21+00:00,k3s-w2,Ready
2026-06-29T12:02:22+00:00,k3s-s1,Ready
2026-06-29T12:02:22+00:00,k3s-s2,NotReady
2026-06-29T12:02:22+00:00,k3s-s3,Ready
2026-06-29T12:02:22+00:00,k3s-w1,Ready
2026-06-29T12:02:22+00:00,k3s-w2,Ready
2026-06-29T12:02:23+00:00,k3s-s1,Ready
2026-06-29T12:02:23+00:00,k3s-s2,NotReady
2026-06-29T12:02:23+00:00,k3s-s3,Ready
2026-06-29T12:02:23+00:00,k3s-w1,Ready
2026-06-29T12:02:23+00:00,k3s-w2,Ready
2026-06-29T12:02:24+00:00,k3s-s1,Ready
2026-06-29T12:02:24+00:00,k3s-s2,NotReady
2026-06-29T12:02:24+00:00,k3s-s3,Ready
2026-06-29T12:02:24+00:00,k3s-w1,Ready
2026-06-29T12:02:24+00:00,k3s-w2,Ready
2026-06-29T12:02:25+00:00,k3s-s1,Ready
2026-06-29T12:02:25+00:00,k3s-s2,NotReady
2026-06-29T12:02:25+00:00,k3s-s3,Ready
2026-06-29T12:02:25+00:00,k3s-w1,Ready
2026-06-29T12:02:25+00:00,k3s-w2,Ready
2026-06-29T12:02:26+00:00,k3s-s1,Ready
2026-06-29T12:02:26+00:00,k3s-s2,NotReady
2026-06-29T12:02:26+00:00,k3s-s3,Ready
2026-06-29T12:02:26+00:00,k3s-w1,Ready
2026-06-29T12:02:26+00:00,k3s-w2,Ready
2026-06-29T12:02:27+00:00,k3s-s1,Ready
2026-06-29T12:02:27+00:00,k3s-s2,NotReady
2026-06-29T12:02:27+00:00,k3s-s3,Ready
2026-06-29T12:02:27+00:00,k3s-w1,Ready
2026-06-29T12:02:27+00:00,k3s-w2,Ready
2026-06-29T12:02:28+00:00,k3s-s1,Ready
2026-06-29T12:02:28+00:00,k3s-s2,NotReady
2026-06-29T12:02:28+00:00,k3s-s3,Ready
2026-06-29T12:02:28+00:00,k3s-w1,Ready
2026-06-29T12:02:28+00:00,k3s-w2,Ready
2026-06-29T12:02:30+00:00,k3s-s1,Ready
2026-06-29T12:02:30+00:00,k3s-s2,NotReady
2026-06-29T12:02:30+00:00,k3s-s3,Ready
2026-06-29T12:02:30+00:00,k3s-w1,Ready
2026-06-29T12:02:30+00:00,k3s-w2,Ready
2026-06-29T12:02:31+00:00,k3s-s1,Ready
2026-06-29T12:02:31+00:00,k3s-s2,NotReady
2026-06-29T12:02:31+00:00,k3s-s3,Ready
2026-06-29T12:02:31+00:00,k3s-w1,Ready
2026-06-29T12:02:31+00:00,k3s-w2,Ready
2026-06-29T12:02:32+00:00,k3s-s1,Ready
2026-06-29T12:02:32+00:00,k3s-s2,NotReady
2026-06-29T12:02:32+00:00,k3s-s3,Ready
2026-06-29T12:02:32+00:00,k3s-w1,Ready
2026-06-29T12:02:32+00:00,k3s-w2,Ready
2026-06-29T12:02:33+00:00,k3s-s1,Ready
2026-06-29T12:02:33+00:00,k3s-s2,NotReady
2026-06-29T12:02:33+00:00,k3s-s3,Ready
2026-06-29T12:02:33+00:00,k3s-w1,Ready
2026-06-29T12:02:33+00:00,k3s-w2,Ready
2026-06-29T12:02:34+00:00,k3s-s1,Ready
2026-06-29T12:02:34+00:00,k3s-s2,NotReady
2026-06-29T12:02:34+00:00,k3s-s3,Ready
2026-06-29T12:02:34+00:00,k3s-w1,Ready
2026-06-29T12:02:34+00:00,k3s-w2,Ready
2026-06-29T12:02:35+00:00,k3s-s1,Ready
2026-06-29T12:02:35+00:00,k3s-s2,NotReady
2026-06-29T12:02:35+00:00,k3s-s3,Ready
2026-06-29T12:02:35+00:00,k3s-w1,Ready
2026-06-29T12:02:35+00:00,k3s-w2,Ready
2026-06-29T12:02:36+00:00,k3s-s1,Ready
2026-06-29T12:02:36+00:00,k3s-s2,NotReady
2026-06-29T12:02:36+00:00,k3s-s3,Ready
2026-06-29T12:02:36+00:00,k3s-w1,Ready
2026-06-29T12:02:36+00:00,k3s-w2,Ready
2026-06-29T12:02:37+00:00,k3s-s1,Ready
2026-06-29T12:02:37+00:00,k3s-s2,NotReady
2026-06-29T12:02:37+00:00,k3s-s3,Ready
2026-06-29T12:02:37+00:00,k3s-w1,Ready
2026-06-29T12:02:37+00:00,k3s-w2,Ready
2026-06-29T12:02:38+00:00,k3s-s1,Ready
2026-06-29T12:02:38+00:00,k3s-s2,NotReady
2026-06-29T12:02:38+00:00,k3s-s3,Ready
2026-06-29T12:02:38+00:00,k3s-w1,Ready
2026-06-29T12:02:38+00:00,k3s-w2,Ready
2026-06-29T12:02:39+00:00,k3s-s1,Ready
2026-06-29T12:02:39+00:00,k3s-s2,NotReady
2026-06-29T12:02:39+00:00,k3s-s3,Ready
2026-06-29T12:02:39+00:00,k3s-w1,Ready
2026-06-29T12:02:39+00:00,k3s-w2,Ready
2026-06-29T12:02:40+00:00,k3s-s1,Ready
2026-06-29T12:02:40+00:00,k3s-s2,NotReady
2026-06-29T12:02:40+00:00,k3s-s3,Ready
2026-06-29T12:02:40+00:00,k3s-w1,Ready
2026-06-29T12:02:40+00:00,k3s-w2,Ready
2026-06-29T12:02:41+00:00,k3s-s1,Ready
2026-06-29T12:02:41+00:00,k3s-s2,NotReady
2026-06-29T12:02:41+00:00,k3s-s3,Ready
2026-06-29T12:02:41+00:00,k3s-w1,Ready
2026-06-29T12:02:41+00:00,k3s-w2,Ready
2026-06-29T12:02:42+00:00,k3s-s1,Ready
2026-06-29T12:02:42+00:00,k3s-s2,NotReady
2026-06-29T12:02:42+00:00,k3s-s3,Ready
2026-06-29T12:02:42+00:00,k3s-w1,Ready
2026-06-29T12:02:42+00:00,k3s-w2,Ready
2026-06-29T12:02:43+00:00,k3s-s1,Ready
2026-06-29T12:02:43+00:00,k3s-s2,NotReady
2026-06-29T12:02:43+00:00,k3s-s3,Ready
2026-06-29T12:02:43+00:00,k3s-w1,Ready
2026-06-29T12:02:43+00:00,k3s-w2,Ready
2026-06-29T12:02:44+00:00,k3s-s1,Ready
2026-06-29T12:02:44+00:00,k3s-s2,NotReady
2026-06-29T12:02:44+00:00,k3s-s3,Ready
2026-06-29T12:02:44+00:00,k3s-w1,Ready
2026-06-29T12:02:44+00:00,k3s-w2,Ready
2026-06-29T12:02:45+00:00,k3s-s1,Ready
2026-06-29T12:02:45+00:00,k3s-s2,NotReady
2026-06-29T12:02:45+00:00,k3s-s3,Ready
2026-06-29T12:02:45+00:00,k3s-w1,Ready
2026-06-29T12:02:45+00:00,k3s-w2,Ready
2026-06-29T12:02:46+00:00,k3s-s1,Ready
2026-06-29T12:02:46+00:00,k3s-s2,NotReady
2026-06-29T12:02:46+00:00,k3s-s3,Ready
2026-06-29T12:02:46+00:00,k3s-w1,Ready
2026-06-29T12:02:46+00:00,k3s-w2,Ready
2026-06-29T12:02:47+00:00,k3s-s1,Ready
2026-06-29T12:02:47+00:00,k3s-s2,NotReady
2026-06-29T12:02:47+00:00,k3s-s3,Ready
2026-06-29T12:02:47+00:00,k3s-w1,Ready
2026-06-29T12:02:47+00:00,k3s-w2,Ready
2026-06-29T12:02:48+00:00,k3s-s1,Ready
2026-06-29T12:02:48+00:00,k3s-s2,NotReady
2026-06-29T12:02:48+00:00,k3s-s3,Ready
2026-06-29T12:02:48+00:00,k3s-w1,Ready
2026-06-29T12:02:48+00:00,k3s-w2,Ready
2026-06-29T12:02:50+00:00,k3s-s1,Ready
2026-06-29T12:02:50+00:00,k3s-s2,NotReady
2026-06-29T12:02:50+00:00,k3s-s3,Ready
2026-06-29T12:02:50+00:00,k3s-w1,Ready
2026-06-29T12:02:50+00:00,k3s-w2,Ready
2026-06-29T12:02:51+00:00,k3s-s1,Ready
2026-06-29T12:02:51+00:00,k3s-s2,NotReady
2026-06-29T12:02:51+00:00,k3s-s3,Ready
2026-06-29T12:02:51+00:00,k3s-w1,Ready
2026-06-29T12:02:51+00:00,k3s-w2,Ready
2026-06-29T12:02:52+00:00,k3s-s1,Ready
2026-06-29T12:02:52+00:00,k3s-s2,NotReady
2026-06-29T12:02:52+00:00,k3s-s3,Ready
2026-06-29T12:02:52+00:00,k3s-w1,Ready
2026-06-29T12:02:52+00:00,k3s-w2,Ready
2026-06-29T12:02:53+00:00,k3s-s1,Ready
2026-06-29T12:02:53+00:00,k3s-s2,NotReady
2026-06-29T12:02:53+00:00,k3s-s3,Ready
2026-06-29T12:02:53+00:00,k3s-w1,Ready
2026-06-29T12:02:53+00:00,k3s-w2,Ready
2026-06-29T12:02:54+00:00,k3s-s1,Ready
2026-06-29T12:02:54+00:00,k3s-s2,NotReady
2026-06-29T12:02:54+00:00,k3s-s3,Ready
2026-06-29T12:02:54+00:00,k3s-w1,Ready
2026-06-29T12:02:54+00:00,k3s-w2,Ready
2026-06-29T12:02:55+00:00,k3s-s1,Ready
2026-06-29T12:02:55+00:00,k3s-s2,NotReady
2026-06-29T12:02:55+00:00,k3s-s3,Ready
2026-06-29T12:02:55+00:00,k3s-w1,Ready
2026-06-29T12:02:55+00:00,k3s-w2,Ready
2026-06-29T12:02:56+00:00,k3s-s1,Ready
2026-06-29T12:02:56+00:00,k3s-s2,NotReady
2026-06-29T12:02:56+00:00,k3s-s3,Ready
2026-06-29T12:02:56+00:00,k3s-w1,Ready
2026-06-29T12:02:56+00:00,k3s-w2,Ready
2026-06-29T12:02:57+00:00,k3s-s1,Ready
2026-06-29T12:02:57+00:00,k3s-s2,NotReady
2026-06-29T12:02:57+00:00,k3s-s3,Ready
2026-06-29T12:02:57+00:00,k3s-w1,Ready
2026-06-29T12:02:57+00:00,k3s-w2,Ready
2026-06-29T12:02:58+00:00,k3s-s1,Ready
2026-06-29T12:02:58+00:00,k3s-s2,NotReady
2026-06-29T12:02:58+00:00,k3s-s3,Ready
2026-06-29T12:02:58+00:00,k3s-w1,Ready
2026-06-29T12:02:58+00:00,k3s-w2,Ready
2026-06-29T12:02:59+00:00,k3s-s1,Ready
2026-06-29T12:02:59+00:00,k3s-s2,NotReady
2026-06-29T12:02:59+00:00,k3s-s3,Ready
2026-06-29T12:02:59+00:00,k3s-w1,Ready
2026-06-29T12:02:59+00:00,k3s-w2,Ready
2026-06-29T12:03:00+00:00,k3s-s1,Ready
2026-06-29T12:03:00+00:00,k3s-s2,NotReady
2026-06-29T12:03:00+00:00,k3s-s3,Ready
2026-06-29T12:03:00+00:00,k3s-w1,Ready
2026-06-29T12:03:00+00:00,k3s-w2,Ready
2026-06-29T12:03:01+00:00,k3s-s1,Ready
2026-06-29T12:03:01+00:00,k3s-s2,NotReady
2026-06-29T12:03:01+00:00,k3s-s3,Ready
2026-06-29T12:03:01+00:00,k3s-w1,Ready
2026-06-29T12:03:01+00:00,k3s-w2,Ready
2026-06-29T12:03:02+00:00,k3s-s1,Ready
2026-06-29T12:03:02+00:00,k3s-s2,NotReady
2026-06-29T12:03:02+00:00,k3s-s3,Ready
2026-06-29T12:03:02+00:00,k3s-w1,Ready
2026-06-29T12:03:02+00:00,k3s-w2,Ready
2026-06-29T12:03:03+00:00,k3s-s1,Ready
2026-06-29T12:03:03+00:00,k3s-s2,NotReady
2026-06-29T12:03:03+00:00,k3s-s3,Ready
2026-06-29T12:03:03+00:00,k3s-w1,Ready
2026-06-29T12:03:03+00:00,k3s-w2,Ready
2026-06-29T12:03:04+00:00,k3s-s1,Ready
2026-06-29T12:03:04+00:00,k3s-s2,NotReady
2026-06-29T12:03:04+00:00,k3s-s3,Ready
2026-06-29T12:03:04+00:00,k3s-w1,Ready
2026-06-29T12:03:04+00:00,k3s-w2,Ready
2026-06-29T12:03:05+00:00,k3s-s1,Ready
2026-06-29T12:03:05+00:00,k3s-s2,NotReady
2026-06-29T12:03:05+00:00,k3s-s3,Ready
2026-06-29T12:03:05+00:00,k3s-w1,Ready
2026-06-29T12:03:05+00:00,k3s-w2,Ready
2026-06-29T12:03:06+00:00,k3s-s1,Ready
2026-06-29T12:03:06+00:00,k3s-s2,NotReady
2026-06-29T12:03:06+00:00,k3s-s3,Ready
2026-06-29T12:03:06+00:00,k3s-w1,Ready
2026-06-29T12:03:06+00:00,k3s-w2,Ready
2026-06-29T12:03:07+00:00,k3s-s1,Ready
2026-06-29T12:03:07+00:00,k3s-s2,NotReady
2026-06-29T12:03:07+00:00,k3s-s3,Ready
2026-06-29T12:03:07+00:00,k3s-w1,Ready
2026-06-29T12:03:07+00:00,k3s-w2,Ready
2026-06-29T12:03:08+00:00,k3s-s1,Ready
2026-06-29T12:03:08+00:00,k3s-s2,NotReady
2026-06-29T12:03:08+00:00,k3s-s3,Ready
2026-06-29T12:03:08+00:00,k3s-w1,Ready
2026-06-29T12:03:08+00:00,k3s-w2,Ready
2026-06-29T12:03:10+00:00,k3s-s1,Ready
2026-06-29T12:03:10+00:00,k3s-s2,NotReady
2026-06-29T12:03:10+00:00,k3s-s3,Ready
2026-06-29T12:03:10+00:00,k3s-w1,Ready
2026-06-29T12:03:10+00:00,k3s-w2,Ready
2026-06-29T12:03:11+00:00,k3s-s1,Ready
2026-06-29T12:03:11+00:00,k3s-s2,NotReady
2026-06-29T12:03:11+00:00,k3s-s3,Ready
2026-06-29T12:03:11+00:00,k3s-w1,Ready
2026-06-29T12:03:11+00:00,k3s-w2,Ready
2026-06-29T12:03:12+00:00,k3s-s1,Ready
2026-06-29T12:03:12+00:00,k3s-s2,NotReady
2026-06-29T12:03:12+00:00,k3s-s3,Ready
2026-06-29T12:03:12+00:00,k3s-w1,Ready
2026-06-29T12:03:12+00:00,k3s-w2,Ready
2026-06-29T12:03:13+00:00,k3s-s1,Ready
2026-06-29T12:03:13+00:00,k3s-s2,NotReady
2026-06-29T12:03:13+00:00,k3s-s3,Ready
2026-06-29T12:03:13+00:00,k3s-w1,Ready
2026-06-29T12:03:13+00:00,k3s-w2,Ready
2026-06-29T12:03:14+00:00,k3s-s1,Ready
2026-06-29T12:03:14+00:00,k3s-s2,NotReady
2026-06-29T12:03:14+00:00,k3s-s3,Ready
2026-06-29T12:03:14+00:00,k3s-w1,Ready
2026-06-29T12:03:14+00:00,k3s-w2,Ready
2026-06-29T12:03:15+00:00,k3s-s1,Ready
2026-06-29T12:03:15+00:00,k3s-s2,NotReady
2026-06-29T12:03:15+00:00,k3s-s3,Ready
2026-06-29T12:03:15+00:00,k3s-w1,Ready
2026-06-29T12:03:15+00:00,k3s-w2,Ready
2026-06-29T12:03:16+00:00,k3s-s1,Ready
2026-06-29T12:03:16+00:00,k3s-s2,NotReady
2026-06-29T12:03:16+00:00,k3s-s3,Ready
2026-06-29T12:03:16+00:00,k3s-w1,Ready
2026-06-29T12:03:16+00:00,k3s-w2,Ready
2026-06-29T12:03:17+00:00,k3s-s1,Ready
2026-06-29T12:03:17+00:00,k3s-s2,NotReady
2026-06-29T12:03:17+00:00,k3s-s3,Ready
2026-06-29T12:03:17+00:00,k3s-w1,Ready
2026-06-29T12:03:17+00:00,k3s-w2,Ready
2026-06-29T12:03:18+00:00,k3s-s1,Ready
2026-06-29T12:03:18+00:00,k3s-s2,NotReady
2026-06-29T12:03:18+00:00,k3s-s3,Ready
2026-06-29T12:03:18+00:00,k3s-w1,Ready
2026-06-29T12:03:18+00:00,k3s-w2,Ready
2026-06-29T12:03:19+00:00,k3s-s1,Ready
2026-06-29T12:03:19+00:00,k3s-s2,NotReady
2026-06-29T12:03:19+00:00,k3s-s3,Ready
2026-06-29T12:03:19+00:00,k3s-w1,Ready
2026-06-29T12:03:19+00:00,k3s-w2,Ready
2026-06-29T12:03:20+00:00,k3s-s1,Ready
2026-06-29T12:03:20+00:00,k3s-s2,NotReady
2026-06-29T12:03:20+00:00,k3s-s3,Ready
2026-06-29T12:03:20+00:00,k3s-w1,Ready
2026-06-29T12:03:20+00:00,k3s-w2,Ready
2026-06-29T12:03:21+00:00,k3s-s1,Ready
2026-06-29T12:03:21+00:00,k3s-s2,NotReady
2026-06-29T12:03:21+00:00,k3s-s3,Ready
2026-06-29T12:03:21+00:00,k3s-w1,Ready
2026-06-29T12:03:21+00:00,k3s-w2,Ready
2026-06-29T12:03:22+00:00,k3s-s1,Ready
2026-06-29T12:03:22+00:00,k3s-s2,NotReady
2026-06-29T12:03:22+00:00,k3s-s3,Ready
2026-06-29T12:03:22+00:00,k3s-w1,Ready
2026-06-29T12:03:22+00:00,k3s-w2,Ready
2026-06-29T12:03:23+00:00,k3s-s1,Ready
2026-06-29T12:03:23+00:00,k3s-s2,NotReady
2026-06-29T12:03:23+00:00,k3s-s3,Ready
2026-06-29T12:03:23+00:00,k3s-w1,Ready
2026-06-29T12:03:23+00:00,k3s-w2,Ready
2026-06-29T12:03:24+00:00,k3s-s1,Ready
2026-06-29T12:03:24+00:00,k3s-s2,NotReady
2026-06-29T12:03:24+00:00,k3s-s3,Ready
2026-06-29T12:03:24+00:00,k3s-w1,Ready
2026-06-29T12:03:24+00:00,k3s-w2,Ready
2026-06-29T12:03:25+00:00,k3s-s1,Ready
2026-06-29T12:03:25+00:00,k3s-s2,NotReady
2026-06-29T12:03:25+00:00,k3s-s3,Ready
2026-06-29T12:03:25+00:00,k3s-w1,Ready
2026-06-29T12:03:25+00:00,k3s-w2,Ready
2026-06-29T12:03:26+00:00,k3s-s1,Ready
2026-06-29T12:03:26+00:00,k3s-s2,NotReady
2026-06-29T12:03:26+00:00,k3s-s3,Ready
2026-06-29T12:03:26+00:00,k3s-w1,Ready
2026-06-29T12:03:26+00:00,k3s-w2,Ready
2026-06-29T12:03:27+00:00,k3s-s1,Ready
2026-06-29T12:03:27+00:00,k3s-s2,NotReady
2026-06-29T12:03:27+00:00,k3s-s3,Ready
2026-06-29T12:03:27+00:00,k3s-w1,Ready
2026-06-29T12:03:27+00:00,k3s-w2,Ready
2026-06-29T12:03:29+00:00,k3s-s1,Ready
2026-06-29T12:03:29+00:00,k3s-s2,NotReady
2026-06-29T12:03:29+00:00,k3s-s3,Ready
2026-06-29T12:03:29+00:00,k3s-w1,Ready
2026-06-29T12:03:29+00:00,k3s-w2,Ready
2026-06-29T12:03:30+00:00,k3s-s1,Ready
2026-06-29T12:03:30+00:00,k3s-s2,NotReady
2026-06-29T12:03:30+00:00,k3s-s3,Ready
2026-06-29T12:03:30+00:00,k3s-w1,Ready
2026-06-29T12:03:30+00:00,k3s-w2,Ready
2026-06-29T12:03:31+00:00,k3s-s1,Ready
2026-06-29T12:03:31+00:00,k3s-s2,NotReady
2026-06-29T12:03:31+00:00,k3s-s3,Ready
2026-06-29T12:03:31+00:00,k3s-w1,Ready
2026-06-29T12:03:31+00:00,k3s-w2,Ready
2026-06-29T12:03:32+00:00,k3s-s1,Ready
2026-06-29T12:03:32+00:00,k3s-s2,NotReady
2026-06-29T12:03:32+00:00,k3s-s3,Ready
2026-06-29T12:03:32+00:00,k3s-w1,Ready
2026-06-29T12:03:32+00:00,k3s-w2,Ready
2026-06-29T12:03:33+00:00,k3s-s1,Ready
2026-06-29T12:03:33+00:00,k3s-s2,NotReady
2026-06-29T12:03:33+00:00,k3s-s3,Ready
2026-06-29T12:03:33+00:00,k3s-w1,Ready
2026-06-29T12:03:33+00:00,k3s-w2,Ready
2026-06-29T12:03:34+00:00,k3s-s1,Ready
2026-06-29T12:03:34+00:00,k3s-s2,NotReady
2026-06-29T12:03:34+00:00,k3s-s3,Ready
2026-06-29T12:03:34+00:00,k3s-w1,Ready
2026-06-29T12:03:34+00:00,k3s-w2,Ready
2026-06-29T12:03:35+00:00,k3s-s1,Ready
2026-06-29T12:03:35+00:00,k3s-s2,NotReady
2026-06-29T12:03:35+00:00,k3s-s3,Ready
2026-06-29T12:03:35+00:00,k3s-w1,Ready
2026-06-29T12:03:35+00:00,k3s-w2,Ready
2026-06-29T12:03:36+00:00,k3s-s1,Ready
2026-06-29T12:03:36+00:00,k3s-s2,NotReady
2026-06-29T12:03:36+00:00,k3s-s3,Ready
2026-06-29T12:03:36+00:00,k3s-w1,Ready
2026-06-29T12:03:36+00:00,k3s-w2,Ready
2026-06-29T12:03:37+00:00,k3s-s1,Ready
2026-06-29T12:03:37+00:00,k3s-s2,NotReady
2026-06-29T12:03:37+00:00,k3s-s3,Ready
2026-06-29T12:03:37+00:00,k3s-w1,Ready
2026-06-29T12:03:37+00:00,k3s-w2,Ready
2026-06-29T12:03:38+00:00,k3s-s1,Ready
2026-06-29T12:03:38+00:00,k3s-s2,NotReady
2026-06-29T12:03:38+00:00,k3s-s3,Ready
2026-06-29T12:03:38+00:00,k3s-w1,Ready
2026-06-29T12:03:38+00:00,k3s-w2,Ready
2026-06-29T12:03:39+00:00,k3s-s1,Ready
2026-06-29T12:03:39+00:00,k3s-s2,NotReady
2026-06-29T12:03:39+00:00,k3s-s3,Ready
2026-06-29T12:03:39+00:00,k3s-w1,Ready
2026-06-29T12:03:39+00:00,k3s-w2,Ready
2026-06-29T12:03:40+00:00,k3s-s1,Ready
2026-06-29T12:03:40+00:00,k3s-s2,NotReady
2026-06-29T12:03:40+00:00,k3s-s3,Ready
2026-06-29T12:03:40+00:00,k3s-w1,Ready
2026-06-29T12:03:40+00:00,k3s-w2,Ready
2026-06-29T12:03:41+00:00,k3s-s1,Ready
2026-06-29T12:03:41+00:00,k3s-s2,NotReady
2026-06-29T12:03:41+00:00,k3s-s3,Ready
2026-06-29T12:03:41+00:00,k3s-w1,Ready
2026-06-29T12:03:41+00:00,k3s-w2,Ready
2026-06-29T12:03:42+00:00,k3s-s1,Ready
2026-06-29T12:03:42+00:00,k3s-s2,NotReady
2026-06-29T12:03:42+00:00,k3s-s3,Ready
2026-06-29T12:03:42+00:00,k3s-w1,Ready
2026-06-29T12:03:42+00:00,k3s-w2,Ready
2026-06-29T12:03:43+00:00,k3s-s1,Ready
2026-06-29T12:03:43+00:00,k3s-s2,NotReady
2026-06-29T12:03:43+00:00,k3s-s3,Ready
2026-06-29T12:03:43+00:00,k3s-w1,Ready
2026-06-29T12:03:43+00:00,k3s-w2,Ready
2026-06-29T12:03:44+00:00,k3s-s1,Ready
2026-06-29T12:03:44+00:00,k3s-s2,NotReady
2026-06-29T12:03:44+00:00,k3s-s3,Ready
2026-06-29T12:03:44+00:00,k3s-w1,Ready
2026-06-29T12:03:44+00:00,k3s-w2,Ready
2026-06-29T12:03:45+00:00,k3s-s1,Ready
2026-06-29T12:03:45+00:00,k3s-s2,NotReady
2026-06-29T12:03:45+00:00,k3s-s3,Ready
2026-06-29T12:03:45+00:00,k3s-w1,Ready
2026-06-29T12:03:45+00:00,k3s-w2,Ready
2026-06-29T12:03:46+00:00,k3s-s1,Ready
2026-06-29T12:03:46+00:00,k3s-s2,NotReady
2026-06-29T12:03:46+00:00,k3s-s3,Ready
2026-06-29T12:03:46+00:00,k3s-w1,Ready
2026-06-29T12:03:46+00:00,k3s-w2,Ready
2026-06-29T12:03:47+00:00,k3s-s1,Ready
2026-06-29T12:03:47+00:00,k3s-s2,NotReady
2026-06-29T12:03:47+00:00,k3s-s3,Ready
2026-06-29T12:03:47+00:00,k3s-w1,Ready
2026-06-29T12:03:47+00:00,k3s-w2,Ready
2026-06-29T12:03:49+00:00,k3s-s1,Ready
2026-06-29T12:03:49+00:00,k3s-s2,NotReady
2026-06-29T12:03:49+00:00,k3s-s3,Ready
2026-06-29T12:03:49+00:00,k3s-w1,Ready
2026-06-29T12:03:49+00:00,k3s-w2,Ready
2026-06-29T12:03:50+00:00,k3s-s1,Ready
2026-06-29T12:03:50+00:00,k3s-s2,NotReady
2026-06-29T12:03:50+00:00,k3s-s3,Ready
2026-06-29T12:03:50+00:00,k3s-w1,Ready
2026-06-29T12:03:50+00:00,k3s-w2,Ready
2026-06-29T12:03:51+00:00,k3s-s1,Ready
2026-06-29T12:03:51+00:00,k3s-s2,NotReady
2026-06-29T12:03:51+00:00,k3s-s3,Ready
2026-06-29T12:03:51+00:00,k3s-w1,Ready
2026-06-29T12:03:51+00:00,k3s-w2,Ready
2026-06-29T12:03:52+00:00,k3s-s1,Ready
2026-06-29T12:03:52+00:00,k3s-s2,NotReady
2026-06-29T12:03:52+00:00,k3s-s3,Ready
2026-06-29T12:03:52+00:00,k3s-w1,Ready
2026-06-29T12:03:52+00:00,k3s-w2,Ready
2026-06-29T12:03:53+00:00,k3s-s1,Ready
2026-06-29T12:03:53+00:00,k3s-s2,NotReady
2026-06-29T12:03:53+00:00,k3s-s3,Ready
2026-06-29T12:03:53+00:00,k3s-w1,Ready
2026-06-29T12:03:53+00:00,k3s-w2,Ready
2026-06-29T12:03:54+00:00,k3s-s1,Ready
2026-06-29T12:03:54+00:00,k3s-s2,NotReady
2026-06-29T12:03:54+00:00,k3s-s3,Ready
2026-06-29T12:03:54+00:00,k3s-w1,Ready
2026-06-29T12:03:54+00:00,k3s-w2,Ready
2026-06-29T12:03:55+00:00,k3s-s1,Ready
2026-06-29T12:03:55+00:00,k3s-s2,NotReady
2026-06-29T12:03:55+00:00,k3s-s3,Ready
2026-06-29T12:03:55+00:00,k3s-w1,Ready
2026-06-29T12:03:55+00:00,k3s-w2,Ready
2026-06-29T12:03:56+00:00,k3s-s1,Ready
2026-06-29T12:03:56+00:00,k3s-s2,NotReady
2026-06-29T12:03:56+00:00,k3s-s3,Ready
2026-06-29T12:03:56+00:00,k3s-w1,Ready
2026-06-29T12:03:56+00:00,k3s-w2,Ready
2026-06-29T12:03:57+00:00,k3s-s1,Ready
2026-06-29T12:03:57+00:00,k3s-s2,NotReady
2026-06-29T12:03:57+00:00,k3s-s3,Ready
2026-06-29T12:03:57+00:00,k3s-w1,Ready
2026-06-29T12:03:57+00:00,k3s-w2,Ready
2026-06-29T12:03:58+00:00,k3s-s1,Ready
2026-06-29T12:03:58+00:00,k3s-s2,NotReady
2026-06-29T12:03:58+00:00,k3s-s3,Ready
2026-06-29T12:03:58+00:00,k3s-w1,Ready
2026-06-29T12:03:58+00:00,k3s-w2,Ready
2026-06-29T12:03:59+00:00,k3s-s1,Ready
2026-06-29T12:03:59+00:00,k3s-s2,NotReady
2026-06-29T12:03:59+00:00,k3s-s3,Ready
2026-06-29T12:03:59+00:00,k3s-w1,Ready
2026-06-29T12:03:59+00:00,k3s-w2,Ready
2026-06-29T12:04:00+00:00,k3s-s1,Ready
2026-06-29T12:04:00+00:00,k3s-s2,NotReady
2026-06-29T12:04:00+00:00,k3s-s3,Ready
2026-06-29T12:04:00+00:00,k3s-w1,Ready
2026-06-29T12:04:00+00:00,k3s-w2,Ready
2026-06-29T12:04:01+00:00,k3s-s1,Ready
2026-06-29T12:04:01+00:00,k3s-s2,NotReady
2026-06-29T12:04:01+00:00,k3s-s3,Ready
2026-06-29T12:04:01+00:00,k3s-w1,Ready
2026-06-29T12:04:01+00:00,k3s-w2,Ready
2026-06-29T12:04:02+00:00,k3s-s1,Ready
2026-06-29T12:04:02+00:00,k3s-s2,NotReady
2026-06-29T12:04:02+00:00,k3s-s3,Ready
2026-06-29T12:04:02+00:00,k3s-w1,Ready
2026-06-29T12:04:02+00:00,k3s-w2,Ready
2026-06-29T12:04:03+00:00,k3s-s1,Ready
2026-06-29T12:04:03+00:00,k3s-s2,NotReady
2026-06-29T12:04:03+00:00,k3s-s3,Ready
2026-06-29T12:04:03+00:00,k3s-w1,Ready
2026-06-29T12:04:03+00:00,k3s-w2,Ready
2026-06-29T12:04:04+00:00,k3s-s1,Ready
2026-06-29T12:04:04+00:00,k3s-s2,NotReady
2026-06-29T12:04:04+00:00,k3s-s3,Ready
2026-06-29T12:04:04+00:00,k3s-w1,Ready
2026-06-29T12:04:04+00:00,k3s-w2,Ready
2026-06-29T12:04:05+00:00,k3s-s1,Ready
2026-06-29T12:04:05+00:00,k3s-s2,NotReady
2026-06-29T12:04:05+00:00,k3s-s3,Ready
2026-06-29T12:04:05+00:00,k3s-w1,Ready
2026-06-29T12:04:05+00:00,k3s-w2,Ready
2026-06-29T12:04:06+00:00,k3s-s1,Ready
2026-06-29T12:04:06+00:00,k3s-s2,NotReady
2026-06-29T12:04:06+00:00,k3s-s3,Ready
2026-06-29T12:04:06+00:00,k3s-w1,Ready
2026-06-29T12:04:06+00:00,k3s-w2,Ready
2026-06-29T12:04:07+00:00,k3s-s1,Ready
2026-06-29T12:04:07+00:00,k3s-s2,NotReady
2026-06-29T12:04:07+00:00,k3s-s3,Ready
2026-06-29T12:04:07+00:00,k3s-w1,Ready
2026-06-29T12:04:07+00:00,k3s-w2,Ready
2026-06-29T12:04:09+00:00,k3s-s1,Ready
2026-06-29T12:04:09+00:00,k3s-s2,NotReady
2026-06-29T12:04:09+00:00,k3s-s3,Ready
2026-06-29T12:04:09+00:00,k3s-w1,Ready
2026-06-29T12:04:09+00:00,k3s-w2,Ready
2026-06-29T12:04:10+00:00,k3s-s1,Ready
2026-06-29T12:04:10+00:00,k3s-s2,NotReady
2026-06-29T12:04:10+00:00,k3s-s3,Ready
2026-06-29T12:04:10+00:00,k3s-w1,Ready
2026-06-29T12:04:10+00:00,k3s-w2,Ready
2026-06-29T12:04:11+00:00,k3s-s1,Ready
2026-06-29T12:04:11+00:00,k3s-s2,NotReady
2026-06-29T12:04:11+00:00,k3s-s3,Ready
2026-06-29T12:04:11+00:00,k3s-w1,Ready
2026-06-29T12:04:11+00:00,k3s-w2,Ready
2026-06-29T12:04:12+00:00,k3s-s1,Ready
2026-06-29T12:04:12+00:00,k3s-s2,NotReady
2026-06-29T12:04:12+00:00,k3s-s3,Ready
2026-06-29T12:04:12+00:00,k3s-w1,Ready
2026-06-29T12:04:12+00:00,k3s-w2,Ready
2026-06-29T12:04:13+00:00,k3s-s1,Ready
2026-06-29T12:04:13+00:00,k3s-s2,NotReady
2026-06-29T12:04:13+00:00,k3s-s3,Ready
2026-06-29T12:04:13+00:00,k3s-w1,Ready
2026-06-29T12:04:13+00:00,k3s-w2,Ready
2026-06-29T12:04:14+00:00,k3s-s1,Ready
2026-06-29T12:04:14+00:00,k3s-s2,NotReady
2026-06-29T12:04:14+00:00,k3s-s3,Ready
2026-06-29T12:04:14+00:00,k3s-w1,Ready
2026-06-29T12:04:14+00:00,k3s-w2,Ready
2026-06-29T12:04:15+00:00,k3s-s1,Ready
2026-06-29T12:04:15+00:00,k3s-s2,NotReady
2026-06-29T12:04:15+00:00,k3s-s3,Ready
2026-06-29T12:04:15+00:00,k3s-w1,Ready
2026-06-29T12:04:15+00:00,k3s-w2,Ready
2026-06-29T12:04:16+00:00,k3s-s1,Ready
2026-06-29T12:04:16+00:00,k3s-s2,NotReady
2026-06-29T12:04:16+00:00,k3s-s3,Ready
2026-06-29T12:04:16+00:00,k3s-w1,Ready
2026-06-29T12:04:16+00:00,k3s-w2,Ready
2026-06-29T12:04:17+00:00,k3s-s1,Ready
2026-06-29T12:04:17+00:00,k3s-s2,NotReady
2026-06-29T12:04:17+00:00,k3s-s3,Ready
2026-06-29T12:04:17+00:00,k3s-w1,Ready
2026-06-29T12:04:17+00:00,k3s-w2,Ready
2026-06-29T12:04:18+00:00,k3s-s1,Ready
2026-06-29T12:04:18+00:00,k3s-s2,NotReady
2026-06-29T12:04:18+00:00,k3s-s3,Ready
2026-06-29T12:04:18+00:00,k3s-w1,Ready
2026-06-29T12:04:18+00:00,k3s-w2,Ready
2026-06-29T12:04:19+00:00,k3s-s1,Ready
2026-06-29T12:04:19+00:00,k3s-s2,NotReady
2026-06-29T12:04:19+00:00,k3s-s3,Ready
2026-06-29T12:04:19+00:00,k3s-w1,Ready
2026-06-29T12:04:19+00:00,k3s-w2,Ready
2026-06-29T12:04:20+00:00,k3s-s1,Ready
2026-06-29T12:04:20+00:00,k3s-s2,NotReady
2026-06-29T12:04:20+00:00,k3s-s3,Ready
2026-06-29T12:04:20+00:00,k3s-w1,Ready
2026-06-29T12:04:20+00:00,k3s-w2,Ready
2026-06-29T12:04:21+00:00,k3s-s1,Ready
2026-06-29T12:04:21+00:00,k3s-s2,NotReady
2026-06-29T12:04:21+00:00,k3s-s3,Ready
2026-06-29T12:04:21+00:00,k3s-w1,Ready
2026-06-29T12:04:21+00:00,k3s-w2,Ready
2026-06-29T12:04:22+00:00,k3s-s1,Ready
2026-06-29T12:04:22+00:00,k3s-s2,NotReady
2026-06-29T12:04:22+00:00,k3s-s3,Ready
2026-06-29T12:04:22+00:00,k3s-w1,Ready
2026-06-29T12:04:22+00:00,k3s-w2,Ready
2026-06-29T12:04:23+00:00,k3s-s1,Ready
2026-06-29T12:04:23+00:00,k3s-s2,NotReady
2026-06-29T12:04:23+00:00,k3s-s3,Ready
2026-06-29T12:04:23+00:00,k3s-w1,Ready
2026-06-29T12:04:23+00:00,k3s-w2,Ready
2026-06-29T12:04:24+00:00,k3s-s1,Ready
2026-06-29T12:04:24+00:00,k3s-s2,NotReady
2026-06-29T12:04:24+00:00,k3s-s3,Ready
2026-06-29T12:04:24+00:00,k3s-w1,Ready
2026-06-29T12:04:24+00:00,k3s-w2,Ready
2026-06-29T12:04:25+00:00,k3s-s1,Ready
2026-06-29T12:04:25+00:00,k3s-s2,NotReady
2026-06-29T12:04:25+00:00,k3s-s3,Ready
2026-06-29T12:04:25+00:00,k3s-w1,Ready
2026-06-29T12:04:25+00:00,k3s-w2,Ready
2026-06-29T12:04:26+00:00,k3s-s1,Ready
2026-06-29T12:04:26+00:00,k3s-s2,NotReady
2026-06-29T12:04:26+00:00,k3s-s3,Ready
2026-06-29T12:04:26+00:00,k3s-w1,Ready
2026-06-29T12:04:26+00:00,k3s-w2,Ready
2026-06-29T12:04:28+00:00,k3s-s1,Ready
2026-06-29T12:04:28+00:00,k3s-s2,NotReady
2026-06-29T12:04:28+00:00,k3s-s3,Ready
2026-06-29T12:04:28+00:00,k3s-w1,Ready
2026-06-29T12:04:28+00:00,k3s-w2,Ready
2026-06-29T12:04:29+00:00,k3s-s1,Ready
2026-06-29T12:04:29+00:00,k3s-s2,NotReady
2026-06-29T12:04:29+00:00,k3s-s3,Ready
2026-06-29T12:04:29+00:00,k3s-w1,Ready
2026-06-29T12:04:29+00:00,k3s-w2,Ready
2026-06-29T12:04:30+00:00,k3s-s1,Ready
2026-06-29T12:04:30+00:00,k3s-s2,NotReady
2026-06-29T12:04:30+00:00,k3s-s3,Ready
2026-06-29T12:04:30+00:00,k3s-w1,Ready
2026-06-29T12:04:30+00:00,k3s-w2,Ready
2026-06-29T12:04:31+00:00,k3s-s1,Ready
2026-06-29T12:04:31+00:00,k3s-s2,NotReady
2026-06-29T12:04:31+00:00,k3s-s3,Ready
2026-06-29T12:04:31+00:00,k3s-w1,Ready
2026-06-29T12:04:31+00:00,k3s-w2,Ready
2026-06-29T12:04:32+00:00,k3s-s1,Ready
2026-06-29T12:04:32+00:00,k3s-s2,NotReady
2026-06-29T12:04:32+00:00,k3s-s3,Ready
2026-06-29T12:04:32+00:00,k3s-w1,Ready
2026-06-29T12:04:32+00:00,k3s-w2,Ready
2026-06-29T12:04:33+00:00,k3s-s1,Ready
2026-06-29T12:04:33+00:00,k3s-s2,NotReady
2026-06-29T12:04:33+00:00,k3s-s3,Ready
2026-06-29T12:04:33+00:00,k3s-w1,Ready
2026-06-29T12:04:33+00:00,k3s-w2,Ready
2026-06-29T12:04:34+00:00,k3s-s1,Ready
2026-06-29T12:04:34+00:00,k3s-s2,NotReady
2026-06-29T12:04:34+00:00,k3s-s3,Ready
2026-06-29T12:04:34+00:00,k3s-w1,Ready
2026-06-29T12:04:34+00:00,k3s-w2,Ready
2026-06-29T12:04:35+00:00,k3s-s1,Ready
2026-06-29T12:04:35+00:00,k3s-s2,NotReady
2026-06-29T12:04:35+00:00,k3s-s3,Ready
2026-06-29T12:04:35+00:00,k3s-w1,Ready
2026-06-29T12:04:35+00:00,k3s-w2,Ready
2026-06-29T12:04:36+00:00,k3s-s1,Ready
2026-06-29T12:04:36+00:00,k3s-s2,NotReady
2026-06-29T12:04:36+00:00,k3s-s3,Ready
2026-06-29T12:04:36+00:00,k3s-w1,Ready
2026-06-29T12:04:36+00:00,k3s-w2,Ready
2026-06-29T12:04:37+00:00,k3s-s1,Ready
2026-06-29T12:04:37+00:00,k3s-s2,NotReady
2026-06-29T12:04:37+00:00,k3s-s3,Ready
2026-06-29T12:04:37+00:00,k3s-w1,Ready
2026-06-29T12:04:37+00:00,k3s-w2,Ready
2026-06-29T12:04:38+00:00,k3s-s1,Ready
2026-06-29T12:04:38+00:00,k3s-s2,NotReady
2026-06-29T12:04:38+00:00,k3s-s3,Ready
2026-06-29T12:04:38+00:00,k3s-w1,Ready
2026-06-29T12:04:38+00:00,k3s-w2,Ready
2026-06-29T12:04:39+00:00,k3s-s1,Ready
2026-06-29T12:04:39+00:00,k3s-s2,NotReady
2026-06-29T12:04:39+00:00,k3s-s3,Ready
2026-06-29T12:04:39+00:00,k3s-w1,Ready
2026-06-29T12:04:39+00:00,k3s-w2,Ready
2026-06-29T12:04:40+00:00,k3s-s1,Ready
2026-06-29T12:04:40+00:00,k3s-s2,NotReady
2026-06-29T12:04:40+00:00,k3s-s3,Ready
2026-06-29T12:04:40+00:00,k3s-w1,Ready
2026-06-29T12:04:40+00:00,k3s-w2,Ready
2026-06-29T12:04:41+00:00,k3s-s1,Ready
2026-06-29T12:04:41+00:00,k3s-s2,NotReady
2026-06-29T12:04:41+00:00,k3s-s3,Ready
2026-06-29T12:04:41+00:00,k3s-w1,Ready
2026-06-29T12:04:41+00:00,k3s-w2,Ready
2026-06-29T12:04:42+00:00,k3s-s1,Ready
2026-06-29T12:04:42+00:00,k3s-s2,NotReady
2026-06-29T12:04:42+00:00,k3s-s3,Ready
2026-06-29T12:04:42+00:00,k3s-w1,Ready
2026-06-29T12:04:42+00:00,k3s-w2,Ready
2026-06-29T12:04:43+00:00,k3s-s1,Ready
2026-06-29T12:04:43+00:00,k3s-s2,NotReady
2026-06-29T12:04:43+00:00,k3s-s3,Ready
2026-06-29T12:04:43+00:00,k3s-w1,Ready
2026-06-29T12:04:43+00:00,k3s-w2,Ready
2026-06-29T12:04:44+00:00,k3s-s1,Ready
2026-06-29T12:04:44+00:00,k3s-s2,NotReady
2026-06-29T12:04:44+00:00,k3s-s3,Ready
2026-06-29T12:04:44+00:00,k3s-w1,Ready
2026-06-29T12:04:44+00:00,k3s-w2,Ready
2026-06-29T12:04:45+00:00,k3s-s1,Ready
2026-06-29T12:04:45+00:00,k3s-s2,NotReady
2026-06-29T12:04:45+00:00,k3s-s3,Ready
2026-06-29T12:04:45+00:00,k3s-w1,Ready
2026-06-29T12:04:45+00:00,k3s-w2,Ready
2026-06-29T12:04:46+00:00,k3s-s1,Ready
2026-06-29T12:04:46+00:00,k3s-s2,NotReady
2026-06-29T12:04:46+00:00,k3s-s3,Ready
2026-06-29T12:04:46+00:00,k3s-w1,Ready
2026-06-29T12:04:46+00:00,k3s-w2,Ready
2026-06-29T12:04:48+00:00,k3s-s1,Ready
2026-06-29T12:04:48+00:00,k3s-s2,NotReady
2026-06-29T12:04:48+00:00,k3s-s3,Ready
2026-06-29T12:04:48+00:00,k3s-w1,Ready
2026-06-29T12:04:48+00:00,k3s-w2,Ready
2026-06-29T12:04:49+00:00,k3s-s1,Ready
2026-06-29T12:04:49+00:00,k3s-s2,NotReady
2026-06-29T12:04:49+00:00,k3s-s3,Ready
2026-06-29T12:04:49+00:00,k3s-w1,Ready
2026-06-29T12:04:49+00:00,k3s-w2,Ready
2026-06-29T12:04:50+00:00,k3s-s1,Ready
2026-06-29T12:04:50+00:00,k3s-s2,NotReady
2026-06-29T12:04:50+00:00,k3s-s3,Ready
2026-06-29T12:04:50+00:00,k3s-w1,Ready
2026-06-29T12:04:50+00:00,k3s-w2,Ready
2026-06-29T12:04:51+00:00,k3s-s1,Ready
2026-06-29T12:04:51+00:00,k3s-s2,NotReady
2026-06-29T12:04:51+00:00,k3s-s3,Ready
2026-06-29T12:04:51+00:00,k3s-w1,Ready
2026-06-29T12:04:51+00:00,k3s-w2,Ready
2026-06-29T12:04:52+00:00,k3s-s1,Ready
2026-06-29T12:04:52+00:00,k3s-s2,NotReady
2026-06-29T12:04:52+00:00,k3s-s3,Ready
2026-06-29T12:04:52+00:00,k3s-w1,Ready
2026-06-29T12:04:52+00:00,k3s-w2,Ready
2026-06-29T12:04:53+00:00,k3s-s1,Ready
2026-06-29T12:04:53+00:00,k3s-s2,NotReady
2026-06-29T12:04:53+00:00,k3s-s3,Ready
2026-06-29T12:04:53+00:00,k3s-w1,Ready
2026-06-29T12:04:53+00:00,k3s-w2,Ready
2026-06-29T12:04:54+00:00,k3s-s1,Ready
2026-06-29T12:04:54+00:00,k3s-s2,NotReady
2026-06-29T12:04:54+00:00,k3s-s3,Ready
2026-06-29T12:04:54+00:00,k3s-w1,Ready
2026-06-29T12:04:54+00:00,k3s-w2,Ready
2026-06-29T12:04:55+00:00,k3s-s1,Ready
2026-06-29T12:04:55+00:00,k3s-s2,NotReady
2026-06-29T12:04:55+00:00,k3s-s3,Ready
2026-06-29T12:04:55+00:00,k3s-w1,Ready
2026-06-29T12:04:55+00:00,k3s-w2,Ready
2026-06-29T12:04:56+00:00,k3s-s1,Ready
2026-06-29T12:04:56+00:00,k3s-s2,NotReady
2026-06-29T12:04:56+00:00,k3s-s3,Ready
2026-06-29T12:04:56+00:00,k3s-w1,Ready
2026-06-29T12:04:56+00:00,k3s-w2,Ready
2026-06-29T12:04:57+00:00,k3s-s1,Ready
2026-06-29T12:04:57+00:00,k3s-s2,NotReady
2026-06-29T12:04:57+00:00,k3s-s3,Ready
2026-06-29T12:04:57+00:00,k3s-w1,Ready
2026-06-29T12:04:57+00:00,k3s-w2,Ready
2026-06-29T12:04:58+00:00,k3s-s1,Ready
2026-06-29T12:04:58+00:00,k3s-s2,NotReady
2026-06-29T12:04:58+00:00,k3s-s3,Ready
2026-06-29T12:04:58+00:00,k3s-w1,Ready
2026-06-29T12:04:58+00:00,k3s-w2,Ready
2026-06-29T12:04:59+00:00,k3s-s1,Ready
2026-06-29T12:04:59+00:00,k3s-s2,NotReady
2026-06-29T12:04:59+00:00,k3s-s3,Ready
2026-06-29T12:04:59+00:00,k3s-w1,Ready
2026-06-29T12:04:59+00:00,k3s-w2,Ready
2026-06-29T12:05:00+00:00,k3s-s1,Ready
2026-06-29T12:05:00+00:00,k3s-s2,NotReady
2026-06-29T12:05:00+00:00,k3s-s3,Ready
2026-06-29T12:05:00+00:00,k3s-w1,Ready
2026-06-29T12:05:00+00:00,k3s-w2,Ready
2026-06-29T12:05:01+00:00,k3s-s1,Ready
2026-06-29T12:05:01+00:00,k3s-s2,NotReady
2026-06-29T12:05:01+00:00,k3s-s3,Ready
2026-06-29T12:05:01+00:00,k3s-w1,Ready
2026-06-29T12:05:01+00:00,k3s-w2,Ready
2026-06-29T12:05:02+00:00,k3s-s1,Ready
2026-06-29T12:05:02+00:00,k3s-s2,NotReady
2026-06-29T12:05:02+00:00,k3s-s3,Ready
2026-06-29T12:05:02+00:00,k3s-w1,Ready
2026-06-29T12:05:02+00:00,k3s-w2,Ready
2026-06-29T12:05:03+00:00,k3s-s1,Ready
2026-06-29T12:05:03+00:00,k3s-s2,NotReady
2026-06-29T12:05:03+00:00,k3s-s3,Ready
2026-06-29T12:05:03+00:00,k3s-w1,Ready
2026-06-29T12:05:03+00:00,k3s-w2,Ready
2026-06-29T12:05:04+00:00,k3s-s1,Ready
2026-06-29T12:05:04+00:00,k3s-s2,NotReady
2026-06-29T12:05:04+00:00,k3s-s3,Ready
2026-06-29T12:05:04+00:00,k3s-w1,Ready
2026-06-29T12:05:04+00:00,k3s-w2,Ready
2026-06-29T12:05:05+00:00,k3s-s1,Ready
2026-06-29T12:05:05+00:00,k3s-s2,NotReady
2026-06-29T12:05:05+00:00,k3s-s3,Ready
2026-06-29T12:05:05+00:00,k3s-w1,Ready
2026-06-29T12:05:05+00:00,k3s-w2,Ready
2026-06-29T12:05:06+00:00,k3s-s1,Ready
2026-06-29T12:05:06+00:00,k3s-s2,NotReady
2026-06-29T12:05:06+00:00,k3s-s3,Ready
2026-06-29T12:05:06+00:00,k3s-w1,Ready
2026-06-29T12:05:06+00:00,k3s-w2,Ready
2026-06-29T12:05:08+00:00,k3s-s1,Ready
2026-06-29T12:05:08+00:00,k3s-s2,NotReady
2026-06-29T12:05:08+00:00,k3s-s3,Ready
2026-06-29T12:05:08+00:00,k3s-w1,Ready
2026-06-29T12:05:08+00:00,k3s-w2,Ready
2026-06-29T12:05:09+00:00,k3s-s1,Ready
2026-06-29T12:05:09+00:00,k3s-s2,NotReady
2026-06-29T12:05:09+00:00,k3s-s3,Ready
2026-06-29T12:05:09+00:00,k3s-w1,Ready
2026-06-29T12:05:09+00:00,k3s-w2,Ready
2026-06-29T12:05:10+00:00,k3s-s1,Ready
2026-06-29T12:05:10+00:00,k3s-s2,NotReady
2026-06-29T12:05:10+00:00,k3s-s3,Ready
2026-06-29T12:05:10+00:00,k3s-w1,Ready
2026-06-29T12:05:10+00:00,k3s-w2,Ready
2026-06-29T12:05:11+00:00,k3s-s1,Ready
2026-06-29T12:05:11+00:00,k3s-s2,NotReady
2026-06-29T12:05:11+00:00,k3s-s3,Ready
2026-06-29T12:05:11+00:00,k3s-w1,Ready
2026-06-29T12:05:11+00:00,k3s-w2,Ready
2026-06-29T12:05:12+00:00,k3s-s1,Ready
2026-06-29T12:05:12+00:00,k3s-s2,NotReady
2026-06-29T12:05:12+00:00,k3s-s3,Ready
2026-06-29T12:05:12+00:00,k3s-w1,Ready
2026-06-29T12:05:12+00:00,k3s-w2,Ready
2026-06-29T12:05:13+00:00,k3s-s1,Ready
2026-06-29T12:05:13+00:00,k3s-s2,NotReady
2026-06-29T12:05:13+00:00,k3s-s3,Ready
2026-06-29T12:05:13+00:00,k3s-w1,Ready
2026-06-29T12:05:13+00:00,k3s-w2,Ready
2026-06-29T12:05:14+00:00,k3s-s1,Ready
2026-06-29T12:05:14+00:00,k3s-s2,NotReady
2026-06-29T12:05:14+00:00,k3s-s3,Ready
2026-06-29T12:05:14+00:00,k3s-w1,Ready
2026-06-29T12:05:14+00:00,k3s-w2,Ready
2026-06-29T12:05:15+00:00,k3s-s1,Ready
2026-06-29T12:05:15+00:00,k3s-s2,NotReady
2026-06-29T12:05:15+00:00,k3s-s3,Ready
2026-06-29T12:05:15+00:00,k3s-w1,Ready
2026-06-29T12:05:15+00:00,k3s-w2,Ready
2026-06-29T12:05:16+00:00,k3s-s1,Ready
2026-06-29T12:05:16+00:00,k3s-s2,NotReady
2026-06-29T12:05:16+00:00,k3s-s3,Ready
2026-06-29T12:05:16+00:00,k3s-w1,Ready
2026-06-29T12:05:16+00:00,k3s-w2,Ready
2026-06-29T12:05:17+00:00,k3s-s1,Ready
2026-06-29T12:05:17+00:00,k3s-s2,NotReady
2026-06-29T12:05:17+00:00,k3s-s3,Ready
2026-06-29T12:05:17+00:00,k3s-w1,Ready
2026-06-29T12:05:17+00:00,k3s-w2,Ready
2026-06-29T12:05:18+00:00,k3s-s1,Ready
2026-06-29T12:05:18+00:00,k3s-s2,NotReady
2026-06-29T12:05:18+00:00,k3s-s3,Ready
2026-06-29T12:05:18+00:00,k3s-w1,Ready
2026-06-29T12:05:18+00:00,k3s-w2,Ready
2026-06-29T12:05:19+00:00,k3s-s1,Ready
2026-06-29T12:05:19+00:00,k3s-s2,NotReady
2026-06-29T12:05:19+00:00,k3s-s3,Ready
2026-06-29T12:05:19+00:00,k3s-w1,Ready
2026-06-29T12:05:19+00:00,k3s-w2,Ready
2026-06-29T12:05:20+00:00,k3s-s1,Ready
2026-06-29T12:05:20+00:00,k3s-s2,NotReady
2026-06-29T12:05:20+00:00,k3s-s3,Ready
2026-06-29T12:05:20+00:00,k3s-w1,Ready
2026-06-29T12:05:20+00:00,k3s-w2,Ready
2026-06-29T12:05:21+00:00,k3s-s1,Ready
2026-06-29T12:05:21+00:00,k3s-s2,NotReady
2026-06-29T12:05:21+00:00,k3s-s3,Ready
2026-06-29T12:05:21+00:00,k3s-w1,Ready
2026-06-29T12:05:21+00:00,k3s-w2,Ready
2026-06-29T12:05:22+00:00,k3s-s1,Ready
2026-06-29T12:05:22+00:00,k3s-s2,NotReady
2026-06-29T12:05:22+00:00,k3s-s3,Ready
2026-06-29T12:05:22+00:00,k3s-w1,Ready
2026-06-29T12:05:22+00:00,k3s-w2,Ready
2026-06-29T12:05:23+00:00,k3s-s1,Ready
2026-06-29T12:05:23+00:00,k3s-s2,NotReady
2026-06-29T12:05:23+00:00,k3s-s3,Ready
2026-06-29T12:05:23+00:00,k3s-w1,Ready
2026-06-29T12:05:23+00:00,k3s-w2,Ready
2026-06-29T12:05:24+00:00,k3s-s1,Ready
2026-06-29T12:05:24+00:00,k3s-s2,NotReady
2026-06-29T12:05:24+00:00,k3s-s3,Ready
2026-06-29T12:05:24+00:00,k3s-w1,Ready
2026-06-29T12:05:24+00:00,k3s-w2,Ready
2026-06-29T12:05:25+00:00,k3s-s1,Ready
2026-06-29T12:05:25+00:00,k3s-s2,NotReady
2026-06-29T12:05:25+00:00,k3s-s3,Ready
2026-06-29T12:05:25+00:00,k3s-w1,Ready
2026-06-29T12:05:25+00:00,k3s-w2,Ready
2026-06-29T12:05:26+00:00,k3s-s1,Ready
2026-06-29T12:05:26+00:00,k3s-s2,NotReady
2026-06-29T12:05:26+00:00,k3s-s3,Ready
2026-06-29T12:05:26+00:00,k3s-w1,Ready
2026-06-29T12:05:26+00:00,k3s-w2,Ready
2026-06-29T12:05:28+00:00,k3s-s1,Ready
2026-06-29T12:05:28+00:00,k3s-s2,NotReady
2026-06-29T12:05:28+00:00,k3s-s3,Ready
2026-06-29T12:05:28+00:00,k3s-w1,Ready
2026-06-29T12:05:28+00:00,k3s-w2,Ready
2026-06-29T12:05:29+00:00,k3s-s1,Ready
2026-06-29T12:05:29+00:00,k3s-s2,NotReady
2026-06-29T12:05:29+00:00,k3s-s3,Ready
2026-06-29T12:05:29+00:00,k3s-w1,Ready
2026-06-29T12:05:29+00:00,k3s-w2,Ready
2026-06-29T12:05:30+00:00,k3s-s1,Ready
2026-06-29T12:05:30+00:00,k3s-s2,NotReady
2026-06-29T12:05:30+00:00,k3s-s3,Ready
2026-06-29T12:05:30+00:00,k3s-w1,Ready
2026-06-29T12:05:30+00:00,k3s-w2,Ready
2026-06-29T12:05:31+00:00,k3s-s1,Ready
2026-06-29T12:05:31+00:00,k3s-s2,NotReady
2026-06-29T12:05:31+00:00,k3s-s3,Ready
2026-06-29T12:05:31+00:00,k3s-w1,Ready
2026-06-29T12:05:31+00:00,k3s-w2,Ready
2026-06-29T12:05:32+00:00,k3s-s1,Ready
2026-06-29T12:05:32+00:00,k3s-s2,NotReady
2026-06-29T12:05:32+00:00,k3s-s3,Ready
2026-06-29T12:05:32+00:00,k3s-w1,Ready
2026-06-29T12:05:32+00:00,k3s-w2,Ready
2026-06-29T12:05:33+00:00,k3s-s1,Ready
2026-06-29T12:05:33+00:00,k3s-s2,NotReady
2026-06-29T12:05:33+00:00,k3s-s3,Ready
2026-06-29T12:05:33+00:00,k3s-w1,Ready
2026-06-29T12:05:33+00:00,k3s-w2,Ready
2026-06-29T12:05:34+00:00,k3s-s1,Ready
2026-06-29T12:05:34+00:00,k3s-s2,NotReady
2026-06-29T12:05:34+00:00,k3s-s3,Ready
2026-06-29T12:05:34+00:00,k3s-w1,Ready
2026-06-29T12:05:34+00:00,k3s-w2,Ready
2026-06-29T12:05:35+00:00,k3s-s1,Ready
2026-06-29T12:05:35+00:00,k3s-s2,NotReady
2026-06-29T12:05:35+00:00,k3s-s3,Ready
2026-06-29T12:05:35+00:00,k3s-w1,Ready
2026-06-29T12:05:35+00:00,k3s-w2,Ready
2026-06-29T12:05:36+00:00,k3s-s1,Ready
2026-06-29T12:05:36+00:00,k3s-s2,NotReady
2026-06-29T12:05:36+00:00,k3s-s3,Ready
2026-06-29T12:05:36+00:00,k3s-w1,Ready
2026-06-29T12:05:36+00:00,k3s-w2,Ready
2026-06-29T12:05:37+00:00,k3s-s1,Ready
2026-06-29T12:05:37+00:00,k3s-s2,NotReady
2026-06-29T12:05:37+00:00,k3s-s3,Ready
2026-06-29T12:05:37+00:00,k3s-w1,Ready
2026-06-29T12:05:37+00:00,k3s-w2,Ready
2026-06-29T12:05:38+00:00,k3s-s1,Ready
2026-06-29T12:05:38+00:00,k3s-s2,NotReady
2026-06-29T12:05:38+00:00,k3s-s3,Ready
2026-06-29T12:05:38+00:00,k3s-w1,Ready
2026-06-29T12:05:38+00:00,k3s-w2,Ready
2026-06-29T12:05:39+00:00,k3s-s1,Ready
2026-06-29T12:05:39+00:00,k3s-s2,NotReady
2026-06-29T12:05:39+00:00,k3s-s3,Ready
2026-06-29T12:05:39+00:00,k3s-w1,Ready
2026-06-29T12:05:39+00:00,k3s-w2,Ready
2026-06-29T12:05:40+00:00,k3s-s1,Ready
2026-06-29T12:05:40+00:00,k3s-s2,NotReady
2026-06-29T12:05:40+00:00,k3s-s3,Ready
2026-06-29T12:05:40+00:00,k3s-w1,Ready
2026-06-29T12:05:40+00:00,k3s-w2,Ready
2026-06-29T12:05:41+00:00,k3s-s1,Ready
2026-06-29T12:05:41+00:00,k3s-s2,NotReady
2026-06-29T12:05:41+00:00,k3s-s3,Ready
2026-06-29T12:05:41+00:00,k3s-w1,Ready
2026-06-29T12:05:41+00:00,k3s-w2,Ready
2026-06-29T12:05:42+00:00,k3s-s1,Ready
2026-06-29T12:05:42+00:00,k3s-s2,NotReady
2026-06-29T12:05:42+00:00,k3s-s3,Ready
2026-06-29T12:05:42+00:00,k3s-w1,Ready
2026-06-29T12:05:42+00:00,k3s-w2,Ready
2026-06-29T12:05:43+00:00,k3s-s1,Ready
2026-06-29T12:05:43+00:00,k3s-s2,NotReady
2026-06-29T12:05:43+00:00,k3s-s3,Ready
2026-06-29T12:05:43+00:00,k3s-w1,Ready
2026-06-29T12:05:43+00:00,k3s-w2,Ready
2026-06-29T12:05:44+00:00,k3s-s1,Ready
2026-06-29T12:05:44+00:00,k3s-s2,NotReady
2026-06-29T12:05:44+00:00,k3s-s3,Ready
2026-06-29T12:05:44+00:00,k3s-w1,Ready
2026-06-29T12:05:44+00:00,k3s-w2,Ready
2026-06-29T12:05:45+00:00,k3s-s1,Ready
2026-06-29T12:05:45+00:00,k3s-s2,NotReady
2026-06-29T12:05:45+00:00,k3s-s3,Ready
2026-06-29T12:05:45+00:00,k3s-w1,Ready
2026-06-29T12:05:45+00:00,k3s-w2,Ready
2026-06-29T12:05:46+00:00,k3s-s1,Ready
2026-06-29T12:05:46+00:00,k3s-s2,NotReady
2026-06-29T12:05:46+00:00,k3s-s3,Ready
2026-06-29T12:05:46+00:00,k3s-w1,Ready
2026-06-29T12:05:46+00:00,k3s-w2,Ready
2026-06-29T12:05:48+00:00,k3s-s1,Ready
2026-06-29T12:05:48+00:00,k3s-s2,NotReady
2026-06-29T12:05:48+00:00,k3s-s3,Ready
2026-06-29T12:05:48+00:00,k3s-w1,Ready
2026-06-29T12:05:48+00:00,k3s-w2,Ready
2026-06-29T12:05:49+00:00,k3s-s1,Ready
2026-06-29T12:05:49+00:00,k3s-s2,NotReady
2026-06-29T12:05:49+00:00,k3s-s3,Ready
2026-06-29T12:05:49+00:00,k3s-w1,Ready
2026-06-29T12:05:49+00:00,k3s-w2,Ready
2026-06-29T12:05:50+00:00,k3s-s1,Ready
2026-06-29T12:05:50+00:00,k3s-s2,NotReady
2026-06-29T12:05:50+00:00,k3s-s3,Ready
2026-06-29T12:05:50+00:00,k3s-w1,Ready
2026-06-29T12:05:50+00:00,k3s-w2,Ready
2026-06-29T12:05:51+00:00,k3s-s1,Ready
2026-06-29T12:05:51+00:00,k3s-s2,NotReady
2026-06-29T12:05:51+00:00,k3s-s3,Ready
2026-06-29T12:05:51+00:00,k3s-w1,Ready
2026-06-29T12:05:51+00:00,k3s-w2,Ready
2026-06-29T12:05:52+00:00,k3s-s1,Ready
2026-06-29T12:05:52+00:00,k3s-s2,NotReady
2026-06-29T12:05:52+00:00,k3s-s3,Ready
2026-06-29T12:05:52+00:00,k3s-w1,Ready
2026-06-29T12:05:52+00:00,k3s-w2,Ready
2026-06-29T12:05:53+00:00,k3s-s1,Ready
2026-06-29T12:05:53+00:00,k3s-s2,NotReady
2026-06-29T12:05:53+00:00,k3s-s3,Ready
2026-06-29T12:05:53+00:00,k3s-w1,Ready
2026-06-29T12:05:53+00:00,k3s-w2,Ready
2026-06-29T12:05:54+00:00,k3s-s1,Ready
2026-06-29T12:05:54+00:00,k3s-s2,NotReady
2026-06-29T12:05:54+00:00,k3s-s3,Ready
2026-06-29T12:05:54+00:00,k3s-w1,Ready
2026-06-29T12:05:54+00:00,k3s-w2,Ready
2026-06-29T12:05:55+00:00,k3s-s1,Ready
2026-06-29T12:05:55+00:00,k3s-s2,NotReady
2026-06-29T12:05:55+00:00,k3s-s3,Ready
2026-06-29T12:05:55+00:00,k3s-w1,Ready
2026-06-29T12:05:55+00:00,k3s-w2,Ready
2026-06-29T12:05:56+00:00,k3s-s1,Ready
2026-06-29T12:05:56+00:00,k3s-s2,NotReady
2026-06-29T12:05:56+00:00,k3s-s3,Ready
2026-06-29T12:05:56+00:00,k3s-w1,Ready
2026-06-29T12:05:56+00:00,k3s-w2,Ready
2026-06-29T12:05:57+00:00,k3s-s1,Ready
2026-06-29T12:05:57+00:00,k3s-s2,NotReady
2026-06-29T12:05:57+00:00,k3s-s3,Ready
2026-06-29T12:05:57+00:00,k3s-w1,Ready
2026-06-29T12:05:57+00:00,k3s-w2,Ready
2026-06-29T12:05:58+00:00,k3s-s1,Ready
2026-06-29T12:05:58+00:00,k3s-s2,NotReady
2026-06-29T12:05:58+00:00,k3s-s3,Ready
2026-06-29T12:05:58+00:00,k3s-w1,Ready
2026-06-29T12:05:58+00:00,k3s-w2,Ready
2026-06-29T12:05:59+00:00,k3s-s1,Ready
2026-06-29T12:05:59+00:00,k3s-s2,NotReady
2026-06-29T12:05:59+00:00,k3s-s3,Ready
2026-06-29T12:05:59+00:00,k3s-w1,Ready
2026-06-29T12:05:59+00:00,k3s-w2,Ready
2026-06-29T12:06:00+00:00,k3s-s1,Ready
2026-06-29T12:06:00+00:00,k3s-s2,NotReady
2026-06-29T12:06:00+00:00,k3s-s3,Ready
2026-06-29T12:06:00+00:00,k3s-w1,Ready
2026-06-29T12:06:00+00:00,k3s-w2,Ready
2026-06-29T12:06:01+00:00,k3s-s1,Ready
2026-06-29T12:06:01+00:00,k3s-s2,NotReady
2026-06-29T12:06:01+00:00,k3s-s3,Ready
2026-06-29T12:06:01+00:00,k3s-w1,Ready
2026-06-29T12:06:01+00:00,k3s-w2,Ready
2026-06-29T12:06:02+00:00,k3s-s1,Ready
2026-06-29T12:06:02+00:00,k3s-s2,NotReady
2026-06-29T12:06:02+00:00,k3s-s3,Ready
2026-06-29T12:06:02+00:00,k3s-w1,Ready
2026-06-29T12:06:02+00:00,k3s-w2,Ready
2026-06-29T12:06:03+00:00,k3s-s1,Ready
2026-06-29T12:06:03+00:00,k3s-s2,NotReady
2026-06-29T12:06:03+00:00,k3s-s3,Ready
2026-06-29T12:06:03+00:00,k3s-w1,Ready
2026-06-29T12:06:03+00:00,k3s-w2,Ready
2026-06-29T12:06:04+00:00,k3s-s1,Ready
2026-06-29T12:06:04+00:00,k3s-s2,NotReady
2026-06-29T12:06:04+00:00,k3s-s3,Ready
2026-06-29T12:06:04+00:00,k3s-w1,Ready
2026-06-29T12:06:04+00:00,k3s-w2,Ready
2026-06-29T12:06:05+00:00,k3s-s1,Ready
2026-06-29T12:06:05+00:00,k3s-s2,NotReady
2026-06-29T12:06:05+00:00,k3s-s3,Ready
2026-06-29T12:06:05+00:00,k3s-w1,Ready
2026-06-29T12:06:05+00:00,k3s-w2,Ready
2026-06-29T12:06:06+00:00,k3s-s1,Ready
2026-06-29T12:06:06+00:00,k3s-s2,NotReady
2026-06-29T12:06:06+00:00,k3s-s3,Ready
2026-06-29T12:06:06+00:00,k3s-w1,Ready
2026-06-29T12:06:06+00:00,k3s-w2,Ready
2026-06-29T12:06:08+00:00,k3s-s1,Ready
2026-06-29T12:06:08+00:00,k3s-s2,NotReady
2026-06-29T12:06:08+00:00,k3s-s3,Ready
2026-06-29T12:06:08+00:00,k3s-w1,Ready
2026-06-29T12:06:08+00:00,k3s-w2,Ready
2026-06-29T12:06:09+00:00,k3s-s1,Ready
2026-06-29T12:06:09+00:00,k3s-s2,NotReady
2026-06-29T12:06:09+00:00,k3s-s3,Ready
2026-06-29T12:06:09+00:00,k3s-w1,Ready
2026-06-29T12:06:09+00:00,k3s-w2,Ready
2026-06-29T12:06:10+00:00,k3s-s1,Ready
2026-06-29T12:06:10+00:00,k3s-s2,NotReady
2026-06-29T12:06:10+00:00,k3s-s3,Ready
2026-06-29T12:06:10+00:00,k3s-w1,Ready
2026-06-29T12:06:10+00:00,k3s-w2,Ready
2026-06-29T12:06:11+00:00,k3s-s1,Ready
2026-06-29T12:06:11+00:00,k3s-s2,NotReady
2026-06-29T12:06:11+00:00,k3s-s3,Ready
2026-06-29T12:06:11+00:00,k3s-w1,Ready
2026-06-29T12:06:11+00:00,k3s-w2,Ready
2026-06-29T12:06:12+00:00,k3s-s1,Ready
2026-06-29T12:06:12+00:00,k3s-s2,NotReady
2026-06-29T12:06:12+00:00,k3s-s3,Ready
2026-06-29T12:06:12+00:00,k3s-w1,Ready
2026-06-29T12:06:12+00:00,k3s-w2,Ready
2026-06-29T12:06:13+00:00,k3s-s1,Ready
2026-06-29T12:06:13+00:00,k3s-s2,NotReady
2026-06-29T12:06:13+00:00,k3s-s3,Ready
2026-06-29T12:06:13+00:00,k3s-w1,Ready
2026-06-29T12:06:13+00:00,k3s-w2,Ready
2026-06-29T12:06:14+00:00,k3s-s1,Ready
2026-06-29T12:06:14+00:00,k3s-s2,NotReady
2026-06-29T12:06:14+00:00,k3s-s3,Ready
2026-06-29T12:06:14+00:00,k3s-w1,Ready
2026-06-29T12:06:14+00:00,k3s-w2,Ready
2026-06-29T12:06:15+00:00,k3s-s1,Ready
2026-06-29T12:06:15+00:00,k3s-s2,NotReady
2026-06-29T12:06:15+00:00,k3s-s3,Ready
2026-06-29T12:06:15+00:00,k3s-w1,Ready
2026-06-29T12:06:15+00:00,k3s-w2,Ready
2026-06-29T12:06:16+00:00,k3s-s1,Ready
2026-06-29T12:06:16+00:00,k3s-s2,NotReady
2026-06-29T12:06:16+00:00,k3s-s3,Ready
2026-06-29T12:06:16+00:00,k3s-w1,Ready
2026-06-29T12:06:16+00:00,k3s-w2,Ready
2026-06-29T12:06:17+00:00,k3s-s1,Ready
2026-06-29T12:06:17+00:00,k3s-s2,NotReady
2026-06-29T12:06:17+00:00,k3s-s3,Ready
2026-06-29T12:06:17+00:00,k3s-w1,Ready
2026-06-29T12:06:17+00:00,k3s-w2,Ready
2026-06-29T12:06:18+00:00,k3s-s1,Ready
2026-06-29T12:06:18+00:00,k3s-s2,NotReady
2026-06-29T12:06:18+00:00,k3s-s3,Ready
2026-06-29T12:06:18+00:00,k3s-w1,Ready
2026-06-29T12:06:18+00:00,k3s-w2,Ready
2026-06-29T12:06:19+00:00,k3s-s1,Ready
2026-06-29T12:06:19+00:00,k3s-s2,NotReady
2026-06-29T12:06:19+00:00,k3s-s3,Ready
2026-06-29T12:06:19+00:00,k3s-w1,Ready
2026-06-29T12:06:19+00:00,k3s-w2,Ready
2026-06-29T12:06:20+00:00,k3s-s1,Ready
2026-06-29T12:06:20+00:00,k3s-s2,NotReady
2026-06-29T12:06:20+00:00,k3s-s3,Ready
2026-06-29T12:06:20+00:00,k3s-w1,Ready
2026-06-29T12:06:20+00:00,k3s-w2,Ready
2026-06-29T12:06:21+00:00,k3s-s1,Ready
2026-06-29T12:06:21+00:00,k3s-s2,NotReady
2026-06-29T12:06:21+00:00,k3s-s3,Ready
2026-06-29T12:06:21+00:00,k3s-w1,Ready
2026-06-29T12:06:21+00:00,k3s-w2,Ready
2026-06-29T12:06:22+00:00,k3s-s1,Ready
2026-06-29T12:06:22+00:00,k3s-s2,NotReady
2026-06-29T12:06:22+00:00,k3s-s3,Ready
2026-06-29T12:06:22+00:00,k3s-w1,Ready
2026-06-29T12:06:22+00:00,k3s-w2,Ready
2026-06-29T12:06:23+00:00,k3s-s1,Ready
2026-06-29T12:06:23+00:00,k3s-s2,NotReady
2026-06-29T12:06:23+00:00,k3s-s3,Ready
2026-06-29T12:06:23+00:00,k3s-w1,Ready
2026-06-29T12:06:23+00:00,k3s-w2,Ready
2026-06-29T12:06:24+00:00,k3s-s1,Ready
2026-06-29T12:06:24+00:00,k3s-s2,NotReady
2026-06-29T12:06:24+00:00,k3s-s3,Ready
2026-06-29T12:06:24+00:00,k3s-w1,Ready
2026-06-29T12:06:24+00:00,k3s-w2,Ready
2026-06-29T12:06:25+00:00,k3s-s1,Ready
2026-06-29T12:06:25+00:00,k3s-s2,NotReady
2026-06-29T12:06:25+00:00,k3s-s3,Ready
2026-06-29T12:06:25+00:00,k3s-w1,Ready
2026-06-29T12:06:25+00:00,k3s-w2,Ready
2026-06-29T12:06:26+00:00,k3s-s1,Ready
2026-06-29T12:06:26+00:00,k3s-s2,NotReady
2026-06-29T12:06:26+00:00,k3s-s3,Ready
2026-06-29T12:06:26+00:00,k3s-w1,Ready
2026-06-29T12:06:26+00:00,k3s-w2,Ready
2026-06-29T12:06:28+00:00,k3s-s1,Ready
2026-06-29T12:06:28+00:00,k3s-s2,NotReady
2026-06-29T12:06:28+00:00,k3s-s3,Ready
2026-06-29T12:06:28+00:00,k3s-w1,Ready
2026-06-29T12:06:28+00:00,k3s-w2,Ready
2026-06-29T12:06:29+00:00,k3s-s1,Ready
2026-06-29T12:06:29+00:00,k3s-s2,NotReady
2026-06-29T12:06:29+00:00,k3s-s3,Ready
2026-06-29T12:06:29+00:00,k3s-w1,Ready
2026-06-29T12:06:29+00:00,k3s-w2,Ready
2026-06-29T12:06:30+00:00,k3s-s1,Ready
2026-06-29T12:06:30+00:00,k3s-s2,NotReady
2026-06-29T12:06:30+00:00,k3s-s3,Ready
2026-06-29T12:06:30+00:00,k3s-w1,Ready
2026-06-29T12:06:30+00:00,k3s-w2,Ready
2026-06-29T12:06:31+00:00,k3s-s1,Ready
2026-06-29T12:06:31+00:00,k3s-s2,NotReady
2026-06-29T12:06:31+00:00,k3s-s3,Ready
2026-06-29T12:06:31+00:00,k3s-w1,Ready
2026-06-29T12:06:31+00:00,k3s-w2,Ready
2026-06-29T12:06:32+00:00,k3s-s1,Ready
2026-06-29T12:06:32+00:00,k3s-s2,NotReady
2026-06-29T12:06:32+00:00,k3s-s3,Ready
2026-06-29T12:06:32+00:00,k3s-w1,Ready
2026-06-29T12:06:32+00:00,k3s-w2,Ready
2026-06-29T12:06:33+00:00,k3s-s1,Ready
2026-06-29T12:06:33+00:00,k3s-s2,NotReady
2026-06-29T12:06:33+00:00,k3s-s3,Ready
2026-06-29T12:06:33+00:00,k3s-w1,Ready
2026-06-29T12:06:33+00:00,k3s-w2,Ready
2026-06-29T12:06:34+00:00,k3s-s1,Ready
2026-06-29T12:06:34+00:00,k3s-s2,NotReady
2026-06-29T12:06:34+00:00,k3s-s3,Ready
2026-06-29T12:06:34+00:00,k3s-w1,Ready
2026-06-29T12:06:34+00:00,k3s-w2,Ready
2026-06-29T12:06:35+00:00,k3s-s1,Ready
2026-06-29T12:06:35+00:00,k3s-s2,NotReady
2026-06-29T12:06:35+00:00,k3s-s3,Ready
2026-06-29T12:06:35+00:00,k3s-w1,Ready
2026-06-29T12:06:35+00:00,k3s-w2,Ready
2026-06-29T12:06:36+00:00,k3s-s1,Ready
2026-06-29T12:06:36+00:00,k3s-s2,NotReady
2026-06-29T12:06:36+00:00,k3s-s3,Ready
2026-06-29T12:06:36+00:00,k3s-w1,Ready
2026-06-29T12:06:36+00:00,k3s-w2,Ready
2026-06-29T12:06:37+00:00,k3s-s1,Ready
2026-06-29T12:06:37+00:00,k3s-s2,NotReady
2026-06-29T12:06:37+00:00,k3s-s3,Ready
2026-06-29T12:06:37+00:00,k3s-w1,Ready
2026-06-29T12:06:37+00:00,k3s-w2,Ready
2026-06-29T12:06:38+00:00,k3s-s1,Ready
2026-06-29T12:06:38+00:00,k3s-s2,NotReady
2026-06-29T12:06:38+00:00,k3s-s3,Ready
2026-06-29T12:06:38+00:00,k3s-w1,Ready
2026-06-29T12:06:38+00:00,k3s-w2,Ready
2026-06-29T12:06:39+00:00,k3s-s1,Ready
2026-06-29T12:06:39+00:00,k3s-s2,NotReady
2026-06-29T12:06:39+00:00,k3s-s3,Ready
2026-06-29T12:06:39+00:00,k3s-w1,Ready
2026-06-29T12:06:39+00:00,k3s-w2,Ready
2026-06-29T12:06:40+00:00,k3s-s1,Ready
2026-06-29T12:06:40+00:00,k3s-s2,NotReady
2026-06-29T12:06:40+00:00,k3s-s3,Ready
2026-06-29T12:06:40+00:00,k3s-w1,Ready
2026-06-29T12:06:40+00:00,k3s-w2,Ready
2026-06-29T12:06:41+00:00,k3s-s1,Ready
2026-06-29T12:06:41+00:00,k3s-s2,NotReady
2026-06-29T12:06:41+00:00,k3s-s3,Ready
2026-06-29T12:06:41+00:00,k3s-w1,Ready
2026-06-29T12:06:41+00:00,k3s-w2,Ready
2026-06-29T12:06:42+00:00,k3s-s1,Ready
2026-06-29T12:06:42+00:00,k3s-s2,NotReady
2026-06-29T12:06:42+00:00,k3s-s3,Ready
2026-06-29T12:06:42+00:00,k3s-w1,Ready
2026-06-29T12:06:42+00:00,k3s-w2,Ready
2026-06-29T12:06:43+00:00,k3s-s1,Ready
2026-06-29T12:06:43+00:00,k3s-s2,NotReady
2026-06-29T12:06:43+00:00,k3s-s3,Ready
2026-06-29T12:06:43+00:00,k3s-w1,Ready
2026-06-29T12:06:43+00:00,k3s-w2,Ready
2026-06-29T12:06:44+00:00,k3s-s1,Ready
2026-06-29T12:06:44+00:00,k3s-s2,NotReady
2026-06-29T12:06:44+00:00,k3s-s3,Ready
2026-06-29T12:06:44+00:00,k3s-w1,Ready
2026-06-29T12:06:44+00:00,k3s-w2,Ready
2026-06-29T12:06:45+00:00,k3s-s1,Ready
2026-06-29T12:06:45+00:00,k3s-s2,NotReady
2026-06-29T12:06:45+00:00,k3s-s3,Ready
2026-06-29T12:06:45+00:00,k3s-w1,Ready
2026-06-29T12:06:45+00:00,k3s-w2,Ready
2026-06-29T12:06:47+00:00,k3s-s1,Ready
2026-06-29T12:06:47+00:00,k3s-s2,NotReady
2026-06-29T12:06:47+00:00,k3s-s3,Ready
2026-06-29T12:06:47+00:00,k3s-w1,Ready
2026-06-29T12:06:47+00:00,k3s-w2,Ready
2026-06-29T12:06:48+00:00,k3s-s1,Ready
2026-06-29T12:06:48+00:00,k3s-s2,NotReady
2026-06-29T12:06:48+00:00,k3s-s3,Ready
2026-06-29T12:06:48+00:00,k3s-w1,Ready
2026-06-29T12:06:48+00:00,k3s-w2,Ready
2026-06-29T12:06:49+00:00,k3s-s1,Ready
2026-06-29T12:06:49+00:00,k3s-s2,NotReady
2026-06-29T12:06:49+00:00,k3s-s3,Ready
2026-06-29T12:06:49+00:00,k3s-w1,Ready
2026-06-29T12:06:49+00:00,k3s-w2,Ready
2026-06-29T12:06:50+00:00,k3s-s1,Ready
2026-06-29T12:06:50+00:00,k3s-s2,NotReady
2026-06-29T12:06:50+00:00,k3s-s3,Ready
2026-06-29T12:06:50+00:00,k3s-w1,Ready
2026-06-29T12:06:50+00:00,k3s-w2,Ready
2026-06-29T12:06:51+00:00,k3s-s1,Ready
2026-06-29T12:06:51+00:00,k3s-s2,NotReady
2026-06-29T12:06:51+00:00,k3s-s3,Ready
2026-06-29T12:06:51+00:00,k3s-w1,Ready
2026-06-29T12:06:51+00:00,k3s-w2,Ready
2026-06-29T12:06:52+00:00,k3s-s1,Ready
2026-06-29T12:06:52+00:00,k3s-s2,NotReady
2026-06-29T12:06:52+00:00,k3s-s3,Ready
2026-06-29T12:06:52+00:00,k3s-w1,Ready
2026-06-29T12:06:52+00:00,k3s-w2,Ready
2026-06-29T12:06:53+00:00,k3s-s1,Ready
2026-06-29T12:06:53+00:00,k3s-s2,NotReady
2026-06-29T12:06:53+00:00,k3s-s3,Ready
2026-06-29T12:06:53+00:00,k3s-w1,Ready
2026-06-29T12:06:53+00:00,k3s-w2,Ready
2026-06-29T12:06:54+00:00,k3s-s1,Ready
2026-06-29T12:06:54+00:00,k3s-s2,NotReady
2026-06-29T12:06:54+00:00,k3s-s3,Ready
2026-06-29T12:06:54+00:00,k3s-w1,Ready
2026-06-29T12:06:54+00:00,k3s-w2,Ready
2026-06-29T12:06:55+00:00,k3s-s1,Ready
2026-06-29T12:06:55+00:00,k3s-s2,NotReady
2026-06-29T12:06:55+00:00,k3s-s3,Ready
2026-06-29T12:06:55+00:00,k3s-w1,Ready
2026-06-29T12:06:55+00:00,k3s-w2,Ready
2026-06-29T12:06:56+00:00,k3s-s1,Ready
2026-06-29T12:06:56+00:00,k3s-s2,NotReady
2026-06-29T12:06:56+00:00,k3s-s3,Ready
2026-06-29T12:06:56+00:00,k3s-w1,Ready
2026-06-29T12:06:56+00:00,k3s-w2,Ready
2026-06-29T12:06:57+00:00,k3s-s1,Ready
2026-06-29T12:06:57+00:00,k3s-s2,NotReady
2026-06-29T12:06:57+00:00,k3s-s3,Ready
2026-06-29T12:06:57+00:00,k3s-w1,Ready
2026-06-29T12:06:57+00:00,k3s-w2,Ready
2026-06-29T12:06:58+00:00,k3s-s1,Ready
2026-06-29T12:06:58+00:00,k3s-s2,NotReady
2026-06-29T12:06:58+00:00,k3s-s3,Ready
2026-06-29T12:06:58+00:00,k3s-w1,Ready
2026-06-29T12:06:58+00:00,k3s-w2,Ready
2026-06-29T12:06:59+00:00,k3s-s1,Ready
2026-06-29T12:06:59+00:00,k3s-s2,NotReady
2026-06-29T12:06:59+00:00,k3s-s3,Ready
2026-06-29T12:06:59+00:00,k3s-w1,Ready
2026-06-29T12:06:59+00:00,k3s-w2,Ready
2026-06-29T12:07:00+00:00,k3s-s1,Ready
2026-06-29T12:07:00+00:00,k3s-s2,NotReady
2026-06-29T12:07:00+00:00,k3s-s3,Ready
2026-06-29T12:07:00+00:00,k3s-w1,Ready
2026-06-29T12:07:00+00:00,k3s-w2,Ready
2026-06-29T12:07:01+00:00,k3s-s1,Ready
2026-06-29T12:07:01+00:00,k3s-s2,NotReady
2026-06-29T12:07:01+00:00,k3s-s3,Ready
2026-06-29T12:07:01+00:00,k3s-w1,Ready
2026-06-29T12:07:01+00:00,k3s-w2,Ready
2026-06-29T12:07:02+00:00,k3s-s1,Ready
2026-06-29T12:07:02+00:00,k3s-s2,NotReady
2026-06-29T12:07:02+00:00,k3s-s3,Ready
2026-06-29T12:07:02+00:00,k3s-w1,Ready
2026-06-29T12:07:02+00:00,k3s-w2,Ready
2026-06-29T12:07:03+00:00,k3s-s1,Ready
2026-06-29T12:07:03+00:00,k3s-s2,NotReady
2026-06-29T12:07:03+00:00,k3s-s3,Ready
2026-06-29T12:07:03+00:00,k3s-w1,Ready
2026-06-29T12:07:03+00:00,k3s-w2,Ready
2026-06-29T12:07:04+00:00,k3s-s1,Ready
2026-06-29T12:07:04+00:00,k3s-s2,NotReady
2026-06-29T12:07:04+00:00,k3s-s3,Ready
2026-06-29T12:07:04+00:00,k3s-w1,Ready
2026-06-29T12:07:04+00:00,k3s-w2,Ready
2026-06-29T12:07:05+00:00,k3s-s1,Ready
2026-06-29T12:07:05+00:00,k3s-s2,NotReady
2026-06-29T12:07:05+00:00,k3s-s3,Ready
2026-06-29T12:07:05+00:00,k3s-w1,Ready
2026-06-29T12:07:05+00:00,k3s-w2,Ready
2026-06-29T12:07:07+00:00,k3s-s1,Ready
2026-06-29T12:07:07+00:00,k3s-s2,NotReady
2026-06-29T12:07:07+00:00,k3s-s3,Ready
2026-06-29T12:07:07+00:00,k3s-w1,Ready
2026-06-29T12:07:07+00:00,k3s-w2,Ready
2026-06-29T12:07:08+00:00,k3s-s1,Ready
2026-06-29T12:07:08+00:00,k3s-s2,NotReady
2026-06-29T12:07:08+00:00,k3s-s3,Ready
2026-06-29T12:07:08+00:00,k3s-w1,Ready
2026-06-29T12:07:08+00:00,k3s-w2,Ready
2026-06-29T12:07:09+00:00,k3s-s1,Ready
2026-06-29T12:07:09+00:00,k3s-s2,NotReady
2026-06-29T12:07:09+00:00,k3s-s3,Ready
2026-06-29T12:07:09+00:00,k3s-w1,Ready
2026-06-29T12:07:09+00:00,k3s-w2,Ready
2026-06-29T12:07:10+00:00,k3s-s1,Ready
2026-06-29T12:07:10+00:00,k3s-s2,NotReady
2026-06-29T12:07:10+00:00,k3s-s3,Ready
2026-06-29T12:07:10+00:00,k3s-w1,Ready
2026-06-29T12:07:10+00:00,k3s-w2,Ready
2026-06-29T12:07:11+00:00,k3s-s1,Ready
2026-06-29T12:07:11+00:00,k3s-s2,NotReady
2026-06-29T12:07:11+00:00,k3s-s3,Ready
2026-06-29T12:07:11+00:00,k3s-w1,Ready
2026-06-29T12:07:11+00:00,k3s-w2,Ready
2026-06-29T12:07:12+00:00,k3s-s1,Ready
2026-06-29T12:07:12+00:00,k3s-s2,NotReady
2026-06-29T12:07:12+00:00,k3s-s3,Ready
2026-06-29T12:07:12+00:00,k3s-w1,Ready
2026-06-29T12:07:12+00:00,k3s-w2,Ready
2026-06-29T12:07:13+00:00,k3s-s1,Ready
2026-06-29T12:07:13+00:00,k3s-s2,NotReady
2026-06-29T12:07:13+00:00,k3s-s3,Ready
2026-06-29T12:07:13+00:00,k3s-w1,Ready
2026-06-29T12:07:13+00:00,k3s-w2,Ready
2026-06-29T12:07:14+00:00,k3s-s1,Ready
2026-06-29T12:07:14+00:00,k3s-s2,NotReady
2026-06-29T12:07:14+00:00,k3s-s3,Ready
2026-06-29T12:07:14+00:00,k3s-w1,Ready
2026-06-29T12:07:14+00:00,k3s-w2,Ready
2026-06-29T12:07:15+00:00,k3s-s1,Ready
2026-06-29T12:07:15+00:00,k3s-s2,NotReady
2026-06-29T12:07:15+00:00,k3s-s3,Ready
2026-06-29T12:07:15+00:00,k3s-w1,Ready
2026-06-29T12:07:15+00:00,k3s-w2,Ready
2026-06-29T12:07:16+00:00,k3s-s1,Ready
2026-06-29T12:07:16+00:00,k3s-s2,NotReady
2026-06-29T12:07:16+00:00,k3s-s3,Ready
2026-06-29T12:07:16+00:00,k3s-w1,Ready
2026-06-29T12:07:16+00:00,k3s-w2,Ready
2026-06-29T12:07:17+00:00,k3s-s1,Ready
2026-06-29T12:07:17+00:00,k3s-s2,NotReady
2026-06-29T12:07:17+00:00,k3s-s3,Ready
2026-06-29T12:07:17+00:00,k3s-w1,Ready
2026-06-29T12:07:17+00:00,k3s-w2,Ready
2026-06-29T12:07:18+00:00,k3s-s1,Ready
2026-06-29T12:07:18+00:00,k3s-s2,NotReady
2026-06-29T12:07:18+00:00,k3s-s3,Ready
2026-06-29T12:07:18+00:00,k3s-w1,Ready
2026-06-29T12:07:18+00:00,k3s-w2,Ready
2026-06-29T12:07:19+00:00,k3s-s1,Ready
2026-06-29T12:07:19+00:00,k3s-s2,NotReady
2026-06-29T12:07:19+00:00,k3s-s3,Ready
2026-06-29T12:07:19+00:00,k3s-w1,Ready
2026-06-29T12:07:19+00:00,k3s-w2,Ready
2026-06-29T12:07:20+00:00,k3s-s1,Ready
2026-06-29T12:07:20+00:00,k3s-s2,NotReady
2026-06-29T12:07:20+00:00,k3s-s3,Ready
2026-06-29T12:07:20+00:00,k3s-w1,Ready
2026-06-29T12:07:20+00:00,k3s-w2,Ready
2026-06-29T12:07:21+00:00,k3s-s1,Ready
2026-06-29T12:07:21+00:00,k3s-s2,NotReady
2026-06-29T12:07:21+00:00,k3s-s3,Ready
2026-06-29T12:07:21+00:00,k3s-w1,Ready
2026-06-29T12:07:21+00:00,k3s-w2,Ready
2026-06-29T12:07:22+00:00,k3s-s1,Ready
2026-06-29T12:07:22+00:00,k3s-s2,NotReady
2026-06-29T12:07:22+00:00,k3s-s3,Ready
2026-06-29T12:07:22+00:00,k3s-w1,Ready
2026-06-29T12:07:22+00:00,k3s-w2,Ready
2026-06-29T12:07:23+00:00,k3s-s1,Ready
2026-06-29T12:07:23+00:00,k3s-s2,NotReady
2026-06-29T12:07:23+00:00,k3s-s3,Ready
2026-06-29T12:07:23+00:00,k3s-w1,Ready
2026-06-29T12:07:23+00:00,k3s-w2,Ready
2026-06-29T12:07:24+00:00,k3s-s1,Ready
2026-06-29T12:07:24+00:00,k3s-s2,NotReady
2026-06-29T12:07:24+00:00,k3s-s3,Ready
2026-06-29T12:07:24+00:00,k3s-w1,Ready
2026-06-29T12:07:24+00:00,k3s-w2,Ready
2026-06-29T12:07:25+00:00,k3s-s1,Ready
2026-06-29T12:07:25+00:00,k3s-s2,NotReady
2026-06-29T12:07:25+00:00,k3s-s3,Ready
2026-06-29T12:07:25+00:00,k3s-w1,Ready
2026-06-29T12:07:25+00:00,k3s-w2,Ready
2026-06-29T12:07:26+00:00,k3s-s1,Ready
2026-06-29T12:07:26+00:00,k3s-s2,NotReady
2026-06-29T12:07:26+00:00,k3s-s3,Ready
2026-06-29T12:07:26+00:00,k3s-w1,Ready
2026-06-29T12:07:26+00:00,k3s-w2,Ready
2026-06-29T12:07:28+00:00,k3s-s1,Ready
2026-06-29T12:07:28+00:00,k3s-s2,NotReady
2026-06-29T12:07:28+00:00,k3s-s3,Ready
2026-06-29T12:07:28+00:00,k3s-w1,Ready
2026-06-29T12:07:28+00:00,k3s-w2,Ready
2026-06-29T12:07:29+00:00,k3s-s1,Ready
2026-06-29T12:07:29+00:00,k3s-s2,NotReady
2026-06-29T12:07:29+00:00,k3s-s3,Ready
2026-06-29T12:07:29+00:00,k3s-w1,Ready
2026-06-29T12:07:29+00:00,k3s-w2,Ready
2026-06-29T12:07:30+00:00,k3s-s1,Ready
2026-06-29T12:07:30+00:00,k3s-s2,NotReady
2026-06-29T12:07:30+00:00,k3s-s3,Ready
2026-06-29T12:07:30+00:00,k3s-w1,Ready
2026-06-29T12:07:30+00:00,k3s-w2,Ready
2026-06-29T12:07:31+00:00,k3s-s1,Ready
2026-06-29T12:07:31+00:00,k3s-s2,NotReady
2026-06-29T12:07:31+00:00,k3s-s3,Ready
2026-06-29T12:07:31+00:00,k3s-w1,Ready
2026-06-29T12:07:31+00:00,k3s-w2,Ready
2026-06-29T12:07:32+00:00,k3s-s1,Ready
2026-06-29T12:07:32+00:00,k3s-s2,NotReady
2026-06-29T12:07:32+00:00,k3s-s3,Ready
2026-06-29T12:07:32+00:00,k3s-w1,Ready
2026-06-29T12:07:32+00:00,k3s-w2,Ready
2026-06-29T12:07:33+00:00,k3s-s1,Ready
2026-06-29T12:07:33+00:00,k3s-s2,NotReady
2026-06-29T12:07:33+00:00,k3s-s3,Ready
2026-06-29T12:07:33+00:00,k3s-w1,Ready
2026-06-29T12:07:33+00:00,k3s-w2,Ready
2026-06-29T12:07:34+00:00,k3s-s1,Ready
2026-06-29T12:07:34+00:00,k3s-s2,NotReady
2026-06-29T12:07:34+00:00,k3s-s3,Ready
2026-06-29T12:07:34+00:00,k3s-w1,Ready
2026-06-29T12:07:34+00:00,k3s-w2,Ready
2026-06-29T12:07:35+00:00,k3s-s1,Ready
2026-06-29T12:07:35+00:00,k3s-s2,NotReady
2026-06-29T12:07:35+00:00,k3s-s3,Ready
2026-06-29T12:07:35+00:00,k3s-w1,Ready
2026-06-29T12:07:35+00:00,k3s-w2,Ready
2026-06-29T12:07:36+00:00,k3s-s1,Ready
2026-06-29T12:07:36+00:00,k3s-s2,NotReady
2026-06-29T12:07:36+00:00,k3s-s3,Ready
2026-06-29T12:07:36+00:00,k3s-w1,Ready
2026-06-29T12:07:36+00:00,k3s-w2,Ready
2026-06-29T12:07:37+00:00,k3s-s1,Ready
2026-06-29T12:07:37+00:00,k3s-s2,NotReady
2026-06-29T12:07:37+00:00,k3s-s3,Ready
2026-06-29T12:07:37+00:00,k3s-w1,Ready
2026-06-29T12:07:37+00:00,k3s-w2,Ready
2026-06-29T12:07:38+00:00,k3s-s1,Ready
2026-06-29T12:07:38+00:00,k3s-s2,NotReady
2026-06-29T12:07:38+00:00,k3s-s3,Ready
2026-06-29T12:07:38+00:00,k3s-w1,Ready
2026-06-29T12:07:38+00:00,k3s-w2,Ready
2026-06-29T12:07:39+00:00,k3s-s1,Ready
2026-06-29T12:07:39+00:00,k3s-s2,NotReady
2026-06-29T12:07:39+00:00,k3s-s3,Ready
2026-06-29T12:07:39+00:00,k3s-w1,Ready
2026-06-29T12:07:39+00:00,k3s-w2,Ready
2026-06-29T12:07:40+00:00,k3s-s1,Ready
2026-06-29T12:07:40+00:00,k3s-s2,NotReady
2026-06-29T12:07:40+00:00,k3s-s3,Ready
2026-06-29T12:07:40+00:00,k3s-w1,Ready
2026-06-29T12:07:40+00:00,k3s-w2,Ready
2026-06-29T12:07:41+00:00,k3s-s1,Ready
2026-06-29T12:07:41+00:00,k3s-s2,NotReady
2026-06-29T12:07:41+00:00,k3s-s3,Ready
2026-06-29T12:07:41+00:00,k3s-w1,Ready
2026-06-29T12:07:41+00:00,k3s-w2,Ready
2026-06-29T12:07:42+00:00,k3s-s1,Ready
2026-06-29T12:07:42+00:00,k3s-s2,NotReady
2026-06-29T12:07:42+00:00,k3s-s3,Ready
2026-06-29T12:07:42+00:00,k3s-w1,Ready
2026-06-29T12:07:42+00:00,k3s-w2,Ready
2026-06-29T12:07:43+00:00,k3s-s1,Ready
2026-06-29T12:07:43+00:00,k3s-s2,NotReady
2026-06-29T12:07:43+00:00,k3s-s3,Ready
2026-06-29T12:07:43+00:00,k3s-w1,Ready
2026-06-29T12:07:43+00:00,k3s-w2,Ready
2026-06-29T12:07:44+00:00,k3s-s1,Ready
2026-06-29T12:07:44+00:00,k3s-s2,NotReady
2026-06-29T12:07:44+00:00,k3s-s3,Ready
2026-06-29T12:07:44+00:00,k3s-w1,Ready
2026-06-29T12:07:44+00:00,k3s-w2,Ready
2026-06-29T12:07:45+00:00,k3s-s1,Ready
2026-06-29T12:07:45+00:00,k3s-s2,NotReady
2026-06-29T12:07:45+00:00,k3s-s3,Ready
2026-06-29T12:07:45+00:00,k3s-w1,Ready
2026-06-29T12:07:45+00:00,k3s-w2,Ready
2026-06-29T12:07:47+00:00,k3s-s1,Ready
2026-06-29T12:07:47+00:00,k3s-s2,NotReady
2026-06-29T12:07:47+00:00,k3s-s3,Ready
2026-06-29T12:07:47+00:00,k3s-w1,Ready
2026-06-29T12:07:47+00:00,k3s-w2,Ready
2026-06-29T12:07:48+00:00,k3s-s1,Ready
2026-06-29T12:07:48+00:00,k3s-s2,NotReady
2026-06-29T12:07:48+00:00,k3s-s3,Ready
2026-06-29T12:07:48+00:00,k3s-w1,Ready
2026-06-29T12:07:48+00:00,k3s-w2,Ready
2026-06-29T12:07:49+00:00,k3s-s1,Ready
2026-06-29T12:07:49+00:00,k3s-s2,NotReady
2026-06-29T12:07:49+00:00,k3s-s3,Ready
2026-06-29T12:07:49+00:00,k3s-w1,Ready
2026-06-29T12:07:49+00:00,k3s-w2,Ready
2026-06-29T12:07:50+00:00,k3s-s1,Ready
2026-06-29T12:07:50+00:00,k3s-s2,NotReady
2026-06-29T12:07:50+00:00,k3s-s3,Ready
2026-06-29T12:07:50+00:00,k3s-w1,Ready
2026-06-29T12:07:50+00:00,k3s-w2,Ready
2026-06-29T12:07:51+00:00,k3s-s1,Ready
2026-06-29T12:07:51+00:00,k3s-s2,NotReady
2026-06-29T12:07:51+00:00,k3s-s3,Ready
2026-06-29T12:07:51+00:00,k3s-w1,Ready
2026-06-29T12:07:51+00:00,k3s-w2,Ready
2026-06-29T12:07:52+00:00,k3s-s1,Ready
2026-06-29T12:07:52+00:00,k3s-s2,NotReady
2026-06-29T12:07:52+00:00,k3s-s3,Ready
2026-06-29T12:07:52+00:00,k3s-w1,Ready
2026-06-29T12:07:52+00:00,k3s-w2,Ready
2026-06-29T12:07:53+00:00,k3s-s1,Ready
2026-06-29T12:07:53+00:00,k3s-s2,NotReady
2026-06-29T12:07:53+00:00,k3s-s3,Ready
2026-06-29T12:07:53+00:00,k3s-w1,Ready
2026-06-29T12:07:53+00:00,k3s-w2,Ready
2026-06-29T12:07:54+00:00,k3s-s1,Ready
2026-06-29T12:07:54+00:00,k3s-s2,NotReady
2026-06-29T12:07:54+00:00,k3s-s3,Ready
2026-06-29T12:07:54+00:00,k3s-w1,Ready
2026-06-29T12:07:54+00:00,k3s-w2,Ready
2026-06-29T12:07:55+00:00,k3s-s1,Ready
2026-06-29T12:07:55+00:00,k3s-s2,NotReady
2026-06-29T12:07:55+00:00,k3s-s3,Ready
2026-06-29T12:07:55+00:00,k3s-w1,Ready
2026-06-29T12:07:55+00:00,k3s-w2,Ready
2026-06-29T12:07:56+00:00,k3s-s1,Ready
2026-06-29T12:07:56+00:00,k3s-s2,NotReady
2026-06-29T12:07:56+00:00,k3s-s3,Ready
2026-06-29T12:07:56+00:00,k3s-w1,Ready
2026-06-29T12:07:56+00:00,k3s-w2,Ready
2026-06-29T12:07:57+00:00,k3s-s1,Ready
2026-06-29T12:07:57+00:00,k3s-s2,NotReady
2026-06-29T12:07:57+00:00,k3s-s3,Ready
2026-06-29T12:07:57+00:00,k3s-w1,Ready
2026-06-29T12:07:57+00:00,k3s-w2,Ready
2026-06-29T12:07:58+00:00,k3s-s1,Ready
2026-06-29T12:07:58+00:00,k3s-s2,NotReady
2026-06-29T12:07:58+00:00,k3s-s3,Ready
2026-06-29T12:07:58+00:00,k3s-w1,Ready
2026-06-29T12:07:58+00:00,k3s-w2,Ready
2026-06-29T12:07:59+00:00,k3s-s1,Ready
2026-06-29T12:07:59+00:00,k3s-s2,NotReady
2026-06-29T12:07:59+00:00,k3s-s3,Ready
2026-06-29T12:07:59+00:00,k3s-w1,Ready
2026-06-29T12:07:59+00:00,k3s-w2,Ready
2026-06-29T12:08:00+00:00,k3s-s1,Ready
2026-06-29T12:08:00+00:00,k3s-s2,NotReady
2026-06-29T12:08:00+00:00,k3s-s3,Ready
2026-06-29T12:08:00+00:00,k3s-w1,Ready
2026-06-29T12:08:00+00:00,k3s-w2,Ready
2026-06-29T12:08:01+00:00,k3s-s1,Ready
2026-06-29T12:08:01+00:00,k3s-s2,NotReady
2026-06-29T12:08:01+00:00,k3s-s3,Ready
2026-06-29T12:08:01+00:00,k3s-w1,Ready
2026-06-29T12:08:01+00:00,k3s-w2,Ready
2026-06-29T12:08:02+00:00,k3s-s1,Ready
2026-06-29T12:08:02+00:00,k3s-s2,NotReady
2026-06-29T12:08:02+00:00,k3s-s3,Ready
2026-06-29T12:08:02+00:00,k3s-w1,Ready
2026-06-29T12:08:02+00:00,k3s-w2,Ready
2026-06-29T12:08:03+00:00,k3s-s1,Ready
2026-06-29T12:08:03+00:00,k3s-s2,NotReady
2026-06-29T12:08:03+00:00,k3s-s3,Ready
2026-06-29T12:08:03+00:00,k3s-w1,Ready
2026-06-29T12:08:03+00:00,k3s-w2,Ready
2026-06-29T12:08:04+00:00,k3s-s1,Ready
2026-06-29T12:08:04+00:00,k3s-s2,NotReady
2026-06-29T12:08:04+00:00,k3s-s3,Ready
2026-06-29T12:08:04+00:00,k3s-w1,Ready
2026-06-29T12:08:04+00:00,k3s-w2,Ready
2026-06-29T12:08:05+00:00,k3s-s1,Ready
2026-06-29T12:08:05+00:00,k3s-s2,NotReady
2026-06-29T12:08:05+00:00,k3s-s3,Ready
2026-06-29T12:08:05+00:00,k3s-w1,Ready
2026-06-29T12:08:05+00:00,k3s-w2,Ready
2026-06-29T12:08:07+00:00,k3s-s1,Ready
2026-06-29T12:08:07+00:00,k3s-s2,NotReady
2026-06-29T12:08:07+00:00,k3s-s3,Ready
2026-06-29T12:08:07+00:00,k3s-w1,Ready
2026-06-29T12:08:07+00:00,k3s-w2,Ready
2026-06-29T12:08:08+00:00,k3s-s1,Ready
2026-06-29T12:08:08+00:00,k3s-s2,NotReady
2026-06-29T12:08:08+00:00,k3s-s3,Ready
2026-06-29T12:08:08+00:00,k3s-w1,Ready
2026-06-29T12:08:08+00:00,k3s-w2,Ready
2026-06-29T12:08:09+00:00,k3s-s1,Ready
2026-06-29T12:08:09+00:00,k3s-s2,NotReady
2026-06-29T12:08:09+00:00,k3s-s3,Ready
2026-06-29T12:08:09+00:00,k3s-w1,Ready
2026-06-29T12:08:09+00:00,k3s-w2,Ready
2026-06-29T12:08:10+00:00,k3s-s1,Ready
2026-06-29T12:08:10+00:00,k3s-s2,NotReady
2026-06-29T12:08:10+00:00,k3s-s3,Ready
2026-06-29T12:08:10+00:00,k3s-w1,Ready
2026-06-29T12:08:10+00:00,k3s-w2,Ready
2026-06-29T12:08:11+00:00,k3s-s1,Ready
2026-06-29T12:08:11+00:00,k3s-s2,NotReady
2026-06-29T12:08:11+00:00,k3s-s3,Ready
2026-06-29T12:08:11+00:00,k3s-w1,Ready
2026-06-29T12:08:11+00:00,k3s-w2,Ready
2026-06-29T12:08:12+00:00,k3s-s1,Ready
2026-06-29T12:08:12+00:00,k3s-s2,NotReady
2026-06-29T12:08:12+00:00,k3s-s3,Ready
2026-06-29T12:08:12+00:00,k3s-w1,Ready
2026-06-29T12:08:12+00:00,k3s-w2,Ready
2026-06-29T12:08:13+00:00,k3s-s1,Ready
2026-06-29T12:08:13+00:00,k3s-s2,NotReady
2026-06-29T12:08:13+00:00,k3s-s3,Ready
2026-06-29T12:08:13+00:00,k3s-w1,Ready
2026-06-29T12:08:13+00:00,k3s-w2,Ready
2026-06-29T12:08:14+00:00,k3s-s1,Ready
2026-06-29T12:08:14+00:00,k3s-s2,NotReady
2026-06-29T12:08:14+00:00,k3s-s3,Ready
2026-06-29T12:08:14+00:00,k3s-w1,Ready
2026-06-29T12:08:14+00:00,k3s-w2,Ready
2026-06-29T12:08:15+00:00,k3s-s1,Ready
2026-06-29T12:08:15+00:00,k3s-s2,NotReady
2026-06-29T12:08:15+00:00,k3s-s3,Ready
2026-06-29T12:08:15+00:00,k3s-w1,Ready
2026-06-29T12:08:15+00:00,k3s-w2,Ready
2026-06-29T12:08:16+00:00,k3s-s1,Ready
2026-06-29T12:08:16+00:00,k3s-s2,NotReady
2026-06-29T12:08:16+00:00,k3s-s3,Ready
2026-06-29T12:08:16+00:00,k3s-w1,Ready
2026-06-29T12:08:16+00:00,k3s-w2,Ready
2026-06-29T12:08:17+00:00,k3s-s1,Ready
2026-06-29T12:08:17+00:00,k3s-s2,NotReady
2026-06-29T12:08:17+00:00,k3s-s3,Ready
2026-06-29T12:08:17+00:00,k3s-w1,Ready
2026-06-29T12:08:17+00:00,k3s-w2,Ready
2026-06-29T12:08:18+00:00,k3s-s1,Ready
2026-06-29T12:08:18+00:00,k3s-s2,NotReady
2026-06-29T12:08:18+00:00,k3s-s3,Ready
2026-06-29T12:08:18+00:00,k3s-w1,Ready
2026-06-29T12:08:18+00:00,k3s-w2,Ready
2026-06-29T12:08:19+00:00,k3s-s1,Ready
2026-06-29T12:08:19+00:00,k3s-s2,NotReady
2026-06-29T12:08:19+00:00,k3s-s3,Ready
2026-06-29T12:08:19+00:00,k3s-w1,Ready
2026-06-29T12:08:19+00:00,k3s-w2,Ready
2026-06-29T12:08:20+00:00,k3s-s1,Ready
2026-06-29T12:08:20+00:00,k3s-s2,NotReady
2026-06-29T12:08:20+00:00,k3s-s3,Ready
2026-06-29T12:08:20+00:00,k3s-w1,Ready
2026-06-29T12:08:20+00:00,k3s-w2,Ready
2026-06-29T12:08:21+00:00,k3s-s1,Ready
2026-06-29T12:08:21+00:00,k3s-s2,NotReady
2026-06-29T12:08:21+00:00,k3s-s3,Ready
2026-06-29T12:08:21+00:00,k3s-w1,Ready
2026-06-29T12:08:21+00:00,k3s-w2,Ready
2026-06-29T12:08:22+00:00,k3s-s1,Ready
2026-06-29T12:08:22+00:00,k3s-s2,NotReady
2026-06-29T12:08:22+00:00,k3s-s3,Ready
2026-06-29T12:08:22+00:00,k3s-w1,Ready
2026-06-29T12:08:22+00:00,k3s-w2,Ready
2026-06-29T12:08:23+00:00,k3s-s1,Ready
2026-06-29T12:08:23+00:00,k3s-s2,NotReady
2026-06-29T12:08:23+00:00,k3s-s3,Ready
2026-06-29T12:08:23+00:00,k3s-w1,Ready
2026-06-29T12:08:23+00:00,k3s-w2,Ready
2026-06-29T12:08:24+00:00,k3s-s1,Ready
2026-06-29T12:08:24+00:00,k3s-s2,NotReady
2026-06-29T12:08:24+00:00,k3s-s3,Ready
2026-06-29T12:08:24+00:00,k3s-w1,Ready
2026-06-29T12:08:24+00:00,k3s-w2,Ready
2026-06-29T12:08:25+00:00,k3s-s1,Ready
2026-06-29T12:08:25+00:00,k3s-s2,NotReady
2026-06-29T12:08:25+00:00,k3s-s3,Ready
2026-06-29T12:08:25+00:00,k3s-w1,Ready
2026-06-29T12:08:25+00:00,k3s-w2,Ready
2026-06-29T12:08:27+00:00,k3s-s1,Ready
2026-06-29T12:08:27+00:00,k3s-s2,NotReady
2026-06-29T12:08:27+00:00,k3s-s3,Ready
2026-06-29T12:08:27+00:00,k3s-w1,Ready
2026-06-29T12:08:27+00:00,k3s-w2,Ready
2026-06-29T12:08:28+00:00,k3s-s1,Ready
2026-06-29T12:08:28+00:00,k3s-s2,NotReady
2026-06-29T12:08:28+00:00,k3s-s3,Ready
2026-06-29T12:08:28+00:00,k3s-w1,Ready
2026-06-29T12:08:28+00:00,k3s-w2,Ready
2026-06-29T12:08:29+00:00,k3s-s1,Ready
2026-06-29T12:08:29+00:00,k3s-s2,NotReady
2026-06-29T12:08:29+00:00,k3s-s3,Ready
2026-06-29T12:08:29+00:00,k3s-w1,Ready
2026-06-29T12:08:29+00:00,k3s-w2,Ready
2026-06-29T12:08:30+00:00,k3s-s1,Ready
2026-06-29T12:08:30+00:00,k3s-s2,NotReady
2026-06-29T12:08:30+00:00,k3s-s3,Ready
2026-06-29T12:08:30+00:00,k3s-w1,Ready
2026-06-29T12:08:30+00:00,k3s-w2,Ready
2026-06-29T12:08:31+00:00,k3s-s1,Ready
2026-06-29T12:08:31+00:00,k3s-s2,NotReady
2026-06-29T12:08:31+00:00,k3s-s3,Ready
2026-06-29T12:08:31+00:00,k3s-w1,Ready
2026-06-29T12:08:31+00:00,k3s-w2,Ready
2026-06-29T12:08:32+00:00,k3s-s1,Ready
2026-06-29T12:08:32+00:00,k3s-s2,NotReady
2026-06-29T12:08:32+00:00,k3s-s3,Ready
2026-06-29T12:08:32+00:00,k3s-w1,Ready
2026-06-29T12:08:32+00:00,k3s-w2,Ready
2026-06-29T12:08:33+00:00,k3s-s1,Ready
2026-06-29T12:08:33+00:00,k3s-s2,NotReady
2026-06-29T12:08:33+00:00,k3s-s3,Ready
2026-06-29T12:08:33+00:00,k3s-w1,Ready
2026-06-29T12:08:33+00:00,k3s-w2,Ready
2026-06-29T12:08:34+00:00,k3s-s1,Ready
2026-06-29T12:08:34+00:00,k3s-s2,NotReady
2026-06-29T12:08:34+00:00,k3s-s3,Ready
2026-06-29T12:08:34+00:00,k3s-w1,Ready
2026-06-29T12:08:34+00:00,k3s-w2,Ready
2026-06-29T12:08:35+00:00,k3s-s1,Ready
2026-06-29T12:08:35+00:00,k3s-s2,NotReady
2026-06-29T12:08:35+00:00,k3s-s3,Ready
2026-06-29T12:08:35+00:00,k3s-w1,Ready
2026-06-29T12:08:35+00:00,k3s-w2,Ready
2026-06-29T12:08:36+00:00,k3s-s1,Ready
2026-06-29T12:08:36+00:00,k3s-s2,NotReady
2026-06-29T12:08:36+00:00,k3s-s3,Ready
2026-06-29T12:08:36+00:00,k3s-w1,Ready
2026-06-29T12:08:36+00:00,k3s-w2,Ready
2026-06-29T12:08:37+00:00,k3s-s1,Ready
2026-06-29T12:08:37+00:00,k3s-s2,NotReady
2026-06-29T12:08:37+00:00,k3s-s3,Ready
2026-06-29T12:08:37+00:00,k3s-w1,Ready
2026-06-29T12:08:37+00:00,k3s-w2,Ready
2026-06-29T12:08:38+00:00,k3s-s1,Ready
2026-06-29T12:08:38+00:00,k3s-s2,NotReady
2026-06-29T12:08:38+00:00,k3s-s3,Ready
2026-06-29T12:08:38+00:00,k3s-w1,Ready
2026-06-29T12:08:38+00:00,k3s-w2,Ready
2026-06-29T12:08:39+00:00,k3s-s1,Ready
2026-06-29T12:08:39+00:00,k3s-s2,NotReady
2026-06-29T12:08:39+00:00,k3s-s3,Ready
2026-06-29T12:08:39+00:00,k3s-w1,Ready
2026-06-29T12:08:39+00:00,k3s-w2,Ready
2026-06-29T12:08:40+00:00,k3s-s1,Ready
2026-06-29T12:08:40+00:00,k3s-s2,NotReady
2026-06-29T12:08:40+00:00,k3s-s3,Ready
2026-06-29T12:08:40+00:00,k3s-w1,Ready
2026-06-29T12:08:40+00:00,k3s-w2,Ready
2026-06-29T12:08:41+00:00,k3s-s1,Ready
2026-06-29T12:08:41+00:00,k3s-s2,NotReady
2026-06-29T12:08:41+00:00,k3s-s3,Ready
2026-06-29T12:08:41+00:00,k3s-w1,Ready
2026-06-29T12:08:41+00:00,k3s-w2,Ready
2026-06-29T12:08:42+00:00,k3s-s1,Ready
2026-06-29T12:08:42+00:00,k3s-s2,NotReady
2026-06-29T12:08:42+00:00,k3s-s3,Ready
2026-06-29T12:08:42+00:00,k3s-w1,Ready
2026-06-29T12:08:42+00:00,k3s-w2,Ready
2026-06-29T12:08:43+00:00,k3s-s1,Ready
2026-06-29T12:08:43+00:00,k3s-s2,NotReady
2026-06-29T12:08:43+00:00,k3s-s3,Ready
2026-06-29T12:08:43+00:00,k3s-w1,Ready
2026-06-29T12:08:43+00:00,k3s-w2,Ready
2026-06-29T12:08:44+00:00,k3s-s1,Ready
2026-06-29T12:08:44+00:00,k3s-s2,NotReady
2026-06-29T12:08:44+00:00,k3s-s3,Ready
2026-06-29T12:08:44+00:00,k3s-w1,Ready
2026-06-29T12:08:44+00:00,k3s-w2,Ready
2026-06-29T12:08:45+00:00,k3s-s1,Ready
2026-06-29T12:08:45+00:00,k3s-s2,NotReady
2026-06-29T12:08:45+00:00,k3s-s3,Ready
2026-06-29T12:08:45+00:00,k3s-w1,Ready
2026-06-29T12:08:45+00:00,k3s-w2,Ready
2026-06-29T12:08:46+00:00,k3s-s1,Ready
2026-06-29T12:08:46+00:00,k3s-s2,NotReady
2026-06-29T12:08:46+00:00,k3s-s3,Ready
2026-06-29T12:08:46+00:00,k3s-w1,Ready
2026-06-29T12:08:46+00:00,k3s-w2,Ready
2026-06-29T12:08:48+00:00,k3s-s1,Ready
2026-06-29T12:08:48+00:00,k3s-s2,NotReady
2026-06-29T12:08:48+00:00,k3s-s3,Ready
2026-06-29T12:08:48+00:00,k3s-w1,Ready
2026-06-29T12:08:48+00:00,k3s-w2,Ready
2026-06-29T12:08:49+00:00,k3s-s1,Ready
2026-06-29T12:08:49+00:00,k3s-s2,NotReady
2026-06-29T12:08:49+00:00,k3s-s3,Ready
2026-06-29T12:08:49+00:00,k3s-w1,Ready
2026-06-29T12:08:49+00:00,k3s-w2,Ready
2026-06-29T12:08:50+00:00,k3s-s1,Ready
2026-06-29T12:08:50+00:00,k3s-s2,NotReady
2026-06-29T12:08:50+00:00,k3s-s3,Ready
2026-06-29T12:08:50+00:00,k3s-w1,Ready
2026-06-29T12:08:50+00:00,k3s-w2,Ready
2026-06-29T12:08:51+00:00,k3s-s1,Ready
2026-06-29T12:08:51+00:00,k3s-s2,NotReady
2026-06-29T12:08:51+00:00,k3s-s3,Ready
2026-06-29T12:08:51+00:00,k3s-w1,Ready
2026-06-29T12:08:51+00:00,k3s-w2,Ready
2026-06-29T12:08:52+00:00,k3s-s1,Ready
2026-06-29T12:08:52+00:00,k3s-s2,NotReady
2026-06-29T12:08:52+00:00,k3s-s3,Ready
2026-06-29T12:08:52+00:00,k3s-w1,Ready
2026-06-29T12:08:52+00:00,k3s-w2,Ready
2026-06-29T12:08:53+00:00,k3s-s1,Ready
2026-06-29T12:08:53+00:00,k3s-s2,NotReady
2026-06-29T12:08:53+00:00,k3s-s3,Ready
2026-06-29T12:08:53+00:00,k3s-w1,Ready
2026-06-29T12:08:53+00:00,k3s-w2,Ready
2026-06-29T12:08:54+00:00,k3s-s1,Ready
2026-06-29T12:08:54+00:00,k3s-s2,NotReady
2026-06-29T12:08:54+00:00,k3s-s3,Ready
2026-06-29T12:08:54+00:00,k3s-w1,Ready
2026-06-29T12:08:54+00:00,k3s-w2,Ready
2026-06-29T12:08:55+00:00,k3s-s1,Ready
2026-06-29T12:08:55+00:00,k3s-s2,NotReady
2026-06-29T12:08:55+00:00,k3s-s3,Ready
2026-06-29T12:08:55+00:00,k3s-w1,Ready
2026-06-29T12:08:55+00:00,k3s-w2,Ready
2026-06-29T12:08:56+00:00,k3s-s1,Ready
2026-06-29T12:08:56+00:00,k3s-s2,NotReady
2026-06-29T12:08:56+00:00,k3s-s3,Ready
2026-06-29T12:08:56+00:00,k3s-w1,Ready
2026-06-29T12:08:56+00:00,k3s-w2,Ready
2026-06-29T12:08:57+00:00,k3s-s1,Ready
2026-06-29T12:08:57+00:00,k3s-s2,NotReady
2026-06-29T12:08:57+00:00,k3s-s3,Ready
2026-06-29T12:08:57+00:00,k3s-w1,Ready
2026-06-29T12:08:57+00:00,k3s-w2,Ready
2026-06-29T12:08:58+00:00,k3s-s1,Ready
2026-06-29T12:08:58+00:00,k3s-s2,NotReady
2026-06-29T12:08:58+00:00,k3s-s3,Ready
2026-06-29T12:08:58+00:00,k3s-w1,Ready
2026-06-29T12:08:58+00:00,k3s-w2,Ready
2026-06-29T12:08:59+00:00,k3s-s1,Ready
2026-06-29T12:08:59+00:00,k3s-s2,NotReady
2026-06-29T12:08:59+00:00,k3s-s3,Ready
2026-06-29T12:08:59+00:00,k3s-w1,Ready
2026-06-29T12:08:59+00:00,k3s-w2,Ready
2026-06-29T12:09:00+00:00,k3s-s1,Ready
2026-06-29T12:09:00+00:00,k3s-s2,NotReady
2026-06-29T12:09:00+00:00,k3s-s3,Ready
2026-06-29T12:09:00+00:00,k3s-w1,Ready
2026-06-29T12:09:00+00:00,k3s-w2,Ready
2026-06-29T12:09:01+00:00,k3s-s1,Ready
2026-06-29T12:09:01+00:00,k3s-s2,NotReady
2026-06-29T12:09:01+00:00,k3s-s3,Ready
2026-06-29T12:09:01+00:00,k3s-w1,Ready
2026-06-29T12:09:01+00:00,k3s-w2,Ready
2026-06-29T12:09:02+00:00,k3s-s1,Ready
2026-06-29T12:09:02+00:00,k3s-s2,NotReady
2026-06-29T12:09:02+00:00,k3s-s3,Ready
2026-06-29T12:09:02+00:00,k3s-w1,Ready
2026-06-29T12:09:02+00:00,k3s-w2,Ready
2026-06-29T12:09:03+00:00,k3s-s1,Ready
2026-06-29T12:09:03+00:00,k3s-s2,NotReady
2026-06-29T12:09:03+00:00,k3s-s3,Ready
2026-06-29T12:09:03+00:00,k3s-w1,Ready
2026-06-29T12:09:03+00:00,k3s-w2,Ready
2026-06-29T12:09:04+00:00,k3s-s1,Ready
2026-06-29T12:09:04+00:00,k3s-s2,NotReady
2026-06-29T12:09:04+00:00,k3s-s3,Ready
2026-06-29T12:09:04+00:00,k3s-w1,Ready
2026-06-29T12:09:04+00:00,k3s-w2,Ready
2026-06-29T12:09:05+00:00,k3s-s1,Ready
2026-06-29T12:09:05+00:00,k3s-s2,NotReady
2026-06-29T12:09:05+00:00,k3s-s3,Ready
2026-06-29T12:09:05+00:00,k3s-w1,Ready
2026-06-29T12:09:05+00:00,k3s-w2,Ready
2026-06-29T12:09:07+00:00,k3s-s1,Ready
2026-06-29T12:09:07+00:00,k3s-s2,NotReady
2026-06-29T12:09:07+00:00,k3s-s3,Ready
2026-06-29T12:09:07+00:00,k3s-w1,Ready
2026-06-29T12:09:07+00:00,k3s-w2,Ready
2026-06-29T12:09:08+00:00,k3s-s1,Ready
2026-06-29T12:09:08+00:00,k3s-s2,NotReady
2026-06-29T12:09:08+00:00,k3s-s3,Ready
2026-06-29T12:09:08+00:00,k3s-w1,Ready
2026-06-29T12:09:08+00:00,k3s-w2,Ready
2026-06-29T12:09:09+00:00,k3s-s1,Ready
2026-06-29T12:09:09+00:00,k3s-s2,NotReady
2026-06-29T12:09:09+00:00,k3s-s3,Ready
2026-06-29T12:09:09+00:00,k3s-w1,Ready
2026-06-29T12:09:09+00:00,k3s-w2,Ready
2026-06-29T12:09:10+00:00,k3s-s1,Ready
2026-06-29T12:09:10+00:00,k3s-s2,NotReady
2026-06-29T12:09:10+00:00,k3s-s3,Ready
2026-06-29T12:09:10+00:00,k3s-w1,Ready
2026-06-29T12:09:10+00:00,k3s-w2,Ready
2026-06-29T12:09:11+00:00,k3s-s1,Ready
2026-06-29T12:09:11+00:00,k3s-s2,NotReady
2026-06-29T12:09:11+00:00,k3s-s3,Ready
2026-06-29T12:09:11+00:00,k3s-w1,Ready
2026-06-29T12:09:11+00:00,k3s-w2,Ready
2026-06-29T12:09:12+00:00,k3s-s1,Ready
2026-06-29T12:09:12+00:00,k3s-s2,NotReady
2026-06-29T12:09:12+00:00,k3s-s3,Ready
2026-06-29T12:09:12+00:00,k3s-w1,Ready
2026-06-29T12:09:12+00:00,k3s-w2,Ready
2026-06-29T12:09:13+00:00,k3s-s1,Ready
2026-06-29T12:09:13+00:00,k3s-s2,NotReady
2026-06-29T12:09:13+00:00,k3s-s3,Ready
2026-06-29T12:09:13+00:00,k3s-w1,Ready
2026-06-29T12:09:13+00:00,k3s-w2,Ready
2026-06-29T12:09:14+00:00,k3s-s1,Ready
2026-06-29T12:09:14+00:00,k3s-s2,NotReady
2026-06-29T12:09:14+00:00,k3s-s3,Ready
2026-06-29T12:09:14+00:00,k3s-w1,Ready
2026-06-29T12:09:14+00:00,k3s-w2,Ready
2026-06-29T12:09:15+00:00,k3s-s1,Ready
2026-06-29T12:09:15+00:00,k3s-s2,NotReady
2026-06-29T12:09:15+00:00,k3s-s3,Ready
2026-06-29T12:09:15+00:00,k3s-w1,Ready
2026-06-29T12:09:15+00:00,k3s-w2,Ready
2026-06-29T12:09:16+00:00,k3s-s1,Ready
2026-06-29T12:09:16+00:00,k3s-s2,NotReady
2026-06-29T12:09:16+00:00,k3s-s3,Ready
2026-06-29T12:09:16+00:00,k3s-w1,Ready
2026-06-29T12:09:16+00:00,k3s-w2,Ready
2026-06-29T12:09:17+00:00,k3s-s1,Ready
2026-06-29T12:09:17+00:00,k3s-s2,NotReady
2026-06-29T12:09:17+00:00,k3s-s3,Ready
2026-06-29T12:09:17+00:00,k3s-w1,Ready
2026-06-29T12:09:17+00:00,k3s-w2,Ready
2026-06-29T12:09:18+00:00,k3s-s1,Ready
2026-06-29T12:09:18+00:00,k3s-s2,NotReady
2026-06-29T12:09:18+00:00,k3s-s3,Ready
2026-06-29T12:09:18+00:00,k3s-w1,Ready
2026-06-29T12:09:18+00:00,k3s-w2,Ready
2026-06-29T12:09:19+00:00,k3s-s1,Ready
2026-06-29T12:09:19+00:00,k3s-s2,NotReady
2026-06-29T12:09:19+00:00,k3s-s3,Ready
2026-06-29T12:09:19+00:00,k3s-w1,Ready
2026-06-29T12:09:19+00:00,k3s-w2,Ready
2026-06-29T12:09:20+00:00,k3s-s1,Ready
2026-06-29T12:09:20+00:00,k3s-s2,NotReady
2026-06-29T12:09:20+00:00,k3s-s3,Ready
2026-06-29T12:09:20+00:00,k3s-w1,Ready
2026-06-29T12:09:20+00:00,k3s-w2,Ready
2026-06-29T12:09:21+00:00,k3s-s1,Ready
2026-06-29T12:09:21+00:00,k3s-s2,NotReady
2026-06-29T12:09:21+00:00,k3s-s3,Ready
2026-06-29T12:09:21+00:00,k3s-w1,Ready
2026-06-29T12:09:21+00:00,k3s-w2,Ready
2026-06-29T12:09:22+00:00,k3s-s1,Ready
2026-06-29T12:09:22+00:00,k3s-s2,NotReady
2026-06-29T12:09:22+00:00,k3s-s3,Ready
2026-06-29T12:09:22+00:00,k3s-w1,Ready
2026-06-29T12:09:22+00:00,k3s-w2,Ready
2026-06-29T12:09:23+00:00,k3s-s1,Ready
2026-06-29T12:09:23+00:00,k3s-s2,NotReady
2026-06-29T12:09:23+00:00,k3s-s3,Ready
2026-06-29T12:09:23+00:00,k3s-w1,Ready
2026-06-29T12:09:23+00:00,k3s-w2,Ready
2026-06-29T12:09:24+00:00,k3s-s1,Ready
2026-06-29T12:09:24+00:00,k3s-s2,NotReady
2026-06-29T12:09:24+00:00,k3s-s3,Ready
2026-06-29T12:09:24+00:00,k3s-w1,Ready
2026-06-29T12:09:24+00:00,k3s-w2,Ready
2026-06-29T12:09:25+00:00,k3s-s1,Ready
2026-06-29T12:09:25+00:00,k3s-s2,NotReady
2026-06-29T12:09:25+00:00,k3s-s3,Ready
2026-06-29T12:09:25+00:00,k3s-w1,Ready
2026-06-29T12:09:25+00:00,k3s-w2,Ready
2026-06-29T12:09:27+00:00,k3s-s1,Ready
2026-06-29T12:09:27+00:00,k3s-s2,NotReady
2026-06-29T12:09:27+00:00,k3s-s3,Ready
2026-06-29T12:09:27+00:00,k3s-w1,Ready
2026-06-29T12:09:27+00:00,k3s-w2,Ready
2026-06-29T12:09:28+00:00,k3s-s1,Ready
2026-06-29T12:09:28+00:00,k3s-s2,NotReady
2026-06-29T12:09:28+00:00,k3s-s3,Ready
2026-06-29T12:09:28+00:00,k3s-w1,Ready
2026-06-29T12:09:28+00:00,k3s-w2,Ready
2026-06-29T12:09:29+00:00,k3s-s1,Ready
2026-06-29T12:09:29+00:00,k3s-s2,NotReady
2026-06-29T12:09:29+00:00,k3s-s3,Ready
2026-06-29T12:09:29+00:00,k3s-w1,Ready
2026-06-29T12:09:29+00:00,k3s-w2,Ready
2026-06-29T12:09:30+00:00,k3s-s1,Ready
2026-06-29T12:09:30+00:00,k3s-s2,NotReady
2026-06-29T12:09:30+00:00,k3s-s3,Ready
2026-06-29T12:09:30+00:00,k3s-w1,Ready
2026-06-29T12:09:30+00:00,k3s-w2,Ready
2026-06-29T12:09:31+00:00,k3s-s1,Ready
2026-06-29T12:09:31+00:00,k3s-s2,NotReady
2026-06-29T12:09:31+00:00,k3s-s3,Ready
2026-06-29T12:09:31+00:00,k3s-w1,Ready
2026-06-29T12:09:31+00:00,k3s-w2,Ready
2026-06-29T12:09:32+00:00,k3s-s1,Ready
2026-06-29T12:09:32+00:00,k3s-s2,NotReady
2026-06-29T12:09:32+00:00,k3s-s3,Ready
2026-06-29T12:09:32+00:00,k3s-w1,Ready
2026-06-29T12:09:32+00:00,k3s-w2,Ready
2026-06-29T12:09:33+00:00,k3s-s1,Ready
2026-06-29T12:09:33+00:00,k3s-s2,NotReady
2026-06-29T12:09:33+00:00,k3s-s3,Ready
2026-06-29T12:09:33+00:00,k3s-w1,Ready
2026-06-29T12:09:33+00:00,k3s-w2,Ready
2026-06-29T12:09:34+00:00,k3s-s1,Ready
2026-06-29T12:09:34+00:00,k3s-s2,NotReady
2026-06-29T12:09:34+00:00,k3s-s3,Ready
2026-06-29T12:09:34+00:00,k3s-w1,Ready
2026-06-29T12:09:34+00:00,k3s-w2,Ready
2026-06-29T12:09:35+00:00,k3s-s1,Ready
2026-06-29T12:09:35+00:00,k3s-s2,NotReady
2026-06-29T12:09:35+00:00,k3s-s3,Ready
2026-06-29T12:09:35+00:00,k3s-w1,Ready
2026-06-29T12:09:35+00:00,k3s-w2,Ready
2026-06-29T12:09:36+00:00,k3s-s1,Ready
2026-06-29T12:09:36+00:00,k3s-s2,NotReady
2026-06-29T12:09:36+00:00,k3s-s3,Ready
2026-06-29T12:09:36+00:00,k3s-w1,Ready
2026-06-29T12:09:36+00:00,k3s-w2,Ready
2026-06-29T12:09:37+00:00,k3s-s1,Ready
2026-06-29T12:09:37+00:00,k3s-s2,NotReady
2026-06-29T12:09:37+00:00,k3s-s3,Ready
2026-06-29T12:09:37+00:00,k3s-w1,Ready
2026-06-29T12:09:37+00:00,k3s-w2,Ready
2026-06-29T12:09:38+00:00,k3s-s1,Ready
2026-06-29T12:09:38+00:00,k3s-s2,NotReady
2026-06-29T12:09:38+00:00,k3s-s3,Ready
2026-06-29T12:09:38+00:00,k3s-w1,Ready
2026-06-29T12:09:38+00:00,k3s-w2,Ready
2026-06-29T12:09:39+00:00,k3s-s1,Ready
2026-06-29T12:09:39+00:00,k3s-s2,NotReady
2026-06-29T12:09:39+00:00,k3s-s3,Ready
2026-06-29T12:09:39+00:00,k3s-w1,Ready
2026-06-29T12:09:39+00:00,k3s-w2,Ready
2026-06-29T12:09:40+00:00,k3s-s1,Ready
2026-06-29T12:09:40+00:00,k3s-s2,NotReady
2026-06-29T12:09:40+00:00,k3s-s3,Ready
2026-06-29T12:09:40+00:00,k3s-w1,Ready
2026-06-29T12:09:40+00:00,k3s-w2,Ready
2026-06-29T12:09:41+00:00,k3s-s1,Ready
2026-06-29T12:09:41+00:00,k3s-s2,NotReady
2026-06-29T12:09:41+00:00,k3s-s3,Ready
2026-06-29T12:09:41+00:00,k3s-w1,Ready
2026-06-29T12:09:41+00:00,k3s-w2,Ready
2026-06-29T12:09:42+00:00,k3s-s1,Ready
2026-06-29T12:09:42+00:00,k3s-s2,NotReady
2026-06-29T12:09:42+00:00,k3s-s3,Ready
2026-06-29T12:09:42+00:00,k3s-w1,Ready
2026-06-29T12:09:42+00:00,k3s-w2,Ready
2026-06-29T12:09:43+00:00,k3s-s1,Ready
2026-06-29T12:09:43+00:00,k3s-s2,NotReady
2026-06-29T12:09:43+00:00,k3s-s3,Ready
2026-06-29T12:09:43+00:00,k3s-w1,Ready
2026-06-29T12:09:43+00:00,k3s-w2,Ready
2026-06-29T12:09:44+00:00,k3s-s1,Ready
2026-06-29T12:09:44+00:00,k3s-s2,NotReady
2026-06-29T12:09:44+00:00,k3s-s3,Ready
2026-06-29T12:09:44+00:00,k3s-w1,Ready
2026-06-29T12:09:44+00:00,k3s-w2,Ready
2026-06-29T12:09:45+00:00,k3s-s1,Ready
2026-06-29T12:09:45+00:00,k3s-s2,NotReady
2026-06-29T12:09:45+00:00,k3s-s3,Ready
2026-06-29T12:09:45+00:00,k3s-w1,Ready
2026-06-29T12:09:45+00:00,k3s-w2,Ready
2026-06-29T12:09:47+00:00,k3s-s1,Ready
2026-06-29T12:09:47+00:00,k3s-s2,NotReady
2026-06-29T12:09:47+00:00,k3s-s3,Ready
2026-06-29T12:09:47+00:00,k3s-w1,Ready
2026-06-29T12:09:47+00:00,k3s-w2,Ready
2026-06-29T12:09:48+00:00,k3s-s1,Ready
2026-06-29T12:09:48+00:00,k3s-s2,NotReady
2026-06-29T12:09:48+00:00,k3s-s3,Ready
2026-06-29T12:09:48+00:00,k3s-w1,Ready
2026-06-29T12:09:48+00:00,k3s-w2,Ready
2026-06-29T12:09:49+00:00,k3s-s1,Ready
2026-06-29T12:09:49+00:00,k3s-s2,NotReady
2026-06-29T12:09:49+00:00,k3s-s3,Ready
2026-06-29T12:09:49+00:00,k3s-w1,Ready
2026-06-29T12:09:49+00:00,k3s-w2,Ready
2026-06-29T12:09:50+00:00,k3s-s1,Ready
2026-06-29T12:09:50+00:00,k3s-s2,NotReady
2026-06-29T12:09:50+00:00,k3s-s3,Ready
2026-06-29T12:09:50+00:00,k3s-w1,Ready
2026-06-29T12:09:50+00:00,k3s-w2,Ready
2026-06-29T12:09:51+00:00,k3s-s1,Ready
2026-06-29T12:09:51+00:00,k3s-s2,NotReady
2026-06-29T12:09:51+00:00,k3s-s3,Ready
2026-06-29T12:09:51+00:00,k3s-w1,Ready
2026-06-29T12:09:51+00:00,k3s-w2,Ready
2026-06-29T12:09:52+00:00,k3s-s1,Ready
2026-06-29T12:09:52+00:00,k3s-s2,NotReady
2026-06-29T12:09:52+00:00,k3s-s3,Ready
2026-06-29T12:09:52+00:00,k3s-w1,Ready
2026-06-29T12:09:52+00:00,k3s-w2,Ready
2026-06-29T12:09:53+00:00,k3s-s1,Ready
2026-06-29T12:09:53+00:00,k3s-s2,NotReady
2026-06-29T12:09:53+00:00,k3s-s3,Ready
2026-06-29T12:09:53+00:00,k3s-w1,Ready
2026-06-29T12:09:53+00:00,k3s-w2,Ready
2026-06-29T12:09:54+00:00,k3s-s1,Ready
2026-06-29T12:09:54+00:00,k3s-s2,NotReady
2026-06-29T12:09:54+00:00,k3s-s3,Ready
2026-06-29T12:09:54+00:00,k3s-w1,Ready
2026-06-29T12:09:54+00:00,k3s-w2,Ready
2026-06-29T12:09:55+00:00,k3s-s1,Ready
2026-06-29T12:09:55+00:00,k3s-s2,NotReady
2026-06-29T12:09:55+00:00,k3s-s3,Ready
2026-06-29T12:09:55+00:00,k3s-w1,Ready
2026-06-29T12:09:55+00:00,k3s-w2,Ready
2026-06-29T12:09:56+00:00,k3s-s1,Ready
2026-06-29T12:09:56+00:00,k3s-s2,NotReady
2026-06-29T12:09:56+00:00,k3s-s3,Ready
2026-06-29T12:09:56+00:00,k3s-w1,Ready
2026-06-29T12:09:56+00:00,k3s-w2,Ready
2026-06-29T12:09:57+00:00,k3s-s1,Ready
2026-06-29T12:09:57+00:00,k3s-s2,NotReady
2026-06-29T12:09:57+00:00,k3s-s3,Ready
2026-06-29T12:09:57+00:00,k3s-w1,Ready
2026-06-29T12:09:57+00:00,k3s-w2,Ready
2026-06-29T12:09:58+00:00,k3s-s1,Ready
2026-06-29T12:09:58+00:00,k3s-s2,NotReady
2026-06-29T12:09:58+00:00,k3s-s3,Ready
2026-06-29T12:09:58+00:00,k3s-w1,Ready
2026-06-29T12:09:58+00:00,k3s-w2,Ready
2026-06-29T12:09:59+00:00,k3s-s1,Ready
2026-06-29T12:09:59+00:00,k3s-s2,NotReady
2026-06-29T12:09:59+00:00,k3s-s3,Ready
2026-06-29T12:09:59+00:00,k3s-w1,Ready
2026-06-29T12:09:59+00:00,k3s-w2,Ready
2026-06-29T12:10:00+00:00,k3s-s1,Ready
2026-06-29T12:10:00+00:00,k3s-s2,NotReady
2026-06-29T12:10:00+00:00,k3s-s3,Ready
2026-06-29T12:10:00+00:00,k3s-w1,Ready
2026-06-29T12:10:00+00:00,k3s-w2,Ready
2026-06-29T12:10:01+00:00,k3s-s1,Ready
2026-06-29T12:10:01+00:00,k3s-s2,NotReady
2026-06-29T12:10:01+00:00,k3s-s3,Ready
2026-06-29T12:10:01+00:00,k3s-w1,Ready
2026-06-29T12:10:01+00:00,k3s-w2,Ready
2026-06-29T12:10:02+00:00,k3s-s1,Ready
2026-06-29T12:10:02+00:00,k3s-s2,NotReady
2026-06-29T12:10:02+00:00,k3s-s3,Ready
2026-06-29T12:10:02+00:00,k3s-w1,Ready
2026-06-29T12:10:02+00:00,k3s-w2,Ready
2026-06-29T12:10:03+00:00,k3s-s1,Ready
2026-06-29T12:10:03+00:00,k3s-s2,NotReady
2026-06-29T12:10:03+00:00,k3s-s3,Ready
2026-06-29T12:10:03+00:00,k3s-w1,Ready
2026-06-29T12:10:03+00:00,k3s-w2,Ready
2026-06-29T12:10:04+00:00,k3s-s1,Ready
2026-06-29T12:10:04+00:00,k3s-s2,NotReady
2026-06-29T12:10:04+00:00,k3s-s3,Ready
2026-06-29T12:10:04+00:00,k3s-w1,Ready
2026-06-29T12:10:04+00:00,k3s-w2,Ready
2026-06-29T12:10:05+00:00,k3s-s1,Ready
2026-06-29T12:10:05+00:00,k3s-s2,NotReady
2026-06-29T12:10:05+00:00,k3s-s3,Ready
2026-06-29T12:10:05+00:00,k3s-w1,Ready
2026-06-29T12:10:05+00:00,k3s-w2,Ready
2026-06-29T12:10:07+00:00,k3s-s1,Ready
2026-06-29T12:10:07+00:00,k3s-s2,NotReady
2026-06-29T12:10:07+00:00,k3s-s3,Ready
2026-06-29T12:10:07+00:00,k3s-w1,Ready
2026-06-29T12:10:07+00:00,k3s-w2,Ready
2026-06-29T12:10:08+00:00,k3s-s1,Ready
2026-06-29T12:10:08+00:00,k3s-s2,NotReady
2026-06-29T12:10:08+00:00,k3s-s3,Ready
2026-06-29T12:10:08+00:00,k3s-w1,Ready
2026-06-29T12:10:08+00:00,k3s-w2,Ready
2026-06-29T12:10:09+00:00,k3s-s1,Ready
2026-06-29T12:10:09+00:00,k3s-s2,NotReady
2026-06-29T12:10:09+00:00,k3s-s3,Ready
2026-06-29T12:10:09+00:00,k3s-w1,Ready
2026-06-29T12:10:09+00:00,k3s-w2,Ready
2026-06-29T12:10:10+00:00,k3s-s1,Ready
2026-06-29T12:10:10+00:00,k3s-s2,NotReady
2026-06-29T12:10:10+00:00,k3s-s3,Ready
2026-06-29T12:10:10+00:00,k3s-w1,Ready
2026-06-29T12:10:10+00:00,k3s-w2,Ready
2026-06-29T12:10:11+00:00,k3s-s1,Ready
2026-06-29T12:10:11+00:00,k3s-s2,NotReady
2026-06-29T12:10:11+00:00,k3s-s3,Ready
2026-06-29T12:10:11+00:00,k3s-w1,Ready
2026-06-29T12:10:11+00:00,k3s-w2,Ready
2026-06-29T12:10:12+00:00,k3s-s1,Ready
2026-06-29T12:10:12+00:00,k3s-s2,NotReady
2026-06-29T12:10:12+00:00,k3s-s3,Ready
2026-06-29T12:10:12+00:00,k3s-w1,Ready
2026-06-29T12:10:12+00:00,k3s-w2,Ready
2026-06-29T12:10:13+00:00,k3s-s1,Ready
2026-06-29T12:10:13+00:00,k3s-s2,NotReady
2026-06-29T12:10:13+00:00,k3s-s3,Ready
2026-06-29T12:10:13+00:00,k3s-w1,Ready
2026-06-29T12:10:13+00:00,k3s-w2,Ready
2026-06-29T12:10:14+00:00,k3s-s1,Ready
2026-06-29T12:10:14+00:00,k3s-s2,NotReady
2026-06-29T12:10:14+00:00,k3s-s3,Ready
2026-06-29T12:10:14+00:00,k3s-w1,Ready
2026-06-29T12:10:14+00:00,k3s-w2,Ready
2026-06-29T12:10:15+00:00,k3s-s1,Ready
2026-06-29T12:10:15+00:00,k3s-s2,NotReady
2026-06-29T12:10:15+00:00,k3s-s3,Ready
2026-06-29T12:10:15+00:00,k3s-w1,Ready
2026-06-29T12:10:15+00:00,k3s-w2,Ready
2026-06-29T12:10:16+00:00,k3s-s1,Ready
2026-06-29T12:10:16+00:00,k3s-s2,NotReady
2026-06-29T12:10:16+00:00,k3s-s3,Ready
2026-06-29T12:10:16+00:00,k3s-w1,Ready
2026-06-29T12:10:16+00:00,k3s-w2,Ready
2026-06-29T12:10:17+00:00,k3s-s1,Ready
2026-06-29T12:10:17+00:00,k3s-s2,NotReady
2026-06-29T12:10:17+00:00,k3s-s3,Ready
2026-06-29T12:10:17+00:00,k3s-w1,Ready
2026-06-29T12:10:17+00:00,k3s-w2,Ready
2026-06-29T12:10:18+00:00,k3s-s1,Ready
2026-06-29T12:10:18+00:00,k3s-s2,NotReady
2026-06-29T12:10:18+00:00,k3s-s3,Ready
2026-06-29T12:10:18+00:00,k3s-w1,Ready
2026-06-29T12:10:18+00:00,k3s-w2,Ready
2026-06-29T12:10:19+00:00,k3s-s1,Ready
2026-06-29T12:10:19+00:00,k3s-s2,NotReady
2026-06-29T12:10:19+00:00,k3s-s3,Ready
2026-06-29T12:10:19+00:00,k3s-w1,Ready
2026-06-29T12:10:19+00:00,k3s-w2,Ready
2026-06-29T12:10:20+00:00,k3s-s1,Ready
2026-06-29T12:10:20+00:00,k3s-s2,NotReady
2026-06-29T12:10:20+00:00,k3s-s3,Ready
2026-06-29T12:10:20+00:00,k3s-w1,Ready
2026-06-29T12:10:20+00:00,k3s-w2,Ready
2026-06-29T12:10:21+00:00,k3s-s1,Ready
2026-06-29T12:10:21+00:00,k3s-s2,NotReady
2026-06-29T12:10:21+00:00,k3s-s3,Ready
2026-06-29T12:10:21+00:00,k3s-w1,Ready
2026-06-29T12:10:21+00:00,k3s-w2,Ready
2026-06-29T12:10:22+00:00,k3s-s1,Ready
2026-06-29T12:10:22+00:00,k3s-s2,NotReady
2026-06-29T12:10:22+00:00,k3s-s3,Ready
2026-06-29T12:10:22+00:00,k3s-w1,Ready
2026-06-29T12:10:22+00:00,k3s-w2,Ready
2026-06-29T12:10:23+00:00,k3s-s1,Ready
2026-06-29T12:10:23+00:00,k3s-s2,NotReady
2026-06-29T12:10:23+00:00,k3s-s3,Ready
2026-06-29T12:10:23+00:00,k3s-w1,Ready
2026-06-29T12:10:23+00:00,k3s-w2,Ready
2026-06-29T12:10:24+00:00,k3s-s1,Ready
2026-06-29T12:10:24+00:00,k3s-s2,NotReady
2026-06-29T12:10:24+00:00,k3s-s3,Ready
2026-06-29T12:10:24+00:00,k3s-w1,Ready
2026-06-29T12:10:24+00:00,k3s-w2,Ready
2026-06-29T12:10:25+00:00,k3s-s1,Ready
2026-06-29T12:10:25+00:00,k3s-s2,NotReady
2026-06-29T12:10:25+00:00,k3s-s3,Ready
2026-06-29T12:10:25+00:00,k3s-w1,Ready
2026-06-29T12:10:25+00:00,k3s-w2,Ready
2026-06-29T12:10:27+00:00,k3s-s1,Ready
2026-06-29T12:10:27+00:00,k3s-s2,NotReady
2026-06-29T12:10:27+00:00,k3s-s3,Ready
2026-06-29T12:10:27+00:00,k3s-w1,Ready
2026-06-29T12:10:27+00:00,k3s-w2,Ready
2026-06-29T12:10:28+00:00,k3s-s1,Ready
2026-06-29T12:10:28+00:00,k3s-s2,NotReady
2026-06-29T12:10:28+00:00,k3s-s3,Ready
2026-06-29T12:10:28+00:00,k3s-w1,Ready
2026-06-29T12:10:28+00:00,k3s-w2,Ready
2026-06-29T12:10:29+00:00,k3s-s1,Ready
2026-06-29T12:10:29+00:00,k3s-s2,NotReady
2026-06-29T12:10:29+00:00,k3s-s3,Ready
2026-06-29T12:10:29+00:00,k3s-w1,Ready
2026-06-29T12:10:29+00:00,k3s-w2,Ready
2026-06-29T12:10:30+00:00,k3s-s1,Ready
2026-06-29T12:10:30+00:00,k3s-s2,NotReady
2026-06-29T12:10:30+00:00,k3s-s3,Ready
2026-06-29T12:10:30+00:00,k3s-w1,Ready
2026-06-29T12:10:30+00:00,k3s-w2,Ready
2026-06-29T12:10:31+00:00,k3s-s1,Ready
2026-06-29T12:10:31+00:00,k3s-s2,NotReady
2026-06-29T12:10:31+00:00,k3s-s3,Ready
2026-06-29T12:10:31+00:00,k3s-w1,Ready
2026-06-29T12:10:31+00:00,k3s-w2,Ready
2026-06-29T12:10:32+00:00,k3s-s1,Ready
2026-06-29T12:10:32+00:00,k3s-s2,NotReady
2026-06-29T12:10:32+00:00,k3s-s3,Ready
2026-06-29T12:10:32+00:00,k3s-w1,Ready
2026-06-29T12:10:32+00:00,k3s-w2,Ready
2026-06-29T12:10:33+00:00,k3s-s1,Ready
2026-06-29T12:10:33+00:00,k3s-s2,NotReady
2026-06-29T12:10:33+00:00,k3s-s3,Ready
2026-06-29T12:10:33+00:00,k3s-w1,Ready
2026-06-29T12:10:33+00:00,k3s-w2,Ready
2026-06-29T12:10:34+00:00,k3s-s1,Ready
2026-06-29T12:10:34+00:00,k3s-s2,NotReady
2026-06-29T12:10:34+00:00,k3s-s3,Ready
2026-06-29T12:10:34+00:00,k3s-w1,Ready
2026-06-29T12:10:34+00:00,k3s-w2,Ready
2026-06-29T12:10:35+00:00,k3s-s1,Ready
2026-06-29T12:10:35+00:00,k3s-s2,NotReady
2026-06-29T12:10:35+00:00,k3s-s3,Ready
2026-06-29T12:10:35+00:00,k3s-w1,Ready
2026-06-29T12:10:35+00:00,k3s-w2,Ready
2026-06-29T12:10:36+00:00,k3s-s1,Ready
2026-06-29T12:10:36+00:00,k3s-s2,NotReady
2026-06-29T12:10:36+00:00,k3s-s3,Ready
2026-06-29T12:10:36+00:00,k3s-w1,Ready
2026-06-29T12:10:36+00:00,k3s-w2,Ready
2026-06-29T12:10:37+00:00,k3s-s1,Ready
2026-06-29T12:10:37+00:00,k3s-s2,NotReady
2026-06-29T12:10:37+00:00,k3s-s3,Ready
2026-06-29T12:10:37+00:00,k3s-w1,Ready
2026-06-29T12:10:37+00:00,k3s-w2,Ready
2026-06-29T12:10:38+00:00,k3s-s1,Ready
2026-06-29T12:10:38+00:00,k3s-s2,NotReady
2026-06-29T12:10:38+00:00,k3s-s3,Ready
2026-06-29T12:10:38+00:00,k3s-w1,Ready
2026-06-29T12:10:38+00:00,k3s-w2,Ready
2026-06-29T12:10:39+00:00,k3s-s1,Ready
2026-06-29T12:10:39+00:00,k3s-s2,NotReady
2026-06-29T12:10:39+00:00,k3s-s3,Ready
2026-06-29T12:10:39+00:00,k3s-w1,Ready
2026-06-29T12:10:39+00:00,k3s-w2,Ready
2026-06-29T12:10:40+00:00,k3s-s1,Ready
2026-06-29T12:10:40+00:00,k3s-s2,NotReady
2026-06-29T12:10:40+00:00,k3s-s3,Ready
2026-06-29T12:10:40+00:00,k3s-w1,Ready
2026-06-29T12:10:40+00:00,k3s-w2,Ready
2026-06-29T12:10:41+00:00,k3s-s1,Ready
2026-06-29T12:10:41+00:00,k3s-s2,NotReady
2026-06-29T12:10:41+00:00,k3s-s3,Ready
2026-06-29T12:10:41+00:00,k3s-w1,Ready
2026-06-29T12:10:41+00:00,k3s-w2,Ready
2026-06-29T12:10:42+00:00,k3s-s1,Ready
2026-06-29T12:10:42+00:00,k3s-s2,NotReady
2026-06-29T12:10:42+00:00,k3s-s3,Ready
2026-06-29T12:10:42+00:00,k3s-w1,Ready
2026-06-29T12:10:42+00:00,k3s-w2,Ready
2026-06-29T12:10:43+00:00,k3s-s1,Ready
2026-06-29T12:10:43+00:00,k3s-s2,NotReady
2026-06-29T12:10:43+00:00,k3s-s3,Ready
2026-06-29T12:10:43+00:00,k3s-w1,Ready
2026-06-29T12:10:43+00:00,k3s-w2,Ready
2026-06-29T12:10:44+00:00,k3s-s1,Ready
2026-06-29T12:10:44+00:00,k3s-s2,NotReady
2026-06-29T12:10:44+00:00,k3s-s3,Ready
2026-06-29T12:10:44+00:00,k3s-w1,Ready
2026-06-29T12:10:44+00:00,k3s-w2,Ready
2026-06-29T12:10:45+00:00,k3s-s1,Ready
2026-06-29T12:10:45+00:00,k3s-s2,NotReady
2026-06-29T12:10:45+00:00,k3s-s3,Ready
2026-06-29T12:10:45+00:00,k3s-w1,Ready
2026-06-29T12:10:45+00:00,k3s-w2,Ready
2026-06-29T12:10:47+00:00,k3s-s1,Ready
2026-06-29T12:10:47+00:00,k3s-s2,NotReady
2026-06-29T12:10:47+00:00,k3s-s3,Ready
2026-06-29T12:10:47+00:00,k3s-w1,Ready
2026-06-29T12:10:47+00:00,k3s-w2,Ready
2026-06-29T12:10:48+00:00,k3s-s1,Ready
2026-06-29T12:10:48+00:00,k3s-s2,NotReady
2026-06-29T12:10:48+00:00,k3s-s3,Ready
2026-06-29T12:10:48+00:00,k3s-w1,Ready
2026-06-29T12:10:48+00:00,k3s-w2,Ready
2026-06-29T12:10:49+00:00,k3s-s1,Ready
2026-06-29T12:10:49+00:00,k3s-s2,NotReady
2026-06-29T12:10:49+00:00,k3s-s3,Ready
2026-06-29T12:10:49+00:00,k3s-w1,Ready
2026-06-29T12:10:49+00:00,k3s-w2,Ready
2026-06-29T12:10:50+00:00,k3s-s1,Ready
2026-06-29T12:10:50+00:00,k3s-s2,NotReady
2026-06-29T12:10:50+00:00,k3s-s3,Ready
2026-06-29T12:10:50+00:00,k3s-w1,Ready
2026-06-29T12:10:50+00:00,k3s-w2,Ready
2026-06-29T12:10:51+00:00,k3s-s1,Ready
2026-06-29T12:10:51+00:00,k3s-s2,NotReady
2026-06-29T12:10:51+00:00,k3s-s3,Ready
2026-06-29T12:10:51+00:00,k3s-w1,Ready
2026-06-29T12:10:51+00:00,k3s-w2,Ready
2026-06-29T12:10:52+00:00,k3s-s1,Ready
2026-06-29T12:10:52+00:00,k3s-s2,NotReady
2026-06-29T12:10:52+00:00,k3s-s3,Ready
2026-06-29T12:10:52+00:00,k3s-w1,Ready
2026-06-29T12:10:52+00:00,k3s-w2,Ready
2026-06-29T12:10:53+00:00,k3s-s1,Ready
2026-06-29T12:10:53+00:00,k3s-s2,NotReady
2026-06-29T12:10:53+00:00,k3s-s3,Ready
2026-06-29T12:10:53+00:00,k3s-w1,Ready
2026-06-29T12:10:53+00:00,k3s-w2,Ready
2026-06-29T12:10:54+00:00,k3s-s1,Ready
2026-06-29T12:10:54+00:00,k3s-s2,NotReady
2026-06-29T12:10:54+00:00,k3s-s3,Ready
2026-06-29T12:10:54+00:00,k3s-w1,Ready
2026-06-29T12:10:54+00:00,k3s-w2,Ready
2026-06-29T12:10:55+00:00,k3s-s1,Ready
2026-06-29T12:10:55+00:00,k3s-s2,NotReady
2026-06-29T12:10:55+00:00,k3s-s3,Ready
2026-06-29T12:10:55+00:00,k3s-w1,Ready
2026-06-29T12:10:55+00:00,k3s-w2,Ready
2026-06-29T12:10:56+00:00,k3s-s1,Ready
2026-06-29T12:10:56+00:00,k3s-s2,NotReady
2026-06-29T12:10:56+00:00,k3s-s3,Ready
2026-06-29T12:10:56+00:00,k3s-w1,Ready
2026-06-29T12:10:56+00:00,k3s-w2,Ready
2026-06-29T12:10:57+00:00,k3s-s1,Ready
2026-06-29T12:10:57+00:00,k3s-s2,NotReady
2026-06-29T12:10:57+00:00,k3s-s3,Ready
2026-06-29T12:10:57+00:00,k3s-w1,Ready
2026-06-29T12:10:57+00:00,k3s-w2,Ready
2026-06-29T12:10:58+00:00,k3s-s1,Ready
2026-06-29T12:10:58+00:00,k3s-s2,NotReady
2026-06-29T12:10:58+00:00,k3s-s3,Ready
2026-06-29T12:10:58+00:00,k3s-w1,Ready
2026-06-29T12:10:58+00:00,k3s-w2,Ready
2026-06-29T12:10:59+00:00,k3s-s1,Ready
2026-06-29T12:10:59+00:00,k3s-s2,NotReady
2026-06-29T12:10:59+00:00,k3s-s3,Ready
2026-06-29T12:10:59+00:00,k3s-w1,Ready
2026-06-29T12:10:59+00:00,k3s-w2,Ready
2026-06-29T12:11:00+00:00,k3s-s1,Ready
2026-06-29T12:11:00+00:00,k3s-s2,NotReady
2026-06-29T12:11:00+00:00,k3s-s3,Ready
2026-06-29T12:11:00+00:00,k3s-w1,Ready
2026-06-29T12:11:00+00:00,k3s-w2,Ready
2026-06-29T12:11:01+00:00,k3s-s1,Ready
2026-06-29T12:11:01+00:00,k3s-s2,NotReady
2026-06-29T12:11:01+00:00,k3s-s3,Ready
2026-06-29T12:11:01+00:00,k3s-w1,Ready
2026-06-29T12:11:01+00:00,k3s-w2,Ready
2026-06-29T12:11:02+00:00,k3s-s1,Ready
2026-06-29T12:11:02+00:00,k3s-s2,NotReady
2026-06-29T12:11:02+00:00,k3s-s3,Ready
2026-06-29T12:11:02+00:00,k3s-w1,Ready
2026-06-29T12:11:02+00:00,k3s-w2,Ready
2026-06-29T12:11:03+00:00,k3s-s1,Ready
2026-06-29T12:11:03+00:00,k3s-s2,NotReady
2026-06-29T12:11:03+00:00,k3s-s3,Ready
2026-06-29T12:11:03+00:00,k3s-w1,Ready
2026-06-29T12:11:03+00:00,k3s-w2,Ready
2026-06-29T12:11:04+00:00,k3s-s1,Ready
2026-06-29T12:11:04+00:00,k3s-s2,NotReady
2026-06-29T12:11:04+00:00,k3s-s3,Ready
2026-06-29T12:11:04+00:00,k3s-w1,Ready
2026-06-29T12:11:04+00:00,k3s-w2,Ready
2026-06-29T12:11:05+00:00,k3s-s1,Ready
2026-06-29T12:11:05+00:00,k3s-s2,NotReady
2026-06-29T12:11:05+00:00,k3s-s3,Ready
2026-06-29T12:11:05+00:00,k3s-w1,Ready
2026-06-29T12:11:05+00:00,k3s-w2,Ready
2026-06-29T12:11:07+00:00,k3s-s1,Ready
2026-06-29T12:11:07+00:00,k3s-s2,NotReady
2026-06-29T12:11:07+00:00,k3s-s3,Ready
2026-06-29T12:11:07+00:00,k3s-w1,Ready
2026-06-29T12:11:07+00:00,k3s-w2,Ready
2026-06-29T12:11:08+00:00,k3s-s1,Ready
2026-06-29T12:11:08+00:00,k3s-s2,NotReady
2026-06-29T12:11:08+00:00,k3s-s3,Ready
2026-06-29T12:11:08+00:00,k3s-w1,Ready
2026-06-29T12:11:08+00:00,k3s-w2,Ready
2026-06-29T12:11:09+00:00,k3s-s1,Ready
2026-06-29T12:11:09+00:00,k3s-s2,NotReady
2026-06-29T12:11:09+00:00,k3s-s3,Ready
2026-06-29T12:11:09+00:00,k3s-w1,Ready
2026-06-29T12:11:09+00:00,k3s-w2,Ready
2026-06-29T12:11:10+00:00,k3s-s1,Ready
2026-06-29T12:11:10+00:00,k3s-s2,NotReady
2026-06-29T12:11:10+00:00,k3s-s3,Ready
2026-06-29T12:11:10+00:00,k3s-w1,Ready
2026-06-29T12:11:10+00:00,k3s-w2,Ready
2026-06-29T12:11:11+00:00,k3s-s1,Ready
2026-06-29T12:11:11+00:00,k3s-s2,NotReady
2026-06-29T12:11:11+00:00,k3s-s3,Ready
2026-06-29T12:11:11+00:00,k3s-w1,Ready
2026-06-29T12:11:11+00:00,k3s-w2,Ready
2026-06-29T12:11:12+00:00,k3s-s1,Ready
2026-06-29T12:11:12+00:00,k3s-s2,NotReady
2026-06-29T12:11:12+00:00,k3s-s3,Ready
2026-06-29T12:11:12+00:00,k3s-w1,Ready
2026-06-29T12:11:12+00:00,k3s-w2,Ready
2026-06-29T12:11:13+00:00,k3s-s1,Ready
2026-06-29T12:11:13+00:00,k3s-s2,NotReady
2026-06-29T12:11:13+00:00,k3s-s3,Ready
2026-06-29T12:11:13+00:00,k3s-w1,Ready
2026-06-29T12:11:13+00:00,k3s-w2,Ready
2026-06-29T12:11:14+00:00,k3s-s1,Ready
2026-06-29T12:11:14+00:00,k3s-s2,NotReady
2026-06-29T12:11:14+00:00,k3s-s3,Ready
2026-06-29T12:11:14+00:00,k3s-w1,Ready
2026-06-29T12:11:14+00:00,k3s-w2,Ready
2026-06-29T12:11:15+00:00,k3s-s1,Ready
2026-06-29T12:11:15+00:00,k3s-s2,NotReady
2026-06-29T12:11:15+00:00,k3s-s3,Ready
2026-06-29T12:11:15+00:00,k3s-w1,Ready
2026-06-29T12:11:15+00:00,k3s-w2,Ready
2026-06-29T12:11:16+00:00,k3s-s1,Ready
2026-06-29T12:11:16+00:00,k3s-s2,NotReady
2026-06-29T12:11:16+00:00,k3s-s3,Ready
2026-06-29T12:11:16+00:00,k3s-w1,Ready
2026-06-29T12:11:16+00:00,k3s-w2,Ready
2026-06-29T12:11:17+00:00,k3s-s1,Ready
2026-06-29T12:11:17+00:00,k3s-s2,NotReady
2026-06-29T12:11:17+00:00,k3s-s3,Ready
2026-06-29T12:11:17+00:00,k3s-w1,Ready
2026-06-29T12:11:17+00:00,k3s-w2,Ready
2026-06-29T12:11:18+00:00,k3s-s1,Ready
2026-06-29T12:11:18+00:00,k3s-s2,NotReady
2026-06-29T12:11:18+00:00,k3s-s3,Ready
2026-06-29T12:11:18+00:00,k3s-w1,Ready
2026-06-29T12:11:18+00:00,k3s-w2,Ready
2026-06-29T12:11:19+00:00,k3s-s1,Ready
2026-06-29T12:11:19+00:00,k3s-s2,NotReady
2026-06-29T12:11:19+00:00,k3s-s3,Ready
2026-06-29T12:11:19+00:00,k3s-w1,Ready
2026-06-29T12:11:19+00:00,k3s-w2,Ready
2026-06-29T12:11:20+00:00,k3s-s1,Ready
2026-06-29T12:11:20+00:00,k3s-s2,NotReady
2026-06-29T12:11:20+00:00,k3s-s3,Ready
2026-06-29T12:11:20+00:00,k3s-w1,Ready
2026-06-29T12:11:20+00:00,k3s-w2,Ready
2026-06-29T12:11:21+00:00,k3s-s1,Ready
2026-06-29T12:11:21+00:00,k3s-s2,NotReady
2026-06-29T12:11:21+00:00,k3s-s3,Ready
2026-06-29T12:11:21+00:00,k3s-w1,Ready
2026-06-29T12:11:21+00:00,k3s-w2,Ready
2026-06-29T12:11:22+00:00,k3s-s1,Ready
2026-06-29T12:11:22+00:00,k3s-s2,NotReady
2026-06-29T12:11:22+00:00,k3s-s3,Ready
2026-06-29T12:11:22+00:00,k3s-w1,Ready
2026-06-29T12:11:22+00:00,k3s-w2,Ready
2026-06-29T12:11:23+00:00,k3s-s1,Ready
2026-06-29T12:11:23+00:00,k3s-s2,NotReady
2026-06-29T12:11:23+00:00,k3s-s3,Ready
2026-06-29T12:11:23+00:00,k3s-w1,Ready
2026-06-29T12:11:23+00:00,k3s-w2,Ready
2026-06-29T12:11:25+00:00,k3s-s1,Ready
2026-06-29T12:11:25+00:00,k3s-s2,NotReady
2026-06-29T12:11:25+00:00,k3s-s3,Ready
2026-06-29T12:11:25+00:00,k3s-w1,Ready
2026-06-29T12:11:25+00:00,k3s-w2,Ready
2026-06-29T12:11:26+00:00,k3s-s1,Ready
2026-06-29T12:11:26+00:00,k3s-s2,NotReady
2026-06-29T12:11:26+00:00,k3s-s3,Ready
2026-06-29T12:11:26+00:00,k3s-w1,Ready
2026-06-29T12:11:26+00:00,k3s-w2,Ready
2026-06-29T12:11:27+00:00,k3s-s1,Ready
2026-06-29T12:11:27+00:00,k3s-s2,NotReady
2026-06-29T12:11:27+00:00,k3s-s3,Ready
2026-06-29T12:11:27+00:00,k3s-w1,Ready
2026-06-29T12:11:27+00:00,k3s-w2,Ready
2026-06-29T12:11:28+00:00,k3s-s1,Ready
2026-06-29T12:11:28+00:00,k3s-s2,NotReady
2026-06-29T12:11:28+00:00,k3s-s3,Ready
2026-06-29T12:11:28+00:00,k3s-w1,Ready
2026-06-29T12:11:28+00:00,k3s-w2,Ready
2026-06-29T12:11:29+00:00,k3s-s1,Ready
2026-06-29T12:11:29+00:00,k3s-s2,NotReady
2026-06-29T12:11:29+00:00,k3s-s3,Ready
2026-06-29T12:11:29+00:00,k3s-w1,Ready
2026-06-29T12:11:29+00:00,k3s-w2,Ready
2026-06-29T12:11:30+00:00,k3s-s1,Ready
2026-06-29T12:11:30+00:00,k3s-s2,NotReady
2026-06-29T12:11:30+00:00,k3s-s3,Ready
2026-06-29T12:11:30+00:00,k3s-w1,Ready
2026-06-29T12:11:30+00:00,k3s-w2,Ready
2026-06-29T12:11:31+00:00,k3s-s1,Ready
2026-06-29T12:11:31+00:00,k3s-s2,NotReady
2026-06-29T12:11:31+00:00,k3s-s3,Ready
2026-06-29T12:11:31+00:00,k3s-w1,Ready
2026-06-29T12:11:31+00:00,k3s-w2,Ready
2026-06-29T12:11:32+00:00,k3s-s1,Ready
2026-06-29T12:11:32+00:00,k3s-s2,NotReady
2026-06-29T12:11:32+00:00,k3s-s3,Ready
2026-06-29T12:11:32+00:00,k3s-w1,Ready
2026-06-29T12:11:32+00:00,k3s-w2,Ready
2026-06-29T12:11:33+00:00,k3s-s1,Ready
2026-06-29T12:11:33+00:00,k3s-s2,Ready
2026-06-29T12:11:33+00:00,k3s-s3,Ready
2026-06-29T12:11:33+00:00,k3s-w1,Ready
2026-06-29T12:11:33+00:00,k3s-w2,Ready
2026-06-29T12:11:34+00:00,k3s-s1,Ready
2026-06-29T12:11:34+00:00,k3s-s2,Ready
2026-06-29T12:11:34+00:00,k3s-s3,Ready
2026-06-29T12:11:34+00:00,k3s-w1,Ready
2026-06-29T12:11:34+00:00,k3s-w2,Ready
2026-06-29T12:11:35+00:00,k3s-s1,Ready
2026-06-29T12:11:35+00:00,k3s-s2,Ready
2026-06-29T12:11:35+00:00,k3s-s3,Ready
2026-06-29T12:11:35+00:00,k3s-w1,Ready
2026-06-29T12:11:35+00:00,k3s-w2,Ready
2026-06-29T12:11:36+00:00,k3s-s1,Ready
2026-06-29T12:11:36+00:00,k3s-s2,Ready
2026-06-29T12:11:36+00:00,k3s-s3,Ready
2026-06-29T12:11:36+00:00,k3s-w1,Ready
2026-06-29T12:11:36+00:00,k3s-w2,Ready
2026-06-29T12:11:37+00:00,k3s-s1,Ready
2026-06-29T12:11:37+00:00,k3s-s2,Ready
2026-06-29T12:11:37+00:00,k3s-s3,Ready
2026-06-29T12:11:37+00:00,k3s-w1,Ready
2026-06-29T12:11:37+00:00,k3s-w2,Ready
2026-06-29T12:11:38+00:00,k3s-s1,Ready
2026-06-29T12:11:38+00:00,k3s-s2,Ready
2026-06-29T12:11:38+00:00,k3s-s3,Ready
2026-06-29T12:11:38+00:00,k3s-w1,Ready
2026-06-29T12:11:38+00:00,k3s-w2,Ready
2026-06-29T12:11:39+00:00,k3s-s1,Ready
2026-06-29T12:11:39+00:00,k3s-s2,Ready
2026-06-29T12:11:39+00:00,k3s-s3,Ready
2026-06-29T12:11:39+00:00,k3s-w1,Ready
2026-06-29T12:11:39+00:00,k3s-w2,Ready
2026-06-29T12:11:41+00:00,k3s-s1,Ready
2026-06-29T12:11:41+00:00,k3s-s2,Ready
2026-06-29T12:11:41+00:00,k3s-s3,Ready
2026-06-29T12:11:41+00:00,k3s-w1,Ready
2026-06-29T12:11:41+00:00,k3s-w2,Ready
2026-06-29T12:11:42+00:00,k3s-s1,Ready
2026-06-29T12:11:42+00:00,k3s-s2,Ready
2026-06-29T12:11:42+00:00,k3s-s3,Ready
2026-06-29T12:11:42+00:00,k3s-w1,Ready
2026-06-29T12:11:42+00:00,k3s-w2,Ready
2026-06-29T12:11:43+00:00,k3s-s1,Ready
2026-06-29T12:11:43+00:00,k3s-s2,Ready
2026-06-29T12:11:43+00:00,k3s-s3,Ready
2026-06-29T12:11:43+00:00,k3s-w1,Ready
2026-06-29T12:11:43+00:00,k3s-w2,Ready
2026-06-29T12:11:44+00:00,k3s-s1,Ready
2026-06-29T12:11:44+00:00,k3s-s2,Ready
2026-06-29T12:11:44+00:00,k3s-s3,Ready
2026-06-29T12:11:44+00:00,k3s-w1,Ready
2026-06-29T12:11:44+00:00,k3s-w2,Ready
2026-06-29T12:11:45+00:00,k3s-s1,Ready
2026-06-29T12:11:45+00:00,k3s-s2,Ready
2026-06-29T12:11:45+00:00,k3s-s3,Ready
2026-06-29T12:11:45+00:00,k3s-w1,Ready
2026-06-29T12:11:45+00:00,k3s-w2,Ready
2026-06-29T12:11:46+00:00,k3s-s1,Ready
2026-06-29T12:11:46+00:00,k3s-s2,Ready
2026-06-29T12:11:46+00:00,k3s-s3,Ready
2026-06-29T12:11:46+00:00,k3s-w1,Ready
2026-06-29T12:11:46+00:00,k3s-w2,Ready
2026-06-29T12:11:47+00:00,k3s-s1,Ready
2026-06-29T12:11:47+00:00,k3s-s2,Ready
2026-06-29T12:11:47+00:00,k3s-s3,Ready
2026-06-29T12:11:47+00:00,k3s-w1,Ready
2026-06-29T12:11:47+00:00,k3s-w2,Ready
2026-06-29T12:11:48+00:00,k3s-s1,Ready
2026-06-29T12:11:48+00:00,k3s-s2,Ready
2026-06-29T12:11:48+00:00,k3s-s3,Ready
2026-06-29T12:11:48+00:00,k3s-w1,Ready
2026-06-29T12:11:48+00:00,k3s-w2,Ready
2026-06-29T12:11:49+00:00,k3s-s1,Ready
2026-06-29T12:11:49+00:00,k3s-s2,Ready
2026-06-29T12:11:49+00:00,k3s-s3,Ready
2026-06-29T12:11:49+00:00,k3s-w1,Ready
2026-06-29T12:11:49+00:00,k3s-w2,Ready
2026-06-29T12:11:50+00:00,k3s-s1,Ready
2026-06-29T12:11:50+00:00,k3s-s2,Ready
2026-06-29T12:11:50+00:00,k3s-s3,Ready
2026-06-29T12:11:50+00:00,k3s-w1,Ready
2026-06-29T12:11:50+00:00,k3s-w2,Ready
2026-06-29T12:11:51+00:00,k3s-s1,Ready
2026-06-29T12:11:51+00:00,k3s-s2,Ready
2026-06-29T12:11:51+00:00,k3s-s3,Ready
2026-06-29T12:11:51+00:00,k3s-w1,Ready
2026-06-29T12:11:51+00:00,k3s-w2,Ready
2026-06-29T12:11:52+00:00,k3s-s1,Ready
2026-06-29T12:11:52+00:00,k3s-s2,Ready
2026-06-29T12:11:52+00:00,k3s-s3,Ready
2026-06-29T12:11:52+00:00,k3s-w1,Ready
2026-06-29T12:11:52+00:00,k3s-w2,Ready
2026-06-29T12:11:53+00:00,k3s-s1,Ready
2026-06-29T12:11:53+00:00,k3s-s2,Ready
2026-06-29T12:11:53+00:00,k3s-s3,Ready
2026-06-29T12:11:53+00:00,k3s-w1,Ready
2026-06-29T12:11:53+00:00,k3s-w2,Ready
2026-06-29T12:11:55+00:00,k3s-s1,Ready
2026-06-29T12:11:55+00:00,k3s-s2,Ready
2026-06-29T12:11:55+00:00,k3s-s3,Ready
2026-06-29T12:11:55+00:00,k3s-w1,Ready
2026-06-29T12:11:55+00:00,k3s-w2,Ready
2026-06-29T12:11:56+00:00,k3s-s1,Ready
2026-06-29T12:11:56+00:00,k3s-s2,Ready
2026-06-29T12:11:56+00:00,k3s-s3,Ready
2026-06-29T12:11:56+00:00,k3s-w1,Ready
2026-06-29T12:11:56+00:00,k3s-w2,Ready
2026-06-29T12:11:57+00:00,k3s-s1,Ready
2026-06-29T12:11:57+00:00,k3s-s2,Ready
2026-06-29T12:11:57+00:00,k3s-s3,Ready
2026-06-29T12:11:57+00:00,k3s-w1,Ready
2026-06-29T12:11:57+00:00,k3s-w2,Ready
2026-06-29T12:11:58+00:00,k3s-s1,Ready
2026-06-29T12:11:58+00:00,k3s-s2,Ready
2026-06-29T12:11:58+00:00,k3s-s3,Ready
2026-06-29T12:11:58+00:00,k3s-w1,Ready
2026-06-29T12:11:58+00:00,k3s-w2,Ready
2026-06-29T12:11:59+00:00,k3s-s1,Ready
2026-06-29T12:11:59+00:00,k3s-s2,Ready
2026-06-29T12:11:59+00:00,k3s-s3,Ready
2026-06-29T12:11:59+00:00,k3s-w1,Ready
2026-06-29T12:11:59+00:00,k3s-w2,Ready
2026-06-29T12:12:00+00:00,k3s-s1,Ready
2026-06-29T12:12:00+00:00,k3s-s2,Ready
2026-06-29T12:12:00+00:00,k3s-s3,Ready
2026-06-29T12:12:00+00:00,k3s-w1,Ready
2026-06-29T12:12:00+00:00,k3s-w2,Ready
2026-06-29T12:12:01+00:00,k3s-s1,Ready
2026-06-29T12:12:01+00:00,k3s-s2,Ready
2026-06-29T12:12:01+00:00,k3s-s3,Ready
2026-06-29T12:12:01+00:00,k3s-w1,Ready
2026-06-29T12:12:01+00:00,k3s-w2,Ready
2026-06-29T12:12:02+00:00,k3s-s1,Ready
2026-06-29T12:12:02+00:00,k3s-s2,Ready
2026-06-29T12:12:02+00:00,k3s-s3,Ready
2026-06-29T12:12:02+00:00,k3s-w1,Ready
2026-06-29T12:12:02+00:00,k3s-w2,Ready
2026-06-29T12:12:03+00:00,k3s-s1,Ready
2026-06-29T12:12:03+00:00,k3s-s2,Ready
2026-06-29T12:12:03+00:00,k3s-s3,Ready
2026-06-29T12:12:03+00:00,k3s-w1,Ready
2026-06-29T12:12:03+00:00,k3s-w2,Ready
2026-06-29T12:12:04+00:00,k3s-s1,Ready
2026-06-29T12:12:04+00:00,k3s-s2,Ready
2026-06-29T12:12:04+00:00,k3s-s3,Ready
2026-06-29T12:12:04+00:00,k3s-w1,Ready
2026-06-29T12:12:04+00:00,k3s-w2,Ready
2026-06-29T12:12:05+00:00,k3s-s1,Ready
2026-06-29T12:12:05+00:00,k3s-s2,Ready
2026-06-29T12:12:05+00:00,k3s-s3,Ready
2026-06-29T12:12:05+00:00,k3s-w1,Ready
2026-06-29T12:12:05+00:00,k3s-w2,Ready
2026-06-29T12:12:06+00:00,k3s-s1,Ready
2026-06-29T12:12:06+00:00,k3s-s2,Ready
2026-06-29T12:12:06+00:00,k3s-s3,Ready
2026-06-29T12:12:06+00:00,k3s-w1,Ready
2026-06-29T12:12:06+00:00,k3s-w2,Ready
2026-06-29T12:12:07+00:00,k3s-s1,Ready
2026-06-29T12:12:07+00:00,k3s-s2,Ready
2026-06-29T12:12:07+00:00,k3s-s3,Ready
2026-06-29T12:12:07+00:00,k3s-w1,Ready
2026-06-29T12:12:07+00:00,k3s-w2,Ready
2026-06-29T12:12:09+00:00,k3s-s1,Ready
2026-06-29T12:12:09+00:00,k3s-s2,Ready
2026-06-29T12:12:09+00:00,k3s-s3,Ready
2026-06-29T12:12:09+00:00,k3s-w1,Ready
2026-06-29T12:12:09+00:00,k3s-w2,Ready
2026-06-29T12:12:10+00:00,k3s-s1,Ready
2026-06-29T12:12:10+00:00,k3s-s2,Ready
2026-06-29T12:12:10+00:00,k3s-s3,Ready
2026-06-29T12:12:10+00:00,k3s-w1,Ready
2026-06-29T12:12:10+00:00,k3s-w2,Ready
2026-06-29T12:12:11+00:00,k3s-s1,Ready
2026-06-29T12:12:11+00:00,k3s-s2,Ready
2026-06-29T12:12:11+00:00,k3s-s3,Ready
2026-06-29T12:12:11+00:00,k3s-w1,Ready
2026-06-29T12:12:11+00:00,k3s-w2,Ready
2026-06-29T12:12:12+00:00,k3s-s1,Ready
2026-06-29T12:12:12+00:00,k3s-s2,Ready
2026-06-29T12:12:12+00:00,k3s-s3,Ready
2026-06-29T12:12:12+00:00,k3s-w1,Ready
2026-06-29T12:12:12+00:00,k3s-w2,Ready
2026-06-29T12:12:13+00:00,k3s-s1,Ready
2026-06-29T12:12:13+00:00,k3s-s2,Ready
2026-06-29T12:12:13+00:00,k3s-s3,Ready
2026-06-29T12:12:13+00:00,k3s-w1,Ready
2026-06-29T12:12:13+00:00,k3s-w2,Ready
2026-06-29T12:12:14+00:00,k3s-s1,Ready
2026-06-29T12:12:14+00:00,k3s-s2,Ready
2026-06-29T12:12:14+00:00,k3s-s3,Ready
2026-06-29T12:12:14+00:00,k3s-w1,Ready
2026-06-29T12:12:14+00:00,k3s-w2,Ready
2026-06-29T12:12:15+00:00,k3s-s1,Ready
2026-06-29T12:12:15+00:00,k3s-s2,Ready
2026-06-29T12:12:15+00:00,k3s-s3,Ready
2026-06-29T12:12:15+00:00,k3s-w1,Ready
2026-06-29T12:12:15+00:00,k3s-w2,Ready
2026-06-29T12:12:16+00:00,k3s-s1,Ready
2026-06-29T12:12:16+00:00,k3s-s2,Ready
2026-06-29T12:12:16+00:00,k3s-s3,Ready
2026-06-29T12:12:16+00:00,k3s-w1,Ready
2026-06-29T12:12:16+00:00,k3s-w2,Ready
2026-06-29T12:12:17+00:00,k3s-s1,Ready
2026-06-29T12:12:17+00:00,k3s-s2,Ready
2026-06-29T12:12:17+00:00,k3s-s3,Ready
2026-06-29T12:12:17+00:00,k3s-w1,Ready
2026-06-29T12:12:17+00:00,k3s-w2,Ready
2026-06-29T12:12:18+00:00,k3s-s1,Ready
2026-06-29T12:12:18+00:00,k3s-s2,Ready
2026-06-29T12:12:18+00:00,k3s-s3,Ready
2026-06-29T12:12:18+00:00,k3s-w1,Ready
2026-06-29T12:12:18+00:00,k3s-w2,Ready
2026-06-29T12:12:19+00:00,k3s-s1,Ready
2026-06-29T12:12:19+00:00,k3s-s2,Ready
2026-06-29T12:12:19+00:00,k3s-s3,Ready
2026-06-29T12:12:19+00:00,k3s-w1,Ready
2026-06-29T12:12:19+00:00,k3s-w2,Ready
2026-06-29T12:12:20+00:00,k3s-s1,Ready
2026-06-29T12:12:20+00:00,k3s-s2,Ready
2026-06-29T12:12:20+00:00,k3s-s3,Ready
2026-06-29T12:12:20+00:00,k3s-w1,Ready
2026-06-29T12:12:20+00:00,k3s-w2,Ready
2026-06-29T12:12:21+00:00,k3s-s1,Ready
2026-06-29T12:12:21+00:00,k3s-s2,Ready
2026-06-29T12:12:21+00:00,k3s-s3,Ready
2026-06-29T12:12:21+00:00,k3s-w1,Ready
2026-06-29T12:12:21+00:00,k3s-w2,Ready
2026-06-29T12:12:22+00:00,k3s-s1,Ready
2026-06-29T12:12:22+00:00,k3s-s2,Ready
2026-06-29T12:12:22+00:00,k3s-s3,Ready
2026-06-29T12:12:22+00:00,k3s-w1,Ready
2026-06-29T12:12:22+00:00,k3s-w2,Ready
2026-06-29T12:12:24+00:00,k3s-s1,Ready
2026-06-29T12:12:24+00:00,k3s-s2,Ready
2026-06-29T12:12:24+00:00,k3s-s3,Ready
2026-06-29T12:12:24+00:00,k3s-w1,Ready
2026-06-29T12:12:24+00:00,k3s-w2,Ready
2026-06-29T12:12:25+00:00,k3s-s1,Ready
2026-06-29T12:12:25+00:00,k3s-s2,Ready
2026-06-29T12:12:25+00:00,k3s-s3,Ready
2026-06-29T12:12:25+00:00,k3s-w1,Ready
2026-06-29T12:12:25+00:00,k3s-w2,Ready
2026-06-29T12:12:26+00:00,k3s-s1,Ready
2026-06-29T12:12:26+00:00,k3s-s2,Ready
2026-06-29T12:12:26+00:00,k3s-s3,Ready
2026-06-29T12:12:26+00:00,k3s-w1,Ready
2026-06-29T12:12:26+00:00,k3s-w2,Ready
2026-06-29T12:12:27+00:00,k3s-s1,Ready
2026-06-29T12:12:27+00:00,k3s-s2,Ready
2026-06-29T12:12:27+00:00,k3s-s3,Ready
2026-06-29T12:12:27+00:00,k3s-w1,Ready
2026-06-29T12:12:27+00:00,k3s-w2,Ready
2026-06-29T12:12:28+00:00,k3s-s1,Ready
2026-06-29T12:12:28+00:00,k3s-s2,Ready
2026-06-29T12:12:28+00:00,k3s-s3,Ready
2026-06-29T12:12:28+00:00,k3s-w1,Ready
2026-06-29T12:12:28+00:00,k3s-w2,Ready
2026-06-29T12:12:29+00:00,k3s-s1,Ready
2026-06-29T12:12:29+00:00,k3s-s2,Ready
2026-06-29T12:12:29+00:00,k3s-s3,Ready
2026-06-29T12:12:29+00:00,k3s-w1,Ready
2026-06-29T12:12:29+00:00,k3s-w2,Ready
2026-06-29T12:12:30+00:00,k3s-s1,Ready
2026-06-29T12:12:30+00:00,k3s-s2,Ready
2026-06-29T12:12:30+00:00,k3s-s3,Ready
2026-06-29T12:12:30+00:00,k3s-w1,Ready
2026-06-29T12:12:30+00:00,k3s-w2,Ready
2026-06-29T12:12:31+00:00,k3s-s1,Ready
2026-06-29T12:12:31+00:00,k3s-s2,Ready
2026-06-29T12:12:31+00:00,k3s-s3,Ready
2026-06-29T12:12:31+00:00,k3s-w1,Ready
2026-06-29T12:12:31+00:00,k3s-w2,Ready
2026-06-29T12:12:32+00:00,k3s-s1,Ready
2026-06-29T12:12:32+00:00,k3s-s2,Ready
2026-06-29T12:12:32+00:00,k3s-s3,Ready
2026-06-29T12:12:32+00:00,k3s-w1,Ready
2026-06-29T12:12:32+00:00,k3s-w2,Ready
2026-06-29T12:12:33+00:00,k3s-s1,Ready
2026-06-29T12:12:33+00:00,k3s-s2,Ready
2026-06-29T12:12:33+00:00,k3s-s3,Ready
2026-06-29T12:12:33+00:00,k3s-w1,Ready
2026-06-29T12:12:33+00:00,k3s-w2,Ready
2026-06-29T12:12:34+00:00,k3s-s1,Ready
2026-06-29T12:12:34+00:00,k3s-s2,Ready
2026-06-29T12:12:34+00:00,k3s-s3,Ready
2026-06-29T12:12:34+00:00,k3s-w1,Ready
2026-06-29T12:12:34+00:00,k3s-w2,Ready
2026-06-29T12:12:35+00:00,k3s-s1,Ready
2026-06-29T12:12:35+00:00,k3s-s2,Ready
2026-06-29T12:12:35+00:00,k3s-s3,Ready
2026-06-29T12:12:35+00:00,k3s-w1,Ready
2026-06-29T12:12:35+00:00,k3s-w2,Ready
2026-06-29T12:12:36+00:00,k3s-s1,Ready
2026-06-29T12:12:36+00:00,k3s-s2,Ready
2026-06-29T12:12:36+00:00,k3s-s3,Ready
2026-06-29T12:12:36+00:00,k3s-w1,Ready
2026-06-29T12:12:36+00:00,k3s-w2,Ready
2026-06-29T12:12:37+00:00,k3s-s1,Ready
2026-06-29T12:12:37+00:00,k3s-s2,Ready
2026-06-29T12:12:37+00:00,k3s-s3,Ready
2026-06-29T12:12:37+00:00,k3s-w1,Ready
2026-06-29T12:12:37+00:00,k3s-w2,Ready
2026-06-29T12:12:39+00:00,k3s-s1,Ready
2026-06-29T12:12:39+00:00,k3s-s2,Ready
2026-06-29T12:12:39+00:00,k3s-s3,Ready
2026-06-29T12:12:39+00:00,k3s-w1,Ready
2026-06-29T12:12:39+00:00,k3s-w2,Ready
2026-06-29T12:12:40+00:00,k3s-s1,Ready
2026-06-29T12:12:40+00:00,k3s-s2,Ready
2026-06-29T12:12:40+00:00,k3s-s3,Ready
2026-06-29T12:12:40+00:00,k3s-w1,Ready
2026-06-29T12:12:40+00:00,k3s-w2,Ready
2026-06-29T12:12:41+00:00,k3s-s1,Ready
2026-06-29T12:12:41+00:00,k3s-s2,Ready
2026-06-29T12:12:41+00:00,k3s-s3,Ready
2026-06-29T12:12:41+00:00,k3s-w1,Ready
2026-06-29T12:12:41+00:00,k3s-w2,Ready
