request_start_time,request_end_time,status_code,duration_ms,success,error
2026-06-29T11:45:02.878256+00:00,2026-06-29T11:45:02.880271+00:00,200,2.01,True,
2026-06-29T11:45:03.878674+00:00,2026-06-29T11:45:03.882603+00:00,200,3.93,True,
2026-06-29T11:45:04.879523+00:00,2026-06-29T11:45:04.882064+00:00,200,2.54,True,
2026-06-29T11:45:05.879651+00:00,2026-06-29T11:45:05.882632+00:00,200,2.98,True,
2026-06-29T11:45:06.880565+00:00,2026-06-29T11:45:06.884998+00:00,200,4.43,True,
2026-06-29T11:45:07.880700+00:00,2026-06-29T11:45:07.883270+00:00,200,2.57,True,
2026-06-29T11:45:08.880871+00:00,2026-06-29T11:45:08.886126+00:00,200,5.25,True,
2026-06-29T11:45:09.881054+00:00,2026-06-29T11:45:09.883931+00:00,200,2.88,True,
2026-06-29T11:45:10.881335+00:00,2026-06-29T11:45:10.888754+00:00,200,7.42,True,
2026-06-29T11:45:11.881691+00:00,2026-06-29T11:45:11.887792+00:00,200,6.1,True,
2026-06-29T11:45:12.881856+00:00,2026-06-29T11:45:12.885129+00:00,200,3.27,True,
2026-06-29T11:45:13.881981+00:00,2026-06-29T11:45:13.884963+00:00,200,2.98,True,
2026-06-29T11:45:14.882135+00:00,2026-06-29T11:45:14.884363+00:00,200,2.23,True,
2026-06-29T11:45:15.882444+00:00,2026-06-29T11:45:15.883915+00:00,200,1.47,True,
2026-06-29T11:45:16.882731+00:00,2026-06-29T11:45:16.884227+00:00,200,1.5,True,
2026-06-29T11:45:17.882821+00:00,2026-06-29T11:45:17.884715+00:00,200,1.89,True,
2026-06-29T11:45:18.883130+00:00,2026-06-29T11:45:18.890692+00:00,200,7.56,True,
2026-06-29T11:45:19.883374+00:00,2026-06-29T11:45:19.886101+00:00,200,2.73,True,
2026-06-29T11:45:20.883679+00:00,2026-06-29T11:45:20.886420+00:00,200,2.74,True,
2026-06-29T11:45:21.884103+00:00,2026-06-29T11:45:21.890333+00:00,200,6.23,True,
2026-06-29T11:45:22.884895+00:00,2026-06-29T11:45:22.892919+00:00,200,8.02,True,
2026-06-29T11:45:23.885044+00:00,2026-06-29T11:45:23.891024+00:00,200,5.98,True,
2026-06-29T11:45:24.885760+00:00,2026-06-29T11:45:24.888748+00:00,200,2.99,True,
2026-06-29T11:45:25.887203+00:00,2026-06-29T11:45:25.889975+00:00,200,2.77,True,
2026-06-29T11:45:26.887410+00:00,2026-06-29T11:45:26.891214+00:00,200,3.8,True,
2026-06-29T11:45:27.888532+00:00,2026-06-29T11:45:27.891862+00:00,200,3.33,True,
2026-06-29T11:45:28.888975+00:00,2026-06-29T11:45:28.891088+00:00,200,2.11,True,
2026-06-29T11:45:29.889149+00:00,2026-06-29T11:45:29.890714+00:00,200,1.56,True,
2026-06-29T11:45:30.889251+00:00,2026-06-29T11:45:30.890991+00:00,200,1.74,True,
2026-06-29T11:45:31.889524+00:00,2026-06-29T11:45:31.891156+00:00,200,1.63,True,
2026-06-29T11:45:32.889761+00:00,2026-06-29T11:45:32.902194+00:00,200,12.43,True,
2026-06-29T11:45:33.890194+00:00,2026-06-29T11:45:33.898907+00:00,200,8.71,True,
2026-06-29T11:45:34.890879+00:00,2026-06-29T11:45:34.896214+00:00,200,5.33,True,
2026-06-29T11:45:35.891050+00:00,2026-06-29T11:45:35.893313+00:00,200,2.26,True,
2026-06-29T11:45:36.891295+00:00,2026-06-29T11:45:36.896272+00:00,200,4.98,True,
2026-06-29T11:45:37.891673+00:00,2026-06-29T11:45:37.899087+00:00,200,7.41,True,
2026-06-29T11:45:38.891835+00:00,2026-06-29T11:45:38.897014+00:00,200,5.18,True,
2026-06-29T11:45:39.892100+00:00,2026-06-29T11:45:39.894919+00:00,200,2.82,True,
2026-06-29T11:45:40.892278+00:00,2026-06-29T11:45:40.894885+00:00,200,2.61,True,
2026-06-29T11:45:41.892379+00:00,2026-06-29T11:45:41.894673+00:00,200,2.29,True,
2026-06-29T11:45:42.892599+00:00,2026-06-29T11:45:42.895542+00:00,200,2.94,True,
2026-06-29T11:45:43.893182+00:00,2026-06-29T11:45:43.894760+00:00,200,1.58,True,
2026-06-29T11:45:44.893267+00:00,2026-06-29T11:45:44.894625+00:00,200,1.36,True,
2026-06-29T11:45:45.893528+00:00,2026-06-29T11:45:45.894880+00:00,200,1.35,True,
2026-06-29T11:45:46.893880+00:00,2026-06-29T11:45:46.895927+00:00,200,2.05,True,
2026-06-29T11:45:47.894350+00:00,2026-06-29T11:45:47.897682+00:00,200,3.33,True,
2026-06-29T11:45:48.894550+00:00,2026-06-29T11:45:48.900347+00:00,200,5.8,True,
2026-06-29T11:45:49.894752+00:00,2026-06-29T11:45:49.899453+00:00,200,4.7,True,
2026-06-29T11:45:50.894894+00:00,2026-06-29T11:45:50.900843+00:00,200,5.95,True,
2026-06-29T11:45:51.895090+00:00,2026-06-29T11:45:51.900922+00:00,200,5.83,True,
2026-06-29T11:45:52.895275+00:00,2026-06-29T11:45:52.899857+00:00,200,4.58,True,
2026-06-29T11:45:53.896442+00:00,2026-06-29T11:45:53.900555+00:00,200,4.11,True,
2026-06-29T11:45:54.896787+00:00,2026-06-29T11:45:54.900543+00:00,200,3.76,True,
2026-06-29T11:45:55.897202+00:00,2026-06-29T11:45:55.899701+00:00,200,2.5,True,
2026-06-29T11:45:56.897672+00:00,2026-06-29T11:45:56.899565+00:00,200,1.89,True,
2026-06-29T11:45:57.898377+00:00,2026-06-29T11:45:57.901276+00:00,200,2.9,True,
2026-06-29T11:45:58.898619+00:00,2026-06-29T11:45:58.900593+00:00,200,1.97,True,
2026-06-29T11:45:59.899702+00:00,2026-06-29T11:45:59.901314+00:00,200,1.61,True,
2026-06-29T11:46:00.899809+00:00,2026-06-29T11:46:00.901751+00:00,200,1.94,True,
2026-06-29T11:46:01.900315+00:00,2026-06-29T11:46:01.903967+00:00,200,3.65,True,
2026-06-29T11:46:02.900876+00:00,2026-06-29T11:46:02.905315+00:00,200,4.44,True,
2026-06-29T11:46:03.901044+00:00,2026-06-29T11:46:03.906698+00:00,200,5.65,True,
2026-06-29T11:46:04.901264+00:00,2026-06-29T11:46:04.905163+00:00,200,3.9,True,
2026-06-29T11:46:05.901439+00:00,2026-06-29T11:46:05.904545+00:00,200,3.11,True,
2026-06-29T11:46:06.901783+00:00,2026-06-29T11:46:06.905079+00:00,200,3.3,True,
2026-06-29T11:46:07.901960+00:00,2026-06-29T11:46:07.905394+00:00,200,3.43,True,
2026-06-29T11:46:08.902207+00:00,2026-06-29T11:46:08.905572+00:00,200,3.36,True,
2026-06-29T11:46:09.903161+00:00,2026-06-29T11:46:09.906023+00:00,200,2.86,True,
2026-06-29T11:46:10.903406+00:00,2026-06-29T11:46:10.905403+00:00,200,2.0,True,
2026-06-29T11:46:11.903772+00:00,2026-06-29T11:46:11.907117+00:00,200,3.34,True,
2026-06-29T11:46:12.903920+00:00,2026-06-29T11:46:12.905890+00:00,200,1.97,True,
2026-06-29T11:46:13.904120+00:00,2026-06-29T11:46:13.905847+00:00,200,1.73,True,
2026-06-29T11:46:14.904241+00:00,2026-06-29T11:46:14.905872+00:00,200,1.63,True,
2026-06-29T11:46:15.904340+00:00,2026-06-29T11:46:15.906284+00:00,200,1.94,True,
2026-06-29T11:46:16.904478+00:00,2026-06-29T11:46:16.907993+00:00,200,3.51,True,
2026-06-29T11:46:17.904815+00:00,2026-06-29T11:46:17.910845+00:00,200,6.03,True,
2026-06-29T11:46:18.905581+00:00,2026-06-29T11:46:18.912449+00:00,200,6.87,True,
2026-06-29T11:46:19.906060+00:00,2026-06-29T11:46:19.912174+00:00,200,6.11,True,
2026-06-29T11:46:20.906805+00:00,2026-06-29T11:46:20.911615+00:00,200,4.81,True,
2026-06-29T11:46:21.908063+00:00,2026-06-29T11:46:21.914239+00:00,200,6.18,True,
2026-06-29T11:46:22.908271+00:00,2026-06-29T11:46:22.912172+00:00,200,3.9,True,
2026-06-29T11:46:23.908601+00:00,2026-06-29T11:46:23.915009+00:00,200,6.41,True,
2026-06-29T11:46:24.909523+00:00,2026-06-29T11:46:24.912886+00:00,200,3.36,True,
2026-06-29T11:46:25.910177+00:00,2026-06-29T11:46:25.912260+00:00,200,2.08,True,
2026-06-29T11:46:26.911160+00:00,2026-06-29T11:46:26.912807+00:00,200,1.65,True,
2026-06-29T11:46:27.913205+00:00,2026-06-29T11:46:27.914677+00:00,200,1.47,True,
2026-06-29T11:46:28.913759+00:00,2026-06-29T11:46:28.915063+00:00,200,1.3,True,
2026-06-29T11:46:29.913915+00:00,2026-06-29T11:46:29.917416+00:00,200,3.5,True,
2026-06-29T11:46:30.914647+00:00,2026-06-29T11:46:30.918387+00:00,200,3.74,True,
2026-06-29T11:46:31.914871+00:00,2026-06-29T11:46:31.918095+00:00,200,3.22,True,
2026-06-29T11:46:32.915063+00:00,2026-06-29T11:46:32.920597+00:00,200,5.53,True,
2026-06-29T11:46:33.915247+00:00,2026-06-29T11:46:33.921777+00:00,200,6.53,True,
2026-06-29T11:46:34.915605+00:00,2026-06-29T11:46:34.923172+00:00,200,7.57,True,
2026-06-29T11:46:35.916437+00:00,2026-06-29T11:46:35.922175+00:00,200,5.74,True,
2026-06-29T11:46:36.916675+00:00,2026-06-29T11:46:36.922559+00:00,200,5.88,True,
2026-06-29T11:46:37.917560+00:00,2026-06-29T11:46:37.921064+00:00,200,3.5,True,
2026-06-29T11:46:38.917783+00:00,2026-06-29T11:46:38.924679+00:00,200,6.9,True,
2026-06-29T11:46:39.917981+00:00,2026-06-29T11:46:39.921220+00:00,200,3.24,True,
2026-06-29T11:46:40.918347+00:00,2026-06-29T11:46:40.921007+00:00,200,2.66,True,
2026-06-29T11:46:41.918703+00:00,2026-06-29T11:46:41.920687+00:00,200,1.98,True,
2026-06-29T11:46:42.919057+00:00,2026-06-29T11:46:42.920973+00:00,200,1.92,True,
2026-06-29T11:46:43.919994+00:00,2026-06-29T11:46:43.921359+00:00,200,1.36,True,
2026-06-29T11:46:44.920156+00:00,2026-06-29T11:46:44.924049+00:00,200,3.89,True,
2026-06-29T11:46:45.920328+00:00,2026-06-29T11:46:45.924939+00:00,200,4.61,True,
2026-06-29T11:46:46.920628+00:00,2026-06-29T11:46:46.924146+00:00,200,3.52,True,
2026-06-29T11:46:47.920738+00:00,2026-06-29T11:46:47.924055+00:00,200,3.32,True,
2026-06-29T11:46:48.920859+00:00,2026-06-29T11:46:48.924679+00:00,200,3.82,True,
2026-06-29T11:46:49.921684+00:00,2026-06-29T11:46:49.926120+00:00,200,4.44,True,
2026-06-29T11:46:50.921812+00:00,2026-06-29T11:46:50.927664+00:00,200,5.85,True,
2026-06-29T11:46:51.922084+00:00,2026-06-29T11:46:51.927128+00:00,200,5.04,True,
2026-06-29T11:46:52.922349+00:00,2026-06-29T11:46:52.925525+00:00,200,3.18,True,
2026-06-29T11:46:53.922654+00:00,2026-06-29T11:46:53.925356+00:00,200,2.7,True,
2026-06-29T11:46:54.922781+00:00,2026-06-29T11:46:54.925764+00:00,200,2.98,True,
2026-06-29T11:46:55.923169+00:00,2026-06-29T11:46:55.924970+00:00,200,1.8,True,
2026-06-29T11:46:56.923384+00:00,2026-06-29T11:46:56.924964+00:00,200,1.58,True,
2026-06-29T11:46:57.924113+00:00,2026-06-29T11:46:57.926240+00:00,200,2.13,True,
2026-06-29T11:46:58.924788+00:00,2026-06-29T11:46:58.930230+00:00,200,5.44,True,
2026-06-29T11:46:59.925273+00:00,2026-06-29T11:46:59.932833+00:00,200,7.56,True,
2026-06-29T11:47:00.925562+00:00,2026-06-29T11:47:00.930717+00:00,200,5.16,True,
2026-06-29T11:47:01.925830+00:00,2026-06-29T11:47:01.931191+00:00,200,5.36,True,
2026-06-29T11:47:02.926005+00:00,2026-06-29T11:47:02.930971+00:00,200,4.97,True,
2026-06-29T11:47:03.926793+00:00,2026-06-29T11:47:03.929840+00:00,200,3.05,True,
2026-06-29T11:47:04.927154+00:00,2026-06-29T11:47:04.933436+00:00,200,6.28,True,
2026-06-29T11:47:05.927895+00:00,2026-06-29T11:47:05.930615+00:00,200,2.72,True,
2026-06-29T11:47:06.928065+00:00,2026-06-29T11:47:06.933640+00:00,200,5.58,True,
2026-06-29T11:47:07.928529+00:00,2026-06-29T11:47:07.931073+00:00,200,2.54,True,
2026-06-29T11:47:08.928702+00:00,2026-06-29T11:47:08.931149+00:00,200,2.45,True,
2026-06-29T11:47:09.928839+00:00,2026-06-29T11:47:09.931117+00:00,200,2.28,True,
2026-06-29T11:47:10.929011+00:00,2026-06-29T11:47:10.930792+00:00,200,1.78,True,
2026-06-29T11:47:11.929900+00:00,2026-06-29T11:47:11.931265+00:00,200,1.36,True,
2026-06-29T11:47:12.930094+00:00,2026-06-29T11:47:12.931975+00:00,200,1.88,True,
2026-06-29T11:47:13.930255+00:00,2026-06-29T11:47:13.934150+00:00,200,3.9,True,
2026-06-29T11:47:14.930477+00:00,2026-06-29T11:47:14.936250+00:00,200,5.77,True,
2026-06-29T11:47:15.930785+00:00,2026-06-29T11:47:15.938998+00:00,200,8.21,True,
2026-06-29T11:47:16.931017+00:00,2026-06-29T11:47:16.937109+00:00,200,6.09,True,
2026-06-29T11:47:17.931200+00:00,2026-06-29T11:47:17.935155+00:00,200,3.96,True,
2026-06-29T11:47:18.931549+00:00,2026-06-29T11:47:18.936634+00:00,200,5.08,True,
2026-06-29T11:47:19.931863+00:00,2026-06-29T11:47:19.935666+00:00,200,3.8,True,
2026-06-29T11:47:20.932538+00:00,2026-06-29T11:47:20.937890+00:00,200,5.35,True,
2026-06-29T11:47:21.932898+00:00,2026-06-29T11:47:21.936697+00:00,200,3.8,True,
2026-06-29T11:47:22.933012+00:00,2026-06-29T11:47:22.935480+00:00,200,2.47,True,
2026-06-29T11:47:23.933269+00:00,2026-06-29T11:47:23.935318+00:00,200,2.05,True,
2026-06-29T11:47:24.933543+00:00,2026-06-29T11:47:24.934906+00:00,200,1.36,True,
2026-06-29T11:47:25.934218+00:00,2026-06-29T11:47:25.935613+00:00,200,1.4,True,
2026-06-29T11:47:26.934472+00:00,2026-06-29T11:47:26.936189+00:00,200,1.72,True,
2026-06-29T11:47:27.935082+00:00,2026-06-29T11:47:27.938344+00:00,200,3.26,True,
2026-06-29T11:47:28.935316+00:00,2026-06-29T11:47:28.939211+00:00,200,3.9,True,
2026-06-29T11:47:29.936545+00:00,2026-06-29T11:47:29.940427+00:00,200,3.88,True,
2026-06-29T11:47:30.936672+00:00,2026-06-29T11:47:30.941429+00:00,200,4.76,True,
2026-06-29T11:47:31.938250+00:00,2026-06-29T11:47:31.944980+00:00,200,6.73,True,
2026-06-29T11:47:32.938585+00:00,2026-06-29T11:47:32.943701+00:00,200,5.12,True,
2026-06-29T11:47:33.938822+00:00,2026-06-29T11:47:33.945745+00:00,200,6.92,True,
2026-06-29T11:47:34.939015+00:00,2026-06-29T11:47:34.942593+00:00,200,3.58,True,
2026-06-29T11:47:35.939707+00:00,2026-06-29T11:47:35.946214+00:00,200,6.51,True,
2026-06-29T11:47:36.939860+00:00,2026-06-29T11:47:36.942289+00:00,200,2.43,True,
2026-06-29T11:47:37.940015+00:00,2026-06-29T11:47:37.942776+00:00,200,2.76,True,
2026-06-29T11:47:38.941114+00:00,2026-06-29T11:47:38.943273+00:00,200,2.16,True,
2026-06-29T11:47:39.941385+00:00,2026-06-29T11:47:39.943083+00:00,200,1.7,True,
2026-06-29T11:47:40.941637+00:00,2026-06-29T11:47:40.943025+00:00,200,1.39,True,
2026-06-29T11:47:41.941752+00:00,2026-06-29T11:47:41.943909+00:00,200,2.16,True,
2026-06-29T11:47:42.942938+00:00,2026-06-29T11:47:42.946417+00:00,200,3.48,True,
2026-06-29T11:47:43.943662+00:00,2026-06-29T11:47:43.947322+00:00,200,3.66,True,
2026-06-29T11:47:44.943807+00:00,2026-06-29T11:47:44.947540+00:00,200,3.73,True,
2026-06-29T11:47:45.944583+00:00,2026-06-29T11:47:45.948420+00:00,200,3.84,True,
2026-06-29T11:47:46.946549+00:00,2026-06-29T11:47:46.953098+00:00,200,6.55,True,
2026-06-29T11:47:47.947545+00:00,2026-06-29T11:47:47.950379+00:00,200,2.83,True,
2026-06-29T11:47:48.947650+00:00,2026-06-29T11:47:48.951384+00:00,200,3.73,True,
2026-06-29T11:47:49.949410+00:00,2026-06-29T11:47:49.954673+00:00,200,5.26,True,
2026-06-29T11:47:50.949719+00:00,2026-06-29T11:47:50.952095+00:00,200,2.38,True,
2026-06-29T11:47:51.950201+00:00,2026-06-29T11:47:51.953923+00:00,200,3.72,True,
2026-06-29T11:47:52.950344+00:00,2026-06-29T11:47:52.951960+00:00,200,1.62,True,
2026-06-29T11:47:53.950595+00:00,2026-06-29T11:47:53.952846+00:00,200,2.25,True,
2026-06-29T11:47:54.951226+00:00,2026-06-29T11:47:54.953029+00:00,200,1.8,True,
2026-06-29T11:47:55.951448+00:00,2026-06-29T11:47:55.953022+00:00,200,1.57,True,
2026-06-29T11:47:56.951591+00:00,2026-06-29T11:47:56.955879+00:00,200,4.29,True,
2026-06-29T11:47:57.951685+00:00,2026-06-29T11:47:57.958604+00:00,200,6.92,True,
2026-06-29T11:47:58.952078+00:00,2026-06-29T11:47:58.955046+00:00,200,2.97,True,
2026-06-29T11:47:59.953522+00:00,2026-06-29T11:47:59.957654+00:00,200,4.13,True,
2026-06-29T11:48:00.953734+00:00,2026-06-29T11:48:00.957021+00:00,200,3.29,True,
2026-06-29T11:48:01.953906+00:00,2026-06-29T11:48:01.957149+00:00,200,3.24,True,
2026-06-29T11:48:02.954033+00:00,2026-06-29T11:48:02.956951+00:00,200,2.92,True,
2026-06-29T11:48:03.954248+00:00,2026-06-29T11:48:03.958333+00:00,200,4.08,True,
2026-06-29T11:48:04.954445+00:00,2026-06-29T11:48:04.957469+00:00,200,3.02,True,
2026-06-29T11:48:05.954545+00:00,2026-06-29T11:48:05.956716+00:00,200,2.17,True,
2026-06-29T11:48:06.954675+00:00,2026-06-29T11:48:06.957196+00:00,200,2.52,True,
2026-06-29T11:48:07.954781+00:00,2026-06-29T11:48:07.956667+00:00,200,1.89,True,
2026-06-29T11:48:08.954932+00:00,2026-06-29T11:48:08.956820+00:00,200,1.89,True,
2026-06-29T11:48:09.955087+00:00,2026-06-29T11:48:09.956892+00:00,200,1.8,True,
2026-06-29T11:48:10.955161+00:00,2026-06-29T11:48:10.956627+00:00,200,1.47,True,
2026-06-29T11:48:11.955420+00:00,2026-06-29T11:48:11.959748+00:00,200,4.33,True,
2026-06-29T11:48:12.955739+00:00,2026-06-29T11:48:12.958710+00:00,200,2.97,True,
2026-06-29T11:48:13.955890+00:00,2026-06-29T11:48:13.958747+00:00,200,2.86,True,
2026-06-29T11:48:14.956091+00:00,2026-06-29T11:48:14.958847+00:00,200,2.76,True,
2026-06-29T11:48:15.956310+00:00,2026-06-29T11:48:15.962843+00:00,200,6.53,True,
2026-06-29T11:48:16.956600+00:00,2026-06-29T11:48:16.960064+00:00,200,3.46,True,
2026-06-29T11:48:17.956960+00:00,2026-06-29T11:48:17.958761+00:00,200,1.8,True,
2026-06-29T11:48:18.957180+00:00,2026-06-29T11:48:18.960747+00:00,200,3.57,True,
2026-06-29T11:48:19.957447+00:00,2026-06-29T11:48:19.961810+00:00,200,4.36,True,
2026-06-29T11:48:20.957565+00:00,2026-06-29T11:48:20.959141+00:00,200,1.58,True,
2026-06-29T11:48:21.958201+00:00,2026-06-29T11:48:21.960107+00:00,200,1.91,True,
2026-06-29T11:48:22.958372+00:00,2026-06-29T11:48:22.960476+00:00,200,2.1,True,
2026-06-29T11:48:23.958660+00:00,2026-06-29T11:48:23.960367+00:00,200,1.71,True,
2026-06-29T11:48:24.958721+00:00,2026-06-29T11:48:24.960000+00:00,200,1.28,True,
2026-06-29T11:48:25.958796+00:00,2026-06-29T11:48:25.961136+00:00,200,2.34,True,
2026-06-29T11:48:26.959519+00:00,2026-06-29T11:48:26.961258+00:00,200,1.74,True,
2026-06-29T11:48:27.959658+00:00,2026-06-29T11:48:27.963330+00:00,200,3.67,True,
2026-06-29T11:48:28.961576+00:00,2026-06-29T11:48:28.972521+00:00,200,10.95,True,
2026-06-29T11:48:29.961746+00:00,2026-06-29T11:48:29.967128+00:00,200,5.38,True,
2026-06-29T11:48:30.961908+00:00,2026-06-29T11:48:30.965446+00:00,200,3.54,True,
2026-06-29T11:48:31.962390+00:00,2026-06-29T11:48:31.965780+00:00,200,3.39,True,
2026-06-29T11:48:32.962662+00:00,2026-06-29T11:48:32.968768+00:00,200,6.11,True,
2026-06-29T11:48:33.962823+00:00,2026-06-29T11:48:33.967588+00:00,200,4.77,True,
2026-06-29T11:48:34.962947+00:00,2026-06-29T11:48:34.966264+00:00,200,3.32,True,
2026-06-29T11:48:35.963192+00:00,2026-06-29T11:48:35.966746+00:00,200,3.55,True,
2026-06-29T11:48:36.963306+00:00,2026-06-29T11:48:36.965227+00:00,200,1.92,True,
2026-06-29T11:48:37.963579+00:00,2026-06-29T11:48:37.964963+00:00,200,1.38,True,
2026-06-29T11:48:38.963695+00:00,2026-06-29T11:48:38.965162+00:00,200,1.47,True,
2026-06-29T11:48:39.963825+00:00,2026-06-29T11:48:39.965510+00:00,200,1.69,True,
2026-06-29T11:48:40.963933+00:00,2026-06-29T11:48:40.966398+00:00,200,2.47,True,
2026-06-29T11:48:41.964112+00:00,2026-06-29T11:48:41.970916+00:00,200,6.8,True,
2026-06-29T11:48:42.964295+00:00,2026-06-29T11:48:42.967217+00:00,200,2.92,True,
2026-06-29T11:48:43.964461+00:00,2026-06-29T11:48:43.971565+00:00,200,7.1,True,
2026-06-29T11:48:44.964699+00:00,2026-06-29T11:48:44.967584+00:00,200,2.88,True,
2026-06-29T11:48:45.964851+00:00,2026-06-29T11:48:45.968126+00:00,200,3.28,True,
2026-06-29T11:48:46.965058+00:00,2026-06-29T11:48:46.969662+00:00,200,4.6,True,
2026-06-29T11:48:47.965319+00:00,2026-06-29T11:48:47.968261+00:00,200,2.94,True,
2026-06-29T11:48:48.965549+00:00,2026-06-29T11:48:48.972853+00:00,200,7.3,True,
2026-06-29T11:48:49.965598+00:00,2026-06-29T11:48:49.968280+00:00,200,2.68,True,
2026-06-29T11:48:50.965717+00:00,2026-06-29T11:48:50.968645+00:00,200,2.93,True,
2026-06-29T11:48:51.965833+00:00,2026-06-29T11:48:51.967845+00:00,200,2.01,True,
2026-06-29T11:48:52.966010+00:00,2026-06-29T11:48:52.967465+00:00,200,1.45,True,
2026-06-29T11:48:53.966191+00:00,2026-06-29T11:48:53.967788+00:00,200,1.6,True,
2026-06-29T11:48:54.967021+00:00,2026-06-29T11:48:54.968835+00:00,200,1.81,True,
2026-06-29T11:48:55.967236+00:00,2026-06-29T11:48:55.970880+00:00,200,3.64,True,
2026-06-29T11:48:56.967377+00:00,2026-06-29T11:48:56.972087+00:00,200,4.71,True,
2026-06-29T11:48:57.967537+00:00,2026-06-29T11:48:57.971007+00:00,200,3.47,True,
2026-06-29T11:48:58.967679+00:00,2026-06-29T11:48:58.976485+00:00,200,8.81,True,
2026-06-29T11:48:59.967844+00:00,2026-06-29T11:48:59.974235+00:00,200,6.39,True,
2026-06-29T11:49:00.967936+00:00,2026-06-29T11:49:00.970885+00:00,200,2.95,True,
2026-06-29T11:49:01.968107+00:00,2026-06-29T11:49:01.973290+00:00,200,5.18,True,
2026-06-29T11:49:02.968316+00:00,2026-06-29T11:49:02.971706+00:00,200,3.39,True,
2026-06-29T11:49:03.968447+00:00,2026-06-29T11:49:03.970808+00:00,200,2.36,True,
2026-06-29T11:49:04.968781+00:00,2026-06-29T11:49:04.971524+00:00,200,2.74,True,
2026-06-29T11:49:05.968954+00:00,2026-06-29T11:49:05.971121+00:00,200,2.17,True,
2026-06-29T11:49:06.969054+00:00,2026-06-29T11:49:06.971113+00:00,200,2.06,True,
2026-06-29T11:49:07.970577+00:00,2026-06-29T11:49:07.972018+00:00,200,1.44,True,
2026-06-29T11:49:08.970762+00:00,2026-06-29T11:49:08.972258+00:00,200,1.5,True,
2026-06-29T11:49:09.971111+00:00,2026-06-29T11:49:09.973341+00:00,200,2.23,True,
2026-06-29T11:49:10.971367+00:00,2026-06-29T11:49:10.978318+00:00,200,6.95,True,
2026-06-29T11:49:11.971748+00:00,2026-06-29T11:49:11.976694+00:00,200,4.95,True,
2026-06-29T11:49:12.971876+00:00,2026-06-29T11:49:12.976797+00:00,200,4.92,True,
2026-06-29T11:49:13.972079+00:00,2026-06-29T11:49:13.975038+00:00,200,2.96,True,
2026-06-29T11:49:14.972279+00:00,2026-06-29T11:49:14.975694+00:00,200,3.42,True,
2026-06-29T11:49:15.972573+00:00,2026-06-29T11:49:15.978231+00:00,200,5.66,True,
2026-06-29T11:49:16.972852+00:00,2026-06-29T11:49:16.978346+00:00,200,5.49,True,
2026-06-29T11:49:17.973288+00:00,2026-06-29T11:49:17.977140+00:00,200,3.85,True,
2026-06-29T11:49:18.973481+00:00,2026-06-29T11:49:18.976906+00:00,200,3.43,True,
2026-06-29T11:49:19.973589+00:00,2026-06-29T11:49:19.975923+00:00,200,2.33,True,
2026-06-29T11:49:20.973903+00:00,2026-06-29T11:49:20.975352+00:00,200,1.45,True,
2026-06-29T11:49:21.974006+00:00,2026-06-29T11:49:21.976016+00:00,200,2.01,True,
2026-06-29T11:49:22.974183+00:00,2026-06-29T11:49:22.976004+00:00,200,1.82,True,
2026-06-29T11:49:23.974386+00:00,2026-06-29T11:49:23.976205+00:00,200,1.82,True,
2026-06-29T11:49:24.974615+00:00,2026-06-29T11:49:24.977153+00:00,200,2.54,True,
2026-06-29T11:49:25.974687+00:00,2026-06-29T11:49:25.978434+00:00,200,3.75,True,
2026-06-29T11:49:26.974857+00:00,2026-06-29T11:49:26.978736+00:00,200,3.88,True,
2026-06-29T11:49:27.975376+00:00,2026-06-29T11:49:27.981822+00:00,200,6.45,True,
2026-06-29T11:49:28.975543+00:00,2026-06-29T11:49:28.978750+00:00,200,3.21,True,
2026-06-29T11:49:29.975679+00:00,2026-06-29T11:49:29.979422+00:00,200,3.74,True,
2026-06-29T11:49:30.976092+00:00,2026-06-29T11:49:30.979980+00:00,200,3.89,True,
2026-06-29T11:49:31.976376+00:00,2026-06-29T11:49:31.983281+00:00,200,6.9,True,
2026-06-29T11:49:32.976702+00:00,2026-06-29T11:49:32.981173+00:00,200,4.47,True,
2026-06-29T11:49:33.976812+00:00,2026-06-29T11:49:33.979079+00:00,200,2.27,True,
2026-06-29T11:49:34.977519+00:00,2026-06-29T11:49:34.979739+00:00,200,2.22,True,
2026-06-29T11:49:35.977837+00:00,2026-06-29T11:49:35.979327+00:00,200,1.49,True,
2026-06-29T11:49:36.977965+00:00,2026-06-29T11:49:36.979872+00:00,200,1.91,True,
2026-06-29T11:49:37.978048+00:00,2026-06-29T11:49:37.979483+00:00,200,1.44,True,
2026-06-29T11:49:38.978331+00:00,2026-06-29T11:49:38.985823+00:00,200,7.49,True,
2026-06-29T11:49:39.978876+00:00,2026-06-29T11:49:39.981760+00:00,200,2.88,True,
2026-06-29T11:49:40.979054+00:00,2026-06-29T11:49:40.982529+00:00,200,3.47,True,
2026-06-29T11:49:41.979347+00:00,2026-06-29T11:49:41.983599+00:00,200,4.25,True,
2026-06-29T11:49:42.979535+00:00,2026-06-29T11:49:42.981641+00:00,200,2.11,True,
2026-06-29T11:49:43.980438+00:00,2026-06-29T11:49:43.984265+00:00,200,3.83,True,
2026-06-29T11:49:44.980795+00:00,2026-06-29T11:49:44.986722+00:00,200,5.93,True,
2026-06-29T11:49:45.981010+00:00,2026-06-29T11:49:45.984342+00:00,200,3.33,True,
2026-06-29T11:49:46.981201+00:00,2026-06-29T11:49:46.988201+00:00,200,7.0,True,
2026-06-29T11:49:47.982209+00:00,2026-06-29T11:49:47.984734+00:00,200,2.52,True,
2026-06-29T11:49:48.982727+00:00,2026-06-29T11:49:48.985432+00:00,200,2.71,True,
2026-06-29T11:49:49.982855+00:00,2026-06-29T11:49:49.984781+00:00,200,1.93,True,
2026-06-29T11:49:50.983665+00:00,2026-06-29T11:49:50.985484+00:00,200,1.82,True,
2026-06-29T11:49:51.983796+00:00,2026-06-29T11:49:51.985479+00:00,200,1.68,True,
2026-06-29T11:49:52.984129+00:00,2026-06-29T11:49:52.986784+00:00,200,2.65,True,
2026-06-29T11:49:53.986291+00:00,2026-06-29T11:49:53.992134+00:00,200,5.84,True,
2026-06-29T11:49:54.986969+00:00,2026-06-29T11:49:54.994059+00:00,200,7.09,True,
2026-06-29T11:49:55.987180+00:00,2026-06-29T11:49:55.990147+00:00,200,2.97,True,
2026-06-29T11:49:56.987784+00:00,2026-06-29T11:49:56.994964+00:00,200,7.18,True,
2026-06-29T11:49:57.987967+00:00,2026-06-29T11:49:57.990565+00:00,200,2.6,True,
2026-06-29T11:49:58.988519+00:00,2026-06-29T11:49:58.994204+00:00,200,5.68,True,
2026-06-29T11:49:59.988715+00:00,2026-06-29T11:49:59.994338+00:00,200,5.62,True,
2026-06-29T11:50:00.989367+00:00,2026-06-29T11:50:00.992535+00:00,200,3.17,True,
2026-06-29T11:50:01.989518+00:00,2026-06-29T11:50:01.993232+00:00,200,3.71,True,
2026-06-29T11:50:02.989649+00:00,2026-06-29T11:50:02.993855+00:00,200,4.21,True,
2026-06-29T11:50:03.990299+00:00,2026-06-29T11:50:03.992270+00:00,200,1.97,True,
2026-06-29T11:50:04.990527+00:00,2026-06-29T11:50:04.992049+00:00,200,1.52,True,
2026-06-29T11:50:05.990931+00:00,2026-06-29T11:50:05.992717+00:00,200,1.79,True,
2026-06-29T11:50:06.991093+00:00,2026-06-29T11:50:06.992444+00:00,200,1.35,True,
2026-06-29T11:50:07.991198+00:00,2026-06-29T11:50:07.994599+00:00,200,3.4,True,
2026-06-29T11:50:08.991914+00:00,2026-06-29T11:50:08.997553+00:00,200,5.64,True,
2026-06-29T11:50:09.992093+00:00,2026-06-29T11:50:09.998879+00:00,200,6.79,True,
2026-06-29T11:50:10.993025+00:00,2026-06-29T11:50:10.998422+00:00,200,5.4,True,
2026-06-29T11:50:11.994201+00:00,2026-06-29T11:50:11.997368+00:00,200,3.17,True,
2026-06-29T11:50:12.994357+00:00,2026-06-29T11:50:13.000199+00:00,200,5.84,True,
2026-06-29T11:50:13.995032+00:00,2026-06-29T11:50:14.002159+00:00,200,7.13,True,
2026-06-29T11:50:14.995336+00:00,2026-06-29T11:50:14.999816+00:00,200,4.48,True,
2026-06-29T11:50:15.995595+00:00,2026-06-29T11:50:15.998425+00:00,200,2.83,True,
2026-06-29T11:50:16.995735+00:00,2026-06-29T11:50:16.999434+00:00,200,3.7,True,
2026-06-29T11:50:17.997376+00:00,2026-06-29T11:50:18.000422+00:00,200,3.05,True,
2026-06-29T11:50:18.998193+00:00,2026-06-29T11:50:19.000028+00:00,200,1.83,True,
2026-06-29T11:50:19.998655+00:00,2026-06-29T11:50:20.000629+00:00,200,1.97,True,
2026-06-29T11:50:21.000579+00:00,2026-06-29T11:50:21.002374+00:00,200,1.79,True,
2026-06-29T11:50:22.000646+00:00,2026-06-29T11:50:22.002432+00:00,200,1.79,True,
2026-06-29T11:50:23.000786+00:00,2026-06-29T11:50:23.003689+00:00,200,2.9,True,
2026-06-29T11:50:24.000911+00:00,2026-06-29T11:50:24.004452+00:00,200,3.54,True,
2026-06-29T11:50:25.001407+00:00,2026-06-29T11:50:25.008551+00:00,200,7.14,True,
2026-06-29T11:50:26.001722+00:00,2026-06-29T11:50:26.004693+00:00,200,2.97,True,
2026-06-29T11:50:27.001875+00:00,2026-06-29T11:50:27.004641+00:00,200,2.77,True,
2026-06-29T11:50:28.002058+00:00,2026-06-29T11:50:28.005254+00:00,200,3.2,True,
2026-06-29T11:50:29.002334+00:00,2026-06-29T11:50:29.006452+00:00,200,4.12,True,
2026-06-29T11:50:30.002550+00:00,2026-06-29T11:50:30.008698+00:00,200,6.15,True,
2026-06-29T11:50:31.002704+00:00,2026-06-29T11:50:31.006457+00:00,200,3.75,True,
2026-06-29T11:50:32.002804+00:00,2026-06-29T11:50:32.005467+00:00,200,2.66,True,
2026-06-29T11:50:33.002933+00:00,2026-06-29T11:50:33.004922+00:00,200,1.99,True,
2026-06-29T11:50:34.003075+00:00,2026-06-29T11:50:34.004513+00:00,200,1.44,True,
2026-06-29T11:50:35.003396+00:00,2026-06-29T11:50:35.008426+00:00,200,5.03,True,
2026-06-29T11:50:36.003551+00:00,2026-06-29T11:50:36.006788+00:00,200,3.24,True,
2026-06-29T11:50:37.003656+00:00,2026-06-29T11:50:37.006202+00:00,200,2.55,True,
2026-06-29T11:50:38.003767+00:00,2026-06-29T11:50:38.006727+00:00,200,2.96,True,
2026-06-29T11:50:39.003921+00:00,2026-06-29T11:50:39.007069+00:00,200,3.15,True,
2026-06-29T11:50:40.004170+00:00,2026-06-29T11:50:40.013032+00:00,200,8.86,True,
2026-06-29T11:50:41.004362+00:00,2026-06-29T11:50:41.006776+00:00,200,2.41,True,
2026-06-29T11:50:42.004517+00:00,2026-06-29T11:50:42.006721+00:00,200,2.2,True,
2026-06-29T11:50:43.004608+00:00,2026-06-29T11:50:45.007343+00:00,,2002.73,False,ConnectTimeout
2026-06-29T11:50:45.007663+00:00,2026-06-29T11:50:45.013336+00:00,200,5.67,True,
2026-06-29T11:50:46.007749+00:00,2026-06-29T11:50:46.009335+00:00,200,1.59,True,
2026-06-29T11:50:47.007890+00:00,2026-06-29T11:50:47.011359+00:00,200,3.47,True,
2026-06-29T11:50:48.007991+00:00,2026-06-29T11:50:48.009682+00:00,200,1.69,True,
2026-06-29T11:50:49.008126+00:00,2026-06-29T11:50:51.010708+00:00,,2002.58,False,ConnectTimeout
2026-06-29T11:50:51.010963+00:00,2026-06-29T11:50:53.013546+00:00,,2002.58,False,ConnectTimeout
2026-06-29T11:50:53.013748+00:00,2026-06-29T11:50:53.017242+00:00,200,3.49,True,
2026-06-29T11:50:54.013896+00:00,2026-06-29T11:50:56.016077+00:00,,2002.18,False,ConnectTimeout
2026-06-29T11:50:56.016397+00:00,2026-06-29T11:50:56.023965+00:00,200,7.57,True,
2026-06-29T11:50:57.016549+00:00,2026-06-29T11:50:59.020125+00:00,,2003.58,False,ConnectTimeout
2026-06-29T11:50:59.020360+00:00,2026-06-29T11:50:59.024318+00:00,200,3.96,True,
2026-06-29T11:51:00.020734+00:00,2026-06-29T11:51:00.027252+00:00,200,6.52,True,
2026-06-29T11:51:01.020905+00:00,2026-06-29T11:51:03.025855+00:00,,2004.95,False,ConnectTimeout
2026-06-29T11:51:03.025996+00:00,2026-06-29T11:51:05.028989+00:00,,2002.99,False,ConnectTimeout
2026-06-29T11:51:05.029111+00:00,2026-06-29T11:51:07.031683+00:00,,2002.57,False,ConnectTimeout
2026-06-29T11:51:07.031803+00:00,2026-06-29T11:51:07.033628+00:00,200,1.82,True,
2026-06-29T11:51:08.032106+00:00,2026-06-29T11:51:08.034410+00:00,200,2.3,True,
2026-06-29T11:51:09.032285+00:00,2026-06-29T11:51:09.034910+00:00,200,2.62,True,
2026-06-29T11:51:10.032457+00:00,2026-06-29T11:51:12.036233+00:00,,2003.78,False,ConnectTimeout
2026-06-29T11:51:12.036437+00:00,2026-06-29T11:51:12.040160+00:00,200,3.72,True,
2026-06-29T11:51:13.036541+00:00,2026-06-29T11:51:13.038524+00:00,200,1.98,True,
2026-06-29T11:51:14.036609+00:00,2026-06-29T11:51:16.038794+00:00,,2002.18,False,ConnectTimeout
2026-06-29T11:51:16.038930+00:00,2026-06-29T11:51:16.041357+00:00,200,2.43,True,
2026-06-29T11:51:17.039118+00:00,2026-06-29T11:51:19.041657+00:00,,2002.54,False,ConnectTimeout
2026-06-29T11:51:19.041770+00:00,2026-06-29T11:51:19.043276+00:00,200,1.51,True,
2026-06-29T11:51:20.042118+00:00,2026-06-29T11:51:20.043718+00:00,200,1.6,True,
2026-06-29T11:51:21.043407+00:00,2026-06-29T11:51:23.047010+00:00,,2003.6,False,ConnectTimeout
2026-06-29T11:51:23.047427+00:00,2026-06-29T11:51:25.052573+00:00,,2005.15,False,ConnectTimeout
2026-06-29T11:51:25.052757+00:00,2026-06-29T11:51:25.056357+00:00,200,3.6,True,
2026-06-29T11:51:26.052921+00:00,2026-06-29T11:51:28.055813+00:00,,2002.89,False,ConnectTimeout
2026-06-29T11:51:28.055939+00:00,2026-06-29T11:51:28.058109+00:00,200,2.17,True,
2026-06-29T11:51:29.056813+00:00,2026-06-29T11:51:29.063902+00:00,200,7.09,True,
2026-06-29T11:51:30.056941+00:00,2026-06-29T11:51:30.059323+00:00,200,2.38,True,
2026-06-29T11:51:31.057075+00:00,2026-06-29T11:51:31.061545+00:00,200,4.47,True,
2026-06-29T11:51:32.057565+00:00,2026-06-29T11:51:32.060433+00:00,200,2.87,True,
2026-06-29T11:51:33.058197+00:00,2026-06-29T11:51:33.060697+00:00,200,2.5,True,
2026-06-29T11:51:34.058368+00:00,2026-06-29T11:51:34.060396+00:00,200,2.03,True,
2026-06-29T11:51:35.058472+00:00,2026-06-29T11:51:35.060333+00:00,200,1.86,True,
2026-06-29T11:51:36.058553+00:00,2026-06-29T11:51:36.060389+00:00,200,1.84,True,
2026-06-29T11:51:37.058938+00:00,2026-06-29T11:51:37.064706+00:00,200,5.77,True,
2026-06-29T11:51:38.059122+00:00,2026-06-29T11:51:38.062788+00:00,200,3.67,True,
2026-06-29T11:51:39.059308+00:00,2026-06-29T11:51:39.067158+00:00,200,7.85,True,
2026-06-29T11:51:40.059957+00:00,2026-06-29T11:51:40.065792+00:00,200,5.83,True,
2026-06-29T11:51:41.060553+00:00,2026-06-29T11:51:41.066923+00:00,200,6.37,True,
2026-06-29T11:51:42.060634+00:00,2026-06-29T11:51:42.065939+00:00,200,5.3,True,
2026-06-29T11:51:43.060782+00:00,2026-06-29T11:51:43.066454+00:00,200,5.67,True,
2026-06-29T11:51:44.061619+00:00,2026-06-29T11:51:44.067695+00:00,200,6.08,True,
2026-06-29T11:51:45.061900+00:00,2026-06-29T11:51:45.066153+00:00,200,4.25,True,
2026-06-29T11:51:46.062692+00:00,2026-06-29T11:51:46.064825+00:00,200,2.13,True,
2026-06-29T11:51:47.062794+00:00,2026-06-29T11:51:47.064921+00:00,200,2.13,True,
2026-06-29T11:51:48.062897+00:00,2026-06-29T11:51:48.064629+00:00,200,1.73,True,
2026-06-29T11:51:49.063015+00:00,2026-06-29T11:51:49.064708+00:00,200,1.69,True,
2026-06-29T11:51:50.063802+00:00,2026-06-29T11:51:50.068792+00:00,200,4.99,True,
2026-06-29T11:51:51.063967+00:00,2026-06-29T11:51:51.071813+00:00,200,7.85,True,
2026-06-29T11:51:52.064941+00:00,2026-06-29T11:51:52.070657+00:00,200,5.72,True,
2026-06-29T11:51:53.065393+00:00,2026-06-29T11:51:53.068875+00:00,200,3.48,True,
2026-06-29T11:51:54.066586+00:00,2026-06-29T11:51:54.070132+00:00,200,3.55,True,
2026-06-29T11:51:55.066726+00:00,2026-06-29T11:51:55.075146+00:00,200,8.42,True,
2026-06-29T11:51:56.066890+00:00,2026-06-29T11:51:56.072824+00:00,200,5.93,True,
2026-06-29T11:51:57.067119+00:00,2026-06-29T11:51:57.073050+00:00,200,5.93,True,
2026-06-29T11:51:58.067224+00:00,2026-06-29T11:51:58.069876+00:00,200,2.65,True,
2026-06-29T11:51:59.067433+00:00,2026-06-29T11:51:59.070923+00:00,200,3.49,True,
2026-06-29T11:52:00.067652+00:00,2026-06-29T11:52:00.070017+00:00,200,2.36,True,
2026-06-29T11:52:01.067768+00:00,2026-06-29T11:52:01.069772+00:00,200,2.0,True,
2026-06-29T11:52:02.067876+00:00,2026-06-29T11:52:02.069642+00:00,200,1.77,True,
2026-06-29T11:52:03.067962+00:00,2026-06-29T11:52:03.069835+00:00,200,1.87,True,
2026-06-29T11:52:04.068108+00:00,2026-06-29T11:52:04.071939+00:00,200,3.83,True,
2026-06-29T11:52:05.068308+00:00,2026-06-29T11:52:05.074282+00:00,200,5.97,True,
2026-06-29T11:52:06.068598+00:00,2026-06-29T11:52:06.076783+00:00,200,8.18,True,
2026-06-29T11:52:07.068744+00:00,2026-06-29T11:52:07.072481+00:00,200,3.74,True,
2026-06-29T11:52:08.069015+00:00,2026-06-29T11:52:08.072242+00:00,200,3.23,True,
2026-06-29T11:52:09.069346+00:00,2026-06-29T11:52:09.073413+00:00,200,4.07,True,
2026-06-29T11:52:10.069630+00:00,2026-06-29T11:52:10.074753+00:00,200,5.12,True,
2026-06-29T11:52:11.069774+00:00,2026-06-29T11:52:11.077969+00:00,200,8.19,True,
2026-06-29T11:52:12.070056+00:00,2026-06-29T11:52:12.073903+00:00,200,3.85,True,
2026-06-29T11:52:13.070198+00:00,2026-06-29T11:52:13.074771+00:00,200,4.57,True,
2026-06-29T11:52:14.070323+00:00,2026-06-29T11:52:14.072460+00:00,200,2.14,True,
2026-06-29T11:52:15.070757+00:00,2026-06-29T11:52:15.073118+00:00,200,2.36,True,
2026-06-29T11:52:16.070849+00:00,2026-06-29T11:52:16.072403+00:00,200,1.55,True,
2026-06-29T11:52:17.070977+00:00,2026-06-29T11:52:17.072950+00:00,200,1.97,True,
2026-06-29T11:52:18.071578+00:00,2026-06-29T11:52:18.077477+00:00,200,5.9,True,
2026-06-29T11:52:19.071714+00:00,2026-06-29T11:52:19.077262+00:00,200,5.55,True,
2026-06-29T11:52:20.072117+00:00,2026-06-29T11:52:20.075877+00:00,200,3.76,True,
2026-06-29T11:52:21.072288+00:00,2026-06-29T11:52:21.078365+00:00,200,6.08,True,
2026-06-29T11:52:22.072822+00:00,2026-06-29T11:52:22.079009+00:00,200,6.19,True,
2026-06-29T11:52:23.072983+00:00,2026-06-29T11:52:23.078316+00:00,200,5.33,True,
2026-06-29T11:52:24.073219+00:00,2026-06-29T11:52:24.078039+00:00,200,4.82,True,
2026-06-29T11:52:25.073459+00:00,2026-06-29T11:52:25.079099+00:00,200,5.64,True,
2026-06-29T11:52:26.073680+00:00,2026-06-29T11:52:26.076575+00:00,200,2.9,True,
2026-06-29T11:52:27.073797+00:00,2026-06-29T11:52:27.077074+00:00,200,3.28,True,
2026-06-29T11:52:28.073914+00:00,2026-06-29T11:52:28.076487+00:00,200,2.57,True,
2026-06-29T11:52:29.074011+00:00,2026-06-29T11:52:29.075999+00:00,200,1.99,True,
2026-06-29T11:52:30.074365+00:00,2026-06-29T11:52:30.076273+00:00,200,1.91,True,
2026-06-29T11:52:31.074480+00:00,2026-06-29T11:52:31.077026+00:00,200,2.55,True,
2026-06-29T11:52:32.074624+00:00,2026-06-29T11:52:32.080777+00:00,200,6.15,True,
2026-06-29T11:52:33.074808+00:00,2026-06-29T11:52:33.080769+00:00,200,5.96,True,
2026-06-29T11:52:34.074974+00:00,2026-06-29T11:52:34.080773+00:00,200,5.8,True,
2026-06-29T11:52:35.075158+00:00,2026-06-29T11:52:35.080417+00:00,200,5.26,True,
2026-06-29T11:52:36.075389+00:00,2026-06-29T11:52:36.079093+00:00,200,3.7,True,
2026-06-29T11:52:37.075684+00:00,2026-06-29T11:52:37.083100+00:00,200,7.42,True,
2026-06-29T11:52:38.075850+00:00,2026-06-29T11:52:38.082358+00:00,200,6.51,True,
2026-06-29T11:52:39.076041+00:00,2026-06-29T11:52:39.078930+00:00,200,2.89,True,
2026-06-29T11:52:40.076207+00:00,2026-06-29T11:52:40.080000+00:00,200,3.79,True,
2026-06-29T11:52:41.076336+00:00,2026-06-29T11:52:41.079633+00:00,200,3.3,True,
2026-06-29T11:52:42.076542+00:00,2026-06-29T11:52:42.079203+00:00,200,2.66,True,
2026-06-29T11:52:43.076654+00:00,2026-06-29T11:52:43.078691+00:00,200,2.04,True,
2026-06-29T11:52:44.076781+00:00,2026-06-29T11:52:44.078566+00:00,200,1.78,True,
2026-06-29T11:52:45.076867+00:00,2026-06-29T11:52:45.078470+00:00,200,1.6,True,
2026-06-29T11:52:46.077037+00:00,2026-06-29T11:52:46.081857+00:00,200,4.82,True,
2026-06-29T11:52:47.077422+00:00,2026-06-29T11:52:47.083302+00:00,200,5.88,True,
2026-06-29T11:52:48.077678+00:00,2026-06-29T11:52:48.084769+00:00,200,7.09,True,
2026-06-29T11:52:49.077843+00:00,2026-06-29T11:52:49.084093+00:00,200,6.25,True,
2026-06-29T11:52:50.078112+00:00,2026-06-29T11:52:50.081705+00:00,200,3.59,True,
2026-06-29T11:52:51.078319+00:00,2026-06-29T11:52:51.083459+00:00,200,5.14,True,
2026-06-29T11:52:52.078838+00:00,2026-06-29T11:52:52.085972+00:00,200,7.13,True,
2026-06-29T11:52:53.079066+00:00,2026-06-29T11:52:53.085459+00:00,200,6.39,True,
2026-06-29T11:52:54.079291+00:00,2026-06-29T11:52:54.084247+00:00,200,4.96,True,
2026-06-29T11:52:55.079657+00:00,2026-06-29T11:52:55.083975+00:00,200,4.32,True,
2026-06-29T11:52:56.079775+00:00,2026-06-29T11:52:56.081886+00:00,200,2.11,True,
2026-06-29T11:52:57.080098+00:00,2026-06-29T11:52:57.082092+00:00,200,1.99,True,
2026-06-29T11:52:58.080293+00:00,2026-06-29T11:52:58.081958+00:00,200,1.67,True,
2026-06-29T11:52:59.080383+00:00,2026-06-29T11:52:59.082086+00:00,200,1.7,True,
2026-06-29T11:53:00.080865+00:00,2026-06-29T11:53:00.086399+00:00,200,5.53,True,
2026-06-29T11:53:01.081056+00:00,2026-06-29T11:53:01.087705+00:00,200,6.65,True,
2026-06-29T11:53:02.081263+00:00,2026-06-29T11:53:02.087869+00:00,200,6.61,True,
2026-06-29T11:53:03.081532+00:00,2026-06-29T11:53:03.089314+00:00,200,7.78,True,
2026-06-29T11:53:04.082188+00:00,2026-06-29T11:53:04.088432+00:00,200,6.24,True,
2026-06-29T11:53:05.082678+00:00,2026-06-29T11:53:05.090695+00:00,200,8.02,True,
2026-06-29T11:53:06.082814+00:00,2026-06-29T11:53:06.086100+00:00,200,3.29,True,
2026-06-29T11:53:07.082942+00:00,2026-06-29T11:53:07.086681+00:00,200,3.74,True,
2026-06-29T11:53:08.083265+00:00,2026-06-29T11:53:08.086542+00:00,200,3.28,True,
2026-06-29T11:53:09.083480+00:00,2026-06-29T11:53:09.087820+00:00,200,4.34,True,
2026-06-29T11:53:10.083827+00:00,2026-06-29T11:53:10.086114+00:00,200,2.29,True,
2026-06-29T11:53:11.083960+00:00,2026-06-29T11:53:11.086049+00:00,200,2.09,True,
2026-06-29T11:53:12.084097+00:00,2026-06-29T11:53:12.085785+00:00,200,1.69,True,
2026-06-29T11:53:13.084182+00:00,2026-06-29T11:53:13.085845+00:00,200,1.66,True,
2026-06-29T11:53:14.084915+00:00,2026-06-29T11:53:14.092867+00:00,200,7.95,True,
2026-06-29T11:53:15.085122+00:00,2026-06-29T11:53:15.093613+00:00,200,8.49,True,
2026-06-29T11:53:16.085295+00:00,2026-06-29T11:53:16.088800+00:00,200,3.5,True,
2026-06-29T11:53:17.085640+00:00,2026-06-29T11:53:17.089440+00:00,200,3.8,True,
2026-06-29T11:53:18.085954+00:00,2026-06-29T11:53:18.092057+00:00,200,6.1,True,
2026-06-29T11:53:19.086163+00:00,2026-06-29T11:53:19.093354+00:00,200,7.19,True,
2026-06-29T11:53:20.086333+00:00,2026-06-29T11:53:20.093855+00:00,200,7.52,True,
2026-06-29T11:53:21.086536+00:00,2026-06-29T11:53:21.089845+00:00,200,3.31,True,
2026-06-29T11:53:22.086602+00:00,2026-06-29T11:53:22.092069+00:00,200,5.47,True,
2026-06-29T11:53:23.086715+00:00,2026-06-29T11:53:23.089237+00:00,200,2.52,True,
2026-06-29T11:53:24.086851+00:00,2026-06-29T11:53:24.089777+00:00,200,2.93,True,
2026-06-29T11:53:25.087534+00:00,2026-06-29T11:53:25.089530+00:00,200,2.0,True,
2026-06-29T11:53:26.087624+00:00,2026-06-29T11:53:26.089195+00:00,200,1.57,True,
2026-06-29T11:53:27.087714+00:00,2026-06-29T11:53:27.089362+00:00,200,1.65,True,
2026-06-29T11:53:28.087813+00:00,2026-06-29T11:53:28.089906+00:00,200,2.09,True,
2026-06-29T11:53:29.087978+00:00,2026-06-29T11:53:29.096754+00:00,200,8.78,True,
2026-06-29T11:53:30.088207+00:00,2026-06-29T11:53:30.096603+00:00,200,8.4,True,
2026-06-29T11:53:31.088373+00:00,2026-06-29T11:53:31.094393+00:00,200,6.02,True,
2026-06-29T11:53:32.088668+00:00,2026-06-29T11:53:32.095105+00:00,200,6.44,True,
2026-06-29T11:53:33.088961+00:00,2026-06-29T11:53:33.095547+00:00,200,6.59,True,
2026-06-29T11:53:34.089142+00:00,2026-06-29T11:53:34.096448+00:00,200,7.31,True,
2026-06-29T11:53:35.089311+00:00,2026-06-29T11:53:35.096466+00:00,200,7.16,True,
2026-06-29T11:53:36.089550+00:00,2026-06-29T11:53:36.096001+00:00,200,6.45,True,
2026-06-29T11:53:37.089690+00:00,2026-06-29T11:53:37.095538+00:00,200,5.85,True,
2026-06-29T11:53:38.089817+00:00,2026-06-29T11:53:38.092190+00:00,200,2.37,True,
2026-06-29T11:53:39.089929+00:00,2026-06-29T11:53:39.091944+00:00,200,2.01,True,
2026-06-29T11:53:40.090045+00:00,2026-06-29T11:53:40.092151+00:00,200,2.11,True,
2026-06-29T11:53:41.090254+00:00,2026-06-29T11:53:41.091858+00:00,200,1.6,True,
2026-06-29T11:53:42.090359+00:00,2026-06-29T11:53:42.092689+00:00,200,2.33,True,
2026-06-29T11:53:43.090620+00:00,2026-06-29T11:53:43.094328+00:00,200,3.71,True,
2026-06-29T11:53:44.090783+00:00,2026-06-29T11:53:44.097075+00:00,200,6.29,True,
2026-06-29T11:53:45.090961+00:00,2026-06-29T11:53:45.097336+00:00,200,6.38,True,
2026-06-29T11:53:46.091157+00:00,2026-06-29T11:53:46.098554+00:00,200,7.4,True,
2026-06-29T11:53:47.091342+00:00,2026-06-29T11:53:47.094298+00:00,200,2.96,True,
2026-06-29T11:53:48.091594+00:00,2026-06-29T11:53:48.095360+00:00,200,3.77,True,
2026-06-29T11:53:49.091734+00:00,2026-06-29T11:53:49.098478+00:00,200,6.74,True,
2026-06-29T11:53:50.091943+00:00,2026-06-29T11:53:50.095649+00:00,200,3.71,True,
2026-06-29T11:53:51.092253+00:00,2026-06-29T11:53:51.097123+00:00,200,4.87,True,
2026-06-29T11:53:52.092621+00:00,2026-06-29T11:53:52.099863+00:00,200,7.24,True,
2026-06-29T11:53:53.093019+00:00,2026-06-29T11:53:53.095473+00:00,200,2.45,True,
2026-06-29T11:53:54.093462+00:00,2026-06-29T11:53:54.095665+00:00,200,2.2,True,
2026-06-29T11:53:55.093944+00:00,2026-06-29T11:53:55.095462+00:00,200,1.52,True,
2026-06-29T11:53:56.094031+00:00,2026-06-29T11:53:56.095778+00:00,200,1.75,True,
2026-06-29T11:53:57.094230+00:00,2026-06-29T11:53:57.103749+00:00,200,9.52,True,
2026-06-29T11:53:58.094824+00:00,2026-06-29T11:53:58.100361+00:00,200,5.54,True,
2026-06-29T11:53:59.094991+00:00,2026-06-29T11:53:59.101142+00:00,200,6.15,True,
2026-06-29T11:54:00.095165+00:00,2026-06-29T11:54:00.098414+00:00,200,3.25,True,
2026-06-29T11:54:01.095933+00:00,2026-06-29T11:54:01.102081+00:00,200,6.15,True,
2026-06-29T11:54:02.096426+00:00,2026-06-29T11:54:02.104028+00:00,200,7.6,True,
2026-06-29T11:54:03.096656+00:00,2026-06-29T11:54:03.102537+00:00,200,5.88,True,
2026-06-29T11:54:04.097550+00:00,2026-06-29T11:54:04.101128+00:00,200,3.58,True,
2026-06-29T11:54:05.098426+00:00,2026-06-29T11:54:05.104626+00:00,200,6.2,True,
2026-06-29T11:54:06.098643+00:00,2026-06-29T11:54:06.102207+00:00,200,3.56,True,
2026-06-29T11:54:07.098757+00:00,2026-06-29T11:54:07.101455+00:00,200,2.7,True,
2026-06-29T11:54:08.098866+00:00,2026-06-29T11:54:08.100444+00:00,200,1.58,True,
2026-06-29T11:54:09.099002+00:00,2026-06-29T11:54:09.100677+00:00,200,1.68,True,
2026-06-29T11:54:10.099134+00:00,2026-06-29T11:54:10.100857+00:00,200,1.72,True,
2026-06-29T11:54:11.099321+00:00,2026-06-29T11:54:11.105940+00:00,200,6.62,True,
2026-06-29T11:54:12.099556+00:00,2026-06-29T11:54:12.105294+00:00,200,5.74,True,
2026-06-29T11:54:13.099804+00:00,2026-06-29T11:54:13.107393+00:00,200,7.59,True,
2026-06-29T11:54:14.100108+00:00,2026-06-29T11:54:14.104810+00:00,200,4.7,True,
2026-06-29T11:54:15.100359+00:00,2026-06-29T11:54:15.107670+00:00,200,7.31,True,
2026-06-29T11:54:16.100565+00:00,2026-06-29T11:54:16.106125+00:00,200,5.56,True,
2026-06-29T11:54:17.100844+00:00,2026-06-29T11:54:17.107529+00:00,200,6.68,True,
2026-06-29T11:54:18.100991+00:00,2026-06-29T11:54:18.106989+00:00,200,6.0,True,
2026-06-29T11:54:19.101123+00:00,2026-06-29T11:54:19.104355+00:00,200,3.23,True,
2026-06-29T11:54:20.101284+00:00,2026-06-29T11:54:20.104928+00:00,200,3.64,True,
2026-06-29T11:54:21.101467+00:00,2026-06-29T11:54:21.104541+00:00,200,3.07,True,
2026-06-29T11:54:22.101968+00:00,2026-06-29T11:54:22.104078+00:00,200,2.11,True,
2026-06-29T11:54:23.102377+00:00,2026-06-29T11:54:23.104118+00:00,200,1.74,True,
2026-06-29T11:54:24.102461+00:00,2026-06-29T11:54:24.104688+00:00,200,2.23,True,
2026-06-29T11:54:25.102555+00:00,2026-06-29T11:54:25.105773+00:00,200,3.22,True,
2026-06-29T11:54:26.102693+00:00,2026-06-29T11:54:26.108433+00:00,200,5.74,True,
2026-06-29T11:54:27.102840+00:00,2026-06-29T11:54:27.106284+00:00,200,3.44,True,
2026-06-29T11:54:28.103009+00:00,2026-06-29T11:54:28.108730+00:00,200,5.72,True,
2026-06-29T11:54:29.103571+00:00,2026-06-29T11:54:29.110607+00:00,200,7.04,True,
2026-06-29T11:54:30.103814+00:00,2026-06-29T11:54:30.109651+00:00,200,5.84,True,
2026-06-29T11:54:31.104250+00:00,2026-06-29T11:54:31.111763+00:00,200,7.51,True,
2026-06-29T11:54:32.104725+00:00,2026-06-29T11:54:32.110700+00:00,200,5.98,True,
2026-06-29T11:54:33.104895+00:00,2026-06-29T11:54:33.111392+00:00,200,6.5,True,
2026-06-29T11:54:34.105036+00:00,2026-06-29T11:54:34.108968+00:00,200,3.93,True,
2026-06-29T11:54:35.106096+00:00,2026-06-29T11:54:35.108530+00:00,200,2.43,True,
2026-06-29T11:54:36.106653+00:00,2026-06-29T11:54:36.108854+00:00,200,2.2,True,
2026-06-29T11:54:37.106889+00:00,2026-06-29T11:54:37.108746+00:00,200,1.86,True,
2026-06-29T11:54:38.106973+00:00,2026-06-29T11:54:38.108745+00:00,200,1.77,True,
2026-06-29T11:54:39.108127+00:00,2026-06-29T11:54:39.113976+00:00,200,5.85,True,
2026-06-29T11:54:40.108403+00:00,2026-06-29T11:54:40.115213+00:00,200,6.81,True,
2026-06-29T11:54:41.108665+00:00,2026-06-29T11:54:41.112539+00:00,200,3.87,True,
2026-06-29T11:54:42.109253+00:00,2026-06-29T11:54:42.117173+00:00,200,7.92,True,
2026-06-29T11:54:43.109550+00:00,2026-06-29T11:54:43.117783+00:00,200,8.23,True,
2026-06-29T11:54:44.110487+00:00,2026-06-29T11:54:44.117660+00:00,200,7.17,True,
2026-06-29T11:54:45.110780+00:00,2026-06-29T11:54:45.117438+00:00,200,6.66,True,
2026-06-29T11:54:46.111068+00:00,2026-06-29T11:54:46.114645+00:00,200,3.58,True,
2026-06-29T11:54:47.111222+00:00,2026-06-29T11:54:47.118186+00:00,200,6.96,True,
2026-06-29T11:54:48.111479+00:00,2026-06-29T11:54:48.115562+00:00,200,4.08,True,
2026-06-29T11:54:49.112199+00:00,2026-06-29T11:54:49.114477+00:00,200,2.28,True,
2026-06-29T11:54:50.112424+00:00,2026-06-29T11:54:50.114342+00:00,200,1.92,True,
2026-06-29T11:54:51.112925+00:00,2026-06-29T11:54:51.114599+00:00,200,1.67,True,
2026-06-29T11:54:52.113033+00:00,2026-06-29T11:54:52.116523+00:00,200,3.49,True,
2026-06-29T11:54:53.113400+00:00,2026-06-29T11:54:53.120246+00:00,200,6.85,True,
2026-06-29T11:54:54.114428+00:00,2026-06-29T11:54:54.123744+00:00,200,9.32,True,
2026-06-29T11:54:55.115131+00:00,2026-06-29T11:54:55.121103+00:00,200,5.97,True,
2026-06-29T11:54:56.115347+00:00,2026-06-29T11:54:56.121127+00:00,200,5.78,True,
2026-06-29T11:54:57.115580+00:00,2026-06-29T11:54:57.123351+00:00,200,7.77,True,
2026-06-29T11:54:58.115770+00:00,2026-06-29T11:54:58.124035+00:00,200,8.27,True,
2026-06-29T11:54:59.115933+00:00,2026-06-29T11:54:59.123323+00:00,200,7.39,True,
2026-06-29T11:55:00.116112+00:00,2026-06-29T11:55:00.121665+00:00,200,5.55,True,
2026-06-29T11:55:01.116317+00:00,2026-06-29T11:55:01.119953+00:00,200,3.64,True,
2026-06-29T11:55:02.116446+00:00,2026-06-29T11:55:02.122627+00:00,200,6.18,True,
2026-06-29T11:55:03.116689+00:00,2026-06-29T11:55:03.119681+00:00,200,2.99,True,
2026-06-29T11:55:04.116792+00:00,2026-06-29T11:55:04.118781+00:00,200,1.99,True,
2026-06-29T11:55:05.116907+00:00,2026-06-29T11:55:05.118585+00:00,200,1.68,True,
2026-06-29T11:55:06.117039+00:00,2026-06-29T11:55:06.121140+00:00,200,4.1,True,
2026-06-29T11:55:07.117273+00:00,2026-06-29T11:55:07.124699+00:00,200,7.43,True,
2026-06-29T11:55:08.117559+00:00,2026-06-29T11:55:08.123442+00:00,200,5.88,True,
2026-06-29T11:55:09.117881+00:00,2026-06-29T11:55:09.124751+00:00,200,6.87,True,
2026-06-29T11:55:10.118217+00:00,2026-06-29T11:55:10.124016+00:00,200,5.8,True,
2026-06-29T11:55:11.118436+00:00,2026-06-29T11:55:11.125959+00:00,200,7.52,True,
2026-06-29T11:55:12.118675+00:00,2026-06-29T11:55:12.124107+00:00,200,5.43,True,
2026-06-29T11:55:13.118818+00:00,2026-06-29T11:55:13.125734+00:00,200,6.92,True,
2026-06-29T11:55:14.119051+00:00,2026-06-29T11:55:14.126827+00:00,200,7.78,True,
2026-06-29T11:55:15.119227+00:00,2026-06-29T11:55:15.125126+00:00,200,5.9,True,
2026-06-29T11:55:16.119335+00:00,2026-06-29T11:55:16.122031+00:00,200,2.7,True,
2026-06-29T11:55:17.119543+00:00,2026-06-29T11:55:17.121548+00:00,200,2.0,True,
2026-06-29T11:55:18.119625+00:00,2026-06-29T11:55:18.121581+00:00,200,1.96,True,
2026-06-29T11:55:19.119713+00:00,2026-06-29T11:55:19.121238+00:00,200,1.53,True,
2026-06-29T11:55:20.120696+00:00,2026-06-29T11:55:20.127696+00:00,200,7.0,True,
2026-06-29T11:55:21.120861+00:00,2026-06-29T11:55:21.127648+00:00,200,6.79,True,
2026-06-29T11:55:22.121025+00:00,2026-06-29T11:55:22.126977+00:00,200,5.95,True,
2026-06-29T11:55:23.121172+00:00,2026-06-29T11:55:23.125398+00:00,200,4.23,True,
2026-06-29T11:55:24.121422+00:00,2026-06-29T11:55:24.127404+00:00,200,5.98,True,
2026-06-29T11:55:25.121615+00:00,2026-06-29T11:55:25.127383+00:00,200,5.77,True,
2026-06-29T11:55:26.121938+00:00,2026-06-29T11:55:26.125617+00:00,200,3.68,True,
2026-06-29T11:55:27.122100+00:00,2026-06-29T11:55:27.125902+00:00,200,3.8,True,
2026-06-29T11:55:28.122438+00:00,2026-06-29T11:55:28.128621+00:00,200,6.18,True,
2026-06-29T11:55:29.122666+00:00,2026-06-29T11:55:29.125644+00:00,200,2.98,True,
2026-06-29T11:55:30.122764+00:00,2026-06-29T11:55:30.124883+00:00,200,2.12,True,
2026-06-29T11:55:31.123181+00:00,2026-06-29T11:55:31.125015+00:00,200,1.83,True,
2026-06-29T11:55:32.123536+00:00,2026-06-29T11:55:32.125061+00:00,200,1.53,True,
2026-06-29T11:55:33.123628+00:00,2026-06-29T11:55:33.125882+00:00,200,2.25,True,
2026-06-29T11:55:34.123723+00:00,2026-06-29T11:55:34.132911+00:00,200,9.19,True,
2026-06-29T11:55:35.123921+00:00,2026-06-29T11:55:35.132380+00:00,200,8.46,True,
2026-06-29T11:55:36.124081+00:00,2026-06-29T11:55:36.131040+00:00,200,6.96,True,
2026-06-29T11:55:37.124210+00:00,2026-06-29T11:55:37.128900+00:00,200,4.69,True,
2026-06-29T11:55:38.124405+00:00,2026-06-29T11:55:38.128261+00:00,200,3.86,True,
2026-06-29T11:55:39.124943+00:00,2026-06-29T11:55:39.133160+00:00,200,8.22,True,
2026-06-29T11:55:40.125078+00:00,2026-06-29T11:55:40.130055+00:00,200,4.98,True,
2026-06-29T11:55:41.125281+00:00,2026-06-29T11:55:41.131761+00:00,200,6.48,True,
2026-06-29T11:55:42.125570+00:00,2026-06-29T11:55:42.132851+00:00,200,7.28,True,
2026-06-29T11:55:43.125710+00:00,2026-06-29T11:55:43.129210+00:00,200,3.5,True,
2026-06-29T11:55:44.125852+00:00,2026-06-29T11:55:44.128519+00:00,200,2.67,True,
2026-06-29T11:55:45.126014+00:00,2026-06-29T11:55:45.128213+00:00,200,2.2,True,
2026-06-29T11:55:46.126234+00:00,2026-06-29T11:55:46.127883+00:00,200,1.65,True,
2026-06-29T11:55:47.126319+00:00,2026-06-29T11:55:47.128060+00:00,200,1.74,True,
2026-06-29T11:55:48.126548+00:00,2026-06-29T11:55:48.135458+00:00,200,8.91,True,
2026-06-29T11:55:49.126777+00:00,2026-06-29T11:55:49.130529+00:00,200,3.75,True,
2026-06-29T11:55:50.126994+00:00,2026-06-29T11:55:50.134644+00:00,200,7.65,True,
2026-06-29T11:55:51.127555+00:00,2026-06-29T11:55:51.132962+00:00,200,5.41,True,
2026-06-29T11:55:52.127744+00:00,2026-06-29T11:55:52.134614+00:00,200,6.87,True,
2026-06-29T11:55:53.127927+00:00,2026-06-29T11:55:53.134265+00:00,200,6.34,True,
2026-06-29T11:55:54.128385+00:00,2026-06-29T11:55:54.132235+00:00,200,3.85,True,
2026-06-29T11:55:55.128629+00:00,2026-06-29T11:55:55.136301+00:00,200,7.67,True,
2026-06-29T11:55:56.128757+00:00,2026-06-29T11:55:56.132602+00:00,200,3.84,True,
2026-06-29T11:55:57.128911+00:00,2026-06-29T11:55:57.133459+00:00,200,4.55,True,
2026-06-29T11:55:58.129024+00:00,2026-06-29T11:55:58.131749+00:00,200,2.73,True,
2026-06-29T11:55:59.129144+00:00,2026-06-29T11:55:59.130980+00:00,200,1.84,True,
2026-06-29T11:56:00.129328+00:00,2026-06-29T11:56:00.131042+00:00,200,1.71,True,
2026-06-29T11:56:01.129468+00:00,2026-06-29T11:56:01.133381+00:00,200,3.91,True,
2026-06-29T11:56:02.129708+00:00,2026-06-29T11:56:02.138130+00:00,200,8.42,True,
2026-06-29T11:56:03.129838+00:00,2026-06-29T11:56:03.133438+00:00,200,3.6,True,
2026-06-29T11:56:04.130047+00:00,2026-06-29T11:56:04.137248+00:00,200,7.2,True,
2026-06-29T11:56:05.130202+00:00,2026-06-29T11:56:05.134006+00:00,200,3.8,True,
2026-06-29T11:56:06.130471+00:00,2026-06-29T11:56:06.137468+00:00,200,7.0,True,
2026-06-29T11:56:07.130726+00:00,2026-06-29T11:56:07.138557+00:00,200,7.83,True,
2026-06-29T11:56:08.131025+00:00,2026-06-29T11:56:08.133791+00:00,200,2.77,True,
2026-06-29T11:56:09.131225+00:00,2026-06-29T11:56:09.134383+00:00,200,3.16,True,
2026-06-29T11:56:10.131392+00:00,2026-06-29T11:56:10.133390+00:00,200,2.0,True,
2026-06-29T11:56:11.131628+00:00,2026-06-29T11:56:11.135596+00:00,200,3.97,True,
2026-06-29T11:56:12.131972+00:00,2026-06-29T11:56:12.133568+00:00,200,1.6,True,
2026-06-29T11:56:13.132105+00:00,2026-06-29T11:56:13.133515+00:00,200,1.41,True,
2026-06-29T11:56:14.132248+00:00,2026-06-29T11:56:14.133757+00:00,200,1.51,True,
2026-06-29T11:56:15.132550+00:00,2026-06-29T11:56:15.134233+00:00,200,1.68,True,
2026-06-29T11:56:16.132776+00:00,2026-06-29T11:56:16.134698+00:00,200,1.92,True,
2026-06-29T11:56:17.133270+00:00,2026-06-29T11:56:17.134727+00:00,200,1.46,True,
2026-06-29T11:56:18.133407+00:00,2026-06-29T11:56:18.135029+00:00,200,1.62,True,
2026-06-29T11:56:19.133689+00:00,2026-06-29T11:56:19.135556+00:00,200,1.87,True,
2026-06-29T11:56:20.133823+00:00,2026-06-29T11:56:20.135331+00:00,200,1.51,True,
2026-06-29T11:56:21.134051+00:00,2026-06-29T11:56:21.137462+00:00,200,3.41,True,
2026-06-29T11:56:22.134392+00:00,2026-06-29T11:56:22.142737+00:00,200,8.35,True,
2026-06-29T11:56:23.134602+00:00,2026-06-29T11:56:23.137928+00:00,200,3.33,True,
2026-06-29T11:56:24.134810+00:00,2026-06-29T11:56:24.136764+00:00,200,1.95,True,
2026-06-29T11:56:25.135617+00:00,2026-06-29T11:56:25.138324+00:00,200,2.71,True,
2026-06-29T11:56:26.135701+00:00,2026-06-29T11:56:26.137246+00:00,200,1.54,True,
2026-06-29T11:56:27.135794+00:00,2026-06-29T11:56:27.137355+00:00,200,1.56,True,
2026-06-29T11:56:28.135858+00:00,2026-06-29T11:56:28.137340+00:00,200,1.48,True,
2026-06-29T11:56:29.135945+00:00,2026-06-29T11:56:29.137486+00:00,200,1.54,True,
2026-06-29T11:56:30.135995+00:00,2026-06-29T11:56:30.137535+00:00,200,1.54,True,
2026-06-29T11:56:31.136109+00:00,2026-06-29T11:56:31.137754+00:00,200,1.65,True,
2026-06-29T11:56:32.136211+00:00,2026-06-29T11:56:32.138559+00:00,200,2.35,True,
2026-06-29T11:56:33.136307+00:00,2026-06-29T11:56:33.137975+00:00,200,1.67,True,
2026-06-29T11:56:34.136356+00:00,2026-06-29T11:56:34.138022+00:00,200,1.67,True,
2026-06-29T11:56:35.136470+00:00,2026-06-29T11:56:35.138195+00:00,200,1.72,True,
2026-06-29T11:56:36.136545+00:00,2026-06-29T11:56:36.138097+00:00,200,1.55,True,
2026-06-29T11:56:37.136629+00:00,2026-06-29T11:56:37.138293+00:00,200,1.66,True,
2026-06-29T11:56:38.136711+00:00,2026-06-29T11:56:38.138219+00:00,200,1.51,True,
2026-06-29T11:56:39.136816+00:00,2026-06-29T11:56:39.138338+00:00,200,1.52,True,
2026-06-29T11:56:40.136942+00:00,2026-06-29T11:56:40.138201+00:00,200,1.26,True,
2026-06-29T11:56:41.137071+00:00,2026-06-29T11:56:41.138501+00:00,200,1.43,True,
2026-06-29T11:56:42.137202+00:00,2026-06-29T11:56:42.138528+00:00,200,1.33,True,
2026-06-29T11:56:43.137367+00:00,2026-06-29T11:56:43.139047+00:00,200,1.68,True,
2026-06-29T11:56:44.137566+00:00,2026-06-29T11:56:44.138924+00:00,200,1.36,True,
2026-06-29T11:56:45.137655+00:00,2026-06-29T11:56:45.139197+00:00,200,1.54,True,
2026-06-29T11:56:46.137757+00:00,2026-06-29T11:56:46.139239+00:00,200,1.48,True,
2026-06-29T11:56:47.137857+00:00,2026-06-29T11:56:47.139406+00:00,200,1.55,True,
2026-06-29T11:56:48.138101+00:00,2026-06-29T11:56:48.139291+00:00,200,1.19,True,
2026-06-29T11:56:49.138269+00:00,2026-06-29T11:56:49.139753+00:00,200,1.48,True,
2026-06-29T11:56:50.138393+00:00,2026-06-29T11:56:50.139613+00:00,200,1.22,True,
2026-06-29T11:56:51.138525+00:00,2026-06-29T11:56:51.140129+00:00,200,1.6,True,
2026-06-29T11:56:52.138644+00:00,2026-06-29T11:56:52.140214+00:00,200,1.57,True,
2026-06-29T11:56:53.138727+00:00,2026-06-29T11:56:53.140797+00:00,200,2.07,True,
2026-06-29T11:56:54.138836+00:00,2026-06-29T11:56:54.140093+00:00,200,1.26,True,
2026-06-29T11:56:55.138961+00:00,2026-06-29T11:56:55.140489+00:00,200,1.53,True,
2026-06-29T11:56:56.139053+00:00,2026-06-29T11:56:56.140312+00:00,200,1.26,True,
2026-06-29T11:56:57.139144+00:00,2026-06-29T11:56:57.140772+00:00,200,1.63,True,
2026-06-29T11:56:58.139228+00:00,2026-06-29T11:56:58.140957+00:00,200,1.73,True,
2026-06-29T11:56:59.139338+00:00,2026-06-29T11:56:59.140881+00:00,200,1.54,True,
2026-06-29T11:57:00.139507+00:00,2026-06-29T11:57:00.140688+00:00,200,1.18,True,
2026-06-29T11:57:01.139960+00:00,2026-06-29T11:57:01.141192+00:00,200,1.23,True,
2026-06-29T11:57:02.140046+00:00,2026-06-29T11:57:02.141545+00:00,200,1.5,True,
2026-06-29T11:57:03.140189+00:00,2026-06-29T11:57:03.141779+00:00,200,1.59,True,
2026-06-29T11:57:04.140346+00:00,2026-06-29T11:57:04.141839+00:00,200,1.49,True,
2026-06-29T11:57:05.140539+00:00,2026-06-29T11:57:05.142218+00:00,200,1.68,True,
2026-06-29T11:57:06.140853+00:00,2026-06-29T11:57:06.142274+00:00,200,1.42,True,
2026-06-29T11:57:07.140982+00:00,2026-06-29T11:57:07.142515+00:00,200,1.53,True,
2026-06-29T11:57:08.141250+00:00,2026-06-29T11:57:08.142828+00:00,200,1.58,True,
2026-06-29T11:57:09.141553+00:00,2026-06-29T11:57:09.143286+00:00,200,1.73,True,
2026-06-29T11:57:10.141641+00:00,2026-06-29T11:57:10.142976+00:00,200,1.33,True,
2026-06-29T11:57:11.141751+00:00,2026-06-29T11:57:11.143288+00:00,200,1.54,True,
2026-06-29T11:57:12.141840+00:00,2026-06-29T11:57:12.143336+00:00,200,1.5,True,
2026-06-29T11:57:13.141924+00:00,2026-06-29T11:57:13.143241+00:00,200,1.32,True,
2026-06-29T11:57:14.142009+00:00,2026-06-29T11:57:14.144026+00:00,200,2.02,True,
2026-06-29T11:57:15.142227+00:00,2026-06-29T11:57:15.143782+00:00,200,1.55,True,
2026-06-29T11:57:16.142612+00:00,2026-06-29T11:57:16.143962+00:00,200,1.35,True,
2026-06-29T11:57:17.142967+00:00,2026-06-29T11:57:17.144482+00:00,200,1.52,True,
2026-06-29T11:57:18.143616+00:00,2026-06-29T11:57:18.145238+00:00,200,1.62,True,
2026-06-29T11:57:19.143653+00:00,2026-06-29T11:57:19.145069+00:00,200,1.42,True,
2026-06-29T11:57:20.143750+00:00,2026-06-29T11:57:20.145164+00:00,200,1.41,True,
2026-06-29T11:57:21.143919+00:00,2026-06-29T11:57:21.145355+00:00,200,1.44,True,
2026-06-29T11:57:22.144079+00:00,2026-06-29T11:57:22.145684+00:00,200,1.6,True,
2026-06-29T11:57:23.144168+00:00,2026-06-29T11:57:23.145786+00:00,200,1.62,True,
2026-06-29T11:57:24.145198+00:00,2026-06-29T11:57:24.146616+00:00,200,1.42,True,
2026-06-29T11:57:25.145507+00:00,2026-06-29T11:57:25.146838+00:00,200,1.33,True,
2026-06-29T11:57:26.145715+00:00,2026-06-29T11:57:26.147328+00:00,200,1.61,True,
2026-06-29T11:57:27.146340+00:00,2026-06-29T11:57:27.147958+00:00,200,1.62,True,
2026-06-29T11:57:28.146648+00:00,2026-06-29T11:57:28.147895+00:00,200,1.25,True,
2026-06-29T11:57:29.146860+00:00,2026-06-29T11:57:29.148344+00:00,200,1.48,True,
2026-06-29T11:57:30.146980+00:00,2026-06-29T11:57:30.148624+00:00,200,1.64,True,
2026-06-29T11:57:31.147247+00:00,2026-06-29T11:57:31.148512+00:00,200,1.27,True,
2026-06-29T11:57:32.147321+00:00,2026-06-29T11:57:32.148576+00:00,200,1.26,True,
2026-06-29T11:57:33.148096+00:00,2026-06-29T11:57:33.149844+00:00,200,1.75,True,
2026-06-29T11:57:34.148516+00:00,2026-06-29T11:57:34.149762+00:00,200,1.25,True,
2026-06-29T11:57:35.149098+00:00,2026-06-29T11:57:35.150656+00:00,200,1.56,True,
2026-06-29T11:57:36.149201+00:00,2026-06-29T11:57:36.150311+00:00,200,1.11,True,
2026-06-29T11:57:37.149613+00:00,2026-06-29T11:57:37.151313+00:00,200,1.7,True,
2026-06-29T11:57:38.149710+00:00,2026-06-29T11:57:38.151253+00:00,200,1.54,True,
2026-06-29T11:57:39.150075+00:00,2026-06-29T11:57:39.151267+00:00,200,1.19,True,
2026-06-29T11:57:40.151154+00:00,2026-06-29T11:57:40.152396+00:00,200,1.24,True,
2026-06-29T11:57:41.151240+00:00,2026-06-29T11:57:41.152726+00:00,200,1.49,True,
2026-06-29T11:57:42.151726+00:00,2026-06-29T11:57:42.152962+00:00,200,1.24,True,
2026-06-29T11:57:43.151804+00:00,2026-06-29T11:57:43.153384+00:00,200,1.58,True,
2026-06-29T11:57:44.151926+00:00,2026-06-29T11:57:44.153609+00:00,200,1.68,True,
2026-06-29T11:57:45.152643+00:00,2026-06-29T11:57:45.154246+00:00,200,1.6,True,
2026-06-29T11:57:46.153362+00:00,2026-06-29T11:57:46.154806+00:00,200,1.44,True,
2026-06-29T11:57:47.153930+00:00,2026-06-29T11:57:47.155185+00:00,200,1.26,True,
2026-06-29T11:57:48.154065+00:00,2026-06-29T11:57:48.155653+00:00,200,1.59,True,
2026-06-29T11:57:49.154179+00:00,2026-06-29T11:57:49.155445+00:00,200,1.27,True,
2026-06-29T11:57:50.154334+00:00,2026-06-29T11:57:50.155969+00:00,200,1.64,True,
2026-06-29T11:57:51.154901+00:00,2026-06-29T11:57:51.156538+00:00,200,1.64,True,
2026-06-29T11:57:52.155029+00:00,2026-06-29T11:57:52.156560+00:00,200,1.53,True,
2026-06-29T11:57:53.156515+00:00,2026-06-29T11:57:53.158740+00:00,200,2.23,True,
2026-06-29T11:57:54.156854+00:00,2026-06-29T11:57:54.158450+00:00,200,1.6,True,
2026-06-29T11:57:55.157511+00:00,2026-06-29T11:57:55.158828+00:00,200,1.32,True,
2026-06-29T11:57:56.157610+00:00,2026-06-29T11:57:56.158954+00:00,200,1.34,True,
2026-06-29T11:57:57.157695+00:00,2026-06-29T11:57:57.159166+00:00,200,1.47,True,
2026-06-29T11:57:58.157804+00:00,2026-06-29T11:57:58.159121+00:00,200,1.32,True,
2026-06-29T11:57:59.157891+00:00,2026-06-29T11:57:59.159473+00:00,200,1.58,True,
2026-06-29T11:58:00.158279+00:00,2026-06-29T11:58:00.159902+00:00,200,1.62,True,
2026-06-29T11:58:01.158463+00:00,2026-06-29T11:58:01.159811+00:00,200,1.35,True,
2026-06-29T11:58:02.158912+00:00,2026-06-29T11:58:02.160702+00:00,200,1.79,True,
2026-06-29T11:58:03.159031+00:00,2026-06-29T11:58:03.160547+00:00,200,1.52,True,
2026-06-29T11:58:04.159334+00:00,2026-06-29T11:58:04.160672+00:00,200,1.34,True,
2026-06-29T11:58:05.159518+00:00,2026-06-29T11:58:05.160912+00:00,200,1.39,True,
2026-06-29T11:58:06.159676+00:00,2026-06-29T11:58:06.161174+00:00,200,1.5,True,
2026-06-29T11:58:07.159798+00:00,2026-06-29T11:58:07.161399+00:00,200,1.6,True,
2026-06-29T11:58:08.160043+00:00,2026-06-29T11:58:08.161703+00:00,200,1.66,True,
2026-06-29T11:58:09.160121+00:00,2026-06-29T11:58:09.161815+00:00,200,1.69,True,
2026-06-29T11:58:10.160911+00:00,2026-06-29T11:58:10.162370+00:00,200,1.46,True,
2026-06-29T11:58:11.161812+00:00,2026-06-29T11:58:11.163305+00:00,200,1.49,True,
2026-06-29T11:58:12.162567+00:00,2026-06-29T11:58:12.164124+00:00,200,1.56,True,
2026-06-29T11:58:13.164111+00:00,2026-06-29T11:58:13.165445+00:00,200,1.33,True,
2026-06-29T11:58:14.164185+00:00,2026-06-29T11:58:14.165632+00:00,200,1.45,True,
2026-06-29T11:58:15.164277+00:00,2026-06-29T11:58:15.165460+00:00,200,1.18,True,
2026-06-29T11:58:16.164410+00:00,2026-06-29T11:58:16.165907+00:00,200,1.5,True,
2026-06-29T11:58:17.164596+00:00,2026-06-29T11:58:17.166093+00:00,200,1.5,True,
2026-06-29T11:58:18.164860+00:00,2026-06-29T11:58:18.166094+00:00,200,1.23,True,
2026-06-29T11:58:19.164962+00:00,2026-06-29T11:58:19.166164+00:00,200,1.2,True,
2026-06-29T11:58:20.165050+00:00,2026-06-29T11:58:20.166406+00:00,200,1.36,True,
2026-06-29T11:58:21.165137+00:00,2026-06-29T11:58:21.166636+00:00,200,1.5,True,
2026-06-29T11:58:22.165269+00:00,2026-06-29T11:58:22.166785+00:00,200,1.52,True,
2026-06-29T11:58:23.165580+00:00,2026-06-29T11:58:23.166810+00:00,200,1.23,True,
2026-06-29T11:58:24.166673+00:00,2026-06-29T11:58:24.167881+00:00,200,1.21,True,
2026-06-29T11:58:25.166783+00:00,2026-06-29T11:58:25.168191+00:00,200,1.41,True,
2026-06-29T11:58:26.166896+00:00,2026-06-29T11:58:26.168225+00:00,200,1.33,True,
2026-06-29T11:58:27.166997+00:00,2026-06-29T11:58:27.168217+00:00,200,1.22,True,
2026-06-29T11:58:28.167663+00:00,2026-06-29T11:58:28.169048+00:00,200,1.39,True,
2026-06-29T11:58:29.167721+00:00,2026-06-29T11:58:29.168938+00:00,200,1.22,True,
2026-06-29T11:58:30.167809+00:00,2026-06-29T11:58:30.169419+00:00,200,1.61,True,
2026-06-29T11:58:31.167923+00:00,2026-06-29T11:58:31.169548+00:00,200,1.62,True,
2026-06-29T11:58:32.168015+00:00,2026-06-29T11:58:32.169659+00:00,200,1.64,True,
2026-06-29T11:58:33.169264+00:00,2026-06-29T11:58:33.170981+00:00,200,1.72,True,
2026-06-29T11:58:34.169444+00:00,2026-06-29T11:58:34.170989+00:00,200,1.54,True,
2026-06-29T11:58:35.169644+00:00,2026-06-29T11:58:35.171075+00:00,200,1.43,True,
2026-06-29T11:58:36.169866+00:00,2026-06-29T11:58:36.171446+00:00,200,1.58,True,
2026-06-29T11:58:37.169978+00:00,2026-06-29T11:58:37.171693+00:00,200,1.71,True,
2026-06-29T11:58:38.170092+00:00,2026-06-29T11:58:38.171567+00:00,200,1.47,True,
2026-06-29T11:58:39.170204+00:00,2026-06-29T11:58:39.171649+00:00,200,1.45,True,
2026-06-29T11:58:40.170314+00:00,2026-06-29T11:58:40.171861+00:00,200,1.55,True,
2026-06-29T11:58:41.170514+00:00,2026-06-29T11:58:41.172119+00:00,200,1.6,True,
2026-06-29T11:58:42.170557+00:00,2026-06-29T11:58:42.172166+00:00,200,1.61,True,
2026-06-29T11:58:43.170644+00:00,2026-06-29T11:58:43.172143+00:00,200,1.5,True,
2026-06-29T11:58:44.170714+00:00,2026-06-29T11:58:44.172411+00:00,200,1.7,True,
2026-06-29T11:58:45.170778+00:00,2026-06-29T11:58:45.172253+00:00,200,1.47,True,
2026-06-29T11:58:46.170873+00:00,2026-06-29T11:58:46.172416+00:00,200,1.54,True,
2026-06-29T11:58:47.170963+00:00,2026-06-29T11:58:47.172480+00:00,200,1.52,True,
2026-06-29T11:58:48.171072+00:00,2026-06-29T11:58:48.172543+00:00,200,1.47,True,
2026-06-29T11:58:49.171212+00:00,2026-06-29T11:58:49.172882+00:00,200,1.67,True,
2026-06-29T11:58:50.171369+00:00,2026-06-29T11:58:50.172735+00:00,200,1.37,True,
2026-06-29T11:58:51.171520+00:00,2026-06-29T11:58:51.172909+00:00,200,1.39,True,
2026-06-29T11:58:52.171585+00:00,2026-06-29T11:58:52.172842+00:00,200,1.26,True,
2026-06-29T11:58:53.171675+00:00,2026-06-29T11:58:53.173369+00:00,200,1.69,True,
2026-06-29T11:58:54.171786+00:00,2026-06-29T11:58:54.173384+00:00,200,1.6,True,
2026-06-29T11:58:55.171876+00:00,2026-06-29T11:58:55.173106+00:00,200,1.23,True,
2026-06-29T11:58:56.172004+00:00,2026-06-29T11:58:56.173274+00:00,200,1.27,True,
2026-06-29T11:58:57.172155+00:00,2026-06-29T11:58:57.173779+00:00,200,1.62,True,
2026-06-29T11:58:58.172274+00:00,2026-06-29T11:58:58.173747+00:00,200,1.47,True,
2026-06-29T11:58:59.172421+00:00,2026-06-29T11:58:59.173610+00:00,200,1.19,True,
2026-06-29T11:59:00.172518+00:00,2026-06-29T11:59:00.173781+00:00,200,1.26,True,
2026-06-29T11:59:01.172608+00:00,2026-06-29T11:59:01.174050+00:00,200,1.44,True,
2026-06-29T11:59:02.172689+00:00,2026-06-29T11:59:02.174138+00:00,200,1.45,True,
2026-06-29T11:59:03.172794+00:00,2026-06-29T11:59:03.174257+00:00,200,1.46,True,
2026-06-29T11:59:04.172917+00:00,2026-06-29T11:59:04.174529+00:00,200,1.61,True,
2026-06-29T11:59:05.173051+00:00,2026-06-29T11:59:05.174683+00:00,200,1.63,True,
2026-06-29T11:59:06.173174+00:00,2026-06-29T11:59:06.174851+00:00,200,1.68,True,
2026-06-29T11:59:07.173342+00:00,2026-06-29T11:59:07.175056+00:00,200,1.71,True,
2026-06-29T11:59:08.173524+00:00,2026-06-29T11:59:08.175057+00:00,200,1.53,True,
2026-06-29T11:59:09.173563+00:00,2026-06-29T11:59:09.176090+00:00,200,2.53,True,
2026-06-29T11:59:10.173639+00:00,2026-06-29T11:59:10.175266+00:00,200,1.63,True,
2026-06-29T11:59:11.173849+00:00,2026-06-29T11:59:11.175080+00:00,200,1.23,True,
2026-06-29T11:59:12.174084+00:00,2026-06-29T11:59:12.175717+00:00,200,1.63,True,
2026-06-29T11:59:13.174169+00:00,2026-06-29T11:59:13.175779+00:00,200,1.61,True,
2026-06-29T11:59:14.174465+00:00,2026-06-29T11:59:14.176784+00:00,200,2.32,True,
2026-06-29T11:59:15.174796+00:00,2026-06-29T11:59:15.176322+00:00,200,1.53,True,
2026-06-29T11:59:16.175037+00:00,2026-06-29T11:59:16.176597+00:00,200,1.56,True,
2026-06-29T11:59:17.175435+00:00,2026-06-29T11:59:17.176737+00:00,200,1.3,True,
2026-06-29T11:59:18.175596+00:00,2026-06-29T11:59:18.177100+00:00,200,1.5,True,
2026-06-29T11:59:19.175681+00:00,2026-06-29T11:59:19.177312+00:00,200,1.63,True,
2026-06-29T11:59:20.175777+00:00,2026-06-29T11:59:20.177363+00:00,200,1.59,True,
2026-06-29T11:59:21.176026+00:00,2026-06-29T11:59:21.177480+00:00,200,1.45,True,
2026-06-29T11:59:22.176428+00:00,2026-06-29T11:59:22.178002+00:00,200,1.57,True,
2026-06-29T11:59:23.176587+00:00,2026-06-29T11:59:23.178023+00:00,200,1.44,True,
2026-06-29T11:59:24.176637+00:00,2026-06-29T11:59:24.177936+00:00,200,1.3,True,
2026-06-29T11:59:25.176726+00:00,2026-06-29T11:59:25.177905+00:00,200,1.18,True,
2026-06-29T11:59:26.176833+00:00,2026-06-29T11:59:26.178609+00:00,200,1.78,True,
2026-06-29T11:59:27.176924+00:00,2026-06-29T11:59:27.178178+00:00,200,1.25,True,
2026-06-29T11:59:28.177032+00:00,2026-06-29T11:59:28.178346+00:00,200,1.31,True,
2026-06-29T11:59:29.177141+00:00,2026-06-29T11:59:29.178643+00:00,200,1.5,True,
2026-06-29T11:59:30.177676+00:00,2026-06-29T11:59:30.178989+00:00,200,1.31,True,
2026-06-29T11:59:31.177767+00:00,2026-06-29T11:59:31.179148+00:00,200,1.38,True,
2026-06-29T11:59:32.177877+00:00,2026-06-29T11:59:32.178943+00:00,200,1.07,True,
2026-06-29T11:59:33.177988+00:00,2026-06-29T11:59:33.179163+00:00,200,1.18,True,
2026-06-29T11:59:34.178066+00:00,2026-06-29T11:59:34.179954+00:00,200,1.89,True,
2026-06-29T11:59:35.178210+00:00,2026-06-29T11:59:35.179866+00:00,200,1.66,True,
2026-06-29T11:59:36.178348+00:00,2026-06-29T11:59:36.179884+00:00,200,1.54,True,
2026-06-29T11:59:37.178849+00:00,2026-06-29T11:59:37.180280+00:00,200,1.43,True,
2026-06-29T11:59:38.179018+00:00,2026-06-29T11:59:38.180515+00:00,200,1.5,True,
2026-06-29T11:59:39.179144+00:00,2026-06-29T11:59:39.180739+00:00,200,1.59,True,
2026-06-29T11:59:40.179791+00:00,2026-06-29T11:59:40.181459+00:00,200,1.67,True,
2026-06-29T11:59:41.180583+00:00,2026-06-29T11:59:41.182118+00:00,200,1.53,True,
2026-06-29T11:59:42.180924+00:00,2026-06-29T11:59:42.182530+00:00,200,1.61,True,
2026-06-29T11:59:43.181057+00:00,2026-06-29T11:59:43.182355+00:00,200,1.3,True,
2026-06-29T11:59:44.181187+00:00,2026-06-29T11:59:44.182422+00:00,200,1.23,True,
2026-06-29T11:59:45.181301+00:00,2026-06-29T11:59:45.182569+00:00,200,1.27,True,
2026-06-29T11:59:46.181408+00:00,2026-06-29T11:59:46.182640+00:00,200,1.23,True,
2026-06-29T11:59:47.181593+00:00,2026-06-29T11:59:47.183201+00:00,200,1.61,True,
2026-06-29T11:59:48.181618+00:00,2026-06-29T11:59:48.183614+00:00,200,2.0,True,
2026-06-29T11:59:49.181721+00:00,2026-06-29T11:59:49.183345+00:00,200,1.62,True,
2026-06-29T11:59:50.182002+00:00,2026-06-29T11:59:50.183596+00:00,200,1.59,True,
2026-06-29T11:59:51.182087+00:00,2026-06-29T11:59:51.183365+00:00,200,1.28,True,
2026-06-29T11:59:52.182242+00:00,2026-06-29T11:59:52.183899+00:00,200,1.66,True,
2026-06-29T11:59:53.182410+00:00,2026-06-29T11:59:53.183875+00:00,200,1.46,True,
2026-06-29T11:59:54.182570+00:00,2026-06-29T11:59:54.184376+00:00,200,1.81,True,
2026-06-29T11:59:55.182808+00:00,2026-06-29T11:59:55.184277+00:00,200,1.47,True,
2026-06-29T11:59:56.182935+00:00,2026-06-29T11:59:56.184247+00:00,200,1.31,True,
2026-06-29T11:59:57.183222+00:00,2026-06-29T11:59:57.184679+00:00,200,1.46,True,
2026-06-29T11:59:58.183364+00:00,2026-06-29T11:59:58.184579+00:00,200,1.21,True,
2026-06-29T11:59:59.183404+00:00,2026-06-29T11:59:59.184688+00:00,200,1.28,True,
2026-06-29T12:00:00.183568+00:00,2026-06-29T12:00:00.185027+00:00,200,1.46,True,
2026-06-29T12:00:01.183636+00:00,2026-06-29T12:00:01.185184+00:00,200,1.55,True,
2026-06-29T12:00:02.183752+00:00,2026-06-29T12:00:02.185533+00:00,200,1.78,True,
2026-06-29T12:00:03.183867+00:00,2026-06-29T12:00:03.185067+00:00,200,1.2,True,
2026-06-29T12:00:04.184167+00:00,2026-06-29T12:00:04.185796+00:00,200,1.63,True,
2026-06-29T12:00:05.184336+00:00,2026-06-29T12:00:05.185572+00:00,200,1.24,True,
2026-06-29T12:00:06.184546+00:00,2026-06-29T12:00:06.185651+00:00,200,1.1,True,
2026-06-29T12:00:07.184637+00:00,2026-06-29T12:00:07.186117+00:00,200,1.48,True,
2026-06-29T12:00:08.184820+00:00,2026-06-29T12:00:08.186279+00:00,200,1.46,True,
2026-06-29T12:00:09.185059+00:00,2026-06-29T12:00:09.186491+00:00,200,1.43,True,
2026-06-29T12:00:10.185337+00:00,2026-06-29T12:00:10.186974+00:00,200,1.64,True,
2026-06-29T12:00:11.185603+00:00,2026-06-29T12:00:11.187091+00:00,200,1.49,True,
2026-06-29T12:00:12.186041+00:00,2026-06-29T12:00:12.187869+00:00,200,1.83,True,
2026-06-29T12:00:13.186308+00:00,2026-06-29T12:00:13.187673+00:00,200,1.36,True,
2026-06-29T12:00:14.186389+00:00,2026-06-29T12:00:14.188754+00:00,200,2.36,True,
2026-06-29T12:00:15.186754+00:00,2026-06-29T12:00:15.187955+00:00,200,1.2,True,
2026-06-29T12:00:16.187774+00:00,2026-06-29T12:00:16.189319+00:00,200,1.54,True,
2026-06-29T12:00:17.187879+00:00,2026-06-29T12:00:17.189365+00:00,200,1.49,True,
2026-06-29T12:00:18.188011+00:00,2026-06-29T12:00:18.189641+00:00,200,1.63,True,
2026-06-29T12:00:19.188156+00:00,2026-06-29T12:00:19.190084+00:00,200,1.93,True,
2026-06-29T12:00:20.188336+00:00,2026-06-29T12:00:20.189784+00:00,200,1.45,True,
2026-06-29T12:00:21.188488+00:00,2026-06-29T12:00:21.189854+00:00,200,1.37,True,
2026-06-29T12:00:22.188582+00:00,2026-06-29T12:00:22.189833+00:00,200,1.25,True,
2026-06-29T12:00:23.188790+00:00,2026-06-29T12:00:23.190139+00:00,200,1.35,True,
2026-06-29T12:00:24.189743+00:00,2026-06-29T12:00:24.191332+00:00,200,1.59,True,
2026-06-29T12:00:25.189838+00:00,2026-06-29T12:00:25.191602+00:00,200,1.76,True,
2026-06-29T12:00:26.189946+00:00,2026-06-29T12:00:26.191444+00:00,200,1.5,True,
2026-06-29T12:00:27.190084+00:00,2026-06-29T12:00:27.191517+00:00,200,1.43,True,
2026-06-29T12:00:28.190506+00:00,2026-06-29T12:00:28.192078+00:00,200,1.57,True,
2026-06-29T12:00:29.190830+00:00,2026-06-29T12:00:29.192232+00:00,200,1.4,True,
2026-06-29T12:00:30.190928+00:00,2026-06-29T12:00:30.192700+00:00,200,1.77,True,
2026-06-29T12:00:31.191054+00:00,2026-06-29T12:00:31.192297+00:00,200,1.24,True,
2026-06-29T12:00:32.191210+00:00,2026-06-29T12:00:32.192347+00:00,200,1.14,True,
2026-06-29T12:00:33.191761+00:00,2026-06-29T12:00:33.192936+00:00,200,1.18,True,
2026-06-29T12:00:34.191863+00:00,2026-06-29T12:00:34.193331+00:00,200,1.47,True,
2026-06-29T12:00:35.192079+00:00,2026-06-29T12:00:35.193509+00:00,200,1.43,True,
2026-06-29T12:00:36.192228+00:00,2026-06-29T12:00:36.193919+00:00,200,1.69,True,
2026-06-29T12:00:37.192529+00:00,2026-06-29T12:00:37.194124+00:00,200,1.59,True,
2026-06-29T12:00:38.192917+00:00,2026-06-29T12:00:38.194430+00:00,200,1.51,True,
2026-06-29T12:00:39.193006+00:00,2026-06-29T12:00:39.194748+00:00,200,1.74,True,
2026-06-29T12:00:40.193138+00:00,2026-06-29T12:00:40.194383+00:00,200,1.25,True,
2026-06-29T12:00:41.193277+00:00,2026-06-29T12:00:41.194512+00:00,200,1.23,True,
2026-06-29T12:00:42.193379+00:00,2026-06-29T12:00:42.194938+00:00,200,1.56,True,
2026-06-29T12:00:43.193508+00:00,2026-06-29T12:00:43.194842+00:00,200,1.33,True,
2026-06-29T12:00:44.193589+00:00,2026-06-29T12:00:44.194952+00:00,200,1.36,True,
2026-06-29T12:00:45.193706+00:00,2026-06-29T12:00:45.195095+00:00,200,1.39,True,
2026-06-29T12:00:46.193816+00:00,2026-06-29T12:00:46.195219+00:00,200,1.4,True,
2026-06-29T12:00:47.193914+00:00,2026-06-29T12:00:47.195466+00:00,200,1.55,True,
2026-06-29T12:00:48.194047+00:00,2026-06-29T12:00:48.195702+00:00,200,1.66,True,
2026-06-29T12:00:49.194200+00:00,2026-06-29T12:00:49.195387+00:00,200,1.19,True,
2026-06-29T12:00:50.194342+00:00,2026-06-29T12:00:50.195471+00:00,200,1.13,True,
2026-06-29T12:00:51.194429+00:00,2026-06-29T12:00:51.196077+00:00,200,1.65,True,
2026-06-29T12:00:52.194603+00:00,2026-06-29T12:00:52.196060+00:00,200,1.46,True,
2026-06-29T12:00:53.194697+00:00,2026-06-29T12:00:53.196294+00:00,200,1.6,True,
2026-06-29T12:00:54.194806+00:00,2026-06-29T12:00:54.196304+00:00,200,1.5,True,
2026-06-29T12:00:55.194890+00:00,2026-06-29T12:00:55.196719+00:00,200,1.83,True,
2026-06-29T12:00:56.195014+00:00,2026-06-29T12:00:56.196601+00:00,200,1.59,True,
2026-06-29T12:00:57.195149+00:00,2026-06-29T12:00:57.196440+00:00,200,1.29,True,
2026-06-29T12:00:58.195238+00:00,2026-06-29T12:00:58.196544+00:00,200,1.31,True,
2026-06-29T12:00:59.195411+00:00,2026-06-29T12:00:59.196851+00:00,200,1.44,True,
2026-06-29T12:01:00.195606+00:00,2026-06-29T12:01:00.196805+00:00,200,1.2,True,
2026-06-29T12:01:01.195814+00:00,2026-06-29T12:01:01.197283+00:00,200,1.47,True,
2026-06-29T12:01:02.195926+00:00,2026-06-29T12:01:02.197242+00:00,200,1.32,True,
2026-06-29T12:01:03.196019+00:00,2026-06-29T12:01:03.197854+00:00,200,1.83,True,
2026-06-29T12:01:04.196108+00:00,2026-06-29T12:01:04.197903+00:00,200,1.79,True,
2026-06-29T12:01:05.196344+00:00,2026-06-29T12:01:05.197759+00:00,200,1.42,True,
2026-06-29T12:01:06.196551+00:00,2026-06-29T12:01:06.198020+00:00,200,1.47,True,
2026-06-29T12:01:07.196882+00:00,2026-06-29T12:01:07.198054+00:00,200,1.17,True,
2026-06-29T12:01:08.197010+00:00,2026-06-29T12:01:08.198560+00:00,200,1.55,True,
2026-06-29T12:01:09.197137+00:00,2026-06-29T12:01:09.198417+00:00,200,1.28,True,
2026-06-29T12:01:10.197289+00:00,2026-06-29T12:01:10.198869+00:00,200,1.58,True,
2026-06-29T12:01:11.197716+00:00,2026-06-29T12:01:11.199233+00:00,200,1.52,True,
2026-06-29T12:01:12.197801+00:00,2026-06-29T12:01:12.199285+00:00,200,1.48,True,
2026-06-29T12:01:13.198361+00:00,2026-06-29T12:01:13.199647+00:00,200,1.29,True,
2026-06-29T12:01:14.198576+00:00,2026-06-29T12:01:14.200085+00:00,200,1.51,True,
2026-06-29T12:01:15.199075+00:00,2026-06-29T12:01:15.201240+00:00,200,2.17,True,
2026-06-29T12:01:16.199339+00:00,2026-06-29T12:01:16.200934+00:00,200,1.59,True,
2026-06-29T12:01:17.199538+00:00,2026-06-29T12:01:17.200885+00:00,200,1.35,True,
2026-06-29T12:01:18.199746+00:00,2026-06-29T12:01:18.201244+00:00,200,1.5,True,
2026-06-29T12:01:19.199898+00:00,2026-06-29T12:01:19.201361+00:00,200,1.46,True,
2026-06-29T12:01:20.200326+00:00,2026-06-29T12:01:20.201860+00:00,200,1.53,True,
2026-06-29T12:01:21.200590+00:00,2026-06-29T12:01:21.202225+00:00,200,1.64,True,
2026-06-29T12:01:22.200623+00:00,2026-06-29T12:01:22.202234+00:00,200,1.61,True,
2026-06-29T12:01:23.200671+00:00,2026-06-29T12:01:23.202243+00:00,200,1.57,True,
2026-06-29T12:01:24.200797+00:00,2026-06-29T12:01:24.202397+00:00,200,1.6,True,
2026-06-29T12:01:25.200904+00:00,2026-06-29T12:01:25.202309+00:00,200,1.41,True,
2026-06-29T12:01:26.201090+00:00,2026-06-29T12:01:26.202799+00:00,200,1.71,True,
2026-06-29T12:01:27.201200+00:00,2026-06-29T12:01:27.202383+00:00,200,1.18,True,
2026-06-29T12:01:28.201390+00:00,2026-06-29T12:01:28.202787+00:00,200,1.4,True,
2026-06-29T12:01:29.201743+00:00,2026-06-29T12:01:29.203734+00:00,200,1.99,True,
2026-06-29T12:01:30.201954+00:00,2026-06-29T12:01:30.205025+00:00,200,3.07,True,
2026-06-29T12:01:31.202101+00:00,2026-06-29T12:01:31.204460+00:00,200,2.36,True,
2026-06-29T12:01:32.202176+00:00,2026-06-29T12:01:32.204191+00:00,200,2.01,True,
2026-06-29T12:01:33.202329+00:00,2026-06-29T12:01:33.204044+00:00,200,1.71,True,
2026-06-29T12:01:34.202515+00:00,2026-06-29T12:01:34.204797+00:00,200,2.28,True,
2026-06-29T12:01:35.202712+00:00,2026-06-29T12:01:35.203952+00:00,200,1.24,True,
2026-06-29T12:01:36.202837+00:00,2026-06-29T12:01:36.204384+00:00,200,1.55,True,
2026-06-29T12:01:37.203061+00:00,2026-06-29T12:01:37.204585+00:00,200,1.52,True,
2026-06-29T12:01:38.203213+00:00,2026-06-29T12:01:38.204521+00:00,200,1.31,True,
2026-06-29T12:01:39.203339+00:00,2026-06-29T12:01:39.204908+00:00,200,1.57,True,
2026-06-29T12:01:40.203630+00:00,2026-06-29T12:01:40.205182+00:00,200,1.55,True,
2026-06-29T12:01:41.203715+00:00,2026-06-29T12:01:41.205594+00:00,200,1.88,True,
2026-06-29T12:01:42.203846+00:00,2026-06-29T12:01:42.205231+00:00,200,1.39,True,
2026-06-29T12:01:43.204011+00:00,2026-06-29T12:01:43.205674+00:00,200,1.66,True,
2026-06-29T12:01:44.204187+00:00,2026-06-29T12:01:44.205895+00:00,200,1.71,True,
2026-06-29T12:01:45.204434+00:00,2026-06-29T12:01:45.205917+00:00,200,1.48,True,
2026-06-29T12:01:46.204749+00:00,2026-06-29T12:01:46.206302+00:00,200,1.55,True,
2026-06-29T12:01:47.204845+00:00,2026-06-29T12:01:47.206102+00:00,200,1.26,True,
2026-06-29T12:01:48.205255+00:00,2026-06-29T12:01:48.206612+00:00,200,1.36,True,
2026-06-29T12:01:49.205368+00:00,2026-06-29T12:01:49.206881+00:00,200,1.51,True,
2026-06-29T12:01:50.205685+00:00,2026-06-29T12:01:50.207023+00:00,200,1.34,True,
2026-06-29T12:01:51.205825+00:00,2026-06-29T12:01:51.207357+00:00,200,1.53,True,
2026-06-29T12:01:52.206446+00:00,2026-06-29T12:01:52.207955+00:00,200,1.51,True,
2026-06-29T12:01:53.206531+00:00,2026-06-29T12:01:53.208171+00:00,200,1.64,True,
2026-06-29T12:01:54.206878+00:00,2026-06-29T12:01:54.208605+00:00,200,1.73,True,
2026-06-29T12:01:55.207019+00:00,2026-06-29T12:01:55.208462+00:00,200,1.44,True,
2026-06-29T12:01:56.207178+00:00,2026-06-29T12:01:56.209023+00:00,200,1.84,True,
2026-06-29T12:01:57.208184+00:00,2026-06-29T12:01:57.209748+00:00,200,1.56,True,
2026-06-29T12:01:58.208372+00:00,2026-06-29T12:01:58.210123+00:00,200,1.75,True,
2026-06-29T12:01:59.208524+00:00,2026-06-29T12:01:59.210039+00:00,200,1.52,True,
2026-06-29T12:02:00.209599+00:00,2026-06-29T12:02:00.211070+00:00,200,1.47,True,
2026-06-29T12:02:01.209771+00:00,2026-06-29T12:02:01.211033+00:00,200,1.26,True,
2026-06-29T12:02:02.210466+00:00,2026-06-29T12:02:02.212086+00:00,200,1.62,True,
2026-06-29T12:02:03.211173+00:00,2026-06-29T12:02:03.212386+00:00,200,1.21,True,
2026-06-29T12:02:04.211778+00:00,2026-06-29T12:02:04.213415+00:00,200,1.64,True,
2026-06-29T12:02:05.211904+00:00,2026-06-29T12:02:05.213231+00:00,200,1.33,True,
2026-06-29T12:02:06.212600+00:00,2026-06-29T12:02:06.214312+00:00,200,1.71,True,
2026-06-29T12:02:07.212926+00:00,2026-06-29T12:02:07.214100+00:00,200,1.17,True,
2026-06-29T12:02:08.213214+00:00,2026-06-29T12:02:08.214825+00:00,200,1.61,True,
2026-06-29T12:02:09.213358+00:00,2026-06-29T12:02:09.215126+00:00,200,1.77,True,
2026-06-29T12:02:10.213658+00:00,2026-06-29T12:02:10.215009+00:00,200,1.35,True,
2026-06-29T12:02:11.213921+00:00,2026-06-29T12:02:11.215130+00:00,200,1.21,True,
2026-06-29T12:02:12.213948+00:00,2026-06-29T12:02:12.215735+00:00,200,1.79,True,
2026-06-29T12:02:13.214447+00:00,2026-06-29T12:02:13.215912+00:00,200,1.46,True,
2026-06-29T12:02:14.214634+00:00,2026-06-29T12:02:14.215879+00:00,200,1.25,True,
2026-06-29T12:02:15.214748+00:00,2026-06-29T12:02:15.216322+00:00,200,1.57,True,
2026-06-29T12:02:16.214902+00:00,2026-06-29T12:02:16.216462+00:00,200,1.56,True,
2026-06-29T12:02:17.215080+00:00,2026-06-29T12:02:17.216734+00:00,200,1.65,True,
2026-06-29T12:02:18.215172+00:00,2026-06-29T12:02:18.216697+00:00,200,1.53,True,
2026-06-29T12:02:19.215387+00:00,2026-06-29T12:02:19.216946+00:00,200,1.56,True,
2026-06-29T12:02:20.215686+00:00,2026-06-29T12:02:20.217165+00:00,200,1.48,True,
2026-06-29T12:02:21.215717+00:00,2026-06-29T12:02:21.217363+00:00,200,1.65,True,
2026-06-29T12:02:22.215867+00:00,2026-06-29T12:02:22.217435+00:00,200,1.57,True,
2026-06-29T12:02:23.216042+00:00,2026-06-29T12:02:23.217522+00:00,200,1.48,True,
2026-06-29T12:02:24.216181+00:00,2026-06-29T12:02:24.217757+00:00,200,1.58,True,
2026-06-29T12:02:25.216691+00:00,2026-06-29T12:02:25.218284+00:00,200,1.59,True,
2026-06-29T12:02:26.216783+00:00,2026-06-29T12:02:26.218088+00:00,200,1.3,True,
2026-06-29T12:02:27.217059+00:00,2026-06-29T12:02:27.218572+00:00,200,1.51,True,
2026-06-29T12:02:28.217268+00:00,2026-06-29T12:02:28.218909+00:00,200,1.64,True,
2026-06-29T12:02:29.217386+00:00,2026-06-29T12:02:29.218873+00:00,200,1.49,True,
2026-06-29T12:02:30.217652+00:00,2026-06-29T12:02:30.219187+00:00,200,1.53,True,
2026-06-29T12:02:31.217754+00:00,2026-06-29T12:02:31.219248+00:00,200,1.49,True,
2026-06-29T12:02:32.217914+00:00,2026-06-29T12:02:32.219118+00:00,200,1.2,True,
2026-06-29T12:02:33.218074+00:00,2026-06-29T12:02:33.219823+00:00,200,1.75,True,
2026-06-29T12:02:34.218313+00:00,2026-06-29T12:02:34.219858+00:00,200,1.54,True,
2026-06-29T12:02:35.218609+00:00,2026-06-29T12:02:35.219895+00:00,200,1.29,True,
2026-06-29T12:02:36.218659+00:00,2026-06-29T12:02:36.219952+00:00,200,1.29,True,
2026-06-29T12:02:37.218722+00:00,2026-06-29T12:02:37.220236+00:00,200,1.51,True,
2026-06-29T12:02:38.218857+00:00,2026-06-29T12:02:38.220299+00:00,200,1.44,True,
2026-06-29T12:02:39.218991+00:00,2026-06-29T12:02:39.220206+00:00,200,1.21,True,
2026-06-29T12:02:40.219191+00:00,2026-06-29T12:02:40.220459+00:00,200,1.27,True,
2026-06-29T12:02:41.219453+00:00,2026-06-29T12:02:41.220788+00:00,200,1.33,True,
2026-06-29T12:02:42.219740+00:00,2026-06-29T12:02:42.221012+00:00,200,1.27,True,
2026-06-29T12:02:43.220392+00:00,2026-06-29T12:02:43.221617+00:00,200,1.22,True,
2026-06-29T12:02:44.220949+00:00,2026-06-29T12:02:44.222529+00:00,200,1.58,True,
2026-06-29T12:02:45.221128+00:00,2026-06-29T12:02:45.222418+00:00,200,1.29,True,
2026-06-29T12:02:46.221242+00:00,2026-06-29T12:02:46.222793+00:00,200,1.55,True,
2026-06-29T12:02:47.221395+00:00,2026-06-29T12:02:47.222867+00:00,200,1.47,True,
2026-06-29T12:02:48.221612+00:00,2026-06-29T12:02:48.223090+00:00,200,1.48,True,
2026-06-29T12:02:49.221771+00:00,2026-06-29T12:02:49.223281+00:00,200,1.51,True,
2026-06-29T12:02:50.221862+00:00,2026-06-29T12:02:50.223225+00:00,200,1.36,True,
2026-06-29T12:02:51.222029+00:00,2026-06-29T12:02:51.223521+00:00,200,1.49,True,
2026-06-29T12:02:52.222248+00:00,2026-06-29T12:02:52.223928+00:00,200,1.68,True,
2026-06-29T12:02:53.222337+00:00,2026-06-29T12:02:53.224145+00:00,200,1.81,True,
2026-06-29T12:02:54.222505+00:00,2026-06-29T12:02:54.223917+00:00,200,1.41,True,
2026-06-29T12:02:55.222640+00:00,2026-06-29T12:02:55.224066+00:00,200,1.43,True,
2026-06-29T12:02:56.222776+00:00,2026-06-29T12:02:56.224053+00:00,200,1.28,True,
2026-06-29T12:02:57.222881+00:00,2026-06-29T12:02:57.224132+00:00,200,1.25,True,
2026-06-29T12:02:58.223032+00:00,2026-06-29T12:02:58.224654+00:00,200,1.62,True,
2026-06-29T12:02:59.223202+00:00,2026-06-29T12:02:59.224686+00:00,200,1.48,True,
2026-06-29T12:03:00.223470+00:00,2026-06-29T12:03:00.224867+00:00,200,1.4,True,
2026-06-29T12:03:01.223619+00:00,2026-06-29T12:03:01.224922+00:00,200,1.3,True,
2026-06-29T12:03:02.223740+00:00,2026-06-29T12:03:02.225385+00:00,200,1.65,True,
2026-06-29T12:03:03.223863+00:00,2026-06-29T12:03:03.225604+00:00,200,1.74,True,
2026-06-29T12:03:04.224033+00:00,2026-06-29T12:03:04.225367+00:00,200,1.33,True,
2026-06-29T12:03:05.224219+00:00,2026-06-29T12:03:05.225658+00:00,200,1.44,True,
2026-06-29T12:03:06.224300+00:00,2026-06-29T12:03:06.225885+00:00,200,1.58,True,
2026-06-29T12:03:07.224467+00:00,2026-06-29T12:03:07.225871+00:00,200,1.4,True,
2026-06-29T12:03:08.224749+00:00,2026-06-29T12:03:08.226321+00:00,200,1.57,True,
2026-06-29T12:03:09.224877+00:00,2026-06-29T12:03:09.226408+00:00,200,1.53,True,
2026-06-29T12:03:10.224990+00:00,2026-06-29T12:03:10.226282+00:00,200,1.29,True,
2026-06-29T12:03:11.225094+00:00,2026-06-29T12:03:11.226715+00:00,200,1.62,True,
2026-06-29T12:03:12.225310+00:00,2026-06-29T12:03:12.226641+00:00,200,1.33,True,
2026-06-29T12:03:13.227142+00:00,2026-06-29T12:03:13.228670+00:00,200,1.53,True,
2026-06-29T12:03:14.228153+00:00,2026-06-29T12:03:14.229589+00:00,200,1.44,True,
2026-06-29T12:03:15.228366+00:00,2026-06-29T12:03:15.229657+00:00,200,1.29,True,
2026-06-29T12:03:16.228635+00:00,2026-06-29T12:03:16.230269+00:00,200,1.63,True,
2026-06-29T12:03:17.229158+00:00,2026-06-29T12:03:17.230711+00:00,200,1.55,True,
2026-06-29T12:03:18.229252+00:00,2026-06-29T12:03:18.230750+00:00,200,1.5,True,
2026-06-29T12:03:19.230702+00:00,2026-06-29T12:03:19.231900+00:00,200,1.2,True,
2026-06-29T12:03:20.230803+00:00,2026-06-29T12:03:20.232011+00:00,200,1.21,True,
2026-06-29T12:03:21.230953+00:00,2026-06-29T12:03:21.232475+00:00,200,1.52,True,
2026-06-29T12:03:22.231144+00:00,2026-06-29T12:03:22.232732+00:00,200,1.59,True,
2026-06-29T12:03:23.231398+00:00,2026-06-29T12:03:23.232687+00:00,200,1.29,True,
2026-06-29T12:03:24.231752+00:00,2026-06-29T12:03:24.233315+00:00,200,1.56,True,
2026-06-29T12:03:25.231868+00:00,2026-06-29T12:03:25.233059+00:00,200,1.19,True,
2026-06-29T12:03:26.232050+00:00,2026-06-29T12:03:26.233541+00:00,200,1.49,True,
2026-06-29T12:03:27.232198+00:00,2026-06-29T12:03:27.233543+00:00,200,1.34,True,
2026-06-29T12:03:28.232457+00:00,2026-06-29T12:03:28.234004+00:00,200,1.55,True,
2026-06-29T12:03:29.232542+00:00,2026-06-29T12:03:29.234075+00:00,200,1.53,True,
2026-06-29T12:03:30.232695+00:00,2026-06-29T12:03:30.234278+00:00,200,1.58,True,
2026-06-29T12:03:31.232788+00:00,2026-06-29T12:03:31.234378+00:00,200,1.59,True,
2026-06-29T12:03:32.232935+00:00,2026-06-29T12:03:32.234148+00:00,200,1.21,True,
2026-06-29T12:03:33.233021+00:00,2026-06-29T12:03:33.235113+00:00,200,2.09,True,
2026-06-29T12:03:34.233134+00:00,2026-06-29T12:03:34.234852+00:00,200,1.72,True,
2026-06-29T12:03:35.233276+00:00,2026-06-29T12:03:35.234808+00:00,200,1.53,True,
2026-06-29T12:03:36.233400+00:00,2026-06-29T12:03:36.235030+00:00,200,1.63,True,
2026-06-29T12:03:37.233539+00:00,2026-06-29T12:03:37.235307+00:00,200,1.77,True,
2026-06-29T12:03:38.233616+00:00,2026-06-29T12:03:38.235290+00:00,200,1.67,True,
2026-06-29T12:03:39.233710+00:00,2026-06-29T12:03:39.235249+00:00,200,1.54,True,
2026-06-29T12:03:40.233779+00:00,2026-06-29T12:03:40.235354+00:00,200,1.57,True,
2026-06-29T12:03:41.233907+00:00,2026-06-29T12:03:41.235364+00:00,200,1.46,True,
2026-06-29T12:03:42.234015+00:00,2026-06-29T12:03:42.235575+00:00,200,1.56,True,
2026-06-29T12:03:43.234157+00:00,2026-06-29T12:03:43.235662+00:00,200,1.51,True,
2026-06-29T12:03:44.234379+00:00,2026-06-29T12:03:44.235699+00:00,200,1.32,True,
2026-06-29T12:03:45.234597+00:00,2026-06-29T12:03:45.236037+00:00,200,1.44,True,
2026-06-29T12:03:46.234697+00:00,2026-06-29T12:03:46.236208+00:00,200,1.51,True,
2026-06-29T12:03:47.234796+00:00,2026-06-29T12:03:47.236090+00:00,200,1.29,True,
2026-06-29T12:03:48.234957+00:00,2026-06-29T12:03:48.236595+00:00,200,1.64,True,
2026-06-29T12:03:49.235158+00:00,2026-06-29T12:03:49.236866+00:00,200,1.71,True,
2026-06-29T12:03:50.235393+00:00,2026-06-29T12:03:50.237033+00:00,200,1.64,True,
2026-06-29T12:03:51.235615+00:00,2026-06-29T12:03:51.237072+00:00,200,1.46,True,
2026-06-29T12:03:52.235736+00:00,2026-06-29T12:03:52.237418+00:00,200,1.68,True,
2026-06-29T12:03:53.235846+00:00,2026-06-29T12:03:53.238054+00:00,200,2.21,True,
2026-06-29T12:03:54.236264+00:00,2026-06-29T12:03:54.237895+00:00,200,1.63,True,
2026-06-29T12:03:55.236532+00:00,2026-06-29T12:03:55.237760+00:00,200,1.23,True,
2026-06-29T12:03:56.236644+00:00,2026-06-29T12:03:56.237911+00:00,200,1.27,True,
2026-06-29T12:03:57.236904+00:00,2026-06-29T12:03:57.238591+00:00,200,1.69,True,
2026-06-29T12:03:58.237323+00:00,2026-06-29T12:03:58.238910+00:00,200,1.59,True,
2026-06-29T12:03:59.237574+00:00,2026-06-29T12:03:59.239163+00:00,200,1.59,True,
2026-06-29T12:04:00.237751+00:00,2026-06-29T12:04:00.239379+00:00,200,1.63,True,
2026-06-29T12:04:01.237884+00:00,2026-06-29T12:04:01.239349+00:00,200,1.46,True,
2026-06-29T12:04:02.238017+00:00,2026-06-29T12:04:02.239604+00:00,200,1.59,True,
2026-06-29T12:04:03.238235+00:00,2026-06-29T12:04:03.239767+00:00,200,1.53,True,
2026-06-29T12:04:04.238374+00:00,2026-06-29T12:04:04.239873+00:00,200,1.5,True,
2026-06-29T12:04:05.238690+00:00,2026-06-29T12:04:05.240033+00:00,200,1.34,True,
2026-06-29T12:04:06.238815+00:00,2026-06-29T12:04:06.239954+00:00,200,1.14,True,
2026-06-29T12:04:07.238952+00:00,2026-06-29T12:04:07.240472+00:00,200,1.52,True,
2026-06-29T12:04:08.239193+00:00,2026-06-29T12:04:08.241162+00:00,200,1.97,True,
2026-06-29T12:04:09.239520+00:00,2026-06-29T12:04:09.241475+00:00,200,1.96,True,
2026-06-29T12:04:10.239804+00:00,2026-06-29T12:04:10.241558+00:00,200,1.75,True,
2026-06-29T12:04:11.240467+00:00,2026-06-29T12:04:11.241972+00:00,200,1.51,True,
2026-06-29T12:04:12.240594+00:00,2026-06-29T12:04:12.242884+00:00,200,2.29,True,
2026-06-29T12:04:13.240909+00:00,2026-06-29T12:04:13.242450+00:00,200,1.54,True,
2026-06-29T12:04:14.241104+00:00,2026-06-29T12:04:14.242767+00:00,200,1.66,True,
2026-06-29T12:04:15.241155+00:00,2026-06-29T12:04:15.243120+00:00,200,1.97,True,
2026-06-29T12:04:16.241409+00:00,2026-06-29T12:04:16.242913+00:00,200,1.5,True,
2026-06-29T12:04:17.241457+00:00,2026-06-29T12:04:17.242963+00:00,200,1.51,True,
2026-06-29T12:04:18.242842+00:00,2026-06-29T12:04:18.244402+00:00,200,1.56,True,
2026-06-29T12:04:19.243976+00:00,2026-06-29T12:04:19.245613+00:00,200,1.64,True,
2026-06-29T12:04:20.244382+00:00,2026-06-29T12:04:20.245678+00:00,200,1.3,True,
2026-06-29T12:04:21.244603+00:00,2026-06-29T12:04:21.245901+00:00,200,1.3,True,
2026-06-29T12:04:22.244690+00:00,2026-06-29T12:04:22.246218+00:00,200,1.53,True,
2026-06-29T12:04:23.244771+00:00,2026-06-29T12:04:23.246252+00:00,200,1.48,True,
2026-06-29T12:04:24.245070+00:00,2026-06-29T12:04:24.246661+00:00,200,1.59,True,
2026-06-29T12:04:25.245245+00:00,2026-06-29T12:04:25.246519+00:00,200,1.27,True,
2026-06-29T12:04:26.245658+00:00,2026-06-29T12:04:26.247209+00:00,200,1.55,True,
2026-06-29T12:04:27.245780+00:00,2026-06-29T12:04:27.247315+00:00,200,1.53,True,
2026-06-29T12:04:28.245983+00:00,2026-06-29T12:04:28.247482+00:00,200,1.5,True,
2026-06-29T12:04:29.246381+00:00,2026-06-29T12:04:29.247858+00:00,200,1.48,True,
2026-06-29T12:04:30.246510+00:00,2026-06-29T12:04:30.248100+00:00,200,1.59,True,
2026-06-29T12:04:31.246720+00:00,2026-06-29T12:04:31.247932+00:00,200,1.21,True,
2026-06-29T12:04:32.246887+00:00,2026-06-29T12:04:32.248818+00:00,200,1.93,True,
2026-06-29T12:04:33.247639+00:00,2026-06-29T12:04:33.249111+00:00,200,1.47,True,
2026-06-29T12:04:34.248258+00:00,2026-06-29T12:04:34.249784+00:00,200,1.53,True,
2026-06-29T12:04:35.249536+00:00,2026-06-29T12:04:35.251116+00:00,200,1.58,True,
2026-06-29T12:04:36.250095+00:00,2026-06-29T12:04:36.251568+00:00,200,1.47,True,
2026-06-29T12:04:37.250959+00:00,2026-06-29T12:04:37.252705+00:00,200,1.75,True,
2026-06-29T12:04:38.251658+00:00,2026-06-29T12:04:38.253198+00:00,200,1.54,True,
2026-06-29T12:04:39.251757+00:00,2026-06-29T12:04:39.253287+00:00,200,1.53,True,
2026-06-29T12:04:40.252104+00:00,2026-06-29T12:04:40.253388+00:00,200,1.28,True,
2026-06-29T12:04:41.252319+00:00,2026-06-29T12:04:41.253920+00:00,200,1.6,True,
2026-06-29T12:04:42.253097+00:00,2026-06-29T12:04:42.254634+00:00,200,1.54,True,
2026-06-29T12:04:43.253544+00:00,2026-06-29T12:04:43.254914+00:00,200,1.37,True,
2026-06-29T12:04:44.253629+00:00,2026-06-29T12:04:44.255350+00:00,200,1.72,True,
2026-06-29T12:04:45.254331+00:00,2026-06-29T12:04:45.256009+00:00,200,1.68,True,
2026-06-29T12:04:46.254840+00:00,2026-06-29T12:04:46.255982+00:00,200,1.14,True,
2026-06-29T12:04:47.255246+00:00,2026-06-29T12:04:47.256813+00:00,200,1.57,True,
2026-06-29T12:04:48.255596+00:00,2026-06-29T12:04:48.257208+00:00,200,1.61,True,
2026-06-29T12:04:49.255706+00:00,2026-06-29T12:04:49.257280+00:00,200,1.57,True,
2026-06-29T12:04:50.256282+00:00,2026-06-29T12:04:50.257958+00:00,200,1.68,True,
2026-06-29T12:04:51.256547+00:00,2026-06-29T12:04:51.257825+00:00,200,1.28,True,
2026-06-29T12:04:52.256625+00:00,2026-06-29T12:04:52.258406+00:00,200,1.78,True,
2026-06-29T12:04:53.256725+00:00,2026-06-29T12:04:53.258347+00:00,200,1.62,True,
2026-06-29T12:04:54.256755+00:00,2026-06-29T12:04:54.258379+00:00,200,1.62,True,
2026-06-29T12:04:55.257872+00:00,2026-06-29T12:04:55.259138+00:00,200,1.27,True,
2026-06-29T12:04:56.258772+00:00,2026-06-29T12:04:56.260209+00:00,200,1.44,True,
2026-06-29T12:04:57.258922+00:00,2026-06-29T12:04:57.260232+00:00,200,1.31,True,
2026-06-29T12:04:58.259869+00:00,2026-06-29T12:04:58.261401+00:00,200,1.53,True,
2026-06-29T12:04:59.259988+00:00,2026-06-29T12:04:59.261240+00:00,200,1.25,True,
2026-06-29T12:05:00.260165+00:00,2026-06-29T12:05:00.261466+00:00,200,1.3,True,
2026-06-29T12:05:01.260256+00:00,2026-06-29T12:05:01.261803+00:00,200,1.55,True,
2026-06-29T12:05:02.260393+00:00,2026-06-29T12:05:02.261962+00:00,200,1.57,True,
2026-06-29T12:05:03.260550+00:00,2026-06-29T12:05:03.261900+00:00,200,1.35,True,
2026-06-29T12:05:04.261217+00:00,2026-06-29T12:05:04.262758+00:00,200,1.54,True,
2026-06-29T12:05:05.261764+00:00,2026-06-29T12:05:05.263017+00:00,200,1.25,True,
2026-06-29T12:05:06.261906+00:00,2026-06-29T12:05:06.263124+00:00,200,1.22,True,
2026-06-29T12:05:07.262015+00:00,2026-06-29T12:05:07.263502+00:00,200,1.49,True,
2026-06-29T12:05:08.262449+00:00,2026-06-29T12:05:08.263931+00:00,200,1.48,True,
2026-06-29T12:05:09.264065+00:00,2026-06-29T12:05:09.265872+00:00,200,1.81,True,
2026-06-29T12:05:10.264523+00:00,2026-06-29T12:05:10.266223+00:00,200,1.7,True,
2026-06-29T12:05:11.265008+00:00,2026-06-29T12:05:11.266312+00:00,200,1.3,True,
2026-06-29T12:05:12.265089+00:00,2026-06-29T12:05:12.266810+00:00,200,1.72,True,
2026-06-29T12:05:13.265323+00:00,2026-06-29T12:05:13.266604+00:00,200,1.28,True,
2026-06-29T12:05:14.265527+00:00,2026-06-29T12:05:14.267119+00:00,200,1.59,True,
2026-06-29T12:05:15.265558+00:00,2026-06-29T12:05:15.266731+00:00,200,1.17,True,
2026-06-29T12:05:16.266031+00:00,2026-06-29T12:05:16.267598+00:00,200,1.57,True,
2026-06-29T12:05:17.266245+00:00,2026-06-29T12:05:17.267756+00:00,200,1.51,True,
2026-06-29T12:05:18.266345+00:00,2026-06-29T12:05:18.267763+00:00,200,1.42,True,
2026-06-29T12:05:19.266621+00:00,2026-06-29T12:05:19.267903+00:00,200,1.28,True,
2026-06-29T12:05:20.266731+00:00,2026-06-29T12:05:20.268276+00:00,200,1.54,True,
2026-06-29T12:05:21.266825+00:00,2026-06-29T12:05:21.268483+00:00,200,1.66,True,
2026-06-29T12:05:22.266994+00:00,2026-06-29T12:05:22.268546+00:00,200,1.55,True,
2026-06-29T12:05:23.267033+00:00,2026-06-29T12:05:23.268165+00:00,200,1.13,True,
2026-06-29T12:05:24.267148+00:00,2026-06-29T12:05:24.268468+00:00,200,1.32,True,
2026-06-29T12:05:25.267249+00:00,2026-06-29T12:05:25.269070+00:00,200,1.82,True,
2026-06-29T12:05:26.267424+00:00,2026-06-29T12:05:26.268842+00:00,200,1.42,True,
2026-06-29T12:05:27.267746+00:00,2026-06-29T12:05:27.269089+00:00,200,1.34,True,
2026-06-29T12:05:28.267869+00:00,2026-06-29T12:05:28.269325+00:00,200,1.46,True,
2026-06-29T12:05:29.267998+00:00,2026-06-29T12:05:29.269255+00:00,200,1.26,True,
2026-06-29T12:05:30.268213+00:00,2026-06-29T12:05:30.270115+00:00,200,1.9,True,
2026-06-29T12:05:31.268288+00:00,2026-06-29T12:05:31.270086+00:00,200,1.8,True,
2026-06-29T12:05:32.268517+00:00,2026-06-29T12:05:32.269741+00:00,200,1.22,True,
2026-06-29T12:05:33.268594+00:00,2026-06-29T12:05:33.270262+00:00,200,1.67,True,
2026-06-29T12:05:34.268778+00:00,2026-06-29T12:05:34.270163+00:00,200,1.39,True,
2026-06-29T12:05:35.268908+00:00,2026-06-29T12:05:35.270228+00:00,200,1.32,True,
2026-06-29T12:05:36.269030+00:00,2026-06-29T12:05:36.270764+00:00,200,1.73,True,
2026-06-29T12:05:37.269209+00:00,2026-06-29T12:05:37.270692+00:00,200,1.48,True,
2026-06-29T12:05:38.269525+00:00,2026-06-29T12:05:38.270719+00:00,200,1.19,True,
2026-06-29T12:05:39.270369+00:00,2026-06-29T12:05:39.272049+00:00,200,1.68,True,
2026-06-29T12:05:40.270490+00:00,2026-06-29T12:05:40.271815+00:00,200,1.32,True,
2026-06-29T12:05:41.270581+00:00,2026-06-29T12:05:41.271880+00:00,200,1.3,True,
2026-06-29T12:05:42.270663+00:00,2026-06-29T12:05:42.272249+00:00,200,1.59,True,
2026-06-29T12:05:43.270806+00:00,2026-06-29T12:05:43.272123+00:00,200,1.32,True,
2026-06-29T12:05:44.270922+00:00,2026-06-29T12:05:44.272236+00:00,200,1.31,True,
2026-06-29T12:05:45.271095+00:00,2026-06-29T12:05:45.272476+00:00,200,1.38,True,
2026-06-29T12:05:46.271333+00:00,2026-06-29T12:05:46.272966+00:00,200,1.63,True,
2026-06-29T12:05:47.271612+00:00,2026-06-29T12:05:47.273244+00:00,200,1.63,True,
2026-06-29T12:05:48.271709+00:00,2026-06-29T12:05:48.273292+00:00,200,1.58,True,
2026-06-29T12:05:49.271825+00:00,2026-06-29T12:05:49.273136+00:00,200,1.31,True,
2026-06-29T12:05:50.271924+00:00,2026-06-29T12:05:50.273458+00:00,200,1.53,True,
2026-06-29T12:05:51.272111+00:00,2026-06-29T12:05:51.273418+00:00,200,1.31,True,
2026-06-29T12:05:52.272249+00:00,2026-06-29T12:05:52.274076+00:00,200,1.83,True,
2026-06-29T12:05:53.272355+00:00,2026-06-29T12:05:53.273554+00:00,200,1.2,True,
2026-06-29T12:05:54.272463+00:00,2026-06-29T12:05:54.273690+00:00,200,1.23,True,
2026-06-29T12:05:55.272758+00:00,2026-06-29T12:05:55.274046+00:00,200,1.29,True,
2026-06-29T12:05:56.272873+00:00,2026-06-29T12:05:56.274333+00:00,200,1.46,True,
2026-06-29T12:05:57.273289+00:00,2026-06-29T12:05:57.275034+00:00,200,1.75,True,
2026-06-29T12:05:58.273521+00:00,2026-06-29T12:05:58.274857+00:00,200,1.34,True,
2026-06-29T12:05:59.274105+00:00,2026-06-29T12:05:59.275671+00:00,200,1.57,True,
2026-06-29T12:06:00.274230+00:00,2026-06-29T12:06:00.275408+00:00,200,1.18,True,
2026-06-29T12:06:01.274728+00:00,2026-06-29T12:06:01.275982+00:00,200,1.25,True,
2026-06-29T12:06:02.274783+00:00,2026-06-29T12:06:02.276402+00:00,200,1.62,True,
2026-06-29T12:06:03.274899+00:00,2026-06-29T12:06:03.276326+00:00,200,1.43,True,
2026-06-29T12:06:04.275044+00:00,2026-06-29T12:06:04.276597+00:00,200,1.55,True,
2026-06-29T12:06:05.275202+00:00,2026-06-29T12:06:05.276828+00:00,200,1.63,True,
2026-06-29T12:06:06.275468+00:00,2026-06-29T12:06:06.277314+00:00,200,1.85,True,
2026-06-29T12:06:07.275563+00:00,2026-06-29T12:06:07.277081+00:00,200,1.52,True,
2026-06-29T12:06:08.275658+00:00,2026-06-29T12:06:08.277181+00:00,200,1.52,True,
2026-06-29T12:06:09.276085+00:00,2026-06-29T12:06:09.277708+00:00,200,1.62,True,
2026-06-29T12:06:10.276124+00:00,2026-06-29T12:06:10.277938+00:00,200,1.81,True,
2026-06-29T12:06:11.276590+00:00,2026-06-29T12:06:11.278322+00:00,200,1.73,True,
2026-06-29T12:06:12.276700+00:00,2026-06-29T12:06:12.278087+00:00,200,1.39,True,
2026-06-29T12:06:13.276841+00:00,2026-06-29T12:06:13.278093+00:00,200,1.25,True,
2026-06-29T12:06:14.276981+00:00,2026-06-29T12:06:14.278418+00:00,200,1.44,True,
2026-06-29T12:06:15.277062+00:00,2026-06-29T12:06:15.278297+00:00,200,1.23,True,
2026-06-29T12:06:16.277239+00:00,2026-06-29T12:06:16.278927+00:00,200,1.69,True,
2026-06-29T12:06:17.277368+00:00,2026-06-29T12:06:17.278968+00:00,200,1.6,True,
2026-06-29T12:06:18.277517+00:00,2026-06-29T12:06:18.278657+00:00,200,1.14,True,
2026-06-29T12:06:19.278083+00:00,2026-06-29T12:06:19.279621+00:00,200,1.54,True,
2026-06-29T12:06:20.278328+00:00,2026-06-29T12:06:20.279834+00:00,200,1.51,True,
2026-06-29T12:06:21.278422+00:00,2026-06-29T12:06:21.280083+00:00,200,1.66,True,
2026-06-29T12:06:22.278930+00:00,2026-06-29T12:06:22.280425+00:00,200,1.5,True,
2026-06-29T12:06:23.279330+00:00,2026-06-29T12:06:23.280885+00:00,200,1.55,True,
2026-06-29T12:06:24.279577+00:00,2026-06-29T12:06:24.281161+00:00,200,1.58,True,
2026-06-29T12:06:25.279632+00:00,2026-06-29T12:06:25.281258+00:00,200,1.63,True,
2026-06-29T12:06:26.279868+00:00,2026-06-29T12:06:26.281487+00:00,200,1.62,True,
2026-06-29T12:06:27.280167+00:00,2026-06-29T12:06:27.281802+00:00,200,1.64,True,
2026-06-29T12:06:28.281643+00:00,2026-06-29T12:06:28.283125+00:00,200,1.48,True,
2026-06-29T12:06:29.281676+00:00,2026-06-29T12:06:29.283377+00:00,200,1.7,True,
2026-06-29T12:06:30.281762+00:00,2026-06-29T12:06:30.283478+00:00,200,1.72,True,
2026-06-29T12:06:31.281866+00:00,2026-06-29T12:06:31.283101+00:00,200,1.23,True,
2026-06-29T12:06:32.282781+00:00,2026-06-29T12:06:32.285328+00:00,200,2.55,True,
2026-06-29T12:06:33.282906+00:00,2026-06-29T12:06:33.284220+00:00,200,1.31,True,
2026-06-29T12:06:34.284475+00:00,2026-06-29T12:06:34.285738+00:00,200,1.26,True,
2026-06-29T12:06:35.284712+00:00,2026-06-29T12:06:35.286147+00:00,200,1.44,True,
2026-06-29T12:06:36.284849+00:00,2026-06-29T12:06:36.286174+00:00,200,1.32,True,
2026-06-29T12:06:37.285002+00:00,2026-06-29T12:06:37.286626+00:00,200,1.62,True,
2026-06-29T12:06:38.285104+00:00,2026-06-29T12:06:38.286611+00:00,200,1.51,True,
2026-06-29T12:06:39.285350+00:00,2026-06-29T12:06:39.287013+00:00,200,1.66,True,
2026-06-29T12:06:40.285443+00:00,2026-06-29T12:06:40.286702+00:00,200,1.26,True,
2026-06-29T12:06:41.285606+00:00,2026-06-29T12:06:41.286916+00:00,200,1.31,True,
2026-06-29T12:06:42.285718+00:00,2026-06-29T12:06:42.287073+00:00,200,1.35,True,
2026-06-29T12:06:43.286401+00:00,2026-06-29T12:06:43.288054+00:00,200,1.65,True,
2026-06-29T12:06:44.286700+00:00,2026-06-29T12:06:44.287926+00:00,200,1.23,True,
2026-06-29T12:06:45.286873+00:00,2026-06-29T12:06:45.288326+00:00,200,1.45,True,
2026-06-29T12:06:46.288424+00:00,2026-06-29T12:06:46.289706+00:00,200,1.28,True,
2026-06-29T12:06:47.288500+00:00,2026-06-29T12:06:47.290641+00:00,200,2.14,True,
2026-06-29T12:06:48.288680+00:00,2026-06-29T12:06:48.290167+00:00,200,1.49,True,
2026-06-29T12:06:49.288797+00:00,2026-06-29T12:06:49.290204+00:00,200,1.41,True,
2026-06-29T12:06:50.288916+00:00,2026-06-29T12:06:50.290127+00:00,200,1.21,True,
2026-06-29T12:06:51.289081+00:00,2026-06-29T12:06:51.290374+00:00,200,1.29,True,
2026-06-29T12:06:52.289125+00:00,2026-06-29T12:06:52.290816+00:00,200,1.69,True,
2026-06-29T12:06:53.289329+00:00,2026-06-29T12:06:53.290983+00:00,200,1.65,True,
2026-06-29T12:06:54.289483+00:00,2026-06-29T12:06:54.290769+00:00,200,1.29,True,
2026-06-29T12:06:55.289715+00:00,2026-06-29T12:06:55.291307+00:00,200,1.59,True,
2026-06-29T12:06:56.289841+00:00,2026-06-29T12:06:56.291561+00:00,200,1.72,True,
2026-06-29T12:06:57.289933+00:00,2026-06-29T12:06:57.291078+00:00,200,1.15,True,
2026-06-29T12:06:58.290031+00:00,2026-06-29T12:06:58.291630+00:00,200,1.6,True,
2026-06-29T12:06:59.290122+00:00,2026-06-29T12:06:59.291699+00:00,200,1.58,True,
2026-06-29T12:07:00.290277+00:00,2026-06-29T12:07:00.291854+00:00,200,1.58,True,
2026-06-29T12:07:01.290460+00:00,2026-06-29T12:07:01.291757+00:00,200,1.3,True,
2026-06-29T12:07:02.290565+00:00,2026-06-29T12:07:02.292000+00:00,200,1.44,True,
2026-06-29T12:07:03.290686+00:00,2026-06-29T12:07:03.292196+00:00,200,1.51,True,
2026-06-29T12:07:04.290782+00:00,2026-06-29T12:07:04.292215+00:00,200,1.43,True,
2026-06-29T12:07:05.290911+00:00,2026-06-29T12:07:05.292207+00:00,200,1.3,True,
2026-06-29T12:07:06.291083+00:00,2026-06-29T12:07:06.292668+00:00,200,1.58,True,
2026-06-29T12:07:07.291192+00:00,2026-06-29T12:07:07.292431+00:00,200,1.24,True,
2026-06-29T12:07:08.291369+00:00,2026-06-29T12:07:08.293007+00:00,200,1.64,True,
2026-06-29T12:07:09.291564+00:00,2026-06-29T12:07:09.292648+00:00,200,1.08,True,
2026-06-29T12:07:10.291645+00:00,2026-06-29T12:07:10.292925+00:00,200,1.28,True,
2026-06-29T12:07:11.292008+00:00,2026-06-29T12:07:11.293628+00:00,200,1.62,True,
2026-06-29T12:07:12.292093+00:00,2026-06-29T12:07:12.293812+00:00,200,1.72,True,
2026-06-29T12:07:13.292217+00:00,2026-06-29T12:07:13.293474+00:00,200,1.26,True,
2026-06-29T12:07:14.292516+00:00,2026-06-29T12:07:14.294040+00:00,200,1.52,True,
2026-06-29T12:07:15.292717+00:00,2026-06-29T12:07:15.294274+00:00,200,1.56,True,
2026-06-29T12:07:16.292849+00:00,2026-06-29T12:07:16.294366+00:00,200,1.52,True,
2026-06-29T12:07:17.292904+00:00,2026-06-29T12:07:17.294426+00:00,200,1.52,True,
2026-06-29T12:07:18.293046+00:00,2026-06-29T12:07:18.294559+00:00,200,1.51,True,
2026-06-29T12:07:19.293771+00:00,2026-06-29T12:07:19.295322+00:00,200,1.55,True,
2026-06-29T12:07:20.294133+00:00,2026-06-29T12:07:20.295278+00:00,200,1.15,True,
2026-06-29T12:07:21.294246+00:00,2026-06-29T12:07:21.295848+00:00,200,1.6,True,
2026-06-29T12:07:22.294713+00:00,2026-06-29T12:07:22.296212+00:00,200,1.5,True,
2026-06-29T12:07:23.295565+00:00,2026-06-29T12:07:23.297100+00:00,200,1.53,True,
2026-06-29T12:07:24.295802+00:00,2026-06-29T12:07:24.297451+00:00,200,1.65,True,
2026-06-29T12:07:25.296160+00:00,2026-06-29T12:07:25.297399+00:00,200,1.24,True,
2026-06-29T12:07:26.296242+00:00,2026-06-29T12:07:26.297832+00:00,200,1.59,True,
2026-06-29T12:07:27.296679+00:00,2026-06-29T12:07:27.297851+00:00,200,1.17,True,
2026-06-29T12:07:28.296815+00:00,2026-06-29T12:07:28.298376+00:00,200,1.56,True,
2026-06-29T12:07:29.297680+00:00,2026-06-29T12:07:29.298874+00:00,200,1.19,True,
2026-06-29T12:07:30.297771+00:00,2026-06-29T12:07:30.299220+00:00,200,1.45,True,
2026-06-29T12:07:31.297861+00:00,2026-06-29T12:07:31.299378+00:00,200,1.52,True,
2026-06-29T12:07:32.297945+00:00,2026-06-29T12:07:32.299166+00:00,200,1.22,True,
2026-06-29T12:07:33.298056+00:00,2026-06-29T12:07:33.299661+00:00,200,1.6,True,
2026-06-29T12:07:34.298167+00:00,2026-06-29T12:07:34.299709+00:00,200,1.54,True,
2026-06-29T12:07:35.298381+00:00,2026-06-29T12:07:35.299949+00:00,200,1.57,True,
2026-06-29T12:07:36.298555+00:00,2026-06-29T12:07:36.299850+00:00,200,1.29,True,
2026-06-29T12:07:37.298642+00:00,2026-06-29T12:07:37.300346+00:00,200,1.7,True,
2026-06-29T12:07:38.298740+00:00,2026-06-29T12:07:38.300296+00:00,200,1.56,True,
2026-06-29T12:07:39.298874+00:00,2026-06-29T12:07:39.300074+00:00,200,1.2,True,
2026-06-29T12:07:40.299261+00:00,2026-06-29T12:07:40.300992+00:00,200,1.73,True,
2026-06-29T12:07:41.299516+00:00,2026-06-29T12:07:41.301062+00:00,200,1.55,True,
2026-06-29T12:07:42.300112+00:00,2026-06-29T12:07:42.301718+00:00,200,1.61,True,
2026-06-29T12:07:43.300590+00:00,2026-06-29T12:07:43.302251+00:00,200,1.66,True,
2026-06-29T12:07:44.300718+00:00,2026-06-29T12:07:44.301961+00:00,200,1.24,True,
2026-06-29T12:07:45.300848+00:00,2026-06-29T12:07:45.302389+00:00,200,1.54,True,
2026-06-29T12:07:46.301081+00:00,2026-06-29T12:07:46.302616+00:00,200,1.53,True,
2026-06-29T12:07:47.301298+00:00,2026-06-29T12:07:47.302860+00:00,200,1.56,True,
2026-06-29T12:07:48.301415+00:00,2026-06-29T12:07:48.302916+00:00,200,1.5,True,
2026-06-29T12:07:49.301761+00:00,2026-06-29T12:07:49.303326+00:00,200,1.56,True,
2026-06-29T12:07:50.302647+00:00,2026-06-29T12:07:50.304201+00:00,200,1.55,True,
2026-06-29T12:07:51.302932+00:00,2026-06-29T12:07:51.304252+00:00,200,1.32,True,
2026-06-29T12:07:52.303014+00:00,2026-06-29T12:07:52.304799+00:00,200,1.78,True,
2026-06-29T12:07:53.303219+00:00,2026-06-29T12:07:53.304730+00:00,200,1.51,True,
2026-06-29T12:07:54.303443+00:00,2026-06-29T12:07:54.304947+00:00,200,1.5,True,
2026-06-29T12:07:55.304030+00:00,2026-06-29T12:07:55.305302+00:00,200,1.27,True,
2026-06-29T12:07:56.304432+00:00,2026-06-29T12:07:56.306012+00:00,200,1.58,True,
2026-06-29T12:07:57.304587+00:00,2026-06-29T12:07:57.306171+00:00,200,1.58,True,
2026-06-29T12:07:58.304847+00:00,2026-06-29T12:07:58.306066+00:00,200,1.22,True,
2026-06-29T12:07:59.305603+00:00,2026-06-29T12:07:59.307078+00:00,200,1.47,True,
2026-06-29T12:08:00.305954+00:00,2026-06-29T12:08:00.307479+00:00,200,1.53,True,
2026-06-29T12:08:01.306042+00:00,2026-06-29T12:08:01.307515+00:00,200,1.47,True,
2026-06-29T12:08:02.306861+00:00,2026-06-29T12:08:02.308407+00:00,200,1.55,True,
2026-06-29T12:08:03.306940+00:00,2026-06-29T12:08:03.308303+00:00,200,1.36,True,
2026-06-29T12:08:04.307898+00:00,2026-06-29T12:08:04.309114+00:00,200,1.22,True,
2026-06-29T12:08:05.308571+00:00,2026-06-29T12:08:05.309775+00:00,200,1.2,True,
2026-06-29T12:08:06.308662+00:00,2026-06-29T12:08:06.310462+00:00,200,1.8,True,
2026-06-29T12:08:07.308792+00:00,2026-06-29T12:08:07.310248+00:00,200,1.46,True,
2026-06-29T12:08:08.309400+00:00,2026-06-29T12:08:08.310917+00:00,200,1.52,True,
2026-06-29T12:08:09.309664+00:00,2026-06-29T12:08:09.311263+00:00,200,1.6,True,
2026-06-29T12:08:10.310078+00:00,2026-06-29T12:08:10.311688+00:00,200,1.61,True,
2026-06-29T12:08:11.310256+00:00,2026-06-29T12:08:11.311910+00:00,200,1.65,True,
2026-06-29T12:08:12.310385+00:00,2026-06-29T12:08:12.311731+00:00,200,1.35,True,
2026-06-29T12:08:13.310680+00:00,2026-06-29T12:08:13.312152+00:00,200,1.47,True,
2026-06-29T12:08:14.311287+00:00,2026-06-29T12:08:14.312818+00:00,200,1.53,True,
2026-06-29T12:08:15.312417+00:00,2026-06-29T12:08:15.313660+00:00,200,1.24,True,
2026-06-29T12:08:16.312968+00:00,2026-06-29T12:08:16.314546+00:00,200,1.58,True,
2026-06-29T12:08:17.313635+00:00,2026-06-29T12:08:17.315103+00:00,200,1.47,True,
2026-06-29T12:08:18.313733+00:00,2026-06-29T12:08:18.314921+00:00,200,1.19,True,
2026-06-29T12:08:19.314345+00:00,2026-06-29T12:08:19.315986+00:00,200,1.64,True,
2026-06-29T12:08:20.314934+00:00,2026-06-29T12:08:20.316546+00:00,200,1.61,True,
2026-06-29T12:08:21.316139+00:00,2026-06-29T12:08:21.317736+00:00,200,1.6,True,
2026-06-29T12:08:22.316270+00:00,2026-06-29T12:08:22.317635+00:00,200,1.36,True,
2026-06-29T12:08:23.316384+00:00,2026-06-29T12:08:23.317925+00:00,200,1.54,True,
2026-06-29T12:08:24.316488+00:00,2026-06-29T12:08:24.318061+00:00,200,1.57,True,
2026-06-29T12:08:25.316669+00:00,2026-06-29T12:08:25.318255+00:00,200,1.59,True,
2026-06-29T12:08:26.316763+00:00,2026-06-29T12:08:26.318043+00:00,200,1.28,True,
2026-06-29T12:08:27.316850+00:00,2026-06-29T12:08:27.318516+00:00,200,1.67,True,
2026-06-29T12:08:28.317019+00:00,2026-06-29T12:08:28.318474+00:00,200,1.45,True,
2026-06-29T12:08:29.317189+00:00,2026-06-29T12:08:29.318653+00:00,200,1.46,True,
2026-06-29T12:08:30.317382+00:00,2026-06-29T12:08:30.318977+00:00,200,1.59,True,
2026-06-29T12:08:31.317647+00:00,2026-06-29T12:08:31.319239+00:00,200,1.59,True,
2026-06-29T12:08:32.317728+00:00,2026-06-29T12:08:32.318990+00:00,200,1.26,True,
2026-06-29T12:08:33.317832+00:00,2026-06-29T12:08:33.319370+00:00,200,1.54,True,
2026-06-29T12:08:34.317929+00:00,2026-06-29T12:08:34.319147+00:00,200,1.22,True,
2026-06-29T12:08:35.318023+00:00,2026-06-29T12:08:35.319361+00:00,200,1.34,True,
2026-06-29T12:08:36.318145+00:00,2026-06-29T12:08:36.319755+00:00,200,1.61,True,
2026-06-29T12:08:37.318330+00:00,2026-06-29T12:08:37.320043+00:00,200,1.71,True,
2026-06-29T12:08:38.318422+00:00,2026-06-29T12:08:38.320175+00:00,200,1.75,True,
2026-06-29T12:08:39.318577+00:00,2026-06-29T12:08:39.320054+00:00,200,1.48,True,
2026-06-29T12:08:40.318669+00:00,2026-06-29T12:08:40.319916+00:00,200,1.25,True,
2026-06-29T12:08:41.318754+00:00,2026-06-29T12:08:41.320382+00:00,200,1.63,True,
2026-06-29T12:08:42.318797+00:00,2026-06-29T12:08:42.320526+00:00,200,1.73,True,
2026-06-29T12:08:43.318929+00:00,2026-06-29T12:08:43.320555+00:00,200,1.63,True,
2026-06-29T12:08:44.319130+00:00,2026-06-29T12:08:44.320750+00:00,200,1.62,True,
2026-06-29T12:08:45.319282+00:00,2026-06-29T12:08:45.320531+00:00,200,1.25,True,
2026-06-29T12:08:46.319386+00:00,2026-06-29T12:08:46.320947+00:00,200,1.56,True,
2026-06-29T12:08:47.319619+00:00,2026-06-29T12:08:47.321285+00:00,200,1.67,True,
2026-06-29T12:08:48.319717+00:00,2026-06-29T12:08:48.321293+00:00,200,1.58,True,
2026-06-29T12:08:49.319828+00:00,2026-06-29T12:08:49.321414+00:00,200,1.59,True,
2026-06-29T12:08:50.319955+00:00,2026-06-29T12:08:50.321121+00:00,200,1.17,True,
2026-06-29T12:08:51.320123+00:00,2026-06-29T12:08:51.321401+00:00,200,1.28,True,
2026-06-29T12:08:52.320324+00:00,2026-06-29T12:08:52.321931+00:00,200,1.61,True,
2026-06-29T12:08:53.320361+00:00,2026-06-29T12:08:53.321785+00:00,200,1.42,True,
2026-06-29T12:08:54.320417+00:00,2026-06-29T12:08:54.321961+00:00,200,1.54,True,
2026-06-29T12:08:55.320569+00:00,2026-06-29T12:08:55.321960+00:00,200,1.39,True,
2026-06-29T12:08:56.320720+00:00,2026-06-29T12:08:56.322279+00:00,200,1.56,True,
2026-06-29T12:08:57.320855+00:00,2026-06-29T12:08:57.322302+00:00,200,1.45,True,
2026-06-29T12:08:58.320893+00:00,2026-06-29T12:08:58.322260+00:00,200,1.37,True,
2026-06-29T12:08:59.321067+00:00,2026-06-29T12:08:59.322795+00:00,200,1.73,True,
2026-06-29T12:09:00.321207+00:00,2026-06-29T12:09:00.322843+00:00,200,1.64,True,
2026-06-29T12:09:01.321358+00:00,2026-06-29T12:09:01.322816+00:00,200,1.46,True,
2026-06-29T12:09:02.321620+00:00,2026-06-29T12:09:02.323024+00:00,200,1.4,True,
2026-06-29T12:09:03.321715+00:00,2026-06-29T12:09:03.322921+00:00,200,1.21,True,
2026-06-29T12:09:04.322108+00:00,2026-06-29T12:09:04.323857+00:00,200,1.75,True,
2026-06-29T12:09:05.322332+00:00,2026-06-29T12:09:05.323605+00:00,200,1.27,True,
2026-06-29T12:09:06.322424+00:00,2026-06-29T12:09:06.324009+00:00,200,1.58,True,
2026-06-29T12:09:07.322738+00:00,2026-06-29T12:09:07.324365+00:00,200,1.63,True,
2026-06-29T12:09:08.322885+00:00,2026-06-29T12:09:08.324521+00:00,200,1.64,True,
2026-06-29T12:09:09.323020+00:00,2026-06-29T12:09:09.324638+00:00,200,1.62,True,
2026-06-29T12:09:10.323114+00:00,2026-06-29T12:09:10.324377+00:00,200,1.26,True,
2026-06-29T12:09:11.323587+00:00,2026-06-29T12:09:11.325189+00:00,200,1.6,True,
2026-06-29T12:09:12.323694+00:00,2026-06-29T12:09:12.325007+00:00,200,1.31,True,
2026-06-29T12:09:13.323724+00:00,2026-06-29T12:09:13.325592+00:00,200,1.87,True,
2026-06-29T12:09:14.324356+00:00,2026-06-29T12:09:14.325974+00:00,200,1.62,True,
2026-06-29T12:09:15.324521+00:00,2026-06-29T12:09:15.325906+00:00,200,1.39,True,
2026-06-29T12:09:16.324615+00:00,2026-06-29T12:09:16.326480+00:00,200,1.86,True,
2026-06-29T12:09:17.324712+00:00,2026-06-29T12:09:17.326473+00:00,200,1.76,True,
2026-06-29T12:09:18.324791+00:00,2026-06-29T12:09:18.326307+00:00,200,1.52,True,
2026-06-29T12:09:19.325403+00:00,2026-06-29T12:09:19.326644+00:00,200,1.24,True,
2026-06-29T12:09:20.325540+00:00,2026-06-29T12:09:20.326716+00:00,200,1.18,True,
2026-06-29T12:09:21.325650+00:00,2026-06-29T12:09:21.327315+00:00,200,1.67,True,
2026-06-29T12:09:22.325734+00:00,2026-06-29T12:09:22.327258+00:00,200,1.52,True,
2026-06-29T12:09:23.325878+00:00,2026-06-29T12:09:23.327303+00:00,200,1.43,True,
2026-06-29T12:09:24.325980+00:00,2026-06-29T12:09:24.327477+00:00,200,1.5,True,
2026-06-29T12:09:25.326065+00:00,2026-06-29T12:09:25.327264+00:00,200,1.2,True,
2026-06-29T12:09:26.326199+00:00,2026-06-29T12:09:26.328334+00:00,200,2.14,True,
2026-06-29T12:09:27.326347+00:00,2026-06-29T12:09:27.327526+00:00,200,1.18,True,
2026-06-29T12:09:28.326514+00:00,2026-06-29T12:09:28.327651+00:00,200,1.14,True,
2026-06-29T12:09:29.326557+00:00,2026-06-29T12:09:29.328083+00:00,200,1.53,True,
2026-06-29T12:09:30.326646+00:00,2026-06-29T12:09:30.328514+00:00,200,1.87,True,
2026-06-29T12:09:31.326712+00:00,2026-06-29T12:09:31.328186+00:00,200,1.47,True,
2026-06-29T12:09:32.326855+00:00,2026-06-29T12:09:32.328068+00:00,200,1.21,True,
2026-06-29T12:09:33.326938+00:00,2026-06-29T12:09:33.328357+00:00,200,1.42,True,
2026-06-29T12:09:34.327128+00:00,2026-06-29T12:09:34.328619+00:00,200,1.49,True,
2026-06-29T12:09:35.327235+00:00,2026-06-29T12:09:35.328455+00:00,200,1.22,True,
2026-06-29T12:09:36.327325+00:00,2026-06-29T12:09:36.328922+00:00,200,1.6,True,
2026-06-29T12:09:37.327620+00:00,2026-06-29T12:09:37.328842+00:00,200,1.22,True,
2026-06-29T12:09:38.327718+00:00,2026-06-29T12:09:38.329229+00:00,200,1.51,True,
2026-06-29T12:09:39.327834+00:00,2026-06-29T12:09:39.329366+00:00,200,1.53,True,
2026-06-29T12:09:40.327935+00:00,2026-06-29T12:09:40.329139+00:00,200,1.2,True,
2026-06-29T12:09:41.328081+00:00,2026-06-29T12:09:41.329712+00:00,200,1.63,True,
2026-06-29T12:09:42.328283+00:00,2026-06-29T12:09:42.329507+00:00,200,1.22,True,
2026-06-29T12:09:43.328558+00:00,2026-06-29T12:09:43.330211+00:00,200,1.65,True,
2026-06-29T12:09:44.328606+00:00,2026-06-29T12:09:44.330194+00:00,200,1.59,True,
2026-06-29T12:09:45.329214+00:00,2026-06-29T12:09:45.330778+00:00,200,1.56,True,
2026-06-29T12:09:46.329729+00:00,2026-06-29T12:09:46.330938+00:00,200,1.21,True,
2026-06-29T12:09:47.329868+00:00,2026-06-29T12:09:47.331390+00:00,200,1.52,True,
2026-06-29T12:09:48.330028+00:00,2026-06-29T12:09:48.331595+00:00,200,1.57,True,
2026-06-29T12:09:49.330230+00:00,2026-06-29T12:09:49.331454+00:00,200,1.22,True,
2026-06-29T12:09:50.330326+00:00,2026-06-29T12:09:50.331440+00:00,200,1.11,True,
2026-06-29T12:09:51.330922+00:00,2026-06-29T12:09:51.332475+00:00,200,1.55,True,
2026-06-29T12:09:52.331016+00:00,2026-06-29T12:09:52.332857+00:00,200,1.84,True,
2026-06-29T12:09:53.331170+00:00,2026-06-29T12:09:53.333007+00:00,200,1.84,True,
2026-06-29T12:09:54.331530+00:00,2026-06-29T12:09:54.333106+00:00,200,1.58,True,
2026-06-29T12:09:55.331624+00:00,2026-06-29T12:09:55.332998+00:00,200,1.37,True,
2026-06-29T12:09:56.331725+00:00,2026-06-29T12:09:56.333220+00:00,200,1.5,True,
2026-06-29T12:09:57.331817+00:00,2026-06-29T12:09:57.333333+00:00,200,1.52,True,
2026-06-29T12:09:58.331917+00:00,2026-06-29T12:09:58.333412+00:00,200,1.5,True,
2026-06-29T12:09:59.332081+00:00,2026-06-29T12:09:59.333566+00:00,200,1.49,True,
2026-06-29T12:10:00.332224+00:00,2026-06-29T12:10:00.333650+00:00,200,1.43,True,
2026-06-29T12:10:01.332373+00:00,2026-06-29T12:10:01.333881+00:00,200,1.51,True,
2026-06-29T12:10:02.332558+00:00,2026-06-29T12:10:02.334048+00:00,200,1.49,True,
2026-06-29T12:10:03.332682+00:00,2026-06-29T12:10:03.334180+00:00,200,1.5,True,
2026-06-29T12:10:04.332787+00:00,2026-06-29T12:10:04.334380+00:00,200,1.59,True,
2026-06-29T12:10:05.332915+00:00,2026-06-29T12:10:05.334333+00:00,200,1.42,True,
2026-06-29T12:10:06.333078+00:00,2026-06-29T12:10:06.334712+00:00,200,1.63,True,
2026-06-29T12:10:07.333569+00:00,2026-06-29T12:10:07.335048+00:00,200,1.48,True,
2026-06-29T12:10:08.333667+00:00,2026-06-29T12:10:08.335310+00:00,200,1.64,True,
2026-06-29T12:10:09.334045+00:00,2026-06-29T12:10:09.335315+00:00,200,1.27,True,
2026-06-29T12:10:10.334510+00:00,2026-06-29T12:10:10.335751+00:00,200,1.24,True,
2026-06-29T12:10:11.334811+00:00,2026-06-29T12:10:11.336351+00:00,200,1.54,True,
2026-06-29T12:10:12.334831+00:00,2026-06-29T12:10:12.336564+00:00,200,1.73,True,
2026-06-29T12:10:13.335233+00:00,2026-06-29T12:10:13.336751+00:00,200,1.52,True,
2026-06-29T12:10:14.335441+00:00,2026-06-29T12:10:14.336893+00:00,200,1.45,True,
2026-06-29T12:10:15.335751+00:00,2026-06-29T12:10:15.337126+00:00,200,1.38,True,
2026-06-29T12:10:16.336249+00:00,2026-06-29T12:10:16.337400+00:00,200,1.15,True,
2026-06-29T12:10:17.336627+00:00,2026-06-29T12:10:17.337763+00:00,200,1.14,True,
2026-06-29T12:10:18.336975+00:00,2026-06-29T12:10:18.338409+00:00,200,1.43,True,
2026-06-29T12:10:19.337173+00:00,2026-06-29T12:10:19.338381+00:00,200,1.21,True,
2026-06-29T12:10:20.337515+00:00,2026-06-29T12:10:20.339132+00:00,200,1.62,True,
2026-06-29T12:10:21.339101+00:00,2026-06-29T12:10:21.340778+00:00,200,1.68,True,
2026-06-29T12:10:22.339325+00:00,2026-06-29T12:10:22.341750+00:00,200,2.43,True,
2026-06-29T12:10:23.339517+00:00,2026-06-29T12:10:23.341026+00:00,200,1.51,True,
2026-06-29T12:10:24.339613+00:00,2026-06-29T12:10:24.340873+00:00,200,1.26,True,
2026-06-29T12:10:25.339715+00:00,2026-06-29T12:10:25.340898+00:00,200,1.18,True,
2026-06-29T12:10:26.339819+00:00,2026-06-29T12:10:26.341431+00:00,200,1.61,True,
2026-06-29T12:10:27.339981+00:00,2026-06-29T12:10:27.341109+00:00,200,1.13,True,
2026-06-29T12:10:28.340131+00:00,2026-06-29T12:10:28.341628+00:00,200,1.5,True,
2026-06-29T12:10:29.340375+00:00,2026-06-29T12:10:29.341841+00:00,200,1.47,True,
2026-06-29T12:10:30.340609+00:00,2026-06-29T12:10:30.342102+00:00,200,1.49,True,
2026-06-29T12:10:31.340702+00:00,2026-06-29T12:10:31.342215+00:00,200,1.51,True,
2026-06-29T12:10:32.340838+00:00,2026-06-29T12:10:32.342128+00:00,200,1.29,True,
2026-06-29T12:10:33.340969+00:00,2026-06-29T12:10:33.342372+00:00,200,1.4,True,
2026-06-29T12:10:34.341080+00:00,2026-06-29T12:10:34.342604+00:00,200,1.52,True,
2026-06-29T12:10:35.341264+00:00,2026-06-29T12:10:35.343050+00:00,200,1.79,True,
2026-06-29T12:10:36.341519+00:00,2026-06-29T12:10:36.343332+00:00,200,1.81,True,
2026-06-29T12:10:37.341673+00:00,2026-06-29T12:10:37.342906+00:00,200,1.23,True,
2026-06-29T12:10:38.342059+00:00,2026-06-29T12:10:38.343251+00:00,200,1.19,True,
2026-06-29T12:10:39.342167+00:00,2026-06-29T12:10:39.343746+00:00,200,1.58,True,
2026-06-29T12:10:40.342428+00:00,2026-06-29T12:10:40.343985+00:00,200,1.56,True,
2026-06-29T12:10:41.342770+00:00,2026-06-29T12:10:41.344500+00:00,200,1.73,True,
2026-06-29T12:10:42.342920+00:00,2026-06-29T12:10:42.344507+00:00,200,1.59,True,
2026-06-29T12:10:43.343097+00:00,2026-06-29T12:10:43.344614+00:00,200,1.52,True,
2026-06-29T12:10:44.343392+00:00,2026-06-29T12:10:44.344486+00:00,200,1.09,True,
2026-06-29T12:10:45.343613+00:00,2026-06-29T12:10:45.345091+00:00,200,1.48,True,
2026-06-29T12:10:46.343719+00:00,2026-06-29T12:10:46.345167+00:00,200,1.45,True,
2026-06-29T12:10:47.343820+00:00,2026-06-29T12:10:47.345371+00:00,200,1.55,True,
2026-06-29T12:10:48.343978+00:00,2026-06-29T12:10:48.345459+00:00,200,1.48,True,
2026-06-29T12:10:49.344179+00:00,2026-06-29T12:10:49.345721+00:00,200,1.54,True,
2026-06-29T12:10:50.344328+00:00,2026-06-29T12:10:50.345886+00:00,200,1.56,True,
2026-06-29T12:10:51.344609+00:00,2026-06-29T12:10:51.346353+00:00,200,1.74,True,
2026-06-29T12:10:52.344778+00:00,2026-06-29T12:10:52.347270+00:00,200,2.49,True,
2026-06-29T12:10:53.344934+00:00,2026-06-29T12:10:53.346375+00:00,200,1.44,True,
2026-06-29T12:10:54.345084+00:00,2026-06-29T12:10:54.346584+00:00,200,1.5,True,
2026-06-29T12:10:55.345572+00:00,2026-06-29T12:10:55.347129+00:00,200,1.56,True,
2026-06-29T12:10:56.345816+00:00,2026-06-29T12:10:56.346998+00:00,200,1.18,True,
2026-06-29T12:10:57.346001+00:00,2026-06-29T12:10:57.347625+00:00,200,1.62,True,
2026-06-29T12:10:58.346121+00:00,2026-06-29T12:10:58.347715+00:00,200,1.59,True,
2026-06-29T12:10:59.346557+00:00,2026-06-29T12:10:59.347773+00:00,200,1.22,True,
2026-06-29T12:11:00.346649+00:00,2026-06-29T12:11:00.348177+00:00,200,1.53,True,
2026-06-29T12:11:01.346783+00:00,2026-06-29T12:11:01.348687+00:00,200,1.9,True,
2026-06-29T12:11:02.347355+00:00,2026-06-29T12:11:02.348840+00:00,200,1.49,True,
2026-06-29T12:11:03.347891+00:00,2026-06-29T12:11:03.349367+00:00,200,1.48,True,
2026-06-29T12:11:04.348288+00:00,2026-06-29T12:11:04.349826+00:00,200,1.54,True,
2026-06-29T12:11:05.348376+00:00,2026-06-29T12:11:05.349962+00:00,200,1.59,True,
2026-06-29T12:11:06.348539+00:00,2026-06-29T12:11:06.350012+00:00,200,1.47,True,
2026-06-29T12:11:07.348570+00:00,2026-06-29T12:11:07.349805+00:00,200,1.23,True,
2026-06-29T12:11:08.348657+00:00,2026-06-29T12:11:08.350350+00:00,200,1.69,True,
2026-06-29T12:11:09.348768+00:00,2026-06-29T12:11:09.349950+00:00,200,1.18,True,
2026-06-29T12:11:10.348856+00:00,2026-06-29T12:11:10.350478+00:00,200,1.62,True,
2026-06-29T12:11:11.349013+00:00,2026-06-29T12:11:11.350469+00:00,200,1.46,True,
2026-06-29T12:11:12.349097+00:00,2026-06-29T12:11:12.350812+00:00,200,1.71,True,
2026-06-29T12:11:13.349302+00:00,2026-06-29T12:11:13.350867+00:00,200,1.56,True,
2026-06-29T12:11:14.349548+00:00,2026-06-29T12:11:14.350741+00:00,200,1.19,True,
2026-06-29T12:11:15.349609+00:00,2026-06-29T12:11:15.351239+00:00,200,1.63,True,
2026-06-29T12:11:16.349694+00:00,2026-06-29T12:11:16.351045+00:00,200,1.35,True,
2026-06-29T12:11:17.349796+00:00,2026-06-29T12:11:17.351271+00:00,200,1.47,True,
2026-06-29T12:11:18.349912+00:00,2026-06-29T12:11:18.351513+00:00,200,1.6,True,
2026-06-29T12:11:19.350099+00:00,2026-06-29T12:11:19.351433+00:00,200,1.33,True,
2026-06-29T12:11:20.350261+00:00,2026-06-29T12:11:20.351622+00:00,200,1.36,True,
2026-06-29T12:11:21.350554+00:00,2026-06-29T12:11:21.354798+00:00,200,4.24,True,
2026-06-29T12:11:22.350758+00:00,2026-06-29T12:11:22.353253+00:00,200,2.49,True,
2026-06-29T12:11:23.351951+00:00,2026-06-29T12:11:23.360536+00:00,200,8.59,True,
2026-06-29T12:11:24.352696+00:00,2026-06-29T12:11:24.355802+00:00,200,3.11,True,
2026-06-29T12:11:25.352802+00:00,2026-06-29T12:11:25.354649+00:00,200,1.85,True,
2026-06-29T12:11:26.352903+00:00,2026-06-29T12:11:26.355143+00:00,200,2.24,True,
2026-06-29T12:11:27.353058+00:00,2026-06-29T12:11:27.354460+00:00,200,1.4,True,
2026-06-29T12:11:28.353250+00:00,2026-06-29T12:11:28.354845+00:00,200,1.59,True,
2026-06-29T12:11:29.353421+00:00,2026-06-29T12:11:29.354666+00:00,200,1.25,True,
2026-06-29T12:11:30.353661+00:00,2026-06-29T12:11:30.355281+00:00,200,1.62,True,
2026-06-29T12:11:31.353962+00:00,2026-06-29T12:11:31.355196+00:00,200,1.23,True,
2026-06-29T12:11:32.354131+00:00,2026-06-29T12:11:32.355544+00:00,200,1.41,True,
2026-06-29T12:11:33.354186+00:00,2026-06-29T12:11:33.356693+00:00,200,2.51,True,
2026-06-29T12:11:34.354288+00:00,2026-06-29T12:11:34.356009+00:00,200,1.72,True,
2026-06-29T12:11:35.354539+00:00,2026-06-29T12:11:35.357331+00:00,200,2.79,True,
2026-06-29T12:11:36.355485+00:00,2026-06-29T12:11:36.358092+00:00,200,2.61,True,
2026-06-29T12:11:37.356356+00:00,2026-06-29T12:11:37.359335+00:00,200,2.98,True,
2026-06-29T12:11:38.356650+00:00,2026-06-29T12:11:38.360400+00:00,200,3.75,True,
2026-06-29T12:11:39.357556+00:00,2026-06-29T12:11:39.360971+00:00,200,3.42,True,
2026-06-29T12:11:40.358333+00:00,2026-06-29T12:11:40.362816+00:00,200,4.48,True,
2026-06-29T12:11:41.358584+00:00,2026-06-29T12:11:41.360736+00:00,200,2.15,True,
2026-06-29T12:11:42.358683+00:00,2026-06-29T12:11:42.360319+00:00,200,1.64,True,
2026-06-29T12:11:43.358783+00:00,2026-06-29T12:11:43.360550+00:00,200,1.77,True,
2026-06-29T12:11:44.358886+00:00,2026-06-29T12:11:44.360764+00:00,200,1.88,True,
2026-06-29T12:11:45.359070+00:00,2026-06-29T12:11:45.365535+00:00,200,6.46,True,
2026-06-29T12:11:46.359319+00:00,2026-06-29T12:11:46.364430+00:00,200,5.11,True,
2026-06-29T12:11:47.359581+00:00,2026-06-29T12:11:47.362922+00:00,200,3.34,True,
2026-06-29T12:11:48.359842+00:00,2026-06-29T12:11:48.364454+00:00,200,4.61,True,
2026-06-29T12:11:49.360074+00:00,2026-06-29T12:11:49.364911+00:00,200,4.84,True,
2026-06-29T12:11:50.360601+00:00,2026-06-29T12:11:50.364663+00:00,200,4.06,True,
2026-06-29T12:11:51.360963+00:00,2026-06-29T12:11:51.364859+00:00,200,3.9,True,
2026-06-29T12:11:52.361733+00:00,2026-06-29T12:11:52.367145+00:00,200,5.41,True,
2026-06-29T12:11:53.361901+00:00,2026-06-29T12:11:53.365259+00:00,200,3.36,True,
2026-06-29T12:11:54.362075+00:00,2026-06-29T12:11:54.365474+00:00,200,3.4,True,
2026-06-29T12:11:55.363100+00:00,2026-06-29T12:11:55.365891+00:00,200,2.79,True,
2026-06-29T12:11:56.363831+00:00,2026-06-29T12:11:56.365580+00:00,200,1.75,True,
2026-06-29T12:11:57.364046+00:00,2026-06-29T12:11:57.365433+00:00,200,1.39,True,
2026-06-29T12:11:58.364230+00:00,2026-06-29T12:11:58.365918+00:00,200,1.69,True,
2026-06-29T12:11:59.364336+00:00,2026-06-29T12:11:59.366931+00:00,200,2.6,True,
2026-06-29T12:12:00.364575+00:00,2026-06-29T12:12:00.367712+00:00,200,3.14,True,
2026-06-29T12:12:01.364792+00:00,2026-06-29T12:12:01.368604+00:00,200,3.81,True,
2026-06-29T12:12:02.365039+00:00,2026-06-29T12:12:02.370442+00:00,200,5.4,True,
2026-06-29T12:12:03.365318+00:00,2026-06-29T12:12:03.368900+00:00,200,3.58,True,
2026-06-29T12:12:04.365458+00:00,2026-06-29T12:12:04.368283+00:00,200,2.82,True,
2026-06-29T12:12:05.365604+00:00,2026-06-29T12:12:05.369426+00:00,200,3.82,True,
2026-06-29T12:12:06.365766+00:00,2026-06-29T12:12:06.374195+00:00,200,8.43,True,
2026-06-29T12:12:07.365936+00:00,2026-06-29T12:12:07.371884+00:00,200,5.95,True,
2026-06-29T12:12:08.366212+00:00,2026-06-29T12:12:08.369137+00:00,200,2.93,True,
2026-06-29T12:12:09.366329+00:00,2026-06-29T12:12:09.368590+00:00,200,2.26,True,
2026-06-29T12:12:10.366547+00:00,2026-06-29T12:12:10.368631+00:00,200,2.08,True,
2026-06-29T12:12:11.366623+00:00,2026-06-29T12:12:11.368467+00:00,200,1.84,True,
2026-06-29T12:12:12.366726+00:00,2026-06-29T12:12:12.367977+00:00,200,1.25,True,
2026-06-29T12:12:13.366835+00:00,2026-06-29T12:12:13.368530+00:00,200,1.69,True,
2026-06-29T12:12:14.367014+00:00,2026-06-29T12:12:14.370378+00:00,200,3.36,True,
2026-06-29T12:12:15.367188+00:00,2026-06-29T12:12:15.373246+00:00,200,6.06,True,
2026-06-29T12:12:16.367601+00:00,2026-06-29T12:12:16.373128+00:00,200,5.53,True,
2026-06-29T12:12:17.367919+00:00,2026-06-29T12:12:17.373365+00:00,200,5.45,True,
2026-06-29T12:12:18.368116+00:00,2026-06-29T12:12:18.373763+00:00,200,5.65,True,
2026-06-29T12:12:19.368318+00:00,2026-06-29T12:12:19.371715+00:00,200,3.4,True,
2026-06-29T12:12:20.368584+00:00,2026-06-29T12:12:20.371061+00:00,200,2.48,True,
2026-06-29T12:12:21.368733+00:00,2026-06-29T12:12:21.371620+00:00,200,2.89,True,
2026-06-29T12:12:22.368896+00:00,2026-06-29T12:12:22.375952+00:00,200,7.06,True,
2026-06-29T12:12:23.369021+00:00,2026-06-29T12:12:23.371269+00:00,200,2.25,True,
2026-06-29T12:12:24.369198+00:00,2026-06-29T12:12:24.371417+00:00,200,2.22,True,
2026-06-29T12:12:25.369339+00:00,2026-06-29T12:12:25.370909+00:00,200,1.57,True,
2026-06-29T12:12:26.369552+00:00,2026-06-29T12:12:26.371067+00:00,200,1.52,True,
2026-06-29T12:12:27.369718+00:00,2026-06-29T12:12:27.371078+00:00,200,1.36,True,
2026-06-29T12:12:28.369789+00:00,2026-06-29T12:12:28.371854+00:00,200,2.06,True,
2026-06-29T12:12:29.369943+00:00,2026-06-29T12:12:29.372801+00:00,200,2.86,True,
2026-06-29T12:12:30.370084+00:00,2026-06-29T12:12:30.374583+00:00,200,4.5,True,
2026-06-29T12:12:31.370306+00:00,2026-06-29T12:12:31.372617+00:00,200,2.31,True,
2026-06-29T12:12:32.370592+00:00,2026-06-29T12:12:32.375947+00:00,200,5.36,True,
2026-06-29T12:12:33.370745+00:00,2026-06-29T12:12:33.376649+00:00,200,5.9,True,
2026-06-29T12:12:34.370867+00:00,2026-06-29T12:12:34.372288+00:00,200,1.42,True,
2026-06-29T12:12:35.370967+00:00,2026-06-29T12:12:35.372781+00:00,200,1.81,True,
2026-06-29T12:12:36.371435+00:00,2026-06-29T12:12:36.375422+00:00,200,3.99,True,
2026-06-29T12:12:37.371601+00:00,2026-06-29T12:12:37.378300+00:00,200,6.7,True,
2026-06-29T12:12:38.371736+00:00,2026-06-29T12:12:38.376530+00:00,200,4.79,True,
2026-06-29T12:12:39.371854+00:00,2026-06-29T12:12:39.373555+00:00,200,1.7,True,
